
🎧 PATCH (WRITE) — Thieaudio Thieaudio Hype 4 In-Ear Headphones (PHPYj28HJdPDHAaIBCEZtk)

   Field diff (filterAttributes.*):
   ~ productCategory: null -> ["iem"]
   ~ wearingStyle: "in-ear" -> ["in-ear"]
   = acousticDesign: unchanged (null)
   ~ fitType: null -> "universal"
   = connectivity: unchanged ("wired")
   ~ portable: null -> true
   ~ driverType: "dynamic" -> ["dynamic","balanced-armature"]
   ~ impedanceOhms: null -> 17
   ~ sensitivityDbMw: null -> 105
   ~ freqResponseHz: null -> {"min":10,"max":22000}
   ~ cableTermination: ["mmcx"] -> ["3.5mm"]
   ~ detachableCable: null -> true
   = cableLengthM: unchanged (null)
   = microphone: unchanged (false)
   ~ foldable: null -> false
   = ipxRating: unchanged (null)
   = bluetoothCodecs: unchanged (null)
   = anc: unchanged ("passive")
   ~ batteryLifeHours: null -> {"ancOff":null,"ancOn":null}
   = soundSignature: unchanged (null)
   = awards: unchanged (null)
   ~ driverConfigBucket: null -> "hybrid"
   ~ driverConfigDetail: null -> "2DD+4BA"
   💾 backed up prior filterAttributes -> /home/jan/work/sanglogium/sanity-cms/backups/backup_headphones_PHPYj28HJdPDHAaIBCEZtk_2026-09-14T10-43-56-881Z.json
   ✅ patched. rev: MzerujO1CrL1dzm03eNisf

🎧 PATCH (WRITE) — Thieaudio Thieaudio Monarch MKIII In-Ear Headphones (MrEMtYwMtrFDGWmRnQWKR8)

   Field diff (filterAttributes.*):
   ~ productCategory: null -> ["iem"]
   ~ wearingStyle: "in-ear" -> ["in-ear"]
   = acousticDesign: unchanged (null)
   ~ fitType: null -> "universal"
   = connectivity: unchanged ("wired")
   ~ portable: null -> true
   ~ driverType: "dynamic" -> ["dynamic","balanced-armature","electrostatic"]
   ~ impedanceOhms: null -> 20
   ~ sensitivityDbMw: null -> 99
   ~ freqResponseHz: null -> {"min":20,"max":40000}
   ~ cableTermination: ["mmcx"] -> ["2.5mm-balanced","3.5mm","4.4mm-balanced"]
   ~ detachableCable: null -> true
   ~ cableLengthM: null -> 1.2
   = microphone: unchanged (false)
   ~ foldable: null -> false
   = ipxRating: unchanged (null)
   = bluetoothCodecs: unchanged (null)
   = anc: unchanged ("passive")
   ~ batteryLifeHours: null -> {"ancOff":null,"ancOn":null}
   = soundSignature: unchanged (null)
   = awards: unchanged (null)
   ~ driverConfigBucket: null -> "tribrid"
   ~ driverConfigDetail: null -> "Sonion EST, Knowles DWFK 31785 (x2), Sonio 28UAP (x1), IMPACT2 (2 x 10mm Composite DD)"
   💾 backed up prior filterAttributes -> /home/jan/work/sanglogium/sanity-cms/backups/backup_headphones_MrEMtYwMtrFDGWmRnQWKR8_2026-09-14T10-43-58-441Z.json
   ✅ patched. rev: 7P2D00ai8KUgrZgiFcvxJC

🎧 PATCH (WRITE) — TRUTHEAR TRUTHEAR HEXA In-Ear Headphones (PHPYj28HJdPDHAaIBCEzHC)

   Field diff (filterAttributes.*):
   ~ productCategory: null -> ["iem"]
   ~ wearingStyle: "in-ear" -> ["in-ear"]
   = acousticDesign: unchanged (null)
   ~ fitType: null -> "universal"
   = connectivity: unchanged ("wired")
   ~ portable: null -> true
   ~ soundSignature: null -> "Neutral"
   = microphone: unchanged (false)
   ~ detachableCable: null -> true
   ~ cableLengthM: null -> 1.2
   ~ foldable: null -> false
   = ipxRating: unchanged (null)
   = bluetoothCodecs: unchanged (null)
   = anc: unchanged ("passive")
   = batteryLifeHours: unchanged (null)
   = awards: unchanged (null)
   = requiresAmplifier: unchanged (false)
   ~ cableTermination: ["mmcx"] -> ["3.5mm"]
   ~ driverType: "dynamic" -> ["dynamic","balanced-armature"]
   ~ driverConfigBucket: null -> "hybrid"
   ~ driverConfigDetail: null -> "1DD+3BA"
   ~ impedanceOhms: null -> 20.5
   ~ sensitivityDbMw: null -> 120
   ~ freqResponseHz: null -> {"min":8,"max":40000}
   💾 backed up prior filterAttributes -> /home/jan/work/sanglogium/sanity-cms/backups/backup_headphones_PHPYj28HJdPDHAaIBCEzHC_2026-09-14T10-43-59-795Z.json
   ✅ patched. rev: 7P2D00ai8KUgrZgiFcvxga

🎧 PATCH (WRITE) — TRUTHEAR TRUTHEAR NOVA In-Ear Headphones (Pn6oyV4Ks5AcNbecjjppVn)

   Field diff (filterAttributes.*):
   ~ productCategory: null -> ["iem"]
   ~ wearingStyle: "in-ear" -> ["in-ear"]
   = acousticDesign: unchanged (null)
   ~ fitType: null -> "universal"
   = connectivity: unchanged ("wired")
   ~ portable: null -> true
   ~ soundSignature: null -> "V-Shaped"
   = microphone: unchanged (false)
   ~ detachableCable: null -> true
   ~ cableLengthM: null -> 1.2
   ~ foldable: null -> false
   = ipxRating: unchanged (null)
   = bluetoothCodecs: unchanged (null)
   = anc: unchanged ("passive")
   = batteryLifeHours: unchanged (null)
   = awards: unchanged (null)
   = requiresAmplifier: unchanged (false)
   ~ cableTermination: ["mmcx"] -> ["3.5mm"]
   ~ driverType: "dynamic" -> ["dynamic","balanced-armature"]
   ~ driverConfigBucket: null -> "hybrid"
   ~ driverConfigDetail: null -> "1DD+4BA"
   ~ impedanceOhms: null -> 14.8
   ~ sensitivityDbMw: null -> 123
   ~ freqResponseHz: null -> {"min":8,"max":40000}
   💾 backed up prior filterAttributes -> /home/jan/work/sanglogium/sanity-cms/backups/backup_headphones_Pn6oyV4Ks5AcNbecjjppVn_2026-09-14T10-44-00-770Z.json
   ✅ patched. rev: Ch755lAE5GLsZ435CxbP5t

🎧 PATCH (WRITE) — TRUTHEAR TRUTHEAR x Crinacle ZERO In-Ear Headphones (MrEMtYwMtrFDGWmRnQX1VZ)

   Field diff (filterAttributes.*):
   ~ productCategory: null -> ["iem"]
   ~ wearingStyle: "in-ear" -> ["in-ear"]
   = acousticDesign: unchanged (null)
   ~ fitType: null -> "universal"
   = connectivity: unchanged ("wired")
   ~ portable: null -> false
   ~ soundSignature: null -> "V-Shaped"
   = microphone: unchanged (false)
   ~ detachableCable: null -> true
   ~ cableLengthM: null -> 1.2
   ~ foldable: null -> false
   = ipxRating: unchanged (null)
   = bluetoothCodecs: unchanged (null)
   = anc: unchanged ("passive")
   = batteryLifeHours: unchanged (null)
   = awards: unchanged (null)
   = requiresAmplifier: unchanged (false)
   ~ cableTermination: ["mmcx"] -> ["3.5mm"]
   ~ driverType: "dynamic" -> ["dynamic"]
   ~ driverConfigBucket: null -> "single-dynamic"
   ~ driverConfigDetail: null -> "2DD"
   ~ impedanceOhms: null -> 10
   ~ sensitivityDbMw: null -> 117.5
   ~ freqResponseHz: null -> {"min":20,"max":39500}
   💾 backed up prior filterAttributes -> /home/jan/work/sanglogium/sanity-cms/backups/backup_headphones_MrEMtYwMtrFDGWmRnQX1VZ_2026-09-14T10-44-02-180Z.json
   ✅ patched. rev: MzerujO1CrL1dzm03eNk6t

🎧 PATCH (WRITE) — TRUTHEAR TRUTHEAR x Crinacle ZERO:Red In-Ear Headphones (MrEMtYwMtrFDGWmRnQWwrv)

   Field diff (filterAttributes.*):
   ~ productCategory: null -> ["iem"]
   ~ wearingStyle: "in-ear" -> ["in-ear"]
   = acousticDesign: unchanged (null)
   ~ fitType: null -> "universal"
   = connectivity: unchanged ("wired")
   ~ portable: null -> true
   ~ soundSignature: null -> "Neutral"
   = microphone: unchanged (false)
   ~ detachableCable: null -> true
   ~ cableLengthM: null -> 1.2
   ~ foldable: null -> false
   = ipxRating: unchanged (null)
   = bluetoothCodecs: unchanged (null)
   = anc: unchanged ("passive")
   = batteryLifeHours: unchanged (null)
   = awards: unchanged (null)
   = requiresAmplifier: unchanged (false)
   ~ cableTermination: ["mmcx"] -> ["3.5mm"]
   ~ driverType: "dynamic" -> ["dynamic"]
   ~ driverConfigBucket: null -> "single-dynamic"
   ~ driverConfigDetail: null -> "2DD"
   ~ impedanceOhms: null -> 17.5
   ~ sensitivityDbMw: null -> 117.5
   ~ freqResponseHz: null -> {"min":20,"max":40500}
   💾 backed up prior filterAttributes -> /home/jan/work/sanglogium/sanity-cms/backups/backup_headphones_MrEMtYwMtrFDGWmRnQWwrv_2026-09-14T10-44-03-535Z.json
   ✅ patched. rev: MzerujO1CrL1dzm03eNkKL

🎧 PATCH (WRITE) — Symphonium Audio Symphonium Audio Crimson In-Ear Headphones (Pn6oyV4Ks5AcNbecjjqHIM)

   Field diff (filterAttributes.*):
   ~ productCategory: null -> ["iem"]
   ~ wearingStyle: "in-ear" -> ["in-ear"]
   = acousticDesign: unchanged (null)
   ~ fitType: null -> "universal"
   = connectivity: unchanged ("wired")
   ~ portable: null -> true
   ~ driverType: "dynamic" -> ["balanced-armature"]
   ~ impedanceOhms: null -> 6.05
   ~ sensitivityDbMw: null -> 106
   ~ freqResponseHz: null -> {"min":10,"max":24000}
   ~ cableTermination: ["mmcx"] -> ["3.5mm","4.4mm-balanced"]
   ~ detachableCable: null -> true
   = cableLengthM: unchanged (null)
   = microphone: unchanged (false)
   ~ foldable: null -> false
   = ipxRating: unchanged (null)
   = bluetoothCodecs: unchanged (null)
   = anc: unchanged ("passive")
   = batteryLifeHours: unchanged (null)
   = soundSignature: unchanged (null)
   = awards: unchanged (null)
   ~ driverConfigBucket: null -> "multi-ba"
   ~ driverConfigDetail: null -> "4BA"
   💾 backed up prior filterAttributes -> /home/jan/work/sanglogium/sanity-cms/backups/backup_headphones_Pn6oyV4Ks5AcNbecjjqHIM_2026-09-14T10-44-04-656Z.json
   ✅ patched. rev: Ch755lAE5GLsZ435CxbPCG

🎧 PATCH (WRITE) — Symphonium Audio Symphonium Audio Titan In-Ear Headphones (PHPYj28HJdPDHAaIBCF9jM)

   Field diff (filterAttributes.*):
   ~ productCategory: null -> ["iem"]
   ~ wearingStyle: "in-ear" -> ["in-ear"]
   = acousticDesign: unchanged (null)
   ~ fitType: null -> "universal"
   = connectivity: unchanged ("wired")
   ~ portable: null -> true
   ~ driverType: "dynamic" -> ["dynamic","balanced-armature"]
   ~ impedanceOhms: null -> 3
   ~ sensitivityDbMw: null -> 105
   ~ freqResponseHz: null -> {"min":8,"max":24000}
   ~ cableTermination: ["mmcx"] -> ["3.5mm","4.4mm-balanced"]
   ~ detachableCable: null -> true
   = cableLengthM: unchanged (null)
   = microphone: unchanged (false)
   ~ foldable: null -> false
   = ipxRating: unchanged (null)
   = bluetoothCodecs: unchanged (null)
   = anc: unchanged ("passive")
   = batteryLifeHours: unchanged (null)
   = soundSignature: unchanged (null)
   = awards: unchanged (null)
   ~ driverConfigBucket: null -> "hybrid"
   ~ driverConfigDetail: null -> "1DD+2BA"
   💾 backed up prior filterAttributes -> /home/jan/work/sanglogium/sanity-cms/backups/backup_headphones_PHPYj28HJdPDHAaIBCF9jM_2026-09-14T10-44-05-990Z.json
   ✅ patched. rev: MzerujO1CrL1dzm03eNkXn

🎧 PATCH (WRITE) — T+A T+A Solitaire P Headphones (Pn6oyV4Ks5AcNbecjmCuqj)

   Field diff (filterAttributes.*):
   ~ productCategory: null -> ["over-ear"]
   ~ wearingStyle: "over-ear" -> ["over-ear"]
   ~ acousticDesign: ["closed-back"] -> ["open-back"]
   = fitType: unchanged (null)
   = connectivity: unchanged ("wired")
   ~ portable: null -> false
   = soundSignature: unchanged (null)
   = microphone: unchanged (false)
   ~ cableTermination: ["3.5mm","6.35mm"] -> ["6.35mm","4.4mm-balanced","4-pin-xlr"]
   ~ detachableCable: null -> true
   ~ cableLengthM: null -> 3
   ~ foldable: null -> false
   ~ ipxRating: null -> "none"
   = bluetoothCodecs: unchanged (null)
   ~ anc: "passive" -> "none"
   ~ batteryLifeHours: null -> {"ancOff":null,"ancOn":null}
   ~ driverType: "dynamic" -> ["planar-magnetic"]
   ~ impedanceOhms: null -> 80
   = sensitivityDbMw: unchanged (null)
   ~ freqResponseHz: null -> {"min":5,"max":54000}
   = awards: unchanged (null)
   ~ requiresAmplifier: false -> null
   = driverConfigBucket: unchanged (null)
   = driverConfigDetail: unchanged (null)
   💾 backed up prior filterAttributes -> /home/jan/work/sanglogium/sanity-cms/backups/backup_headphones_Pn6oyV4Ks5AcNbecjmCuqj_2026-09-14T10-44-07-199Z.json
   ✅ patched. rev: MzerujO1CrL1dzm03eNkpj

🎧 PATCH (WRITE) — T+A T+A Solitaire P-SE Headphones - Open Box (MrEMtYwMtrFDGWmRnTDpsi)

   Field diff (filterAttributes.*):
   ~ productCategory: null -> ["over-ear"]
   ~ wearingStyle: "over-ear" -> ["over-ear"]
   ~ acousticDesign: ["closed-back"] -> ["open-back"]
   = fitType: unchanged (null)
   = connectivity: unchanged ("wired")
   ~ portable: null -> false
   = soundSignature: unchanged (null)
   = microphone: unchanged (false)
   ~ cableTermination: ["3.5mm","6.35mm"] -> ["6.35mm","4.4mm-balanced","4-pin-xlr"]
   ~ detachableCable: null -> true
   ~ cableLengthM: null -> 3
   ~ foldable: null -> false
   ~ ipxRating: null -> "none"
   = bluetoothCodecs: unchanged (null)
   ~ anc: "passive" -> "none"
   ~ batteryLifeHours: null -> {"ancOff":null,"ancOn":null}
   ~ driverType: "dynamic" -> ["planar-magnetic"]
   ~ impedanceOhms: null -> 45
   = sensitivityDbMw: unchanged (null)
   ~ freqResponseHz: null -> {"min":8,"max":45000}
   ~ awards: null -> ["Hi-Fi Plus Headphone of the Year 2021"]
   ~ requiresAmplifier: false -> null
   = driverConfigBucket: unchanged (null)
   = driverConfigDetail: unchanged (null)
   💾 backed up prior filterAttributes -> /home/jan/work/sanglogium/sanity-cms/backups/backup_headphones_MrEMtYwMtrFDGWmRnTDpsi_2026-09-14T10-44-08-356Z.json
   ✅ patched. rev: 7P2D00ai8KUgrZgiFcvy3y

🎧 PATCH (WRITE) — T+A T+A Solitaire P-SE Headphones (PHPYj28HJdPDHAaIBDrefE)

   Field diff (filterAttributes.*):
   ~ productCategory: null -> ["over-ear"]
   ~ wearingStyle: "over-ear" -> ["over-ear"]
   ~ acousticDesign: ["closed-back"] -> ["open-back"]
   = fitType: unchanged (null)
   = connectivity: unchanged ("wired")
   ~ portable: null -> false
   = soundSignature: unchanged (null)
   = microphone: unchanged (false)
   ~ cableTermination: ["3.5mm","6.35mm"] -> ["6.35mm","4.4mm-balanced","4-pin-xlr"]
   ~ detachableCable: null -> true
   ~ cableLengthM: null -> 3
   ~ foldable: null -> false
   ~ ipxRating: null -> "none"
   = bluetoothCodecs: unchanged (null)
   ~ anc: "passive" -> "none"
   ~ batteryLifeHours: null -> {"ancOff":null,"ancOn":null}
   ~ driverType: "dynamic" -> ["planar-magnetic"]
   ~ impedanceOhms: null -> 45
   = sensitivityDbMw: unchanged (null)
   ~ freqResponseHz: null -> {"min":8,"max":45000}
   ~ awards: null -> ["Hi-Fi Plus Headphone of the Year 2021"]
   ~ requiresAmplifier: false -> null
   = driverConfigBucket: unchanged (null)
   = driverConfigDetail: unchanged (null)
   💾 backed up prior filterAttributes -> /home/jan/work/sanglogium/sanity-cms/backups/backup_headphones_PHPYj28HJdPDHAaIBDrefE_2026-09-14T10-44-09-614Z.json
   ✅ patched. rev: Ch755lAE5GLsZ435CxbPMS

🎧 PATCH (WRITE) — T+A T+A Solitaire T (MrEMtYwMtrFDGWmRnQUmde)

   Field diff (filterAttributes.*):
   ~ productCategory: null -> ["over-ear"]
   ~ wearingStyle: "over-ear" -> ["over-ear"]
   = acousticDesign: unchanged (["closed-back"])
   = fitType: unchanged (null)
   ~ connectivity: "wired" -> "hybrid"
   ~ portable: null -> true
   = soundSignature: unchanged (null)
   ~ microphone: false -> true
   ~ cableTermination: ["3.5mm","6.35mm"] -> ["3.5mm","4.4mm-balanced","6.35mm","usb-c"]
   ~ detachableCable: null -> true
   ~ cableLengthM: null -> 1.4
   ~ foldable: null -> true
   ~ ipxRating: null -> "none"
   ~ bluetoothCodecs: null -> ["SBC","AAC","aptX","aptX HD"]
   ~ anc: "passive" -> "anc"
   ~ batteryLifeHours: null -> {"ancOff":null,"ancOn":null}
   ~ driverType: "dynamic" -> ["dynamic"]
   ~ impedanceOhms: null -> 64
   = sensitivityDbMw: unchanged (null)
   ~ freqResponseHz: null -> {"min":4,"max":45000}
   ~ awards: null -> ["Stereo 4/2024 Testsieger"]
   ~ requiresAmplifier: false -> null
   ~ driverConfigBucket: null -> "single-dynamic"
   ~ driverConfigDetail: null -> "1 × 42 mm dynamic driver per earcup"
   💾 backed up prior filterAttributes -> /home/jan/work/sanglogium/sanity-cms/backups/backup_headphones_MrEMtYwMtrFDGWmRnQUmde_2026-09-14T10-44-10-815Z.json
   ✅ patched. rev: 7P2D00ai8KUgrZgiFcvyP1

🎧 PATCH (WRITE) — Soundcore Soundcore Aerofit 2 Wireless Open-Ear Headphones (Black) (ZuUKzmkqDyQwdcwhxl9CGa)

   Field diff (filterAttributes.*):
   ~ productCategory: null -> ["true-wireless"]
   ~ wearingStyle: "over-ear" -> []
   ~ acousticDesign: ["closed-back"] -> ["semi-open"]
   = fitType: unchanged (null)
   ~ connectivity: "wireless" -> "true-wireless"
   ~ portable: null -> true
   = soundSignature: unchanged (null)
   ~ impedanceOhms: null -> 16
   = sensitivityDbMw: unchanged (null)
   ~ freqResponseHz: null -> {"min":20,"max":40000}
   = requiresAmplifier: unchanged (false)
   ~ microphone: false -> true
   ~ cableTermination: ["3.5mm","6.35mm"] -> []
   ~ detachableCable: null -> false
   = cableLengthM: unchanged (null)
   ~ foldable: null -> false
   ~ ipxRating: null -> "IPX5"
   ~ bluetoothCodecs: null -> ["LDAC"]
   ~ anc: "passive" -> "none"
   ~ batteryLifeHours: null -> {"ancOff":10,"ancOn":null}
   ~ driverType: "dynamic" -> ["dynamic"]
   ~ driverConfigBucket: null -> "single-dynamic"
   ~ driverConfigDetail: null -> "1 × 20 × 11.5mm dynamic driver (per earbud)"
   ~ awards: null -> []
   💾 backed up prior filterAttributes -> /home/jan/work/sanglogium/sanity-cms/backups/backup_headphones_ZuUKzmkqDyQwdcwhxl9CGa_2026-09-14T10-44-11-812Z.json
   ✅ patched. rev: 7P2D00ai8KUgrZgiFcvyd3

🎧 PATCH (WRITE) — Soundcore Soundcore Aerofit 2 Wireless Open-Ear Headphones (Green) (ZuUKzmkqDyQwdcwhxl9DU0)

   Field diff (filterAttributes.*):
   ~ productCategory: null -> ["true-wireless"]
   ~ wearingStyle: "over-ear" -> []
   ~ acousticDesign: ["closed-back"] -> ["semi-open"]
   = fitType: unchanged (null)
   ~ connectivity: "wireless" -> "true-wireless"
   ~ portable: null -> true
   = soundSignature: unchanged (null)
   ~ impedanceOhms: null -> 16
   = sensitivityDbMw: unchanged (null)
   ~ freqResponseHz: null -> {"min":20,"max":40000}
   = requiresAmplifier: unchanged (false)
   ~ microphone: false -> true
   ~ cableTermination: ["3.5mm","6.35mm"] -> []
   ~ detachableCable: null -> false
   = cableLengthM: unchanged (null)
   ~ foldable: null -> false
   ~ ipxRating: null -> "IPX5"
   ~ bluetoothCodecs: null -> ["LDAC"]
   ~ anc: "passive" -> "none"
   ~ batteryLifeHours: null -> {"ancOff":10,"ancOn":null}
   ~ driverType: "dynamic" -> ["dynamic"]
   ~ driverConfigBucket: null -> "single-dynamic"
   ~ driverConfigDetail: null -> "1 × 20 × 11.5mm dynamic driver (per earbud)"
   ~ awards: null -> []
   💾 backed up prior filterAttributes -> /home/jan/work/sanglogium/sanity-cms/backups/backup_headphones_ZuUKzmkqDyQwdcwhxl9DU0_2026-09-14T10-44-12-865Z.json
   ✅ patched. rev: MzerujO1CrL1dzm03eNlPb

🎧 PATCH (WRITE) — Soundcore Soundcore Q20i Wireless Headphones (White) (dLGDVDmEEI2lV8CArIgbyW)

   Field diff (filterAttributes.*):
   ~ productCategory: null -> ["over-ear"]
   ~ wearingStyle: "over-ear" -> ["over-ear"]
   = acousticDesign: unchanged (["closed-back"])
   = fitType: unchanged (null)
   ~ connectivity: "wireless" -> "hybrid"
   ~ portable: null -> true
   = soundSignature: unchanged (null)
   ~ impedanceOhms: null -> 16
   = sensitivityDbMw: unchanged (null)
   ~ freqResponseHz: null -> {"min":20,"max":40000}
   = requiresAmplifier: unchanged (false)
   ~ microphone: false -> true
   ~ cableTermination: ["3.5mm","6.35mm"] -> ["3.5mm"]
   ~ detachableCable: null -> true
   = cableLengthM: unchanged (null)
   ~ foldable: null -> false
   = ipxRating: unchanged (null)
   = bluetoothCodecs: unchanged (null)
   ~ anc: "passive" -> "anc"
   ~ batteryLifeHours: null -> {"ancOff":60,"ancOn":40}
   ~ driverType: "dynamic" -> ["dynamic"]
   ~ driverConfigBucket: null -> "single-dynamic"
   ~ driverConfigDetail: null -> "1 × 40mm dynamic driver (per earcup)"
   ~ awards: null -> []
   💾 backed up prior filterAttributes -> /home/jan/work/sanglogium/sanity-cms/backups/backup_headphones_dLGDVDmEEI2lV8CArIgbyW_2026-09-14T10-44-13-927Z.json
   ✅ patched. rev: MzerujO1CrL1dzm03eNld3

🎧 PATCH (WRITE) — Softears Softears Volume S In-Ear Headphones (Pn6oyV4Ks5AcNbecjmDlGL)

   Field diff (filterAttributes.*):
   ~ productCategory: null -> ["iem"]
   ~ wearingStyle: "in-ear" -> ["in-ear"]
   = acousticDesign: unchanged (null)
   ~ fitType: null -> "universal"
   = connectivity: unchanged ("wired")
   ~ portable: null -> true
   ~ driverType: "dynamic" -> ["dynamic","balanced-armature"]
   ~ impedanceOhms: null -> 9.8
   = sensitivityDbMw: unchanged (null)
   ~ freqResponseHz: null -> {"min":8,"max":40000}
   ~ cableTermination: ["mmcx"] -> ["3.5mm","4.4mm-balanced"]
   ~ detachableCable: null -> true
   ~ cableLengthM: null -> 1.2
   = microphone: unchanged (false)
   ~ foldable: null -> false
   = ipxRating: unchanged (null)
   = bluetoothCodecs: unchanged (null)
   = anc: unchanged ("passive")
   = batteryLifeHours: unchanged (null)
   = soundSignature: unchanged (null)
   = awards: unchanged (null)
   ~ driverConfigBucket: null -> "hybrid"
   ~ driverConfigDetail: null -> "1DD+1PR+2BA"
   💾 backed up prior filterAttributes -> /home/jan/work/sanglogium/sanity-cms/backups/backup_headphones_Pn6oyV4Ks5AcNbecjmDlGL_2026-09-14T10-44-14-976Z.json
   ✅ patched. rev: 7P2D00ai8KUgrZgiFcvzGo

🎧 PATCH (WRITE) — SJY Audio SJY Zeph Open-Back Planar Magnetic Headphones (xMEqvkRBbdrlJXyFG8eR7h)

   Field diff (filterAttributes.*):
   ~ productCategory: null -> ["over-ear"]
   ~ wearingStyle: "over-ear" -> ["over-ear"]
   = acousticDesign: unchanged (["open-back"])
   = fitType: unchanged (null)
   = connectivity: unchanged ("wired")
   ~ portable: null -> false
   = soundSignature: unchanged (null)
   = microphone: unchanged (false)
   ~ cableTermination: ["3.5mm"] -> ["4.4mm-balanced"]
   ~ detachableCable: null -> true
   = cableLengthM: unchanged (null)
   ~ foldable: null -> false
   = ipxRating: unchanged (null)
   = bluetoothCodecs: unchanged (null)
   = anc: unchanged ("none")
   = batteryLifeHours: unchanged (null)
   ~ driverType: "planar-magnetic" -> ["planar-magnetic"]
   ~ impedanceOhms: null -> 22
   ~ sensitivityDbMw: null -> 89
   = freqResponseHz: unchanged (null)
   = driverConfigBucket: unchanged (null)
   = driverConfigDetail: unchanged (null)
   ~ awards: null -> []
   ~ requiresAmplifier: false -> true
   💾 backed up prior filterAttributes -> /home/jan/work/sanglogium/sanity-cms/backups/backup_headphones_xMEqvkRBbdrlJXyFG8eR7h_2026-09-14T10-44-16-333Z.json
   ✅ patched. rev: 7P2D00ai8KUgrZgiFcvzUq

🎧 PATCH (WRITE) — Noble Audio Noble Audio FoKus Apollo Wireless Headphones (moXlkADK7m1DHgGwWwzwUF)

   Field diff (filterAttributes.*):
   = productCategory: unchanged (["over-ear"])
   = wearingStyle: unchanged (["over-ear"])
   = acousticDesign: unchanged (["closed-back"])
   = fitType: unchanged (null)
   = connectivity: unchanged ("hybrid")
   = portable: unchanged (true)
   = awards: unchanged (["Ecoustics Editor's Award — Best of 2025"])
   = driverType: unchanged (["dynamic","planar-magnetic"])
   = impedanceOhms: unchanged (null)
   = sensitivityDbMw: unchanged (null)
   ~ freqResponseHz: null -> {"min":10,"max":40000}
   = cableTermination: unchanged (["3.5mm","6.35mm","usb-c","4.4mm-balanced"])
   = detachableCable: unchanged (true)
   = cableLengthM: unchanged (null)
   = microphone: unchanged (true)
   = foldable: unchanged (false)
   = ipxRating: unchanged (null)
   = bluetoothCodecs: unchanged (["LDAC","AAC","aptX","aptX HD","SBC"])
   = anc: unchanged ("anc")
   = batteryLifeHours: unchanged ({"ancOff":80,"ancOn":60})
   = soundSignature: unchanged (null)
   = requiresAmplifier: unchanged (false)
   = driverConfigBucket: unchanged (null)
   = driverConfigDetail: unchanged (null)
   💾 backed up prior filterAttributes -> /home/jan/work/sanglogium/sanity-cms/backups/backup_headphones_moXlkADK7m1DHgGwWwzwUF_2026-09-14T10-44-17-498Z.json
   ✅ patched. rev: 7P2D00ai8KUgrZgiFcvzeC

🎧 PATCH (WRITE) — Noble Audio Noble FoKus Apollo ANC Over-Ear Headphones (Apos Certified) (xMEqvkRBbdrlJXyFG8j8S3)

   Field diff (filterAttributes.*):
   ~ productCategory: null -> ["over-ear"]
   ~ wearingStyle: "over-ear" -> ["over-ear"]
   = acousticDesign: unchanged (["closed-back"])
   = fitType: unchanged (null)
   ~ connectivity: "wired" -> "hybrid"
   ~ portable: null -> true
   ~ awards: null -> ["Ecoustics Editor's Award — Best of 2025"]
   ~ driverType: "dynamic" -> ["dynamic","planar-magnetic"]
   = impedanceOhms: unchanged (null)
   = sensitivityDbMw: unchanged (null)
   ~ freqResponseHz: null -> {"min":10,"max":40000}
   ~ cableTermination: ["3.5mm","6.35mm"] -> ["3.5mm","6.35mm","usb-c","4.4mm-balanced"]
   ~ detachableCable: null -> true
   = cableLengthM: unchanged (null)
   ~ microphone: false -> true
   ~ foldable: null -> false
   = ipxRating: unchanged (null)
   ~ bluetoothCodecs: null -> ["LDAC","AAC","aptX","aptX HD","SBC"]
   = anc: unchanged ("anc")
   ~ batteryLifeHours: null -> {"ancOff":80,"ancOn":60}
   = soundSignature: unchanged (null)
   = requiresAmplifier: unchanged (false)
   = driverConfigBucket: unchanged (null)
   = driverConfigDetail: unchanged (null)
   💾 backed up prior filterAttributes -> /home/jan/work/sanglogium/sanity-cms/backups/backup_headphones_xMEqvkRBbdrlJXyFG8j8S3_2026-09-14T10-44-18-493Z.json
   ✅ patched. rev: Ch755lAE5GLsZ435CxbPw8

🎧 PATCH (WRITE) — Noble Audio Noble FoKus Apollo ANC Over-Ear Headphones (xMEqvkRBbdrlJXyFG8j4QP)

   Field diff (filterAttributes.*):
   ~ productCategory: null -> ["over-ear"]
   ~ wearingStyle: "over-ear" -> ["over-ear"]
   = acousticDesign: unchanged (["closed-back"])
   = fitType: unchanged (null)
   ~ connectivity: "wired" -> "hybrid"
   ~ portable: null -> true
   ~ awards: null -> ["Ecoustics Editor's Award — Best of 2025"]
   ~ driverType: "dynamic" -> ["dynamic","planar-magnetic"]
   = impedanceOhms: unchanged (null)
   = sensitivityDbMw: unchanged (null)
   ~ freqResponseHz: null -> {"min":10,"max":40000}
   ~ cableTermination: ["3.5mm","6.35mm"] -> ["3.5mm","6.35mm","usb-c","4.4mm-balanced"]
   ~ detachableCable: null -> true
   = cableLengthM: unchanged (null)
   ~ microphone: false -> true
   ~ foldable: null -> false
   = ipxRating: unchanged (null)
   ~ bluetoothCodecs: null -> ["LDAC","AAC","aptX","aptX HD","SBC"]
   = anc: unchanged ("anc")
   ~ batteryLifeHours: null -> {"ancOff":80,"ancOn":60}
   = soundSignature: unchanged (null)
   = requiresAmplifier: unchanged (false)
   = driverConfigBucket: unchanged (null)
   = driverConfigDetail: unchanged (null)
   💾 backed up prior filterAttributes -> /home/jan/work/sanglogium/sanity-cms/backups/backup_headphones_xMEqvkRBbdrlJXyFG8j4QP_2026-09-14T10-44-19-528Z.json
   ✅ patched. rev: MzerujO1CrL1dzm03eNmLt

🎧 PATCH (WRITE) — Moondrop Moondrop Alice True Wireless In-Ear Headphones (n10eAegrGspodtsQw13THU)

   Field diff (filterAttributes.*):
   ~ productCategory: null -> ["true-wireless"]
   ~ wearingStyle: "in-ear" -> ["in-ear"]
   ~ acousticDesign: ["closed-back"] -> null
   ~ fitType: null -> "universal"
   ~ connectivity: "wireless" -> "true-wireless"
   ~ portable: null -> true
   = soundSignature: unchanged (null)
   ~ microphone: false -> true
   ~ cableTermination: ["mmcx"] -> []
   ~ detachableCable: null -> false
   = cableLengthM: unchanged (null)
   ~ foldable: null -> false
   = ipxRating: unchanged (null)
   ~ bluetoothCodecs: null -> ["SBC","AAC","aptX Adaptive"]
   = anc: unchanged ("passive")
   ~ batteryLifeHours: null -> {"ancOff":8,"ancOn":null}
   ~ driverType: "dynamic" -> ["dynamic"]
   ~ driverConfigBucket: null -> "single-dynamic"
   ~ driverConfigDetail: null -> "1DD"
   ~ impedanceOhms: null -> 32
   = sensitivityDbMw: unchanged (null)
   = freqResponseHz: unchanged (null)
   ~ awards: null -> []
   = requiresAmplifier: unchanged (false)
   💾 backed up prior filterAttributes -> /home/jan/work/sanglogium/sanity-cms/backups/backup_headphones_n10eAegrGspodtsQw13THU_2026-09-14T10-44-20-582Z.json
   ✅ patched. rev: MzerujO1CrL1dzm03eNmdp

🎧 PATCH (WRITE) — Moondrop Moondrop Aria 2 IEMs (GPjMdcfFWZVrKyR2PB8uW2)

   Field diff (filterAttributes.*):
   ~ productCategory: null -> ["iem"]
   ~ wearingStyle: "in-ear" -> ["in-ear"]
   = acousticDesign: unchanged (null)
   ~ fitType: null -> "universal"
   = connectivity: unchanged ("wired")
   ~ portable: null -> true
   = soundSignature: unchanged (null)
   = microphone: unchanged (false)
   ~ detachableCable: null -> true
   = cableLengthM: unchanged (null)
   ~ foldable: null -> false
   = ipxRating: unchanged (null)
   = bluetoothCodecs: unchanged (null)
   = anc: unchanged ("passive")
   = batteryLifeHours: unchanged (null)
   ~ awards: null -> []
   = requiresAmplifier: unchanged (false)
   ~ cableTermination: ["mmcx"] -> ["3.5mm","4.4mm-balanced"]
   ~ driverType: "dynamic" -> ["dynamic"]
   ~ driverConfigBucket: null -> "single-dynamic"
   ~ driverConfigDetail: null -> "1DD"
   ~ impedanceOhms: null -> 33
   ~ sensitivityDbMw: null -> 122
   ~ freqResponseHz: null -> {"min":16,"max":22000}
   💾 backed up prior filterAttributes -> /home/jan/work/sanglogium/sanity-cms/backups/backup_headphones_GPjMdcfFWZVrKyR2PB8uW2_2026-09-14T10-44-21-647Z.json
   ✅ patched. rev: 7P2D00ai8KUgrZgiFcw08b

🎧 PATCH (WRITE) — Moondrop Moondrop Blessing 3 In-Ear Monitor (IEM) Hybrid Earphones (DZc43yHr6ydfgE7zB44sHt)

   Field diff (filterAttributes.*):
   ~ productCategory: null -> ["iem"]
   ~ wearingStyle: "in-ear" -> ["in-ear"]
   = acousticDesign: unchanged (null)
   ~ fitType: null -> "universal"
   = connectivity: unchanged ("wired")
   ~ portable: null -> true
   = soundSignature: unchanged (null)
   = microphone: unchanged (false)
   ~ detachableCable: null -> true
   = cableLengthM: unchanged (null)
   ~ foldable: null -> false
   = ipxRating: unchanged (null)
   = bluetoothCodecs: unchanged (null)
   = anc: unchanged ("passive")
   = batteryLifeHours: unchanged (null)
   ~ awards: null -> []
   = requiresAmplifier: unchanged (false)
   ~ cableTermination: ["mmcx"] -> ["3.5mm"]
   ~ driverType: "dynamic" -> ["dynamic","balanced-armature"]
   ~ driverConfigBucket: null -> "hybrid-config"
   ~ driverConfigDetail: null -> "2DD+4BA"
   ~ impedanceOhms: null -> 14.8
   ~ sensitivityDbMw: null -> 120
   ~ freqResponseHz: null -> {"min":10,"max":30000}
   💾 backed up prior filterAttributes -> /home/jan/work/sanglogium/sanity-cms/backups/backup_headphones_DZc43yHr6ydfgE7zB44sHt_2026-09-14T10-44-22-647Z.json
   ✅ patched. rev: MzerujO1CrL1dzm03eNn0F

🎧 PATCH (WRITE) — Moondrop Moondrop Dark Saber In-Ear Headphones (MrEMtYwMtrFDGWmRnTEgIK)

   Field diff (filterAttributes.*):
   ~ productCategory: null -> ["iem"]
   ~ wearingStyle: "in-ear" -> ["in-ear"]
   = acousticDesign: unchanged (null)
   ~ fitType: null -> "universal"
   = connectivity: unchanged ("wired")
   ~ portable: null -> true
   = soundSignature: unchanged (null)
   = microphone: unchanged (false)
   ~ detachableCable: null -> true
   = cableLengthM: unchanged (null)
   ~ foldable: null -> false
   = ipxRating: unchanged (null)
   = bluetoothCodecs: unchanged (null)
   = anc: unchanged ("passive")
   = batteryLifeHours: unchanged (null)
   ~ awards: null -> []
   = requiresAmplifier: unchanged (false)
   ~ cableTermination: ["mmcx"] -> ["3.5mm"]
   ~ driverType: "dynamic" -> ["dynamic","balanced-armature"]
   ~ driverConfigBucket: null -> "hybrid-config"
   ~ driverConfigDetail: null -> "2DD+8BA"
   ~ impedanceOhms: null -> 22
   ~ sensitivityDbMw: null -> 128
   ~ freqResponseHz: null -> {"min":7,"max":41000}
   💾 backed up prior filterAttributes -> /home/jan/work/sanglogium/sanity-cms/backups/backup_headphones_MrEMtYwMtrFDGWmRnTEgIK_2026-09-14T10-44-23-702Z.json
   ✅ patched. rev: 7P2D00ai8KUgrZgiFcw0RJ

🎧 PATCH (WRITE) — Moondrop Moondrop Kadenz Flagship 10mm IEMs (xMEqvkRBbdrlJXyFG8jrTr)

   Field diff (filterAttributes.*):
   ~ productCategory: null -> ["iem"]
   ~ wearingStyle: "in-ear" -> ["in-ear"]
   = acousticDesign: unchanged (null)
   ~ fitType: null -> "universal"
   = connectivity: unchanged ("wired")
   ~ portable: null -> true
   = soundSignature: unchanged (null)
   = microphone: unchanged (false)
   ~ detachableCable: null -> true
   = cableLengthM: unchanged (null)
   ~ foldable: null -> false
   = ipxRating: unchanged (null)
   = bluetoothCodecs: unchanged (null)
   = anc: unchanged ("passive")
   = batteryLifeHours: unchanged (null)
   ~ awards: null -> []
   = requiresAmplifier: unchanged (false)
   ~ cableTermination: ["mmcx"] -> ["3.5mm","4.4mm-balanced","usb-c"]
   ~ driverType: "dynamic" -> ["dynamic"]
   ~ driverConfigBucket: null -> "single-dynamic"
   ~ driverConfigDetail: null -> "1DD"
   ~ impedanceOhms: null -> 35
   ~ sensitivityDbMw: null -> 122
   ~ freqResponseHz: null -> {"min":8,"max":21000}
   💾 backed up prior filterAttributes -> /home/jan/work/sanglogium/sanity-cms/backups/backup_headphones_xMEqvkRBbdrlJXyFG8jrTr_2026-09-14T10-44-24-741Z.json
   ✅ patched. rev: 7P2D00ai8KUgrZgiFcw0fL

🎧 PATCH (WRITE) — Moondrop Moondrop May Dynamic Driver + Planar Magnetic Driver IEM (In-Ear Monitor) (GPjMdcfFWZVrKyR2PB90Ze)

   Field diff (filterAttributes.*):
   ~ productCategory: null -> ["iem"]
   ~ wearingStyle: "in-ear" -> ["in-ear"]
   = acousticDesign: unchanged (null)
   ~ fitType: null -> "universal"
   = connectivity: unchanged ("wired")
   ~ portable: null -> true
   = soundSignature: unchanged (null)
   = microphone: unchanged (false)
   ~ detachableCable: null -> true
   = cableLengthM: unchanged (null)
   ~ foldable: null -> false
   = ipxRating: unchanged (null)
   = bluetoothCodecs: unchanged (null)
   = anc: unchanged ("passive")
   = batteryLifeHours: unchanged (null)
   ~ awards: null -> []
   = requiresAmplifier: unchanged (false)
   ~ cableTermination: ["mmcx"] -> ["usb-c"]
   ~ driverType: "planar-magnetic" -> ["dynamic","planar-magnetic"]
   ~ driverConfigBucket: null -> "hybrid-config"
   ~ driverConfigDetail: null -> "1DD+1Planar"
   ~ impedanceOhms: null -> 30
   ~ sensitivityDbMw: null -> 120
   ~ freqResponseHz: null -> {"min":7,"max":39000}
   💾 backed up prior filterAttributes -> /home/jan/work/sanglogium/sanity-cms/backups/backup_headphones_GPjMdcfFWZVrKyR2PB90Ze_2026-09-14T10-44-25-774Z.json
   ✅ patched. rev: Ch755lAE5GLsZ435CxbQHn

🎧 PATCH (WRITE) — Moondrop Moondrop Rays Gaming IEMs (GPjMdcfFWZVrKyR2PB8yx8)

   Field diff (filterAttributes.*):
   ~ productCategory: null -> ["iem"]
   ~ wearingStyle: "in-ear" -> ["in-ear"]
   = acousticDesign: unchanged (null)
   ~ fitType: null -> "universal"
   = connectivity: unchanged ("wired")
   ~ portable: null -> true
   = soundSignature: unchanged (null)
   ~ microphone: false -> true
   ~ detachableCable: null -> true
   = cableLengthM: unchanged (null)
   ~ foldable: null -> false
   = ipxRating: unchanged (null)
   = bluetoothCodecs: unchanged (null)
   = anc: unchanged ("passive")
   = batteryLifeHours: unchanged (null)
   ~ awards: null -> []
   = requiresAmplifier: unchanged (false)
   ~ cableTermination: ["2-pin"] -> ["usb-c"]
   ~ driverType: "dynamic" -> ["dynamic","planar-magnetic"]
   ~ driverConfigBucket: null -> "hybrid-config"
   ~ driverConfigDetail: null -> "1DD+1Planar"
   ~ impedanceOhms: null -> 30
   ~ sensitivityDbMw: null -> 120
   ~ freqResponseHz: null -> {"min":7,"max":39000}
   💾 backed up prior filterAttributes -> /home/jan/work/sanglogium/sanity-cms/backups/backup_headphones_GPjMdcfFWZVrKyR2PB8yx8_2026-09-14T10-44-26-841Z.json
   ✅ patched. rev: Ch755lAE5GLsZ435CxbQOA

🎧 PATCH (WRITE) — Moondrop Moondrop Starfield II In-Ear Monitor (IEM) (GPjMdcfFWZVrKyR2PB8xPu)

   Field diff (filterAttributes.*):
   ~ productCategory: null -> ["iem"]
   ~ wearingStyle: "in-ear" -> ["in-ear"]
   = acousticDesign: unchanged (null)
   ~ fitType: null -> "universal"
   = connectivity: unchanged ("wired")
   ~ portable: null -> true
   = soundSignature: unchanged (null)
   = microphone: unchanged (false)
   ~ detachableCable: null -> true
   = cableLengthM: unchanged (null)
   ~ foldable: null -> false
   = ipxRating: unchanged (null)
   = bluetoothCodecs: unchanged (null)
   = anc: unchanged ("passive")
   = batteryLifeHours: unchanged (null)
   ~ awards: null -> []
   = requiresAmplifier: unchanged (false)
   ~ cableTermination: ["mmcx"] -> ["3.5mm"]
   ~ driverType: "dynamic" -> ["dynamic"]
   ~ driverConfigBucket: null -> "single-dynamic"
   ~ driverConfigDetail: null -> "1DD"
   ~ impedanceOhms: null -> 15
   ~ sensitivityDbMw: null -> 122
   ~ freqResponseHz: null -> {"min":12,"max":24000}
   💾 backed up prior filterAttributes -> /home/jan/work/sanglogium/sanity-cms/backups/backup_headphones_GPjMdcfFWZVrKyR2PB8xPu_2026-09-14T10-44-27-892Z.json
   ✅ patched. rev: 7P2D00ai8KUgrZgiFcw1C5

🎧 PATCH (WRITE) — Moondrop Moondrop Variations Tribrid IEM (DZc43yHr6ydfgE7zB44oFY)

   Field diff (filterAttributes.*):
   ~ productCategory: null -> ["iem"]
   ~ wearingStyle: "in-ear" -> ["in-ear"]
   = acousticDesign: unchanged (null)
   ~ fitType: null -> "universal"
   = connectivity: unchanged ("wired")
   ~ portable: null -> true
   = soundSignature: unchanged (null)
   = microphone: unchanged (false)
   ~ detachableCable: null -> true
   = cableLengthM: unchanged (null)
   ~ foldable: null -> false
   = ipxRating: unchanged (null)
   = bluetoothCodecs: unchanged (null)
   = anc: unchanged ("passive")
   = batteryLifeHours: unchanged (null)
   ~ awards: null -> []
   = requiresAmplifier: unchanged (false)
   ~ cableTermination: ["mmcx"] -> ["3.5mm","4.4mm-balanced","2.5mm-balanced"]
   ~ driverType: "dynamic" -> ["dynamic","balanced-armature","electrostatic"]
   ~ driverConfigBucket: null -> "hybrid-config"
   ~ driverConfigDetail: null -> "1DD+2BA+2EST"
   ~ impedanceOhms: null -> 15.2
   ~ sensitivityDbMw: null -> 118
   ~ freqResponseHz: null -> {"min":9,"max":40000}
   💾 backed up prior filterAttributes -> /home/jan/work/sanglogium/sanity-cms/backups/backup_headphones_DZc43yHr6ydfgE7zB44oFY_2026-09-14T10-44-28-930Z.json
   ✅ patched. rev: 7P2D00ai8KUgrZgiFcw1Nm

🎧 PATCH (WRITE) — Mark Levinson Mark Levinson № 5909 Active Noise Cancellation Headphones (k27n1AQuIbSr5iozG2iyZJ)

   Field diff (filterAttributes.*):
   = productCategory: unchanged (["over-ear"])
   = wearingStyle: unchanged (["over-ear"])
   = acousticDesign: unchanged (["closed-back"])
   = fitType: unchanged (null)
   = connectivity: unchanged ("hybrid")
   = portable: unchanged (true)
   = soundSignature: unchanged (null)
   = microphone: unchanged (true)
   = cableTermination: unchanged (["3.5mm","usb-c"])
   = detachableCable: unchanged (true)
   = cableLengthM: unchanged (4)
   = foldable: unchanged (false)
   = ipxRating: unchanged ("none")
   = bluetoothCodecs: unchanged (["SBC","AAC","aptX Adaptive","LDAC"])
   = anc: unchanged ("anc")
   = batteryLifeHours: unchanged ({"ancOff":34,"ancOn":30})
   = driverType: unchanged (["dynamic"])
   = awards: unchanged (null)
   = driverConfigBucket: unchanged (null)
   = driverConfigDetail: unchanged (null)
   💾 backed up prior filterAttributes -> /home/jan/work/sanglogium/sanity-cms/backups/backup_headphones_k27n1AQuIbSr5iozG2iyZJ_2026-09-14T10-44-29-967Z.json
   ✅ patched. rev: Ch755lAE5GLsZ435CxbQdS

🎧 PATCH (WRITE) — Kinera Kinera Freya In-Ear Monitor (IEM) Earphone (xMEqvkRBbdrlJXyFG8jtEr)

   Field diff (filterAttributes.*):
   ~ productCategory: null -> ["iem"]
   ~ wearingStyle: "in-ear" -> ["in-ear"]
   = acousticDesign: unchanged (null)
   ~ fitType: null -> "universal"
   = connectivity: unchanged ("wired")
   ~ portable: null -> true
   = soundSignature: unchanged (null)
   ~ impedanceOhms: null -> 22
   ~ sensitivityDbMw: null -> 110
   ~ freqResponseHz: null -> {"min":20,"max":20000}
   = microphone: unchanged (false)
   ~ cableTermination: ["mmcx"] -> ["3.5mm"]
   ~ detachableCable: null -> true
   = cableLengthM: unchanged (null)
   ~ foldable: null -> false
   = ipxRating: unchanged (null)
   = bluetoothCodecs: unchanged (null)
   = anc: unchanged ("passive")
   = batteryLifeHours: unchanged (null)
   ~ driverType: "dynamic" -> ["dynamic","balanced-armature"]
   ~ awards: null -> ["Recommendation Award - Top Hifi Headlines 2020","Japan VGP 2021 Award"]
   = requiresAmplifier: unchanged (false)
   ~ driverConfigBucket: null -> "hybrid"
   ~ driverConfigDetail: null -> "1DD+3BA"
   💾 backed up prior filterAttributes -> /home/jan/work/sanglogium/sanity-cms/backups/backup_headphones_xMEqvkRBbdrlJXyFG8jtEr_2026-09-14T10-44-31-012Z.json
   ✅ patched. rev: Ch755lAE5GLsZ435CxbQl6

🎧 PATCH (WRITE) — Kinera Kinera NANNA In-Ear Monitor (IEM) Earphone (xMEqvkRBbdrlJXyFG8jv3N)

   Field diff (filterAttributes.*):
   ~ productCategory: null -> ["iem"]
   ~ wearingStyle: "in-ear" -> ["in-ear"]
   = acousticDesign: unchanged (null)
   ~ fitType: null -> "universal"
   = connectivity: unchanged ("wired")
   ~ portable: null -> true
   ~ soundSignature: null -> "V-Shaped"
   ~ impedanceOhms: null -> 60
   ~ sensitivityDbMw: null -> 110
   ~ freqResponseHz: null -> {"min":5,"max":50000}
   = microphone: unchanged (false)
   ~ cableTermination: ["mmcx"] -> ["3.5mm","2.5mm-balanced","4.4mm-balanced"]
   ~ detachableCable: null -> true
   ~ cableLengthM: null -> 1.2
   ~ foldable: null -> false
   = ipxRating: unchanged (null)
   = bluetoothCodecs: unchanged (null)
   = anc: unchanged ("passive")
   = batteryLifeHours: unchanged (null)
   ~ driverType: "dynamic" -> ["dynamic","balanced-armature","electrostatic"]
   ~ awards: null -> ["Best Universal IEMs - headfonia.com 2020"]
   ~ requiresAmplifier: false -> true
   ~ driverConfigBucket: null -> "tribrid"
   ~ driverConfigDetail: null -> "1DD+1BA+2EST"
   💾 backed up prior filterAttributes -> /home/jan/work/sanglogium/sanity-cms/backups/backup_headphones_xMEqvkRBbdrlJXyFG8jv3N_2026-09-14T10-44-32-042Z.json
   ✅ patched. rev: MzerujO1CrL1dzm03eNo9z

🎧 PATCH (WRITE) — JBL JBL Live 670NC Wireless On-Ear Adaptive Noise Cancelling Headphones (White) (IysVzF92P1Ckj0vYj2qiBH)

   Field diff (filterAttributes.*):
   ~ productCategory: null -> ["on-ear"]
   ~ wearingStyle: "on-ear" -> ["on-ear"]
   = acousticDesign: unchanged (["closed-back"])
   = fitType: unchanged (null)
   ~ connectivity: "wireless" -> "hybrid"
   ~ portable: null -> true
   ~ driverType: "dynamic" -> ["dynamic"]
   ~ driverConfigBucket: null -> "single-dynamic"
   ~ driverConfigDetail: null -> "1 × dynamic (per earcup)"
   ~ freqResponseHz: null -> {"min":20,"max":40000}
   ~ cableLengthM: null -> 0.2
   ~ cableTermination: ["3.5mm","6.35mm"] -> ["3.5mm"]
   ~ detachableCable: null -> true
   ~ microphone: false -> true
   ~ foldable: null -> true
   ~ ipxRating: null -> "none"
   ~ bluetoothCodecs: null -> ["SBC","AAC"]
   = anc: unchanged ("anc")
   ~ batteryLifeHours: null -> {"ancOn":50,"ancOff":65}
   ~ soundSignature: null -> "Boosted Bass"
   ~ impedanceOhms: null -> 32
   ~ sensitivityDbMw: null -> 100
   = requiresAmplifier: unchanged (false)
   ~ awards: null -> []
   💾 backed up prior filterAttributes -> /home/jan/work/sanglogium/sanity-cms/backups/backup_headphones_IysVzF92P1Ckj0vYj2qiBH_2026-09-14T10-44-33-113Z.json
   ✅ patched. rev: MzerujO1CrL1dzm03eNojr

🎧 PATCH (WRITE) — JBL JBL Tour Pro 2 True Wireless In-Ear Headphones (moXlkADK7m1DHgGwWwzkms)

   Field diff (filterAttributes.*):
   ~ productCategory: null -> ["true-wireless"]
   ~ wearingStyle: "in-ear" -> ["in-ear"]
   = acousticDesign: unchanged (["closed-back"])
   ~ fitType: null -> "universal"
   ~ connectivity: "wireless" -> "true-wireless"
   ~ portable: null -> true
   ~ driverType: "dynamic" -> ["dynamic"]
   ~ driverConfigBucket: null -> "single-dynamic"
   ~ driverConfigDetail: null -> "1 × dynamic (per earbud)"
   ~ freqResponseHz: null -> {"min":20,"max":20000}
   = cableLengthM: unchanged (null)
   ~ cableTermination: ["mmcx"] -> []
   ~ detachableCable: null -> false
   ~ microphone: false -> true
   ~ foldable: null -> false
   ~ ipxRating: null -> "IPX5"
   ~ bluetoothCodecs: null -> ["SBC","AAC"]
   ~ anc: "passive" -> "anc"
   ~ batteryLifeHours: null -> {"ancOn":8,"ancOff":10}
   = soundSignature: unchanged (null)
   ~ impedanceOhms: null -> 16
   ~ sensitivityDbMw: null -> 100
   = requiresAmplifier: unchanged (false)
   ~ awards: null -> []
   💾 backed up prior filterAttributes -> /home/jan/work/sanglogium/sanity-cms/backups/backup_headphones_moXlkADK7m1DHgGwWwzkms_2026-09-14T10-44-34-192Z.json
   ✅ patched. rev: MzerujO1CrL1dzm03eNp6H

🎧 PATCH (WRITE) — Hisenior Audio Hisenior Audio Mega5-EST In-Ear Headphones (MrEMtYwMtrFDGWmRnQVOZL)

   Field diff (filterAttributes.*):
   ~ productCategory: null -> ["iem"]
   ~ wearingStyle: "in-ear" -> ["in-ear"]
   = acousticDesign: unchanged (null)
   ~ fitType: null -> "universal"
   = connectivity: unchanged ("wired")
   ~ portable: null -> true
   = soundSignature: unchanged (null)
   ~ impedanceOhms: null -> 25
   ~ sensitivityDbMw: null -> 100
   ~ freqResponseHz: null -> {"min":10,"max":50000}
   = microphone: unchanged (false)
   ~ cableTermination: ["mmcx"] -> ["4.4mm-balanced","3.5mm"]
   ~ detachableCable: null -> true
   ~ cableLengthM: null -> 1.2
   ~ foldable: null -> false
   ~ ipxRating: null -> "none"
   = bluetoothCodecs: unchanged (null)
   = anc: unchanged ("passive")
   ~ batteryLifeHours: null -> {"ancOff":null,"ancOn":null}
   ~ driverType: "dynamic" -> ["dynamic","balanced-armature","electrostatic"]
   ~ driverConfigBucket: null -> "tribrid"
   ~ driverConfigDetail: null -> "1DD+2BA+2EST"
   ~ awards: null -> []
   💾 backed up prior filterAttributes -> /home/jan/work/sanglogium/sanity-cms/backups/backup_headphones_MrEMtYwMtrFDGWmRnQVOZL_2026-09-14T10-44-35-173Z.json
   ✅ patched. rev: 7P2D00ai8KUgrZgiFcw26D

🎧 PATCH (WRITE) — HarmonicDyne HarmonicDyne x Z Reviews Eris 50mm Dynamic Driver Headphones (DZc43yHr6ydfgE7zB462xz)

   Field diff (filterAttributes.*):
   ~ productCategory: null -> ["over-ear"]
   ~ wearingStyle: "over-ear" -> ["over-ear"]
   ~ acousticDesign: ["closed-back"] -> ["semi-open"]
   = fitType: unchanged (null)
   = connectivity: unchanged ("wired")
   ~ portable: null -> false
   = soundSignature: unchanged (null)
   ~ impedanceOhms: null -> 32
   = sensitivityDbMw: unchanged (null)
   ~ freqResponseHz: null -> {"min":10,"max":70000}
   = microphone: unchanged (false)
   ~ cableTermination: ["3.5mm","6.35mm"] -> ["4.4mm-balanced"]
   ~ detachableCable: null -> true
   ~ cableLengthM: null -> 1.5
   ~ foldable: null -> false
   = ipxRating: unchanged (null)
   = bluetoothCodecs: unchanged (null)
   = anc: unchanged ("passive")
   = batteryLifeHours: unchanged (null)
   ~ driverType: "dynamic" -> ["dynamic"]
   ~ awards: null -> []
   = driverConfigBucket: unchanged (null)
   = driverConfigDetail: unchanged (null)
   💾 backed up prior filterAttributes -> /home/jan/work/sanglogium/sanity-cms/backups/backup_headphones_DZc43yHr6ydfgE7zB462xz_2026-09-14T10-44-36-466Z.json
   ✅ patched. rev: MzerujO1CrL1dzm03eNpOD

🎧 PATCH (WRITE) — HEDD Audio HEDDphone D1 (Pn6oyV4Ks5AcNbecjgzEw1)

   Field diff (filterAttributes.*):
   = productCategory: unchanged (["over-ear"])
   = wearingStyle: unchanged (["over-ear"])
   = acousticDesign: unchanged (["open-back"])
   = fitType: unchanged (null)
   = connectivity: unchanged ("wired")
   = portable: unchanged (false)
   = soundSignature: unchanged (null)
   = microphone: unchanged (false)
   = cableTermination: unchanged (["3.5mm","6.35mm"])
   = detachableCable: unchanged (true)
   = cableLengthM: unchanged (2)
   = foldable: unchanged (false)
   = ipxRating: unchanged (null)
   = bluetoothCodecs: unchanged (null)
   = anc: unchanged ("none")
   = batteryLifeHours: unchanged ({"ancOff":null,"ancOn":null})
   = driverType: unchanged (["dynamic"])
   = impedanceOhms: unchanged (32)
   = sensitivityDbMw: unchanged (100)
   ~ freqResponseHz: {"max":40000,"min":5} -> {"min":5,"max":40000}
   = awards: unchanged (null)
   = driverConfigBucket: unchanged (null)
   = driverConfigDetail: unchanged (null)
   💾 backed up prior filterAttributes -> /home/jan/work/sanglogium/sanity-cms/backups/backup_headphones_Pn6oyV4Ks5AcNbecjgzEw1_2026-09-14T10-44-37-738Z.json
   ✅ patched. rev: MzerujO1CrL1dzm03eNpbf

🎧 PATCH (WRITE) — HEDD Audio HEDDphone TWO (PHPYj28HJdPDHAaIBAK0fG)

   Field diff (filterAttributes.*):
   = productCategory: unchanged (["over-ear"])
   = wearingStyle: unchanged (["over-ear"])
   = acousticDesign: unchanged (["open-back"])
   = fitType: unchanged (null)
   = connectivity: unchanged ("wired")
   = portable: unchanged (false)
   = soundSignature: unchanged (null)
   = microphone: unchanged (false)
   = cableTermination: unchanged (["3.5mm","6.35mm","4.4mm-balanced","4-pin-xlr"])
   = detachableCable: unchanged (true)
   = cableLengthM: unchanged (2.2)
   = foldable: unchanged (false)
   = ipxRating: unchanged (null)
   = bluetoothCodecs: unchanged (null)
   = anc: unchanged ("none")
   = batteryLifeHours: unchanged ({"ancOff":null,"ancOn":null})
   = driverType: unchanged (["amt"])
   = impedanceOhms: unchanged (41)
   = sensitivityDbMw: unchanged (89)
   ~ freqResponseHz: {"max":40000,"min":10} -> {"min":10,"max":40000}
   = awards: unchanged (null)
   = driverConfigBucket: unchanged (null)
   = driverConfigDetail: unchanged (null)
   💾 backed up prior filterAttributes -> /home/jan/work/sanglogium/sanity-cms/backups/backup_headphones_PHPYj28HJdPDHAaIBAK0fG_2026-09-14T10-44-38-981Z.json
   ✅ patched. rev: 7P2D00ai8KUgrZgiFcw2Tb

🎧 PATCH (WRITE) — FiiO FiiO FT1 Headphones (moXlkADK7m1DHgGwWtbjv7)

   Field diff (filterAttributes.*):
   ~ productCategory: null -> ["over-ear"]
   ~ wearingStyle: "over-ear" -> ["over-ear"]
   = acousticDesign: unchanged (["closed-back"])
   = fitType: unchanged (null)
   = connectivity: unchanged ("wired")
   ~ portable: null -> true
   ~ soundSignature: null -> "Warm"
   ~ impedanceOhms: null -> 32
   ~ sensitivityDbMw: null -> 98
   ~ freqResponseHz: null -> {"min":10,"max":40000}
   = microphone: unchanged (false)
   ~ cableTermination: ["3.5mm","6.35mm"] -> ["3.5mm","4.4mm-balanced","6.35mm"]
   ~ detachableCable: null -> true
   ~ cableLengthM: null -> 1.5
   ~ foldable: null -> false
   = ipxRating: unchanged (null)
   = bluetoothCodecs: unchanged (null)
   = anc: unchanged ("passive")
   ~ batteryLifeHours: null -> {"ancOff":null,"ancOn":null}
   ~ driverType: "dynamic" -> ["dynamic"]
   = awards: unchanged (null)
   = driverConfigBucket: unchanged (null)
   = driverConfigDetail: unchanged (null)
   💾 backed up prior filterAttributes -> /home/jan/work/sanglogium/sanity-cms/backups/backup_headphones_moXlkADK7m1DHgGwWtbjv7_2026-09-14T10-44-40-037Z.json
   ✅ patched. rev: MzerujO1CrL1dzm03eNq2Z

🎧 PATCH (WRITE) — FiiO FiiO FT1 Pro Headphones (Pn6oyV4Ks5AcNbecjmCFMg)

   Field diff (filterAttributes.*):
   ~ productCategory: null -> ["over-ear"]
   ~ wearingStyle: "over-ear" -> ["over-ear"]
   ~ acousticDesign: ["closed-back"] -> ["open-back"]
   = fitType: unchanged (null)
   = connectivity: unchanged ("wired")
   ~ portable: null -> false
   ~ soundSignature: null -> "Neutral"
   ~ impedanceOhms: null -> 20
   ~ sensitivityDbMw: null -> 95
   ~ freqResponseHz: null -> {"min":7,"max":40000}
   = microphone: unchanged (false)
   ~ cableTermination: ["3.5mm","6.35mm"] -> ["3.5mm","4.4mm-balanced","6.35mm"]
   ~ detachableCable: null -> true
   ~ cableLengthM: null -> 1.5
   ~ foldable: null -> false
   = ipxRating: unchanged (null)
   = bluetoothCodecs: unchanged (null)
   ~ anc: "passive" -> "none"
   ~ batteryLifeHours: null -> {"ancOff":null,"ancOn":null}
   ~ driverType: "dynamic" -> ["planar-magnetic"]
   = awards: unchanged (null)
   = driverConfigBucket: unchanged (null)
   = driverConfigDetail: unchanged (null)
   💾 backed up prior filterAttributes -> /home/jan/work/sanglogium/sanity-cms/backups/backup_headphones_Pn6oyV4Ks5AcNbecjmCFMg_2026-09-14T10-44-41-827Z.json
   ✅ patched. rev: Ch755lAE5GLsZ435CxbR5U

🎧 PATCH (WRITE) — ES Lab ES Lab ES-2a 90mm Electrostatic Headphones (xMEqvkRBbdrlJXyFG8kmvh)

   Field diff (filterAttributes.*):
   = productCategory: unchanged (null)
   ~ wearingStyle: "over-ear" -> null
   ~ acousticDesign: ["closed-back"] -> ["open-back"]
   = fitType: unchanged (null)
   = connectivity: unchanged ("wired")
   ~ portable: null -> false
   = soundSignature: unchanged (null)
   = impedanceOhms: unchanged (null)
   = sensitivityDbMw: unchanged (null)
   ~ freqResponseHz: null -> {"min":10,"max":41000}
   = microphone: unchanged (false)
   ~ cableTermination: ["3.5mm","6.35mm"] -> []
   ~ detachableCable: null -> false
   ~ cableLengthM: null -> 2.3
   ~ foldable: null -> false
   = ipxRating: unchanged (null)
   = bluetoothCodecs: unchanged (null)
   ~ anc: "passive" -> "none"
   ~ batteryLifeHours: null -> {"ancOff":null,"ancOn":null}
   ~ driverType: "electrostatic" -> ["electrostatic"]
   = driverConfigBucket: unchanged (null)
   = driverConfigDetail: unchanged (null)
   ~ awards: null -> ["Recommended Buy Award 2026 from headfonia.com"]
   💾 backed up prior filterAttributes -> /home/jan/work/sanglogium/sanity-cms/backups/backup_headphones_xMEqvkRBbdrlJXyFG8kmvh_2026-09-14T10-44-43-142Z.json
   ✅ patched. rev: Ch755lAE5GLsZ435CxbRD8

🎧 PATCH (WRITE) — ES Lab ES Lab EX-1a Electrostatic Headphones (Apos Certified) (GPjMdcfFWZVrKyR2PB9jN4)

   Field diff (filterAttributes.*):
   ~ productCategory: null -> ["over-ear"]
   ~ wearingStyle: "over-ear" -> ["over-ear"]
   ~ acousticDesign: ["closed-back"] -> ["open-back"]
   = fitType: unchanged (null)
   = connectivity: unchanged ("wired")
   ~ portable: null -> false
   = soundSignature: unchanged (null)
   = impedanceOhms: unchanged (null)
   = sensitivityDbMw: unchanged (null)
   ~ freqResponseHz: null -> {"min":10,"max":41000}
   = microphone: unchanged (false)
   ~ cableTermination: ["3.5mm","6.35mm"] -> []
   ~ detachableCable: null -> false
   ~ cableLengthM: null -> 2.3
   ~ foldable: null -> false
   = ipxRating: unchanged (null)
   = bluetoothCodecs: unchanged (null)
   ~ anc: "passive" -> "none"
   ~ batteryLifeHours: null -> {"ancOff":null,"ancOn":null}
   ~ driverType: "electrostatic" -> ["electrostatic"]
   = driverConfigBucket: unchanged (null)
   = driverConfigDetail: unchanged (null)
   ~ awards: null -> []
   💾 backed up prior filterAttributes -> /home/jan/work/sanglogium/sanity-cms/backups/backup_headphones_GPjMdcfFWZVrKyR2PB9jN4_2026-09-14T10-44-44-207Z.json
   ✅ patched. rev: MzerujO1CrL1dzm03eNrCJ

🎧 PATCH (WRITE) — ES Lab ES Lab EX-1a Electrostatic Headphones (xMEqvkRBbdrlJXyFG8ko41)

   Field diff (filterAttributes.*):
   ~ productCategory: null -> ["over-ear"]
   ~ wearingStyle: "over-ear" -> ["over-ear"]
   ~ acousticDesign: ["closed-back"] -> ["open-back"]
   = fitType: unchanged (null)
   = connectivity: unchanged ("wired")
   ~ portable: null -> false
   = soundSignature: unchanged (null)
   = impedanceOhms: unchanged (null)
   = sensitivityDbMw: unchanged (null)
   ~ freqResponseHz: null -> {"min":10,"max":41000}
   = microphone: unchanged (false)
   ~ cableTermination: ["3.5mm","6.35mm"] -> []
   ~ detachableCable: null -> false
   ~ cableLengthM: null -> 2.3
   ~ foldable: null -> false
   = ipxRating: unchanged (null)
   = bluetoothCodecs: unchanged (null)
   ~ anc: "passive" -> "none"
   ~ batteryLifeHours: null -> {"ancOff":null,"ancOn":null}
   ~ driverType: "electrostatic" -> ["electrostatic"]
   = driverConfigBucket: unchanged (null)
   = driverConfigDetail: unchanged (null)
   ~ awards: null -> []
   💾 backed up prior filterAttributes -> /home/jan/work/sanglogium/sanity-cms/backups/backup_headphones_xMEqvkRBbdrlJXyFG8ko41_2026-09-14T10-44-45-568Z.json
   ✅ patched. rev: Ch755lAE5GLsZ435CxbRNK

🎧 PATCH (WRITE) — Dunu Mirai In-Ear Headphones (MrEMtYwMtrFDGWmRnQXHgR)

   Field diff (filterAttributes.*):
   ~ productCategory: null -> ["iem"]
   ~ wearingStyle: "in-ear" -> ["in-ear"]
   = acousticDesign: unchanged (null)
   ~ fitType: null -> "universal"
   = connectivity: unchanged ("wired")
   ~ portable: null -> true
   ~ driverType: "dynamic" -> ["balanced-armature","dynamic"]
   ~ impedanceOhms: null -> 25
   ~ sensitivityDbMw: null -> 111
   ~ freqResponseHz: null -> {"min":5,"max":40000}
   ~ cableTermination: ["mmcx"] -> ["3.5mm","2.5mm-balanced","4.4mm-balanced"]
   ~ detachableCable: null -> true
   ~ cableLengthM: null -> 1.2
   = microphone: unchanged (false)
   ~ foldable: null -> false
   = ipxRating: unchanged (null)
   = bluetoothCodecs: unchanged (null)
   = anc: unchanged ("passive")
   = batteryLifeHours: unchanged (null)
   = soundSignature: unchanged (null)
   = awards: unchanged (null)
   ~ driverConfigBucket: null -> "hybrid"
   ~ driverConfigDetail: null -> "1DD+6BA"
   💾 backed up prior filterAttributes -> /home/jan/work/sanglogium/sanity-cms/backups/backup_headphones_MrEMtYwMtrFDGWmRnQXHgR_2026-09-14T10-44-46-632Z.json
   ✅ patched. rev: MzerujO1CrL1dzm03eNrhh

🎧 PATCH (WRITE) — Dunu Studio SA6 MK2 In-Ear Headphones (Pn6oyV4Ks5AcNbecjjpxmB)

   Field diff (filterAttributes.*):
   ~ productCategory: null -> ["iem"]
   ~ wearingStyle: "in-ear" -> ["in-ear"]
   = acousticDesign: unchanged (null)
   ~ fitType: null -> "universal"
   = connectivity: unchanged ("wired")
   ~ portable: null -> true
   ~ driverType: "dynamic" -> ["balanced-armature"]
   ~ impedanceOhms: null -> 24
   ~ sensitivityDbMw: null -> 114
   ~ freqResponseHz: null -> {"min":5,"max":40000}
   ~ cableTermination: ["mmcx"] -> ["3.5mm","4.4mm-balanced"]
   ~ detachableCable: null -> true
   ~ cableLengthM: null -> 1.2
   = microphone: unchanged (false)
   ~ foldable: null -> false
   = ipxRating: unchanged (null)
   = bluetoothCodecs: unchanged (null)
   = anc: unchanged ("passive")
   = batteryLifeHours: unchanged (null)
   = soundSignature: unchanged (null)
   = awards: unchanged (null)
   ~ driverConfigBucket: null -> "multi-ba"
   ~ driverConfigDetail: null -> "6BA"
   💾 backed up prior filterAttributes -> /home/jan/work/sanglogium/sanity-cms/backups/backup_headphones_Pn6oyV4Ks5AcNbecjjpxmB_2026-09-14T10-44-47-873Z.json
   ✅ patched. rev: MzerujO1CrL1dzm03eNrzd

🎧 PATCH (WRITE) — CrinEar Daybreak In-Ear Headphones (PHPYj28HJdPDHAaIBCE9om)

   Field diff (filterAttributes.*):
   ~ productCategory: null -> ["iem"]
   ~ wearingStyle: "in-ear" -> ["in-ear"]
   = acousticDesign: unchanged (null)
   ~ fitType: null -> "universal"
   = connectivity: unchanged ("wired")
   ~ portable: null -> true
   ~ driverType: "dynamic" -> ["dynamic","balanced-armature","planar-magnetic"]
   ~ impedanceOhms: null -> 20
   ~ sensitivityDbMw: null -> 105
   ~ freqResponseHz: null -> {"min":2,"max":40000}
   = cableTermination: unchanged (["3.5mm","4.4mm-balanced"])
   ~ detachableCable: null -> true
   = cableLengthM: unchanged (null)
   = microphone: unchanged (false)
   ~ foldable: null -> false
   = ipxRating: unchanged (null)
   = bluetoothCodecs: unchanged (null)
   = anc: unchanged ("passive")
   = batteryLifeHours: unchanged (null)
   ~ soundSignature: null -> "neutral"
   = awards: unchanged (null)
   ~ driverConfigBucket: null -> "tribrid"
   ~ driverConfigDetail: null -> "1DD+2BA+2MPT"
   💾 backed up prior filterAttributes -> /home/jan/work/sanglogium/sanity-cms/backups/backup_headphones_PHPYj28HJdPDHAaIBCE9om_2026-09-14T10-44-49-007Z.json
   ✅ patched. rev: 7P2D00ai8KUgrZgiFcw3Gi

🎧 PATCH (WRITE) — CrinEar Reference In-Ear Headphones (Agdc7UdudmikAzJtKWUOut)

   Field diff (filterAttributes.*):
   ~ productCategory: null -> ["iem"]
   ~ wearingStyle: "in-ear" -> ["in-ear"]
   = acousticDesign: unchanged (null)
   ~ fitType: null -> "universal"
   = connectivity: unchanged ("wired")
   ~ portable: null -> true
   ~ driverType: "dynamic" -> ["dynamic","balanced-armature"]
   ~ impedanceOhms: null -> 16
   ~ sensitivityDbMw: null -> 104
   ~ freqResponseHz: null -> {"min":2,"max":44000}
   ~ cableTermination: ["mmcx"] -> ["3.5mm","4.4mm-balanced"]
   ~ detachableCable: null -> true
   = cableLengthM: unchanged (null)
   = microphone: unchanged (false)
   ~ foldable: null -> false
   = ipxRating: unchanged (null)
   = bluetoothCodecs: unchanged (null)
   = anc: unchanged ("passive")
   = batteryLifeHours: unchanged (null)
   ~ soundSignature: null -> "warm"
   = awards: unchanged (null)
   ~ driverConfigBucket: null -> "hybrid"
   ~ driverConfigDetail: null -> "2DD+3BA"
   💾 backed up prior filterAttributes -> /home/jan/work/sanglogium/sanity-cms/backups/backup_headphones_Agdc7UdudmikAzJtKWUOut_2026-09-14T10-44-50-282Z.json
   ✅ patched. rev: 7P2D00ai8KUgrZgiFcw3Uk

🎧 PATCH (WRITE) — Bowers & Wilkins Bowers & Wilkins PI5 True Wireless Earbuds (k27n1AQuIbSr5iozG2jAqp)

   Field diff (filterAttributes.*):
   ~ productCategory: null -> ["true-wireless"]
   ~ wearingStyle: "in-ear" -> ["in-ear"]
   = acousticDesign: unchanged (null)
   ~ fitType: null -> "universal"
   ~ connectivity: "wireless" -> "true-wireless"
   ~ portable: null -> true
   = soundSignature: unchanged (null)
   = impedanceOhms: unchanged (null)
   = sensitivityDbMw: unchanged (null)
   ~ freqResponseHz: null -> {"min":10,"max":20000}
   ~ microphone: false -> true
   ~ cableTermination: ["mmcx"] -> []
   ~ detachableCable: null -> false
   = cableLengthM: unchanged (null)
   ~ foldable: null -> false
   ~ ipxRating: null -> "IP54"
   ~ bluetoothCodecs: null -> ["aptX","AAC","SBC"]
   ~ anc: "passive" -> "anc"
   ~ batteryLifeHours: null -> {"ancOn":null,"ancOff":null}
   ~ driverType: "dynamic" -> ["dynamic"]
   ~ driverConfigBucket: null -> "single-dynamic"
   ~ driverConfigDetail: null -> "1 × dynamic (per earbud)"
   ~ awards: null -> []
   💾 backed up prior filterAttributes -> /home/jan/work/sanglogium/sanity-cms/backups/backup_headphones_k27n1AQuIbSr5iozG2jAqp_2026-09-14T10-44-51-481Z.json
   ✅ patched. rev: 7P2D00ai8KUgrZgiFcw3im

🎧 PATCH (WRITE) — Bowers & Wilkins Bowers & Wilkins Pi7 S2 Wireless In-Ear Headphones (moXlkADK7m1DHgGwWwznPb)

   Field diff (filterAttributes.*):
   ~ productCategory: null -> ["true-wireless"]
   ~ wearingStyle: "in-ear" -> ["in-ear"]
   ~ acousticDesign: ["closed-back"] -> null
   ~ fitType: null -> "universal"
   ~ connectivity: "wireless" -> "true-wireless"
   ~ portable: null -> true
   = soundSignature: unchanged (null)
   = impedanceOhms: unchanged (null)
   = sensitivityDbMw: unchanged (null)
   = freqResponseHz: unchanged (null)
   ~ microphone: false -> true
   ~ cableTermination: ["mmcx"] -> []
   ~ detachableCable: null -> false
   = cableLengthM: unchanged (null)
   ~ foldable: null -> false
   ~ ipxRating: null -> "IP54"
   ~ bluetoothCodecs: null -> ["aptX Adaptive","aptX HD","aptX Classic","AAC","SBC"]
   ~ anc: "passive" -> "anc"
   ~ batteryLifeHours: null -> {"ancOn":5,"ancOff":5}
   ~ driverType: "dynamic" -> ["dynamic","balanced-armature"]
   ~ driverConfigBucket: null -> "hybrid"
   ~ driverConfigDetail: null -> "1DD+1BA"
   ~ awards: null -> []
   💾 backed up prior filterAttributes -> /home/jan/work/sanglogium/sanity-cms/backups/backup_headphones_moXlkADK7m1DHgGwWwznPb_2026-09-14T10-44-52-537Z.json
   ✅ patched. rev: 7P2D00ai8KUgrZgiFcw50I

🎧 PATCH (WRITE) — Bowers & Wilkins Bowers & Wilkins PI7 True Wireless Noise Cancelling In-Ear Headphones (k27n1AQuIbSr5iozG2j7uo)

   Field diff (filterAttributes.*):
   ~ productCategory: null -> ["true-wireless"]
   ~ wearingStyle: "in-ear" -> ["in-ear"]
   = acousticDesign: unchanged (null)
   ~ fitType: null -> "universal"
   ~ connectivity: "wireless" -> "true-wireless"
   ~ portable: null -> true
   = soundSignature: unchanged (null)
   = impedanceOhms: unchanged (null)
   = sensitivityDbMw: unchanged (null)
   ~ freqResponseHz: null -> {"min":10,"max":20000}
   ~ microphone: false -> true
   ~ cableTermination: ["mmcx"] -> []
   ~ detachableCable: null -> false
   = cableLengthM: unchanged (null)
   ~ foldable: null -> false
   ~ ipxRating: null -> "IP54"
   ~ bluetoothCodecs: null -> ["aptX Adaptive","aptX HD","aptX Low Latency","aptX Classic","AAC","SBC"]
   = anc: unchanged ("anc")
   ~ batteryLifeHours: null -> {"ancOn":null,"ancOff":null}
   ~ driverType: "dynamic" -> ["dynamic","balanced-armature"]
   ~ driverConfigBucket: null -> "hybrid"
   ~ driverConfigDetail: null -> "1DD+1BA"
   ~ awards: null -> []
   💾 backed up prior filterAttributes -> /home/jan/work/sanglogium/sanity-cms/backups/backup_headphones_k27n1AQuIbSr5iozG2j7uo_2026-09-14T10-44-53-628Z.json
   ✅ patched. rev: Ch755lAE5GLsZ435CxbRo5

🎧 PATCH (WRITE) — Bowers & Wilkins Bowers & Wilkins Pi6 In-Ear Bluetooth Wireless Earbuds (Forest Green) (dLGDVDmEEI2lV8CArIgBZs)

   Field diff (filterAttributes.*):
   ~ productCategory: null -> ["true-wireless"]
   ~ wearingStyle: "in-ear" -> ["in-ear"]
   = acousticDesign: unchanged (null)
   ~ fitType: null -> "universal"
   ~ connectivity: "wireless" -> "true-wireless"
   ~ portable: null -> true
   = soundSignature: unchanged (null)
   = impedanceOhms: unchanged (null)
   = sensitivityDbMw: unchanged (null)
   = freqResponseHz: unchanged (null)
   ~ microphone: false -> true
   ~ cableTermination: ["mmcx"] -> []
   ~ detachableCable: null -> false
   = cableLengthM: unchanged (null)
   ~ foldable: null -> false
   ~ ipxRating: null -> "IP54"
   ~ bluetoothCodecs: null -> ["aptX Adaptive","aptX Classic","AAC","SBC"]
   ~ anc: "passive" -> "anc"
   ~ batteryLifeHours: null -> {"ancOn":8,"ancOff":null}
   ~ driverType: "dynamic" -> ["dynamic"]
   ~ driverConfigBucket: null -> "single-dynamic"
   ~ driverConfigDetail: null -> "1 × dynamic (per earbud)"
   ~ awards: null -> []
   💾 backed up prior filterAttributes -> /home/jan/work/sanglogium/sanity-cms/backups/backup_headphones_dLGDVDmEEI2lV8CArIgBZs_2026-09-14T10-44-54-923Z.json
   ✅ patched. rev: MzerujO1CrL1dzm03eOLD7

🎧 PATCH (WRITE) — Bowers & Wilkins Bowers & Wilkins Pi6 In-Ear Bluetooth Wireless Earbuds (Glacier Blue) (dLGDVDmEEI2lV8CArIgBmG)

   Field diff (filterAttributes.*):
   ~ productCategory: null -> ["true-wireless"]
   ~ wearingStyle: "in-ear" -> ["in-ear"]
   = acousticDesign: unchanged (null)
   ~ fitType: null -> "universal"
   ~ connectivity: "wireless" -> "true-wireless"
   ~ portable: null -> true
   = soundSignature: unchanged (null)
   = impedanceOhms: unchanged (null)
   = sensitivityDbMw: unchanged (null)
   = freqResponseHz: unchanged (null)
   ~ microphone: false -> true
   ~ cableTermination: ["mmcx"] -> []
   ~ detachableCable: null -> false
   = cableLengthM: unchanged (null)
   ~ foldable: null -> false
   ~ ipxRating: null -> "IP54"
   ~ bluetoothCodecs: null -> ["aptX Adaptive","aptX Classic","AAC","SBC"]
   ~ anc: "passive" -> "anc"
   ~ batteryLifeHours: null -> {"ancOn":8,"ancOff":null}
   ~ driverType: "dynamic" -> ["dynamic"]
   ~ driverConfigBucket: null -> "single-dynamic"
   ~ driverConfigDetail: null -> "1 × dynamic (per earbud)"
   ~ awards: null -> []
   💾 backed up prior filterAttributes -> /home/jan/work/sanglogium/sanity-cms/backups/backup_headphones_dLGDVDmEEI2lV8CArIgBmG_2026-09-14T10-44-56-170Z.json
   ✅ patched. rev: 7P2D00ai8KUgrZgiFcw7z3

🎧 PATCH (WRITE) — Bowers & Wilkins Bowers & Wilkins Pi6 In-Ear Bluetooth Wireless Earbuds (Storm Grey) (dLGDVDmEEI2lV8CArIgC3I)

   Field diff (filterAttributes.*):
   ~ productCategory: null -> ["true-wireless"]
   ~ wearingStyle: "in-ear" -> ["in-ear"]
   = acousticDesign: unchanged (null)
   ~ fitType: null -> "universal"
   ~ connectivity: "wireless" -> "true-wireless"
   ~ portable: null -> true
   = soundSignature: unchanged (null)
   = impedanceOhms: unchanged (null)
   = sensitivityDbMw: unchanged (null)
   = freqResponseHz: unchanged (null)
   ~ microphone: false -> true
   ~ cableTermination: ["mmcx"] -> []
   ~ detachableCable: null -> false
   = cableLengthM: unchanged (null)
   ~ foldable: null -> false
   ~ ipxRating: null -> "IP54"
   ~ bluetoothCodecs: null -> ["aptX Adaptive","aptX Classic","AAC","SBC"]
   ~ anc: "passive" -> "anc"
   ~ batteryLifeHours: null -> {"ancOn":8,"ancOff":null}
   ~ driverType: "dynamic" -> ["dynamic"]
   ~ driverConfigBucket: null -> "single-dynamic"
   ~ driverConfigDetail: null -> "1 × dynamic (per earbud)"
   ~ awards: null -> []
   💾 backed up prior filterAttributes -> /home/jan/work/sanglogium/sanity-cms/backups/backup_headphones_dLGDVDmEEI2lV8CArIgC3I_2026-09-14T10-44-57-190Z.json
   ✅ patched. rev: Ch755lAE5GLsZ435CxbSly

🎧 PATCH (WRITE) — Bowers & Wilkins Bowers & Wilkins Pi8 In-Ear Bluetooth True Wireless Earbuds (Midnight Blue) (dLGDVDmEEI2lV8CArIgKzc)

   Field diff (filterAttributes.*):
   ~ productCategory: null -> ["true-wireless"]
   ~ wearingStyle: "in-ear" -> ["in-ear"]
   = acousticDesign: unchanged (null)
   ~ fitType: null -> "universal"
   ~ connectivity: "wireless" -> "true-wireless"
   ~ portable: null -> true
   = soundSignature: unchanged (null)
   = impedanceOhms: unchanged (null)
   = sensitivityDbMw: unchanged (null)
   = freqResponseHz: unchanged (null)
   ~ microphone: false -> true
   ~ cableTermination: ["mmcx"] -> []
   ~ detachableCable: null -> false
   = cableLengthM: unchanged (null)
   ~ foldable: null -> false
   ~ ipxRating: null -> "IP54"
   ~ bluetoothCodecs: null -> ["aptX Lossless","aptX Adaptive","aptX Classic","AAC","SBC"]
   ~ anc: "passive" -> "anc"
   ~ batteryLifeHours: null -> {"ancOn":6.5,"ancOff":null}
   ~ driverType: "dynamic" -> ["dynamic"]
   ~ driverConfigBucket: null -> "single-dynamic"
   ~ driverConfigDetail: null -> "1 × dynamic (per earbud)"
   ~ awards: null -> ["iF Design Award 2025","Red Dot Design Award 2025"]
   💾 backed up prior filterAttributes -> /home/jan/work/sanglogium/sanity-cms/backups/backup_headphones_dLGDVDmEEI2lV8CArIgKzc_2026-09-14T10-44-58-212Z.json
   ✅ patched. rev: MzerujO1CrL1dzm03eOMVp

🎧 PATCH (WRITE) — Bowers & Wilkins Bowers & Wilkins PX8 Wireless ANC Headphones (MrEMtYwMtrFDGWmRnQV78j)

   Field diff (filterAttributes.*):
   ~ productCategory: null -> ["over-ear"]
   ~ wearingStyle: "over-ear" -> ["over-ear"]
   ~ acousticDesign: ["closed-back"] -> null
   = fitType: unchanged (null)
   = connectivity: unchanged ("wireless")
   ~ portable: null -> true
   = soundSignature: unchanged (null)
   ~ impedanceOhms: null -> 33
   = sensitivityDbMw: unchanged (null)
   = freqResponseHz: unchanged (null)
   ~ microphone: false -> true
   ~ cableTermination: ["3.5mm","6.35mm"] -> ["3.5mm"]
   ~ detachableCable: null -> true
   ~ cableLengthM: null -> 1.2
   ~ foldable: null -> false
   = ipxRating: unchanged (null)
   ~ bluetoothCodecs: null -> ["aptX Adaptive","aptX HD","aptX","AAC","SBC"]
   = anc: unchanged ("anc")
   ~ batteryLifeHours: null -> {"ancOn":30,"ancOff":null}
   ~ driverType: "dynamic" -> ["dynamic"]
   = driverConfigBucket: unchanged (null)
   = driverConfigDetail: unchanged (null)
   ~ awards: null -> []
   💾 backed up prior filterAttributes -> /home/jan/work/sanglogium/sanity-cms/backups/backup_headphones_MrEMtYwMtrFDGWmRnQV78j_2026-09-14T10-44-59-229Z.json
   ✅ patched. rev: Ch755lAE5GLsZ435CxbSr4

🎧 PATCH (WRITE) — Austrian Audio Austrian Audio The Composer Headphones (MrEMtYwMtrFDGWmRnTDSQw)

   Field diff (filterAttributes.*):
   ~ productCategory: null -> ["over-ear"]
   ~ wearingStyle: "over-ear" -> ["over-ear"]
   ~ acousticDesign: ["closed-back"] -> ["open-back"]
   = fitType: unchanged (null)
   = connectivity: unchanged ("wired")
   ~ portable: null -> false
   = soundSignature: unchanged (null)
   ~ impedanceOhms: null -> 22
   ~ sensitivityDbMw: null -> 112
   ~ freqResponseHz: null -> {"min":5,"max":44000}
   = microphone: unchanged (false)
   ~ cableTermination: ["3.5mm","6.35mm"] -> ["3.5mm","4.4mm-balanced","4-pin-xlr","6.35mm"]
   ~ detachableCable: null -> true
   ~ cableLengthM: null -> 3
   ~ foldable: null -> true
   = ipxRating: unchanged (null)
   = bluetoothCodecs: unchanged (null)
   ~ anc: "passive" -> "none"
   ~ batteryLifeHours: null -> {"ancOff":null,"ancOn":null}
   ~ driverType: "dynamic" -> ["dynamic"]
   = driverConfigBucket: unchanged (null)
   = driverConfigDetail: unchanged (null)
   ~ awards: null -> ["EISA High-End Headphones 2024-2025"]
   💾 backed up prior filterAttributes -> /home/jan/work/sanglogium/sanity-cms/backups/backup_headphones_MrEMtYwMtrFDGWmRnTDSQw_2026-09-14T10-45-00-249Z.json
   ✅ patched. rev: Ch755lAE5GLsZ435CxbT1G

🎧 PATCH (WRITE) — Aune Audio Aune AR5000 MK2 Headphones (MrEMtYwMtrFDGWmRnTCj6Z)

   Field diff (filterAttributes.*):
   ~ productCategory: null -> ["over-ear"]
   ~ wearingStyle: "over-ear" -> ["over-ear"]
   ~ acousticDesign: ["closed-back"] -> ["open-back"]
   = fitType: unchanged (null)
   = connectivity: unchanged ("wired")
   ~ portable: null -> false
   = microphone: unchanged (false)
   ~ cableTermination: ["3.5mm","6.35mm"] -> ["3.5mm","6.35mm","4.4mm-balanced"]
   ~ detachableCable: null -> true
   ~ cableLengthM: null -> 1.5
   ~ foldable: null -> false
   = ipxRating: unchanged (null)
   = bluetoothCodecs: unchanged (null)
   ~ anc: "passive" -> "none"
   = batteryLifeHours: unchanged (null)
   ~ driverType: "dynamic" -> ["dynamic"]
   ~ impedanceOhms: null -> 28
   ~ sensitivityDbMw: null -> 112
   ~ freqResponseHz: null -> {"min":5,"max":43500}
   = soundSignature: unchanged (null)
   = awards: unchanged (null)
   = driverConfigBucket: unchanged (null)
   = driverConfigDetail: unchanged (null)
   💾 backed up prior filterAttributes -> /home/jan/work/sanglogium/sanity-cms/backups/backup_headphones_MrEMtYwMtrFDGWmRnTCj6Z_2026-09-14T10-45-01-349Z.json
   ✅ patched. rev: 7P2D00ai8KUgrZgiFcw9Iu

🎧 PATCH (WRITE) — Aune Audio Aune AR9000 Headphones (MrEMtYwMtrFDGWmRnTCSk2)

   Field diff (filterAttributes.*):
   ~ productCategory: null -> ["over-ear"]
   ~ wearingStyle: "over-ear" -> ["over-ear"]
   ~ acousticDesign: ["closed-back"] -> ["open-back"]
   = fitType: unchanged (null)
   = connectivity: unchanged ("wired")
   ~ portable: null -> false
   = microphone: unchanged (false)
   ~ cableTermination: ["3.5mm","6.35mm"] -> ["3.5mm","6.35mm","4.4mm-balanced","4-pin-xlr"]
   ~ detachableCable: null -> true
   ~ cableLengthM: null -> 1.6
   ~ foldable: null -> false
   = ipxRating: unchanged (null)
   = bluetoothCodecs: unchanged (null)
   ~ anc: "passive" -> "none"
   = batteryLifeHours: unchanged (null)
   ~ driverType: "dynamic" -> ["dynamic"]
   ~ impedanceOhms: null -> 43
   ~ sensitivityDbMw: null -> 102
   ~ freqResponseHz: null -> {"min":4,"max":50000}
   = soundSignature: unchanged (null)
   = awards: unchanged (null)
   = driverConfigBucket: unchanged (null)
   = driverConfigDetail: unchanged (null)
   💾 backed up prior filterAttributes -> /home/jan/work/sanglogium/sanity-cms/backups/backup_headphones_MrEMtYwMtrFDGWmRnTCSk2_2026-09-14T10-45-02-280Z.json
   ✅ patched. rev: MzerujO1CrL1dzm03eONfZ

🎧 PATCH (WRITE) — Aune Audio Aune Audio AR5000 Headphones (Pn6oyV4Ks5AcNbecjmBwzI)

   Field diff (filterAttributes.*):
   ~ productCategory: null -> ["over-ear"]
   ~ wearingStyle: "over-ear" -> ["over-ear"]
   ~ acousticDesign: ["closed-back"] -> ["open-back"]
   = fitType: unchanged (null)
   = connectivity: unchanged ("wired")
   ~ portable: null -> false
   = microphone: unchanged (false)
   = cableTermination: unchanged (["3.5mm","6.35mm"])
   ~ detachableCable: null -> true
   ~ cableLengthM: null -> 1.5
   ~ foldable: null -> false
   = ipxRating: unchanged (null)
   = bluetoothCodecs: unchanged (null)
   ~ anc: "passive" -> "none"
   = batteryLifeHours: unchanged (null)
   ~ driverType: "dynamic" -> ["dynamic"]
   ~ impedanceOhms: null -> 28
   ~ sensitivityDbMw: null -> 108
   ~ freqResponseHz: null -> {"min":5,"max":41000}
   = soundSignature: unchanged (null)
   = awards: unchanged (null)
   = driverConfigBucket: unchanged (null)
   = driverConfigDetail: unchanged (null)
   💾 backed up prior filterAttributes -> /home/jan/work/sanglogium/sanity-cms/backups/backup_headphones_Pn6oyV4Ks5AcNbecjmBwzI_2026-09-14T10-45-03-306Z.json
   ✅ patched. rev: 7P2D00ai8KUgrZgiFcw9Pv

🎧 PATCH (WRITE) — Audio-Technica Apos x Audio-Technica ATH-R70x Refine Headphone (DZc43yHr6ydfgE7zB40XMj)

   Field diff (filterAttributes.*):
   ~ productCategory: null -> ["over-ear"]
   ~ wearingStyle: "over-ear" -> ["over-ear"]
   ~ acousticDesign: ["closed-back"] -> ["open-back"]
   = fitType: unchanged (null)
   = connectivity: unchanged ("wired")
   ~ portable: null -> false
   = soundSignature: unchanged (null)
   ~ impedanceOhms: null -> 470
   ~ sensitivityDbMw: null -> 98
   ~ freqResponseHz: null -> {"min":5,"max":40000}
   = microphone: unchanged (false)
   ~ cableTermination: ["3.5mm","6.35mm"] -> null
   ~ detachableCable: null -> true
   ~ cableLengthM: null -> 1.8
   ~ foldable: null -> false
   = ipxRating: unchanged (null)
   = bluetoothCodecs: unchanged (null)
   ~ anc: "passive" -> "none"
   ~ batteryLifeHours: null -> {"ancOff":null,"ancOn":null}
   ~ driverType: "dynamic" -> ["dynamic"]
   = driverConfigBucket: unchanged (null)
   = driverConfigDetail: unchanged (null)
   ~ awards: null -> []
   💾 backed up prior filterAttributes -> /home/jan/work/sanglogium/sanity-cms/backups/backup_headphones_DZc43yHr6ydfgE7zB40XMj_2026-09-14T10-45-04-332Z.json
   ✅ patched. rev: Ch755lAE5GLsZ435CxbTMv

🎧 PATCH (WRITE) — Audio-Technica Audio-Technica ATH-ADX7000 Headphones (GPjMdcfFWZVrKyR2PB5Gjq)

   Field diff (filterAttributes.*):
   ~ productCategory: null -> ["over-ear"]
   ~ wearingStyle: "over-ear" -> ["over-ear"]
   ~ acousticDesign: ["closed-back"] -> ["open-back"]
   = fitType: unchanged (null)
   = connectivity: unchanged ("wired")
   ~ portable: null -> false
   = soundSignature: unchanged (null)
   ~ impedanceOhms: null -> 490
   ~ sensitivityDbMw: null -> 100
   ~ freqResponseHz: null -> {"min":5,"max":50000}
   = microphone: unchanged (false)
   ~ cableTermination: ["3.5mm","6.35mm"] -> ["6.35mm","4-pin-xlr"]
   ~ detachableCable: null -> true
   ~ cableLengthM: null -> 3
   ~ foldable: null -> false
   = ipxRating: unchanged (null)
   = bluetoothCodecs: unchanged (null)
   ~ anc: "passive" -> "none"
   ~ batteryLifeHours: null -> {"ancOff":null,"ancOn":null}
   ~ driverType: "dynamic" -> ["dynamic"]
   = driverConfigBucket: unchanged (null)
   = driverConfigDetail: unchanged (null)
   ~ awards: null -> []
   💾 backed up prior filterAttributes -> /home/jan/work/sanglogium/sanity-cms/backups/backup_headphones_GPjMdcfFWZVrKyR2PB5Gjq_2026-09-14T10-45-05-367Z.json
   ✅ patched. rev: MzerujO1CrL1dzm03eOOXN

🎧 PATCH (WRITE) — Audio-Technica Audio-Technica ATH-M40x Professional Studio Monitor Headphones (xMEqvkRBbdrlJXyFG8iyTD)

   Field diff (filterAttributes.*):
   ~ productCategory: null -> ["over-ear"]
   ~ wearingStyle: "over-ear" -> ["over-ear"]
   = acousticDesign: unchanged (["closed-back"])
   = fitType: unchanged (null)
   = connectivity: unchanged ("wired")
   ~ portable: null -> false
   = soundSignature: unchanged (null)
   ~ impedanceOhms: null -> 35
   ~ sensitivityDbMw: null -> 98
   ~ freqResponseHz: null -> {"min":15,"max":24000}
   = microphone: unchanged (false)
   ~ cableTermination: ["3.5mm","6.35mm"] -> ["3.5mm"]
   ~ detachableCable: null -> true
   ~ cableLengthM: null -> 3
   ~ foldable: null -> true
   = ipxRating: unchanged (null)
   = bluetoothCodecs: unchanged (null)
   = anc: unchanged ("passive")
   ~ batteryLifeHours: null -> {"ancOff":null,"ancOn":null}
   ~ driverType: "dynamic" -> ["dynamic"]
   = driverConfigBucket: unchanged (null)
   = driverConfigDetail: unchanged (null)
   ~ awards: null -> []
   💾 backed up prior filterAttributes -> /home/jan/work/sanglogium/sanity-cms/backups/backup_headphones_xMEqvkRBbdrlJXyFG8iyTD_2026-09-14T10-45-06-402Z.json
   ✅ patched. rev: MzerujO1CrL1dzm03eOOyH

🎧 PATCH (WRITE) — Audio-Technica Audio-Technica ATH-M50x Wired Professional Monitor Headphones (GPjMdcfFWZVrKyR2PB83hK)

   Field diff (filterAttributes.*):
   ~ productCategory: null -> ["over-ear"]
   ~ wearingStyle: "over-ear" -> ["over-ear"]
   = acousticDesign: unchanged (["closed-back"])
   = fitType: unchanged (null)
   = connectivity: unchanged ("wired")
   ~ portable: null -> true
   = soundSignature: unchanged (null)
   ~ impedanceOhms: null -> 38
   ~ sensitivityDbMw: null -> 99
   ~ freqResponseHz: null -> {"min":15,"max":28000}
   = microphone: unchanged (false)
   = cableTermination: unchanged (["3.5mm"])
   ~ detachableCable: null -> true
   ~ cableLengthM: null -> 3
   ~ foldable: null -> true
   = ipxRating: unchanged (null)
   = bluetoothCodecs: unchanged (null)
   = anc: unchanged ("passive")
   ~ batteryLifeHours: null -> {"ancOff":null,"ancOn":null}
   ~ driverType: "dynamic" -> ["dynamic"]
   = driverConfigBucket: unchanged (null)
   = driverConfigDetail: unchanged (null)
   ~ awards: null -> []
   💾 backed up prior filterAttributes -> /home/jan/work/sanglogium/sanity-cms/backups/backup_headphones_GPjMdcfFWZVrKyR2PB83hK_2026-09-14T10-45-07-449Z.json
   ✅ patched. rev: Ch755lAE5GLsZ435CxbTYO

🎧 PATCH (WRITE) — Audio-Technica Audio-Technica ATH-MSR7b Headphone (xMEqvkRBbdrlJXyFG8inkf)

   Field diff (filterAttributes.*):
   ~ productCategory: null -> ["over-ear"]
   ~ wearingStyle: "over-ear" -> ["over-ear"]
   = acousticDesign: unchanged (["closed-back"])
   = fitType: unchanged (null)
   = connectivity: unchanged ("wired")
   ~ portable: null -> true
   = soundSignature: unchanged (null)
   ~ impedanceOhms: null -> 36
   ~ sensitivityDbMw: null -> 101
   ~ freqResponseHz: null -> {"min":5,"max":50000}
   = microphone: unchanged (false)
   ~ cableTermination: ["3.5mm","6.35mm"] -> ["3.5mm","4.4mm-balanced"]
   ~ detachableCable: null -> true
   ~ cableLengthM: null -> 1.2
   ~ foldable: null -> false
   = ipxRating: unchanged (null)
   = bluetoothCodecs: unchanged (null)
   = anc: unchanged ("passive")
   ~ batteryLifeHours: null -> {"ancOff":null,"ancOn":null}
   ~ driverType: "dynamic" -> ["dynamic"]
   = driverConfigBucket: unchanged (null)
   = driverConfigDetail: unchanged (null)
   ~ awards: null -> []
   💾 backed up prior filterAttributes -> /home/jan/work/sanglogium/sanity-cms/backups/backup_headphones_xMEqvkRBbdrlJXyFG8inkf_2026-09-14T10-45-08-564Z.json
   ✅ patched. rev: MzerujO1CrL1dzm03eOPh7

🎧 PATCH (WRITE) — Audio-Technica Audio-Technica ATH-W2022 Closed-Back Dynamic Wooden Headphones (DZc43yHr6ydfgE7zB441ML)

   Field diff (filterAttributes.*):
   ~ productCategory: null -> ["over-ear"]
   ~ wearingStyle: "over-ear" -> ["over-ear"]
   = acousticDesign: unchanged (["closed-back"])
   = fitType: unchanged (null)
   = connectivity: unchanged ("wired")
   ~ portable: null -> false
   = soundSignature: unchanged (null)
   ~ impedanceOhms: null -> 48
   ~ sensitivityDbMw: null -> 98
   ~ freqResponseHz: null -> {"min":5,"max":50000}
   = microphone: unchanged (false)
   ~ cableTermination: ["3.5mm","6.35mm"] -> ["6.35mm","4-pin-xlr"]
   ~ detachableCable: null -> true
   ~ cableLengthM: null -> 3
   ~ foldable: null -> false
   = ipxRating: unchanged (null)
   = bluetoothCodecs: unchanged (null)
   = anc: unchanged ("passive")
   ~ batteryLifeHours: null -> {"ancOff":null,"ancOn":null}
   ~ driverType: "dynamic" -> ["dynamic"]
   = driverConfigBucket: unchanged (null)
   = driverConfigDetail: unchanged (null)
   ~ awards: null -> []
   💾 backed up prior filterAttributes -> /home/jan/work/sanglogium/sanity-cms/backups/backup_headphones_DZc43yHr6ydfgE7zB441ML_2026-09-14T10-45-09-538Z.json
   ✅ patched. rev: Ch755lAE5GLsZ435CxbTl8

🎧 PATCH (WRITE) — Audio-Technica Audio-Technica NARUKAMI ATH-AWKG Audiophile Closed-back Dynamic Wooden Headphones (xMEqvkRBbdrlJXyFG8j1Bz)

   Field diff (filterAttributes.*):
   ~ productCategory: null -> ["over-ear"]
   ~ wearingStyle: "over-ear" -> ["over-ear"]
   = acousticDesign: unchanged (["closed-back"])
   = fitType: unchanged (null)
   = connectivity: unchanged ("wired")
   ~ portable: null -> false
   = soundSignature: unchanged (null)
   ~ impedanceOhms: null -> 48
   ~ sensitivityDbMw: null -> 102
   ~ freqResponseHz: null -> {"min":5,"max":45000}
   = microphone: unchanged (false)
   ~ cableTermination: ["3.5mm","6.35mm"] -> ["6.35mm","4-pin-xlr"]
   ~ detachableCable: null -> true
   ~ cableLengthM: null -> 3
   ~ foldable: null -> false
   = ipxRating: unchanged (null)
   = bluetoothCodecs: unchanged (null)
   = anc: unchanged ("passive")
   ~ batteryLifeHours: null -> {"ancOff":null,"ancOn":null}
   ~ driverType: "dynamic" -> ["dynamic"]
   = driverConfigBucket: unchanged (null)
   = driverConfigDetail: unchanged (null)
   ~ awards: null -> []
   💾 backed up prior filterAttributes -> /home/jan/work/sanglogium/sanity-cms/backups/backup_headphones_xMEqvkRBbdrlJXyFG8j1Bz_2026-09-14T10-45-10-595Z.json
   ✅ patched. rev: Ch755lAE5GLsZ435CxbTsm

🎧 PATCH (WRITE) — 64 Audio Nio In-Ear Headphones (Pn6oyV4Ks5AcNbecjjohGV)

   Field diff (filterAttributes.*):
   ~ productCategory: null -> ["iem"]
   ~ wearingStyle: "in-ear" -> ["in-ear"]
   = acousticDesign: unchanged (null)
   ~ fitType: null -> "universal"
   = connectivity: unchanged ("wired")
   ~ portable: null -> true
   ~ driverType: "dynamic" -> ["balanced-armature","dynamic"]
   ~ impedanceOhms: null -> 6
   ~ sensitivityDbMw: null -> 105
   ~ freqResponseHz: null -> {"min":10,"max":20000}
   ~ cableTermination: ["mmcx"] -> ["3.5mm"]
   ~ detachableCable: null -> true
   ~ cableLengthM: null -> 1.22
   = microphone: unchanged (false)
   ~ foldable: null -> false
   = ipxRating: unchanged (null)
   = bluetoothCodecs: unchanged (null)
   = anc: unchanged ("passive")
   = batteryLifeHours: unchanged (null)
   = soundSignature: unchanged (null)
   = awards: unchanged (null)
   ~ driverConfigBucket: null -> "hybrid"
   ~ driverConfigDetail: null -> "1DD+8BA"
   💾 backed up prior filterAttributes -> /home/jan/work/sanglogium/sanity-cms/backups/backup_headphones_Pn6oyV4Ks5AcNbecjjohGV_2026-09-14T10-45-11-625Z.json
   ✅ patched. rev: MzerujO1CrL1dzm03eOQzp

🎧 PATCH (WRITE) — 64 Audio U12t In-Ear Headphones (MrEMtYwMtrFDGWmRnQW6KX)

   Field diff (filterAttributes.*):
   ~ productCategory: null -> ["iem"]
   ~ wearingStyle: "in-ear" -> ["in-ear"]
   = acousticDesign: unchanged (null)
   ~ fitType: null -> "universal"
   = connectivity: unchanged ("wired")
   ~ portable: null -> true
   ~ driverType: "dynamic" -> ["balanced-armature"]
   ~ impedanceOhms: null -> 12.6
   ~ sensitivityDbMw: null -> 108
   ~ freqResponseHz: null -> {"min":10,"max":20000}
   ~ cableTermination: ["mmcx"] -> ["3.5mm","4.4mm-balanced"]
   ~ detachableCable: null -> true
   = cableLengthM: unchanged (null)
   = microphone: unchanged (false)
   ~ foldable: null -> false
   = ipxRating: unchanged (null)
   = bluetoothCodecs: unchanged (null)
   = anc: unchanged ("passive")
   = batteryLifeHours: unchanged (null)
   ~ soundSignature: null -> "Neutral"
   = awards: unchanged (null)
   ~ driverConfigBucket: null -> "multi-ba"
   ~ driverConfigDetail: null -> "12BA"
   💾 backed up prior filterAttributes -> /home/jan/work/sanglogium/sanity-cms/backups/backup_headphones_MrEMtYwMtrFDGWmRnQW6KX_2026-09-14T10-45-12-903Z.json
   ✅ patched. rev: MzerujO1CrL1dzm03eORZh

🎧 PATCH (WRITE) — 64 Audio U4s In-Ear Headphones (Agdc7UdudmikAzJtKWUVPW)

   Field diff (filterAttributes.*):
   ~ productCategory: null -> ["iem"]
   ~ wearingStyle: "in-ear" -> ["in-ear"]
   = acousticDesign: unchanged (null)
   ~ fitType: null -> "universal"
   = connectivity: unchanged ("wired")
   ~ portable: null -> true
   ~ driverType: "dynamic" -> ["balanced-armature","dynamic"]
   ~ impedanceOhms: null -> 11
   ~ sensitivityDbMw: null -> 107
   ~ freqResponseHz: null -> {"min":10,"max":20000}
   ~ cableTermination: ["mmcx"] -> ["3.5mm"]
   ~ detachableCable: null -> true
   = cableLengthM: unchanged (null)
   = microphone: unchanged (false)
   ~ foldable: null -> false
   = ipxRating: unchanged (null)
   = bluetoothCodecs: unchanged (null)
   = anc: unchanged ("passive")
   = batteryLifeHours: unchanged (null)
   = soundSignature: unchanged (null)
   = awards: unchanged (null)
   ~ driverConfigBucket: null -> "hybrid"
   ~ driverConfigDetail: null -> "1DD+3BA"
   💾 backed up prior filterAttributes -> /home/jan/work/sanglogium/sanity-cms/backups/backup_headphones_Agdc7UdudmikAzJtKWUVPW_2026-09-14T10-45-14-196Z.json
   ✅ patched. rev: 7P2D00ai8KUgrZgiFcwB09

🎧 PATCH (WRITE) — Bose Bose QuietComfort Ultra Wireless Noise Cancelling Earbuds (Black) (ZuUKzmkqDyQwdcwhxl8saP)

   Field diff (filterAttributes.*):
   = productCategory: unchanged (["true-wireless"])
   = wearingStyle: unchanged (["in-ear"])
   = acousticDesign: unchanged (["closed-back"])
   = fitType: unchanged ("universal")
   = connectivity: unchanged ("true-wireless")
   = portable: unchanged (true)
   = soundSignature: unchanged ("Warm")
   = microphone: unchanged (true)
   = cableTermination: unchanged ([])
   = detachableCable: unchanged (false)
   = cableLengthM: unchanged (null)
   = foldable: unchanged (false)
   = ipxRating: unchanged ("IPX4")
   = bluetoothCodecs: unchanged (["SBC","AAC","aptX Adaptive"])
   = anc: unchanged ("anc")
   ~ batteryLifeHours: {"ancOff":6,"ancOn":6} -> {"ancOn":6,"ancOff":6}
   = driverType: unchanged (["dynamic"])
   = driverConfigBucket: unchanged ("single-dynamic")
   = driverConfigDetail: unchanged ("1 × dynamic (per earbud)")
   = awards: unchanged ([])
   💾 backed up prior filterAttributes -> /home/jan/work/sanglogium/sanity-cms/backups/backup_headphones_ZuUKzmkqDyQwdcwhxl8saP_2026-09-14T10-45-15-340Z.json
   ✅ patched. rev: Ch755lAE5GLsZ435CxbUDA

🎧 PATCH (WRITE) — Bose Bose QuietComfort Wireless Noise Cancelling Ultra Earbuds - 2024 (Lunar Blue) (Y7l1IhzX2fnyiano4irsdl)

   Field diff (filterAttributes.*):
   = productCategory: unchanged (["true-wireless"])
   = wearingStyle: unchanged (["in-ear"])
   = acousticDesign: unchanged (["closed-back"])
   = fitType: unchanged ("universal")
   = connectivity: unchanged ("true-wireless")
   = portable: unchanged (true)
   = soundSignature: unchanged ("Warm")
   = microphone: unchanged (true)
   = cableTermination: unchanged ([])
   = detachableCable: unchanged (false)
   = cableLengthM: unchanged (null)
   = foldable: unchanged (false)
   = ipxRating: unchanged ("IPX4")
   = bluetoothCodecs: unchanged (["SBC","AAC","aptX Adaptive"])
   = anc: unchanged ("anc")
   ~ batteryLifeHours: {"ancOff":6,"ancOn":6} -> {"ancOn":6,"ancOff":6}
   = driverType: unchanged (["dynamic"])
   = driverConfigBucket: unchanged ("single-dynamic")
   = driverConfigDetail: unchanged ("1 × dynamic (per earbud)")
   = awards: unchanged ([])
   💾 backed up prior filterAttributes -> /home/jan/work/sanglogium/sanity-cms/backups/backup_headphones_Y7l1IhzX2fnyiano4irsdl_2026-09-14T10-45-16-663Z.json
   ✅ patched. rev: 7P2D00ai8KUgrZgiFcwBGW

🎧 PATCH (WRITE) — Bose Bose Ultra Open Bluetooth Earbuds with Spatial Audio & Water Resistance (Moonstone Blue) (ZuUKzmkqDyQwdcwhxl8p4E)

   Field diff (filterAttributes.*):
   = productCategory: unchanged (["true-wireless"])
   = wearingStyle: unchanged (["in-ear"])
   = acousticDesign: unchanged (["semi-open"])
   = fitType: unchanged ("universal")
   = connectivity: unchanged ("true-wireless")
   = portable: unchanged (true)
   = soundSignature: unchanged ("Bright/Analytical")
   = microphone: unchanged (true)
   = cableTermination: unchanged ([])
   = detachableCable: unchanged (false)
   = cableLengthM: unchanged (null)
   = foldable: unchanged (false)
   = ipxRating: unchanged ("IPX4")
   = bluetoothCodecs: unchanged (["SBC","AAC"])
   = anc: unchanged ("none")
   ~ batteryLifeHours: {"ancOff":7.5,"ancOn":7.5} -> {"ancOn":7.5,"ancOff":7.5}
   = driverType: unchanged (["dynamic"])
   = driverConfigBucket: unchanged ("other")
   = driverConfigDetail: unchanged ("1 × dipole transducer per earbud")
   = awards: unchanged ([])
   💾 backed up prior filterAttributes -> /home/jan/work/sanglogium/sanity-cms/backups/backup_headphones_ZuUKzmkqDyQwdcwhxl8p4E_2026-09-14T10-45-17-948Z.json
   ✅ patched. rev: Ch755lAE5GLsZ435CxbUNM

🎧 PATCH (WRITE) — Bose Bose Ultra Open Bluetooth Earbuds with Spatial Audio & Water Resistance (White Smoke) (dLGDVDmEEI2lV8CArAdTYq)

   Field diff (filterAttributes.*):
   = productCategory: unchanged (["true-wireless"])
   = wearingStyle: unchanged (["in-ear"])
   = acousticDesign: unchanged (["semi-open"])
   = fitType: unchanged ("universal")
   = connectivity: unchanged ("true-wireless")
   = portable: unchanged (true)
   = soundSignature: unchanged ("Bright/Analytical")
   = microphone: unchanged (true)
   = cableTermination: unchanged ([])
   = detachableCable: unchanged (false)
   = cableLengthM: unchanged (null)
   = foldable: unchanged (false)
   = ipxRating: unchanged ("IPX4")
   = bluetoothCodecs: unchanged (["SBC","AAC"])
   = anc: unchanged ("none")
   ~ batteryLifeHours: {"ancOff":7.5,"ancOn":7.5} -> {"ancOn":7.5,"ancOff":7.5}
   = driverType: unchanged (["dynamic"])
   = driverConfigBucket: unchanged ("other")
   = driverConfigDetail: unchanged ("1 × dipole transducer per earbud")
   = awards: unchanged ([])
   💾 backed up prior filterAttributes -> /home/jan/work/sanglogium/sanity-cms/backups/backup_headphones_dLGDVDmEEI2lV8CArAdTYq_2026-09-14T10-45-18-911Z.json
   ✅ patched. rev: Ch755lAE5GLsZ435CxbURB

🎧 PATCH (WRITE) — HiFiMan Ananda BT (n10eAegrGspodtsQw136D2)

   Field diff (filterAttributes.*):
   = productCategory: unchanged (["over-ear"])
   = wearingStyle: unchanged (["over-ear"])
   = acousticDesign: unchanged (["open-back"])
   = connectivity: unchanged ("hybrid")
   = portable: unchanged (true)
   = driverType: unchanged (["planar-magnetic"])
   = impedanceOhms: unchanged (25)
   = sensitivityDbMw: unchanged (103)
   ~ freqResponseHz: {"max":55000,"min":8} -> {"min":8,"max":55000}
   = cableTermination: unchanged (["usb-c"])
   = detachableCable: unchanged (false)
   = cableLengthM: unchanged (null)
   = microphone: unchanged (true)
   = foldable: unchanged (false)
   = ipxRating: unchanged (null)
   ~ bluetoothCodecs: null -> ["sbc","aac","aptx","aptx-hd","ldac"]
   = anc: unchanged ("passive")
   = batteryLifeHours: unchanged ({"ancOff":10,"ancOn":null})
   = soundSignature: unchanged ("Neutral")
   = awards: unchanged (null)
   = fitType: unchanged (null)
   = driverConfigBucket: unchanged (null)
   💾 backed up prior filterAttributes -> /home/jan/work/sanglogium/sanity-cms/backups/backup_headphones_n10eAegrGspodtsQw136D2_2026-09-14T10-45-19-979Z.json
   ✅ patched. rev: 7P2D00ai8KUgrZgiFcwBgF

🎧 PATCH (WRITE) — HiFiMan Ananda Nano (DZc43yHr6ydfgE7zB45e9l)

   Field diff (filterAttributes.*):
   ~ productCategory: null -> ["over-ear"]
   ~ wearingStyle: "over-ear" -> ["over-ear"]
   ~ acousticDesign: ["closed-back"] -> ["open-back"]
   = connectivity: unchanged ("wired")
   ~ portable: null -> false
   ~ driverType: "planar-magnetic" -> ["planar-magnetic"]
   ~ impedanceOhms: null -> 14
   ~ sensitivityDbMw: null -> 94
   ~ freqResponseHz: null -> {"min":5,"max":55000}
   = cableTermination: unchanged (["3.5mm","6.35mm"])
   ~ detachableCable: null -> true
   ~ cableLengthM: null -> 3
   = microphone: unchanged (false)
   ~ foldable: null -> false
   = ipxRating: unchanged (null)
   = bluetoothCodecs: unchanged (null)
   ~ anc: "passive" -> "none"
   = batteryLifeHours: unchanged (null)
   = soundSignature: unchanged (null)
   = awards: unchanged (null)
   = fitType: unchanged (null)
   = driverConfigBucket: unchanged (null)
   💾 backed up prior filterAttributes -> /home/jan/work/sanglogium/sanity-cms/backups/backup_headphones_DZc43yHr6ydfgE7zB45e9l_2026-09-14T10-45-21-081Z.json
   ✅ patched. rev: 7P2D00ai8KUgrZgiFcwBuH

🎧 PATCH (WRITE) — HiFiMan Ananda Stealth Magnets (PHPYj28HJdPDHAaIBADN6m)

   Field diff (filterAttributes.*):
   ~ productCategory: null -> ["over-ear"]
   ~ wearingStyle: "over-ear" -> ["over-ear"]
   ~ acousticDesign: ["closed-back"] -> ["open-back"]
   = connectivity: unchanged ("wired")
   ~ portable: null -> false
   ~ driverType: "planar-magnetic" -> ["planar-magnetic"]
   ~ impedanceOhms: null -> 16
   ~ sensitivityDbMw: null -> 93
   ~ freqResponseHz: null -> {"min":8,"max":55000}
   = cableTermination: unchanged (["3.5mm","6.35mm"])
   ~ detachableCable: null -> true
   ~ cableLengthM: null -> 1.5
   = microphone: unchanged (false)
   ~ foldable: null -> false
   = ipxRating: unchanged (null)
   = bluetoothCodecs: unchanged (null)
   ~ anc: "passive" -> "none"
   = batteryLifeHours: unchanged (null)
   ~ soundSignature: null -> "Neutral"
   = awards: unchanged (null)
   = fitType: unchanged (null)
   = driverConfigBucket: unchanged (null)
   💾 backed up prior filterAttributes -> /home/jan/work/sanglogium/sanity-cms/backups/backup_headphones_PHPYj28HJdPDHAaIBADN6m_2026-09-14T10-45-22-079Z.json
   ✅ patched. rev: 7P2D00ai8KUgrZgiFcwC3d

🎧 PATCH (WRITE) — HiFiMan Ananda Stealth Planar Magnetic Headphone (xMEqvkRBbdrlJXyFG8kR2T)

   Field diff (filterAttributes.*):
   ~ productCategory: null -> ["over-ear"]
   ~ wearingStyle: "over-ear" -> ["over-ear"]
   ~ acousticDesign: ["closed-back"] -> ["open-back"]
   = connectivity: unchanged ("wired")
   ~ portable: null -> false
   ~ driverType: "planar-magnetic" -> ["planar-magnetic"]
   ~ impedanceOhms: null -> 16
   ~ sensitivityDbMw: null -> 93
   ~ freqResponseHz: null -> {"min":8,"max":55000}
   = cableTermination: unchanged (["3.5mm","6.35mm"])
   ~ detachableCable: null -> true
   ~ cableLengthM: null -> 1.5
   = microphone: unchanged (false)
   ~ foldable: null -> false
   = ipxRating: unchanged (null)
   = bluetoothCodecs: unchanged (null)
   ~ anc: "passive" -> "none"
   = batteryLifeHours: unchanged (null)
   ~ soundSignature: null -> "Neutral"
   = awards: unchanged (null)
   = fitType: unchanged (null)
   = driverConfigBucket: unchanged (null)
   💾 backed up prior filterAttributes -> /home/jan/work/sanglogium/sanity-cms/backups/backup_headphones_xMEqvkRBbdrlJXyFG8kR2T_2026-09-14T10-45-23-091Z.json
   ✅ patched. rev: MzerujO1CrL1dzm03eOYIh

🎧 PATCH (WRITE) — HiFiMan Arya Stealth Magnets (PHPYj28HJdPDHAaIBADGUo)

   Field diff (filterAttributes.*):
   ~ productCategory: null -> ["over-ear"]
   ~ wearingStyle: "over-ear" -> ["over-ear"]
   ~ acousticDesign: ["closed-back"] -> ["open-back"]
   = connectivity: unchanged ("wired")
   ~ portable: null -> false
   ~ driverType: "dynamic" -> ["planar-magnetic"]
   ~ impedanceOhms: null -> 32
   ~ sensitivityDbMw: null -> 94
   ~ freqResponseHz: null -> {"min":8,"max":65000}
   ~ cableTermination: ["3.5mm","6.35mm"] -> ["3.5mm","6.35mm","4.4mm-balanced","4-pin-xlr"]
   ~ detachableCable: null -> true
   ~ cableLengthM: null -> 1.5
   = microphone: unchanged (false)
   ~ foldable: null -> false
   = ipxRating: unchanged (null)
   = bluetoothCodecs: unchanged (null)
   ~ anc: "passive" -> "none"
   = batteryLifeHours: unchanged (null)
   ~ soundSignature: null -> "Bright/Analytical"
   = awards: unchanged (null)
   = fitType: unchanged (null)
   = driverConfigBucket: unchanged (null)
   💾 backed up prior filterAttributes -> /home/jan/work/sanglogium/sanity-cms/backups/backup_headphones_PHPYj28HJdPDHAaIBADGUo_2026-09-14T10-45-24-147Z.json
   ✅ patched. rev: Ch755lAE5GLsZ435CxbUrw

🎧 PATCH (WRITE) — HiFiMan Arya Organic (Pn6oyV4Ks5AcNbecjgqXuF)

   Field diff (filterAttributes.*):
   ~ productCategory: null -> ["over-ear"]
   ~ wearingStyle: "over-ear" -> ["over-ear"]
   ~ acousticDesign: ["closed-back"] -> ["open-back"]
   = connectivity: unchanged ("wired")
   ~ portable: null -> false
   ~ driverType: "dynamic" -> ["planar-magnetic"]
   ~ impedanceOhms: null -> 16
   ~ sensitivityDbMw: null -> 94
   ~ freqResponseHz: null -> {"min":8,"max":65000}
   ~ cableTermination: ["3.5mm","6.35mm"] -> ["3.5mm","6.35mm","4.4mm-balanced","4-pin-xlr"]
   ~ detachableCable: null -> true
   ~ cableLengthM: null -> 1.5
   = microphone: unchanged (false)
   ~ foldable: null -> false
   = ipxRating: unchanged (null)
   = bluetoothCodecs: unchanged (null)
   ~ anc: "passive" -> "none"
   = batteryLifeHours: unchanged (null)
   ~ soundSignature: null -> "Bright/Analytical"
   = awards: unchanged (null)
   = fitType: unchanged (null)
   = driverConfigBucket: unchanged (null)
   💾 backed up prior filterAttributes -> /home/jan/work/sanglogium/sanity-cms/backups/backup_headphones_Pn6oyV4Ks5AcNbecjgqXuF_2026-09-14T10-45-25-188Z.json
   ✅ patched. rev: Ch755lAE5GLsZ435CxbVB3

🎧 PATCH (WRITE) — HiFiMan Arya Organic Planar Magnetic Headphones (DZc43yHr6ydfgE7zB45bQr)

   Field diff (filterAttributes.*):
   ~ productCategory: null -> ["over-ear"]
   ~ wearingStyle: "over-ear" -> ["over-ear"]
   ~ acousticDesign: ["closed-back"] -> ["open-back"]
   = connectivity: unchanged ("wired")
   ~ portable: null -> false
   ~ driverType: "planar-magnetic" -> ["planar-magnetic"]
   ~ impedanceOhms: null -> 16
   ~ sensitivityDbMw: null -> 94
   ~ freqResponseHz: null -> {"min":8,"max":65000}
   ~ cableTermination: ["3.5mm","6.35mm"] -> ["3.5mm","6.35mm","4.4mm-balanced","4-pin-xlr"]
   ~ detachableCable: null -> true
   ~ cableLengthM: null -> 1.5
   = microphone: unchanged (false)
   ~ foldable: null -> false
   = ipxRating: unchanged (null)
   = bluetoothCodecs: unchanged (null)
   ~ anc: "passive" -> "none"
   = batteryLifeHours: unchanged (null)
   ~ soundSignature: null -> "Bright/Analytical"
   = awards: unchanged (null)
   = fitType: unchanged (null)
   = driverConfigBucket: unchanged (null)
   💾 backed up prior filterAttributes -> /home/jan/work/sanglogium/sanity-cms/backups/backup_headphones_DZc43yHr6ydfgE7zB45bQr_2026-09-14T10-45-26-226Z.json
   ✅ patched. rev: 7P2D00ai8KUgrZgiFcwCVh

🎧 PATCH (WRITE) — HiFiMan Arya Planar Magnetic Headphone - Stealth Magnet Version (xMEqvkRBbdrlJXyFG8kOlp)

   Field diff (filterAttributes.*):
   ~ productCategory: null -> ["over-ear"]
   ~ wearingStyle: "over-ear" -> ["over-ear"]
   ~ acousticDesign: ["closed-back"] -> ["open-back"]
   = connectivity: unchanged ("wired")
   ~ portable: null -> false
   ~ driverType: "planar-magnetic" -> ["planar-magnetic"]
   ~ impedanceOhms: null -> 32
   ~ sensitivityDbMw: null -> 94
   ~ freqResponseHz: null -> {"min":8,"max":65000}
   ~ cableTermination: ["3.5mm","6.35mm"] -> ["3.5mm","6.35mm","4.4mm-balanced","4-pin-xlr"]
   ~ detachableCable: null -> true
   ~ cableLengthM: null -> 1.5
   = microphone: unchanged (false)
   ~ foldable: null -> false
   = ipxRating: unchanged (null)
   = bluetoothCodecs: unchanged (null)
   ~ anc: "passive" -> "none"
   = batteryLifeHours: unchanged (null)
   ~ soundSignature: null -> "Bright/Analytical"
   = awards: unchanged (null)
   = fitType: unchanged (null)
   = driverConfigBucket: unchanged (null)
   💾 backed up prior filterAttributes -> /home/jan/work/sanglogium/sanity-cms/backups/backup_headphones_xMEqvkRBbdrlJXyFG8kOlp_2026-09-14T10-45-27-338Z.json
   ✅ patched. rev: Ch755lAE5GLsZ435CxbVUA

🎧 PATCH (WRITE) — HiFiMan Arya Stealth Magnets (moXlkADK7m1DHgGwWtXu6V)

   Field diff (filterAttributes.*):
   = productCategory: unchanged (["over-ear"])
   = wearingStyle: unchanged (["over-ear"])
   = acousticDesign: unchanged (["open-back"])
   = connectivity: unchanged ("wired")
   = portable: unchanged (false)
   = driverType: unchanged (["planar-magnetic"])
   = impedanceOhms: unchanged (32)
   = sensitivityDbMw: unchanged (94)
   ~ freqResponseHz: {"max":65000,"min":8} -> {"min":8,"max":65000}
   ~ cableTermination: ["3.5mm","6.35mm","4.4mm-balanced","4-pin-xlr","2.5mm-balanced"] -> ["3.5mm","6.35mm","4.4mm-balanced","4-pin-xlr"]
   = detachableCable: unchanged (true)
   = cableLengthM: unchanged (1.5)
   = microphone: unchanged (false)
   = foldable: unchanged (false)
   = ipxRating: unchanged (null)
   = bluetoothCodecs: unchanged (null)
   ~ anc: null -> "none"
   = batteryLifeHours: unchanged (null)
   = soundSignature: unchanged ("Bright/Analytical")
   = awards: unchanged (null)
   = fitType: unchanged (null)
   = driverConfigBucket: unchanged (null)
   💾 backed up prior filterAttributes -> /home/jan/work/sanglogium/sanity-cms/backups/backup_headphones_moXlkADK7m1DHgGwWtXu6V_2026-09-14T10-45-28-579Z.json
   ✅ patched. rev: 7P2D00ai8KUgrZgiFcwCm4

🎧 PATCH (WRITE) — HiFiMan Audivina (k27n1AQuIbSr5iozFz7KCz)

   Field diff (filterAttributes.*):
   = productCategory: unchanged (["over-ear"])
   = wearingStyle: unchanged (["over-ear"])
   = acousticDesign: unchanged (["closed-back"])
   = connectivity: unchanged ("wired")
   = portable: unchanged (true)
   = driverType: unchanged (["planar-magnetic"])
   = impedanceOhms: unchanged (20)
   = sensitivityDbMw: unchanged (97)
   ~ freqResponseHz: {"max":55000,"min":5} -> {"min":5,"max":55000}
   = cableTermination: unchanged (["3.5mm","6.35mm","4-pin-xlr"])
   = detachableCable: unchanged (true)
   = cableLengthM: unchanged (1.5)
   = microphone: unchanged (false)
   = foldable: unchanged (false)
   = ipxRating: unchanged (null)
   = bluetoothCodecs: unchanged (null)
   = anc: unchanged ("passive")
   = batteryLifeHours: unchanged (null)
   = soundSignature: unchanged (null)
   = awards: unchanged (null)
   = fitType: unchanged (null)
   = driverConfigBucket: unchanged (null)
   💾 backed up prior filterAttributes -> /home/jan/work/sanglogium/sanity-cms/backups/backup_headphones_k27n1AQuIbSr5iozFz7KCz_2026-09-14T10-45-29-836Z.json
   ✅ patched. rev: MzerujO1CrL1dzm03eOZNx

🎧 PATCH (WRITE) — HiFiMan Edition XS (Pn6oyV4Ks5AcNbecjgq7ah)

   Field diff (filterAttributes.*):
   ~ productCategory: null -> ["over-ear"]
   ~ wearingStyle: "over-ear" -> ["over-ear"]
   ~ acousticDesign: ["closed-back"] -> ["open-back"]
   = connectivity: unchanged ("wired")
   ~ portable: null -> false
   ~ driverType: "dynamic" -> ["planar-magnetic"]
   ~ impedanceOhms: null -> 18
   ~ sensitivityDbMw: null -> 92
   ~ freqResponseHz: null -> {"min":8,"max":50000}
   = cableTermination: unchanged (["3.5mm","6.35mm"])
   ~ detachableCable: null -> true
   ~ cableLengthM: null -> 1.5
   = microphone: unchanged (false)
   ~ foldable: null -> false
   = ipxRating: unchanged (null)
   = bluetoothCodecs: unchanged (null)
   ~ anc: "passive" -> "none"
   = batteryLifeHours: unchanged (null)
   ~ soundSignature: null -> "Bright/Analytical"
   = awards: unchanged (null)
   = fitType: unchanged (null)
   = driverConfigBucket: unchanged (null)
   💾 backed up prior filterAttributes -> /home/jan/work/sanglogium/sanity-cms/backups/backup_headphones_Pn6oyV4Ks5AcNbecjgq7ah_2026-09-14T10-45-30-904Z.json
   ✅ patched. rev: MzerujO1CrL1dzm03eOZft

🎧 PATCH (WRITE) — HiFiMan Edition XS Planar Magnetic Headphone (Apos Certified) (GPjMdcfFWZVrKyR2PB9Zdy)

   Field diff (filterAttributes.*):
   ~ productCategory: null -> ["over-ear"]
   ~ wearingStyle: "over-ear" -> ["over-ear"]
   ~ acousticDesign: ["closed-back"] -> ["open-back"]
   = connectivity: unchanged ("wired")
   ~ portable: null -> false
   ~ driverType: "planar-magnetic" -> ["planar-magnetic"]
   ~ impedanceOhms: null -> 18
   ~ sensitivityDbMw: null -> 92
   ~ freqResponseHz: null -> {"min":8,"max":50000}
   = cableTermination: unchanged (["3.5mm","6.35mm"])
   ~ detachableCable: null -> true
   ~ cableLengthM: null -> 1.5
   = microphone: unchanged (false)
   ~ foldable: null -> false
   = ipxRating: unchanged (null)
   = bluetoothCodecs: unchanged (null)
   ~ anc: "passive" -> "none"
   = batteryLifeHours: unchanged (null)
   ~ soundSignature: null -> "Bright/Analytical"
   = awards: unchanged (null)
   = fitType: unchanged (null)
   = driverConfigBucket: unchanged (null)
   💾 backed up prior filterAttributes -> /home/jan/work/sanglogium/sanity-cms/backups/backup_headphones_GPjMdcfFWZVrKyR2PB9Zdy_2026-09-14T10-45-31-922Z.json
   ✅ patched. rev: MzerujO1CrL1dzm03eOa2J

🎧 PATCH (WRITE) — HiFiMan Edition XS Planar Magnetic Headphone (xMEqvkRBbdrlJXyFG8kHLD)

   Field diff (filterAttributes.*):
   ~ productCategory: null -> ["over-ear"]
   ~ wearingStyle: "over-ear" -> ["over-ear"]
   ~ acousticDesign: ["closed-back"] -> ["open-back"]
   = connectivity: unchanged ("wired")
   ~ portable: null -> false
   ~ driverType: "planar-magnetic" -> ["planar-magnetic"]
   ~ impedanceOhms: null -> 18
   ~ sensitivityDbMw: null -> 92
   ~ freqResponseHz: null -> {"min":8,"max":50000}
   = cableTermination: unchanged (["3.5mm","6.35mm"])
   ~ detachableCable: null -> true
   ~ cableLengthM: null -> 1.5
   = microphone: unchanged (false)
   ~ foldable: null -> false
   = ipxRating: unchanged (null)
   = bluetoothCodecs: unchanged (null)
   ~ anc: "passive" -> "none"
   = batteryLifeHours: unchanged (null)
   ~ soundSignature: null -> "Bright/Analytical"
   = awards: unchanged (null)
   = fitType: unchanged (null)
   = driverConfigBucket: unchanged (null)
   💾 backed up prior filterAttributes -> /home/jan/work/sanglogium/sanity-cms/backups/backup_headphones_xMEqvkRBbdrlJXyFG8kHLD_2026-09-14T10-45-32-945Z.json
   ✅ patched. rev: MzerujO1CrL1dzm03eOaOj

🎧 PATCH (WRITE) — HiFiMan Edition XV (DZc43yHr6ydfgE7zB45fiH)

   Field diff (filterAttributes.*):
   ~ productCategory: null -> ["over-ear"]
   ~ wearingStyle: "over-ear" -> ["over-ear"]
   ~ acousticDesign: ["closed-back"] -> ["open-back"]
   = connectivity: unchanged ("wired")
   ~ portable: null -> false
   ~ driverType: "planar-magnetic" -> ["planar-magnetic"]
   ~ impedanceOhms: null -> 12
   ~ sensitivityDbMw: null -> 92
   ~ freqResponseHz: null -> {"min":8,"max":50000}
   = cableTermination: unchanged (["3.5mm","6.35mm"])
   ~ detachableCable: null -> true
   ~ cableLengthM: null -> 1.5
   = microphone: unchanged (false)
   ~ foldable: null -> false
   = ipxRating: unchanged (null)
   = bluetoothCodecs: unchanged (null)
   ~ anc: "passive" -> "none"
   = batteryLifeHours: unchanged (null)
   = soundSignature: unchanged (null)
   = awards: unchanged (null)
   = fitType: unchanged (null)
   = driverConfigBucket: unchanged (null)
   💾 backed up prior filterAttributes -> /home/jan/work/sanglogium/sanity-cms/backups/backup_headphones_DZc43yHr6ydfgE7zB45fiH_2026-09-14T10-45-33-992Z.json
   ✅ patched. rev: Ch755lAE5GLsZ435CxbVwC

🎧 PATCH (WRITE) — HiFiMan HE1000 Stealth (MrEMtYwMtrFDGWmRnN51PA)

   Field diff (filterAttributes.*):
   ~ productCategory: null -> ["over-ear"]
   ~ wearingStyle: "over-ear" -> ["over-ear"]
   ~ acousticDesign: ["closed-back"] -> ["open-back"]
   = connectivity: unchanged ("wired")
   ~ portable: null -> false
   ~ driverType: "planar-magnetic" -> ["planar-magnetic"]
   ~ impedanceOhms: null -> 32
   ~ sensitivityDbMw: null -> 93
   ~ freqResponseHz: null -> {"min":8,"max":65000}
   ~ cableTermination: ["3.5mm","6.35mm"] -> ["6.35mm","4-pin-xlr"]
   ~ detachableCable: null -> true
   = cableLengthM: unchanged (null)
   = microphone: unchanged (false)
   ~ foldable: null -> false
   = ipxRating: unchanged (null)
   = bluetoothCodecs: unchanged (null)
   ~ anc: "passive" -> "none"
   = batteryLifeHours: unchanged (null)
   = soundSignature: unchanged (null)
   = awards: unchanged (null)
   = fitType: unchanged (null)
   = driverConfigBucket: unchanged (null)
   💾 backed up prior filterAttributes -> /home/jan/work/sanglogium/sanity-cms/backups/backup_headphones_MrEMtYwMtrFDGWmRnN51PA_2026-09-14T10-45-35-039Z.json
   ✅ patched. rev: MzerujO1CrL1dzm03eOayb

🎧 PATCH (WRITE) — HiFiMan HE1000se (Pn6oyV4Ks5AcNbecjgqaFC)

   Field diff (filterAttributes.*):
   ~ productCategory: null -> ["over-ear"]
   ~ wearingStyle: "over-ear" -> ["over-ear"]
   ~ acousticDesign: ["closed-back"] -> ["open-back"]
   = connectivity: unchanged ("wired")
   ~ portable: null -> false
   ~ driverType: "planar-magnetic" -> ["planar-magnetic"]
   ~ impedanceOhms: null -> 35
   ~ sensitivityDbMw: null -> 96
   ~ freqResponseHz: null -> {"min":8,"max":65000}
   ~ cableTermination: ["3.5mm","6.35mm"] -> ["3.5mm","6.35mm","4-pin-xlr"]
   ~ detachableCable: null -> true
   ~ cableLengthM: null -> 1.5
   = microphone: unchanged (false)
   ~ foldable: null -> false
   = ipxRating: unchanged (null)
   = bluetoothCodecs: unchanged (null)
   ~ anc: "passive" -> "none"
   = batteryLifeHours: unchanged (null)
   ~ soundSignature: null -> "Bright/Analytical"
   = awards: unchanged (null)
   = fitType: unchanged (null)
   = driverConfigBucket: unchanged (null)
   💾 backed up prior filterAttributes -> /home/jan/work/sanglogium/sanity-cms/backups/backup_headphones_Pn6oyV4Ks5AcNbecjgqaFC_2026-09-14T10-45-36-077Z.json
   ✅ patched. rev: MzerujO1CrL1dzm03eObcx

🎧 PATCH (WRITE) — HiFiMan HE400se (Pn6oyV4Ks5AcNbecjgqHro)

   Field diff (filterAttributes.*):
   ~ productCategory: null -> ["over-ear"]
   ~ wearingStyle: "over-ear" -> ["over-ear"]
   ~ acousticDesign: ["closed-back"] -> ["open-back"]
   = connectivity: unchanged ("wired")
   ~ portable: null -> false
   ~ driverType: "dynamic" -> ["planar-magnetic"]
   ~ impedanceOhms: null -> 32
   ~ sensitivityDbMw: null -> 91
   ~ freqResponseHz: null -> {"min":20,"max":20000}
   = cableTermination: unchanged (["3.5mm","6.35mm"])
   ~ detachableCable: null -> true
   ~ cableLengthM: null -> 1.5
   = microphone: unchanged (false)
   ~ foldable: null -> false
   = ipxRating: unchanged (null)
   = bluetoothCodecs: unchanged (null)
   ~ anc: "passive" -> "none"
   = batteryLifeHours: unchanged (null)
   ~ soundSignature: null -> "Neutral"
   = awards: unchanged (null)
   = fitType: unchanged (null)
   = driverConfigBucket: unchanged (null)
   💾 backed up prior filterAttributes -> /home/jan/work/sanglogium/sanity-cms/backups/backup_headphones_Pn6oyV4Ks5AcNbecjgqHro_2026-09-14T10-45-37-123Z.json
   ✅ patched. rev: 7P2D00ai8KUgrZgiFcwDnD

🎧 PATCH (WRITE) — HiFiMan Sundara Closed-Back (MrEMtYwMtrFDGWmRnQULEz)

   Field diff (filterAttributes.*):
   ~ productCategory: null -> ["over-ear"]
   ~ wearingStyle: "over-ear" -> ["over-ear"]
   = acousticDesign: unchanged (["closed-back"])
   = connectivity: unchanged ("wired")
   ~ portable: null -> false
   ~ driverType: "dynamic" -> ["planar-magnetic"]
   ~ impedanceOhms: null -> 20
   ~ sensitivityDbMw: null -> 98
   ~ freqResponseHz: null -> {"min":6,"max":50000}
   = cableTermination: unchanged (["3.5mm","6.35mm"])
   ~ detachableCable: null -> true
   ~ cableLengthM: null -> 1.5
   = microphone: unchanged (false)
   ~ foldable: null -> false
   = ipxRating: unchanged (null)
   = bluetoothCodecs: unchanged (null)
   = anc: unchanged ("passive")
   = batteryLifeHours: unchanged (null)
   = soundSignature: unchanged (null)
   = awards: unchanged (null)
   = fitType: unchanged (null)
   = driverConfigBucket: unchanged (null)
   💾 backed up prior filterAttributes -> /home/jan/work/sanglogium/sanity-cms/backups/backup_headphones_MrEMtYwMtrFDGWmRnQULEz_2026-09-14T10-45-38-216Z.json
   ✅ patched. rev: Ch755lAE5GLsZ435CxbW6O

🎧 PATCH (WRITE) — HiFiMan Sundara (PHPYj28HJdPDHAaIBADCQs)

   Field diff (filterAttributes.*):
   ~ productCategory: null -> ["over-ear"]
   ~ wearingStyle: "over-ear" -> ["over-ear"]
   ~ acousticDesign: ["closed-back"] -> ["open-back"]
   = connectivity: unchanged ("wired")
   ~ portable: null -> false
   ~ driverType: "planar-magnetic" -> ["planar-magnetic"]
   ~ impedanceOhms: null -> 32
   ~ sensitivityDbMw: null -> 92
   ~ freqResponseHz: null -> {"min":6,"max":75000}
   = cableTermination: unchanged (["3.5mm","6.35mm"])
   ~ detachableCable: null -> true
   ~ cableLengthM: null -> 1.5
   = microphone: unchanged (false)
   ~ foldable: null -> false
   = ipxRating: unchanged (null)
   = bluetoothCodecs: unchanged (null)
   ~ anc: "passive" -> "none"
   = batteryLifeHours: unchanged (null)
   ~ soundSignature: null -> "Neutral"
   = awards: unchanged (null)
   = fitType: unchanged (null)
   = driverConfigBucket: unchanged (null)
   💾 backed up prior filterAttributes -> /home/jan/work/sanglogium/sanity-cms/backups/backup_headphones_PHPYj28HJdPDHAaIBADCQs_2026-09-14T10-45-39-230Z.json
   ✅ patched. rev: Ch755lAE5GLsZ435CxbWCl

🎧 PATCH (WRITE) — HiFiMan Sundara Planar Magnetic Headphones (xMEqvkRBbdrlJXyFG8kExX)

   Field diff (filterAttributes.*):
   ~ productCategory: null -> ["over-ear"]
   ~ wearingStyle: "over-ear" -> ["over-ear"]
   ~ acousticDesign: ["closed-back"] -> ["open-back"]
   = connectivity: unchanged ("wired")
   ~ portable: null -> false
   ~ driverType: "planar-magnetic" -> ["planar-magnetic"]
   ~ impedanceOhms: null -> 32
   ~ sensitivityDbMw: null -> 92
   ~ freqResponseHz: null -> {"min":6,"max":75000}
   = cableTermination: unchanged (["3.5mm","6.35mm"])
   ~ detachableCable: null -> true
   ~ cableLengthM: null -> 1.5
   = microphone: unchanged (false)
   ~ foldable: null -> false
   = ipxRating: unchanged (null)
   = bluetoothCodecs: unchanged (null)
   ~ anc: "passive" -> "none"
   = batteryLifeHours: unchanged (null)
   ~ soundSignature: null -> "Neutral"
   = awards: unchanged (null)
   = fitType: unchanged (null)
   = driverConfigBucket: unchanged (null)
   💾 backed up prior filterAttributes -> /home/jan/work/sanglogium/sanity-cms/backups/backup_headphones_xMEqvkRBbdrlJXyFG8kExX_2026-09-14T10-45-40-253Z.json
   ✅ patched. rev: Ch755lAE5GLsZ435CxbWGa

🎧 PATCH (WRITE) — headphones.com LeeLoo Desktop Tube Headphone Amplifier (moXlkADK7m1DHgGwWwETaU)

   Field diff (filterAttributes.*):
   ~ price: 159900 -> {"min":1599,"max":1599,"currency":"USD"}
   = customerRating: unchanged (null)
   = awards: unchanged (null)
   = condition: unchanged (null)
   ~ inStock: true -> false
   ~ dealsDiscount: null -> "sale"
   = newArrival: unchanged (null)
   ~ deviceType: "headphone-amp" -> null
   ~ deviceConnectivity: null -> "wired"
   = formFactor: unchanged ("desktop")
   = amplification: unchanged ("tube")
   = dacIncluded: unchanged (false)
   ~ balancedOutput: false -> null
   ~ powerOutputPerChannelW: null -> 3
   = channelCount: unchanged (null)
   ~ phonoStageBuiltIn: null -> "none"
   ~ trigger12v: null -> false
   ~ remoteControlIncluded: null -> false
   ~ inputs: ["usb"] -> null
   ~ outputs: ["4.4mm"] -> ["headphone-jack","speaker-terminals"]
   = maxSampleRateBitDepth: unchanged (null)
   = dsdSupport: unchanged (null)
   = hiResCertification: unchanged (null)
   = dacChipsetFamily: unchanged (null)
   = streamingPlatformSupport: unchanged (null)
   = networkConnection: unchanged (null)
   = driveType: unchanged (null)
   = turntableOperation: unchanged (null)
   = speedsSupported: unchanged (null)
   = phonoPreampBuiltIn: unchanged (null)
   = cartridgeIncluded: unchanged (null)
   = usbDigitalOutput: unchanged (null)
   = voiceAssistant: unchanged (null)
   = multiroomSupport: unchanged (null)
   = bluetoothCodecs: unchanged (null)
   ~ finishColor: null -> ["Matte Black"]
   ~ rackMountable19: null -> false
   = countryOfManufacture: unchanged (null)
   💾 backed up prior filterAttributes -> /home/jan/work/sanglogium/sanity-cms/backups/backup_headphones_moXlkADK7m1DHgGwWwETaU_2026-09-14T10-45-42-305Z.json
   ✅ patched. rev: 7P2D00ai8KUgrZgiFcwFE5

🎧 PATCH (WRITE) — Zähl Zähl HM1 Reference Desktop Headphone Amplifier (MrEMtYwMtrFDGWmRnNA955)

   Field diff (filterAttributes.*):
   ~ deviceType: "headphone-amp" -> null
   ~ deviceConnectivity: null -> "wired"
   ~ amplification: "solid-state" -> null
   = powerOutputPerChannelW: unchanged (null)
   = channelCount: unchanged (null)
   ~ inputs: ["usb"] -> null
   ~ outputs: ["4.4mm"] -> null
   = phonoStageBuiltIn: unchanged (null)
   = trigger12v: unchanged (null)
   = remoteControlIncluded: unchanged (null)
   = maxSampleRateBitDepth: unchanged (null)
   = dsdSupport: unchanged (null)
   = hiResCertification: unchanged (null)
   = dacChipsetFamily: unchanged (null)
   = streamingPlatformSupport: unchanged (null)
   = networkConnection: unchanged (null)
   = driveType: unchanged (null)
   = turntableOperation: unchanged (null)
   = speedsSupported: unchanged (null)
   = phonoPreampBuiltIn: unchanged (null)
   = cartridgeIncluded: unchanged (null)
   = usbDigitalOutput: unchanged (null)
   = bluetoothCodecs: unchanged (null)
   = voiceAssistant: unchanged (null)
   = multiroomSupport: unchanged (null)
   = finishColor: unchanged (null)
   ~ rackMountable19: null -> false
   ~ countryOfManufacture: null -> "Germany"
   ~ awards: null -> ["Reviewer's Choice"]
   💾 backed up prior filterAttributes -> /home/jan/work/sanglogium/sanity-cms/backups/backup_headphones_MrEMtYwMtrFDGWmRnNA955_2026-09-14T10-45-43-843Z.json
   ✅ patched. rev: Ch755lAE5GLsZ435CxbWMx

🎧 PATCH (WRITE) — Yulong Yulong Aquila II DAC/Amp (xMEqvkRBbdrlJXyFG8gx1X)

   Field diff (filterAttributes.*):
   = customerRating: unchanged (null)
   ~ awards: null -> []
   = condition: unchanged (null)
   = dealsDiscount: unchanged (null)
   = newArrival: unchanged (null)
   ~ deviceType: "dac-amp-combo" -> "dac"
   ~ deviceConnectivity: null -> "wired"
   ~ amplification: "solid-state" -> null
   = powerOutputPerChannelW: unchanged (null)
   = channelCount: unchanged (null)
   = phonoStageBuiltIn: unchanged (null)
   = trigger12v: unchanged (null)
   = remoteControlIncluded: unchanged (null)
   ~ inputs: ["usb"] -> ["usb","coaxial","optical","aes-ebu"]
   ~ outputs: ["4.4mm"] -> null
   ~ maxSampleRateBitDepth: null -> "32-bit/768kHz"
   ~ dsdSupport: null -> "dsd256-plus"
   ~ hiResCertification: null -> []
   ~ dacChipsetFamily: null -> "ess-sabre"
   ~ streamingPlatformSupport: null -> []
   ~ networkConnection: null -> []
   = driveType: unchanged (null)
   = turntableOperation: unchanged (null)
   = speedsSupported: unchanged (null)
   = phonoPreampBuiltIn: unchanged (null)
   = cartridgeIncluded: unchanged (null)
   = usbDigitalOutput: unchanged (null)
   = bluetoothCodecs: unchanged (null)
   = voiceAssistant: unchanged (null)
   = multiroomSupport: unchanged (null)
   ~ finishColor: null -> ["black","silver","red"]
   ~ rackMountable19: null -> false
   ~ countryOfManufacture: null -> "China"
   💾 backed up prior filterAttributes -> /home/jan/work/sanglogium/sanity-cms/backups/backup_headphones_xMEqvkRBbdrlJXyFG8gx1X_2026-09-14T10-45-45-065Z.json
   ✅ patched. rev: MzerujO1CrL1dzm03eOcLn

🎧 PATCH (WRITE) — Yulong Yulong Canary II DAC/Amp (GPjMdcfFWZVrKyR2PB6how)

   Field diff (filterAttributes.*):
   = customerRating: unchanged (null)
   ~ awards: null -> []
   = condition: unchanged (null)
   = dealsDiscount: unchanged (null)
   = newArrival: unchanged (null)
   ~ deviceType: "dac-amp-combo" -> "dac"
   ~ deviceConnectivity: null -> "wired"
   ~ amplification: "solid-state" -> null
   = powerOutputPerChannelW: unchanged (null)
   = channelCount: unchanged (null)
   = phonoStageBuiltIn: unchanged (null)
   = trigger12v: unchanged (null)
   = remoteControlIncluded: unchanged (null)
   ~ inputs: ["usb"] -> ["usb","coaxial","optical","aes-ebu"]
   ~ outputs: ["4.4mm"] -> null
   ~ maxSampleRateBitDepth: null -> "32-bit/384kHz"
   ~ dsdSupport: null -> "dsd256-plus"
   ~ hiResCertification: null -> []
   ~ dacChipsetFamily: null -> "ess-sabre"
   ~ streamingPlatformSupport: null -> []
   ~ networkConnection: null -> []
   = driveType: unchanged (null)
   = turntableOperation: unchanged (null)
   = speedsSupported: unchanged (null)
   = phonoPreampBuiltIn: unchanged (null)
   = cartridgeIncluded: unchanged (null)
   = usbDigitalOutput: unchanged (null)
   = bluetoothCodecs: unchanged (null)
   = voiceAssistant: unchanged (null)
   = multiroomSupport: unchanged (null)
   ~ finishColor: null -> ["black","red","silver"]
   ~ rackMountable19: null -> false
   ~ countryOfManufacture: null -> "China"
   💾 backed up prior filterAttributes -> /home/jan/work/sanglogium/sanity-cms/backups/backup_headphones_GPjMdcfFWZVrKyR2PB6how_2026-09-14T10-45-46-491Z.json
   ✅ patched. rev: 7P2D00ai8KUgrZgiFcwFS7

🎧 PATCH (WRITE) — Yulong YULONG DAART A39 Desktop R2R Pre-Amp & Headphone Amplifier (GPjMdcfFWZVrKyR2PB7cLm)

   Field diff (filterAttributes.*):
   = customerRating: unchanged (null)
   ~ awards: null -> []
   = condition: unchanged (null)
   = dealsDiscount: unchanged (null)
   = newArrival: unchanged (null)
   ~ deviceType: "headphone-amp" -> "preamplifier"
   ~ deviceConnectivity: null -> "wired"
   ~ amplification: "solid-state" -> null
   = powerOutputPerChannelW: unchanged (null)
   ~ channelCount: null -> ["2.0"]
   ~ phonoStageBuiltIn: null -> "none"
   ~ trigger12v: null -> false
   ~ remoteControlIncluded: null -> true
   ~ inputs: ["usb"] -> ["rca","xlr-balanced"]
   ~ outputs: ["4.4mm"] -> ["pre-out-rca","pre-out-xlr","headphone-jack"]
   = maxSampleRateBitDepth: unchanged (null)
   = dsdSupport: unchanged (null)
   = hiResCertification: unchanged (null)
   = dacChipsetFamily: unchanged (null)
   = streamingPlatformSupport: unchanged (null)
   = networkConnection: unchanged (null)
   = driveType: unchanged (null)
   = turntableOperation: unchanged (null)
   = speedsSupported: unchanged (null)
   = phonoPreampBuiltIn: unchanged (null)
   = cartridgeIncluded: unchanged (null)
   = usbDigitalOutput: unchanged (null)
   = bluetoothCodecs: unchanged (null)
   = voiceAssistant: unchanged (null)
   = multiroomSupport: unchanged (null)
   ~ finishColor: null -> ["black","silver","red"]
   ~ rackMountable19: null -> false
   ~ countryOfManufacture: null -> "China"
   💾 backed up prior filterAttributes -> /home/jan/work/sanglogium/sanity-cms/backups/backup_headphones_GPjMdcfFWZVrKyR2PB7cLm_2026-09-14T10-45-47-558Z.json
   ✅ patched. rev: Ch755lAE5GLsZ435CxbWTK

🎧 PATCH (WRITE) — Yulong YULONG DAART Asura Music Streamer & Desktop DAC & Headphone Amplifier (GPjMdcfFWZVrKyR2PB5Tcg)

   Field diff (filterAttributes.*):
   = customerRating: unchanged (null)
   ~ awards: null -> []
   = condition: unchanged (null)
   = dealsDiscount: unchanged (null)
   = newArrival: unchanged (null)
   = deviceType: unchanged ("network-streamer")
   ~ deviceConnectivity: null -> "wifi-networked"
   ~ amplification: "solid-state" -> null
   = powerOutputPerChannelW: unchanged (null)
   = channelCount: unchanged (null)
   = phonoStageBuiltIn: unchanged (null)
   = trigger12v: unchanged (null)
   = remoteControlIncluded: unchanged (null)
   ~ inputs: ["usb"] -> ["ethernet-lan","optical","usb","coaxial"]
   ~ outputs: ["4.4mm"] -> null
   ~ maxSampleRateBitDepth: null -> "32-bit/1536kHz"
   ~ dsdSupport: null -> "dsd256-plus"
   ~ hiResCertification: null -> []
   ~ dacChipsetFamily: null -> "akm"
   ~ streamingPlatformSupport: null -> ["airplay2","dlna"]
   ~ networkConnection: null -> ["ethernet"]
   = driveType: unchanged (null)
   = turntableOperation: unchanged (null)
   = speedsSupported: unchanged (null)
   = phonoPreampBuiltIn: unchanged (null)
   = cartridgeIncluded: unchanged (null)
   = usbDigitalOutput: unchanged (null)
   ~ bluetoothCodecs: null -> []
   ~ voiceAssistant: null -> []
   ~ multiroomSupport: null -> false
   ~ finishColor: null -> ["black","silver","red"]
   ~ rackMountable19: null -> false
   ~ countryOfManufacture: null -> "China"
   💾 backed up prior filterAttributes -> /home/jan/work/sanglogium/sanity-cms/backups/backup_headphones_GPjMdcfFWZVrKyR2PB5Tcg_2026-09-14T10-45-48-955Z.json
   ✅ patched. rev: MzerujO1CrL1dzm03eOd09

🎧 PATCH (WRITE) — Yulong YULONG DAART Aurora Desktop DAC/Pre-amp/ Headphone Amp (DZc43yHr6ydfgE7zB42MQD)

   Field diff (filterAttributes.*):
   = customerRating: unchanged (null)
   ~ awards: null -> []
   = condition: unchanged (null)
   = dealsDiscount: unchanged (null)
   = newArrival: unchanged (null)
   = deviceType: unchanged ("dac")
   ~ deviceConnectivity: null -> "wired-wireless"
   ~ amplification: "solid-state" -> null
   = powerOutputPerChannelW: unchanged (null)
   = channelCount: unchanged (null)
   = phonoStageBuiltIn: unchanged (null)
   = trigger12v: unchanged (null)
   = remoteControlIncluded: unchanged (null)
   ~ inputs: ["usb"] -> ["usb","coaxial","optical","rca"]
   ~ outputs: ["4.4mm"] -> null
   ~ maxSampleRateBitDepth: null -> "32-bit/768kHz"
   ~ dsdSupport: null -> "dsd256-plus"
   ~ hiResCertification: null -> ["mqa"]
   ~ dacChipsetFamily: null -> "ess-sabre"
   ~ streamingPlatformSupport: null -> []
   ~ networkConnection: null -> []
   = driveType: unchanged (null)
   = turntableOperation: unchanged (null)
   = speedsSupported: unchanged (null)
   = phonoPreampBuiltIn: unchanged (null)
   = cartridgeIncluded: unchanged (null)
   = usbDigitalOutput: unchanged (null)
   ~ bluetoothCodecs: null -> ["aptx","ldac"]
   ~ voiceAssistant: null -> []
   ~ multiroomSupport: null -> false
   ~ finishColor: null -> ["black","silver","red"]
   ~ rackMountable19: null -> false
   ~ countryOfManufacture: null -> "China"
   💾 backed up prior filterAttributes -> /home/jan/work/sanglogium/sanity-cms/backups/backup_headphones_DZc43yHr6ydfgE7zB42MQD_2026-09-14T10-45-50-206Z.json
   ✅ patched. rev: 7P2D00ai8KUgrZgiFcwFkp

🎧 PATCH (WRITE) — Yulong YULONG DAART D39 ESS9039PRO Music Streamer & Desktop DAC (xMEqvkRBbdrlJXyFG8fV4x)

   Field diff (filterAttributes.*):
   = customerRating: unchanged (null)
   ~ awards: null -> []
   = condition: unchanged (null)
   = dealsDiscount: unchanged (null)
   = newArrival: unchanged (null)
   = deviceType: unchanged ("network-streamer")
   ~ deviceConnectivity: null -> "wifi-networked"
   ~ amplification: "solid-state" -> null
   = powerOutputPerChannelW: unchanged (null)
   = channelCount: unchanged (null)
   = phonoStageBuiltIn: unchanged (null)
   = trigger12v: unchanged (null)
   = remoteControlIncluded: unchanged (null)
   ~ inputs: ["usb"] -> ["ethernet-lan","usb","aes-ebu","coaxial","optical"]
   ~ outputs: ["4.4mm"] -> null
   ~ maxSampleRateBitDepth: null -> "32-bit/768kHz"
   ~ dsdSupport: null -> "dsd256-plus"
   ~ hiResCertification: null -> []
   ~ dacChipsetFamily: null -> "ess-sabre"
   ~ streamingPlatformSupport: null -> ["airplay2","dlna"]
   ~ networkConnection: null -> ["ethernet"]
   = driveType: unchanged (null)
   = turntableOperation: unchanged (null)
   = speedsSupported: unchanged (null)
   = phonoPreampBuiltIn: unchanged (null)
   = cartridgeIncluded: unchanged (null)
   = usbDigitalOutput: unchanged (null)
   ~ bluetoothCodecs: null -> []
   ~ voiceAssistant: null -> []
   ~ multiroomSupport: null -> false
   ~ finishColor: null -> ["black","silver","red"]
   ~ rackMountable19: null -> false
   ~ countryOfManufacture: null -> "China"
   💾 backed up prior filterAttributes -> /home/jan/work/sanglogium/sanity-cms/backups/backup_headphones_xMEqvkRBbdrlJXyFG8fV4x_2026-09-14T10-45-51-699Z.json
   ✅ patched. rev: 7P2D00ai8KUgrZgiFcwFyr

🎧 PATCH (WRITE) — Woo Audio Woo Audio Tube Mini Portable DAC and Tube Amp (PHPYj28HJdPDHAaIBAKFRO)

   Field diff (filterAttributes.*):
   = deviceType: unchanged ("dac")
   ~ deviceConnectivity: null -> "wired"
   ~ amplification: "tube" -> "hybrid"
   ~ powerOutputPerChannelW: null -> 1
   = channelCount: unchanged (null)
   = phonoStageBuiltIn: unchanged (null)
   = trigger12v: unchanged (null)
   = remoteControlIncluded: unchanged (null)
   = inputs: unchanged (["usb"])
   ~ outputs: ["4.4mm"] -> ["headphone-jack"]
   ~ maxSampleRateBitDepth: null -> "24-bit/384kHz"
   ~ dsdSupport: null -> "dsd256-plus"
   = hiResCertification: unchanged (null)
   ~ dacChipsetFamily: null -> ["ess-sabre"]
   = streamingPlatformSupport: unchanged (null)
   = networkConnection: unchanged (null)
   = bluetoothCodecs: unchanged (null)
   = voiceAssistant: unchanged (null)
   = multiroomSupport: unchanged (null)
   ~ finishColor: null -> ["Black","Silver","Blue","Red"]
   ~ rackMountable19: null -> false
   ~ countryOfManufacture: null -> "USA"
   = awards: unchanged (null)
   = customerRating: unchanged (null)
   = condition: unchanged (null)
   = dealsDiscount: unchanged (null)
   = newArrival: unchanged (null)
   💾 backed up prior filterAttributes -> /home/jan/work/sanglogium/sanity-cms/backups/backup_headphones_PHPYj28HJdPDHAaIBAKFRO_2026-09-14T10-45-52-747Z.json
   ✅ patched. rev: 7P2D00ai8KUgrZgiFcwGCt

🎧 PATCH (WRITE) — Woo Audio Woo Audio WA23 LUNA (PHPYj28HJdPDHAaIBChpSq)

   Field diff (filterAttributes.*):
   ~ deviceType: "dac-amp-combo" -> "preamplifier"
   ~ deviceConnectivity: null -> "wired"
   ~ amplification: "solid-state" -> "tube"
   = powerOutputPerChannelW: unchanged (null)
   = channelCount: unchanged (null)
   ~ phonoStageBuiltIn: null -> "none"
   ~ trigger12v: null -> false
   ~ remoteControlIncluded: null -> false
   ~ inputs: ["rca"] -> ["xlr-balanced","rca"]
   ~ outputs: ["4-pin-xlr"] -> ["pre-out-xlr","headphone-jack"]
   = maxSampleRateBitDepth: unchanged (null)
   = dsdSupport: unchanged (null)
   = hiResCertification: unchanged (null)
   = dacChipsetFamily: unchanged (null)
   = streamingPlatformSupport: unchanged (null)
   = networkConnection: unchanged (null)
   = bluetoothCodecs: unchanged (null)
   = voiceAssistant: unchanged (null)
   = multiroomSupport: unchanged (null)
   ~ finishColor: null -> ["Black and Gold"]
   ~ rackMountable19: null -> false
   ~ countryOfManufacture: null -> "USA"
   = awards: unchanged (null)
   = customerRating: unchanged (null)
   = condition: unchanged (null)
   = dealsDiscount: unchanged (null)
   = newArrival: unchanged (null)
   💾 backed up prior filterAttributes -> /home/jan/work/sanglogium/sanity-cms/backups/backup_headphones_PHPYj28HJdPDHAaIBChpSq_2026-09-14T10-45-54-167Z.json
   ✅ patched. rev: MzerujO1CrL1dzm03eOfkX

🎧 PATCH (WRITE) — Woo Audio Woo Audio WA6 Desktop Tube Headphone Amplifier (MrEMtYwMtrFDGWmRnRLHGc)

   Field diff (filterAttributes.*):
   ~ deviceType: "headphone-amp" -> null
   ~ deviceConnectivity: null -> "wired"
   = amplification: unchanged ("tube")
   = powerOutputPerChannelW: unchanged (null)
   = channelCount: unchanged (null)
   = phonoStageBuiltIn: unchanged (null)
   = trigger12v: unchanged (null)
   = remoteControlIncluded: unchanged (null)
   ~ inputs: ["usb"] -> ["rca"]
   ~ outputs: ["4.4mm"] -> ["headphone-jack"]
   = maxSampleRateBitDepth: unchanged (null)
   = dsdSupport: unchanged (null)
   = hiResCertification: unchanged (null)
   = dacChipsetFamily: unchanged (null)
   = streamingPlatformSupport: unchanged (null)
   = networkConnection: unchanged (null)
   = bluetoothCodecs: unchanged (null)
   = voiceAssistant: unchanged (null)
   = multiroomSupport: unchanged (null)
   ~ finishColor: null -> ["Silver","Black"]
   ~ rackMountable19: null -> false
   ~ countryOfManufacture: null -> "USA"
   = awards: unchanged (null)
   = customerRating: unchanged (null)
   = condition: unchanged (null)
   = dealsDiscount: unchanged (null)
   = newArrival: unchanged (null)
   💾 backed up prior filterAttributes -> /home/jan/work/sanglogium/sanity-cms/backups/backup_headphones_MrEMtYwMtrFDGWmRnRLHGc_2026-09-14T10-45-55-468Z.json
   ✅ patched. rev: Ch755lAE5GLsZ435CxbWg4

🎧 PATCH (WRITE) — Woo Audio Woo Audio WA7 Fireflies 3rd Gen Headphone Tube Amplifier (MrEMtYwMtrFDGWmRnRL7UE)

   Field diff (filterAttributes.*):
   ~ deviceType: "headphone-amp" -> "dac"
   ~ deviceConnectivity: null -> "wired"
   = amplification: unchanged ("tube")
   ~ powerOutputPerChannelW: null -> 1.5
   = channelCount: unchanged (null)
   = phonoStageBuiltIn: unchanged (null)
   = trigger12v: unchanged (null)
   = remoteControlIncluded: unchanged (null)
   ~ inputs: ["usb"] -> ["usb","rca"]
   ~ outputs: ["4.4mm"] -> ["headphone-jack"]
   ~ maxSampleRateBitDepth: null -> "24-bit/384kHz"
   ~ dsdSupport: null -> "dsd256-plus"
   = hiResCertification: unchanged (null)
   ~ dacChipsetFamily: null -> ["ess-sabre"]
   = streamingPlatformSupport: unchanged (null)
   = networkConnection: unchanged (null)
   = bluetoothCodecs: unchanged (null)
   = voiceAssistant: unchanged (null)
   = multiroomSupport: unchanged (null)
   ~ finishColor: null -> ["Platinum Silver","Midnight Black"]
   ~ rackMountable19: null -> false
   ~ countryOfManufacture: null -> "USA"
   = awards: unchanged (null)
   = customerRating: unchanged (null)
   = condition: unchanged (null)
   = dealsDiscount: unchanged (null)
   = newArrival: unchanged (null)
   💾 backed up prior filterAttributes -> /home/jan/work/sanglogium/sanity-cms/backups/backup_headphones_MrEMtYwMtrFDGWmRnRL7UE_2026-09-14T10-45-56-496Z.json
   ✅ patched. rev: 7P2D00ai8KUgrZgiFcwGQv

🎧 PATCH (WRITE) — Woo Audio Woo Audio WA8 Eclipse Portable Vacuum Tube Headphone Amp & DAC (k27n1AQuIbSr5iozG1vIfh)

   Field diff (filterAttributes.*):
   = deviceType: unchanged ("dac")
   ~ deviceConnectivity: null -> "wired"
   = amplification: unchanged ("tube")
   = powerOutputPerChannelW: unchanged (null)
   = channelCount: unchanged (null)
   = phonoStageBuiltIn: unchanged (null)
   = trigger12v: unchanged (null)
   = remoteControlIncluded: unchanged (null)
   = inputs: unchanged (["usb"])
   ~ outputs: ["4.4mm"] -> ["headphone-jack"]
   ~ maxSampleRateBitDepth: null -> "24-bit/384kHz"
   ~ dsdSupport: null -> "dsd256-plus"
   = hiResCertification: unchanged (null)
   ~ dacChipsetFamily: null -> ["ess-sabre"]
   = streamingPlatformSupport: unchanged (null)
   = networkConnection: unchanged (null)
   = bluetoothCodecs: unchanged (null)
   = voiceAssistant: unchanged (null)
   = multiroomSupport: unchanged (null)
   ~ finishColor: null -> ["Gold","Black","Space Gray"]
   ~ rackMountable19: null -> false
   ~ countryOfManufacture: null -> "USA"
   = awards: unchanged (null)
   = customerRating: unchanged (null)
   = condition: unchanged (null)
   = dealsDiscount: unchanged (null)
   = newArrival: unchanged (null)
   💾 backed up prior filterAttributes -> /home/jan/work/sanglogium/sanity-cms/backups/backup_headphones_k27n1AQuIbSr5iozG1vIfh_2026-09-14T10-45-57-552Z.json
   ✅ patched. rev: 7P2D00ai8KUgrZgiFcwGXw

🎧 PATCH (WRITE) — Weiss Weiss DAC204 Desktop DAC (moXlkADK7m1DHgGwWwEUpi)
   ⚠️  NAME MISMATCH: Sanity has "DAC204 Desktop DAC", spec says "Weiss DAC204 Desktop DAC" for this _id. Verify productId before running --write.

   Field diff (filterAttributes.*):
   ~ awards: null -> ["Stereophile Class A+ Recommended Component","Stereophile Digital Product of the Year Runner Up 2025"]
   = customerRating: unchanged (null)
   = condition: unchanged (null)
   = dealsDiscount: unchanged (null)
   = newArrival: unchanged (null)
   = deviceType: unchanged ("dac")
   ~ deviceConnectivity: null -> "wired"
   ~ amplification: "solid-state" -> null
   = powerOutputPerChannelW: unchanged (null)
   = channelCount: unchanged (null)
   ~ inputs: ["usb"] -> ["coaxial","optical","usb"]
   ~ outputs: ["4.4mm"] -> null
   = phonoStageBuiltIn: unchanged (null)
   = trigger12v: unchanged (null)
   = remoteControlIncluded: unchanged (null)
   ~ maxSampleRateBitDepth: null -> "24-bit/384kHz"
   ~ dsdSupport: null -> "dsd128"
   = hiResCertification: unchanged (null)
   ~ dacChipsetFamily: null -> ["ess-sabre"]
   = streamingPlatformSupport: unchanged (null)
   = networkConnection: unchanged (null)
   = driveType: unchanged (null)
   = turntableOperation: unchanged (null)
   = speedsSupported: unchanged (null)
   = phonoPreampBuiltIn: unchanged (null)
   = cartridgeIncluded: unchanged (null)
   = usbDigitalOutput: unchanged (null)
   = bluetoothCodecs: unchanged (null)
   = voiceAssistant: unchanged (null)
   = multiroomSupport: unchanged (null)
   ~ finishColor: null -> ["Black","Silver"]
   ~ rackMountable19: null -> false
   ~ countryOfManufacture: null -> "Switzerland"
   💾 backed up prior filterAttributes -> /home/jan/work/sanglogium/sanity-cms/backups/backup_headphones_moXlkADK7m1DHgGwWwEUpi_2026-09-14T10-45-58-570Z.json
   ✅ patched. rev: MzerujO1CrL1dzm03eOfxz

🎧 PATCH (WRITE) — Violectric Violectric CHRONOS Portable USB DAC / Headphone Amplifier (moXlkADK7m1DHgGwWwEZTT)

   Field diff (filterAttributes.*):
   = brand: unchanged (["violectric"])
   = customerRating: unchanged (null)
   ~ condition: null -> "new"
   = inStock: unchanged (true)
   ~ dealsDiscount: null -> "none"
   ~ newArrival: null -> false
   = awards: unchanged (null)
   ~ deviceType: "dac-amp-combo" -> "dac"
   ~ deviceConnectivity: null -> "wired"
   = formFactor: unchanged ("portable")
   = dacIncluded: unchanged (true)
   = balancedOutput: unchanged (false)
   ~ amplification: "solid-state" -> null
   = powerOutputPerChannelW: unchanged (null)
   = channelCount: unchanged (null)
   = inputs: unchanged (["usb"])
   ~ outputs: ["4.4mm"] -> null
   = phonoStageBuiltIn: unchanged (null)
   = trigger12v: unchanged (null)
   = remoteControlIncluded: unchanged (null)
   ~ maxSampleRateBitDepth: null -> "32-bit / 384 kHz"
   ~ dsdSupport: null -> "dsd256-plus"
   = hiResCertification: unchanged (null)
   ~ dacChipsetFamily: null -> ["cirrus-logic"]
   = streamingPlatformSupport: unchanged (null)
   = networkConnection: unchanged (null)
   = driveType: unchanged (null)
   = turntableOperation: unchanged (null)
   = speedsSupported: unchanged (null)
   = phonoPreampBuiltIn: unchanged (null)
   = cartridgeIncluded: unchanged (null)
   = usbDigitalOutput: unchanged (null)
   = bluetoothCodecs: unchanged (null)
   = voiceAssistant: unchanged (null)
   = multiroomSupport: unchanged (null)
   ~ finishColor: null -> ["black"]
   ~ rackMountable19: null -> false
   ~ countryOfManufacture: null -> "Germany"
   💾 backed up prior filterAttributes -> /home/jan/work/sanglogium/sanity-cms/backups/backup_headphones_moXlkADK7m1DHgGwWwEZTT_2026-09-14T10-45-59-606Z.json
   ✅ patched. rev: MzerujO1CrL1dzm03eOgBR

🎧 PATCH (WRITE) — Violectric Violectric DHA V590² Desktop DAC / Headphone Amplifier / Preamplifier (k27n1AQuIbSr5iozG1vF9H)

   Field diff (filterAttributes.*):
   = brand: unchanged (["violectric"])
   = customerRating: unchanged (null)
   ~ condition: null -> "new"
   = inStock: unchanged (false)
   ~ dealsDiscount: null -> "none"
   ~ newArrival: null -> false
   = awards: unchanged (null)
   ~ deviceType: "dac-amp-combo" -> "dac"
   ~ deviceConnectivity: null -> "wired"
   = formFactor: unchanged ("desktop")
   = dacIncluded: unchanged (true)
   ~ balancedOutput: false -> true
   ~ amplification: "solid-state" -> null
   = powerOutputPerChannelW: unchanged (null)
   = channelCount: unchanged (null)
   ~ inputs: ["usb"] -> ["rca","xlr-balanced","usb","optical","coaxial","aes-ebu"]
   ~ outputs: ["4.4mm"] -> null
   = phonoStageBuiltIn: unchanged (null)
   = trigger12v: unchanged (null)
   = remoteControlIncluded: unchanged (null)
   ~ maxSampleRateBitDepth: null -> "32-bit / 384 kHz"
   ~ dsdSupport: null -> "dsd256-plus"
   = hiResCertification: unchanged (null)
   ~ dacChipsetFamily: null -> ["ess-sabre"]
   = streamingPlatformSupport: unchanged (null)
   = networkConnection: unchanged (null)
   = driveType: unchanged (null)
   = turntableOperation: unchanged (null)
   = speedsSupported: unchanged (null)
   = phonoPreampBuiltIn: unchanged (null)
   = cartridgeIncluded: unchanged (null)
   = usbDigitalOutput: unchanged (null)
   = bluetoothCodecs: unchanged (null)
   = voiceAssistant: unchanged (null)
   = multiroomSupport: unchanged (null)
   ~ finishColor: null -> ["black"]
   ~ rackMountable19: null -> false
   ~ countryOfManufacture: null -> "Germany"
   💾 backed up prior filterAttributes -> /home/jan/work/sanglogium/sanity-cms/backups/backup_headphones_k27n1AQuIbSr5iozG1vF9H_2026-09-14T10-46-01-062Z.json
   ✅ patched. rev: Ch755lAE5GLsZ435CxbWzB

🎧 PATCH (WRITE) — VMV VMV D2R MKII Desktop DAC (Digital-to-Analog Converter) (DZc43yHr6ydfgE7zB41H2s)

   Field diff (filterAttributes.*):
   = customerRating: unchanged (null)
   ~ awards: null -> []
   = condition: unchanged (null)
   = dealsDiscount: unchanged (null)
   = newArrival: unchanged (null)
   = deviceType: unchanged ("dac")
   ~ deviceConnectivity: null -> "wired-wireless"
   ~ amplification: "solid-state" -> null
   = powerOutputPerChannelW: unchanged (null)
   = channelCount: unchanged (null)
   ~ inputs: ["usb"] -> ["usb","optical","coaxial","bluetooth","i2s-iis","aes-ebu"]
   ~ outputs: ["4.4mm"] -> null
   = phonoStageBuiltIn: unchanged (null)
   = trigger12v: unchanged (null)
   ~ remoteControlIncluded: null -> true
   ~ maxSampleRateBitDepth: null -> "USB / I2S: PCM 44.1~768kHz (32bit); Optical / Coaxial / AES: PCM 44.1~192kHz (24bit)"
   ~ dsdSupport: null -> "dsd256-plus"
   ~ hiResCertification: null -> ["hi-res-audio","mqa"]
   = dacChipsetFamily: unchanged (null)
   ~ streamingPlatformSupport: null -> []
   ~ networkConnection: null -> []
   = driveType: unchanged (null)
   = turntableOperation: unchanged (null)
   ~ speedsSupported: null -> []
   = phonoPreampBuiltIn: unchanged (null)
   = cartridgeIncluded: unchanged (null)
   = usbDigitalOutput: unchanged (null)
   ~ bluetoothCodecs: null -> ["SBC","AAC","aptX","aptX HD","LDAC"]
   ~ voiceAssistant: null -> []
   ~ multiroomSupport: null -> false
   ~ finishColor: null -> ["Black"]
   ~ rackMountable19: null -> false
   = countryOfManufacture: unchanged (null)
   💾 backed up prior filterAttributes -> /home/jan/work/sanglogium/sanity-cms/backups/backup_headphones_DZc43yHr6ydfgE7zB41H2s_2026-09-14T10-46-02-201Z.json
   ✅ patched. rev: Ch755lAE5GLsZ435CxbXET

🎧 PATCH (WRITE) — VMV VMV P2 MKII Desktop Headphone Amplifier (DZc43yHr6ydfgE7zB41seL)

   Field diff (filterAttributes.*):
   = customerRating: unchanged (null)
   ~ awards: null -> []
   = condition: unchanged (null)
   = dealsDiscount: unchanged (null)
   = newArrival: unchanged (null)
   ~ deviceType: "headphone-amp" -> "preamplifier"
   ~ deviceConnectivity: null -> "wired"
   = amplification: unchanged ("solid-state")
   ~ powerOutputPerChannelW: null -> 14
   ~ channelCount: null -> ["2.0"]
   ~ inputs: ["rca"] -> ["xlr-balanced","rca"]
   ~ outputs: ["4.4mm"] -> ["headphone-jack","pre-out-rca","pre-out-xlr"]
   ~ phonoStageBuiltIn: null -> "none"
   ~ trigger12v: null -> false
   ~ remoteControlIncluded: null -> false
   = maxSampleRateBitDepth: unchanged (null)
   = dsdSupport: unchanged (null)
   = hiResCertification: unchanged (null)
   = dacChipsetFamily: unchanged (null)
   = streamingPlatformSupport: unchanged (null)
   = networkConnection: unchanged (null)
   = driveType: unchanged (null)
   = turntableOperation: unchanged (null)
   ~ speedsSupported: null -> []
   = phonoPreampBuiltIn: unchanged (null)
   = cartridgeIncluded: unchanged (null)
   = usbDigitalOutput: unchanged (null)
   = bluetoothCodecs: unchanged (null)
   = voiceAssistant: unchanged (null)
   = multiroomSupport: unchanged (null)
   = finishColor: unchanged (null)
   ~ rackMountable19: null -> false
   = countryOfManufacture: unchanged (null)
   💾 backed up prior filterAttributes -> /home/jan/work/sanglogium/sanity-cms/backups/backup_headphones_DZc43yHr6ydfgE7zB41seL_2026-09-14T10-46-03-574Z.json
   ✅ patched. rev: 7P2D00ai8KUgrZgiFcwHS4

🎧 PATCH (WRITE) — Singxer Singxer SA-2 Fully-balanced Headphone Amplifier (Apos Certified) (xMEqvkRBbdrlJXyFG8hyzj)

   Field diff (filterAttributes.*):
   = customerRating: unchanged (null)
   ~ awards: null -> []
   ~ condition: null -> "open-box"
   = dealsDiscount: unchanged (null)
   = newArrival: unchanged (null)
   ~ deviceType: "headphone-amp" -> "preamplifier"
   ~ deviceConnectivity: null -> "wired"
   = amplification: unchanged ("solid-state")
   ~ powerOutputPerChannelW: null -> 15
   ~ channelCount: null -> ["2.0"]
   ~ inputs: ["usb"] -> ["rca","xlr-balanced"]
   ~ outputs: ["4.4mm"] -> ["headphone-jack","pre-out-rca","pre-out-xlr"]
   ~ phonoStageBuiltIn: null -> "none"
   ~ trigger12v: null -> false
   ~ remoteControlIncluded: null -> false
   = maxSampleRateBitDepth: unchanged (null)
   = dsdSupport: unchanged (null)
   = hiResCertification: unchanged (null)
   = dacChipsetFamily: unchanged (null)
   = streamingPlatformSupport: unchanged (null)
   = networkConnection: unchanged (null)
   = driveType: unchanged (null)
   = turntableOperation: unchanged (null)
   = speedsSupported: unchanged (null)
   = phonoPreampBuiltIn: unchanged (null)
   = cartridgeIncluded: unchanged (null)
   = usbDigitalOutput: unchanged (null)
   = bluetoothCodecs: unchanged (null)
   = voiceAssistant: unchanged (null)
   = multiroomSupport: unchanged (null)
   = finishColor: unchanged (null)
   ~ rackMountable19: null -> false
   = countryOfManufacture: unchanged (null)
   💾 backed up prior filterAttributes -> /home/jan/work/sanglogium/sanity-cms/backups/backup_headphones_xMEqvkRBbdrlJXyFG8hyzj_2026-09-14T10-46-04-879Z.json
   ✅ patched. rev: 7P2D00ai8KUgrZgiFcwHZ5

🎧 PATCH (WRITE) — Singxer Singxer SA-2 Fully-balanced Headphone Amplifier (GPjMdcfFWZVrKyR2PB7LN0)

   Field diff (filterAttributes.*):
   = customerRating: unchanged (null)
   ~ awards: null -> []
   = condition: unchanged (null)
   = dealsDiscount: unchanged (null)
   = newArrival: unchanged (null)
   ~ deviceType: "headphone-amp" -> "preamplifier"
   ~ deviceConnectivity: null -> "wired"
   = amplification: unchanged ("solid-state")
   ~ powerOutputPerChannelW: null -> 15
   ~ channelCount: null -> ["2.0"]
   ~ inputs: ["usb"] -> ["rca","xlr-balanced"]
   ~ outputs: ["4.4mm"] -> ["headphone-jack","pre-out-rca","pre-out-xlr"]
   ~ phonoStageBuiltIn: null -> "none"
   ~ trigger12v: null -> false
   ~ remoteControlIncluded: null -> false
   = maxSampleRateBitDepth: unchanged (null)
   = dsdSupport: unchanged (null)
   = hiResCertification: unchanged (null)
   = dacChipsetFamily: unchanged (null)
   = streamingPlatformSupport: unchanged (null)
   = networkConnection: unchanged (null)
   = driveType: unchanged (null)
   = turntableOperation: unchanged (null)
   = speedsSupported: unchanged (null)
   = phonoPreampBuiltIn: unchanged (null)
   = cartridgeIncluded: unchanged (null)
   = usbDigitalOutput: unchanged (null)
   = bluetoothCodecs: unchanged (null)
   = voiceAssistant: unchanged (null)
   = multiroomSupport: unchanged (null)
   = finishColor: unchanged (null)
   ~ rackMountable19: null -> false
   = countryOfManufacture: unchanged (null)
   💾 backed up prior filterAttributes -> /home/jan/work/sanglogium/sanity-cms/backups/backup_headphones_GPjMdcfFWZVrKyR2PB7LN0_2026-09-14T10-46-05-917Z.json
   ✅ patched. rev: 7P2D00ai8KUgrZgiFcwHg6

🎧 PATCH (WRITE) — Singxer Singxer SA1 V2 Headphone Amplifier (k27n1AQuIbSr5iozG1vG7I)

   Field diff (filterAttributes.*):
   = customerRating: unchanged (null)
   ~ awards: null -> []
   = condition: unchanged (null)
   = dealsDiscount: unchanged (null)
   = newArrival: unchanged (null)
   ~ deviceType: "headphone-amp" -> "preamplifier"
   ~ deviceConnectivity: null -> "wired"
   = amplification: unchanged ("solid-state")
   ~ powerOutputPerChannelW: null -> 10
   ~ channelCount: null -> ["2.0"]
   ~ inputs: ["usb"] -> ["rca","xlr-balanced"]
   ~ outputs: ["4.4mm"] -> ["headphone-jack","pre-out-rca","pre-out-xlr"]
   ~ phonoStageBuiltIn: null -> "none"
   ~ trigger12v: null -> false
   ~ remoteControlIncluded: null -> false
   = maxSampleRateBitDepth: unchanged (null)
   = dsdSupport: unchanged (null)
   = hiResCertification: unchanged (null)
   = dacChipsetFamily: unchanged (null)
   = streamingPlatformSupport: unchanged (null)
   = networkConnection: unchanged (null)
   = driveType: unchanged (null)
   = turntableOperation: unchanged (null)
   = speedsSupported: unchanged (null)
   = phonoPreampBuiltIn: unchanged (null)
   = cartridgeIncluded: unchanged (null)
   = usbDigitalOutput: unchanged (null)
   = bluetoothCodecs: unchanged (null)
   = voiceAssistant: unchanged (null)
   = multiroomSupport: unchanged (null)
   ~ finishColor: null -> ["Black"]
   ~ rackMountable19: null -> false
   = countryOfManufacture: unchanged (null)
   💾 backed up prior filterAttributes -> /home/jan/work/sanglogium/sanity-cms/backups/backup_headphones_k27n1AQuIbSr5iozG1vG7I_2026-09-14T10-46-07-000Z.json
   ✅ patched. rev: MzerujO1CrL1dzm03eOiUv

🎧 PATCH (WRITE) — Sennheiser Sennheiser HDV 820 Headphone Amplifier (n10eAegrGspodtsQvy3xAp)

   Field diff (filterAttributes.*):
   = customerRating: unchanged (null)
   = condition: unchanged (null)
   = dealsDiscount: unchanged (null)
   = newArrival: unchanged (null)
   = awards: unchanged (null)
   ~ deviceType: "headphone-amp" -> null
   ~ deviceConnectivity: null -> "wired"
   = formFactor: unchanged ("desktop")
   ~ dacIncluded: false -> true
   ~ balancedOutput: false -> true
   ~ amplification: "solid-state" -> null
   = powerOutputPerChannelW: unchanged (null)
   = channelCount: unchanged (null)
   ~ inputs: ["usb"] -> ["usb","optical","coaxial","rca","xlr-balanced"]
   ~ outputs: ["4.4mm"] -> ["pre-out-xlr","headphone-jack"]
   = phonoStageBuiltIn: unchanged (null)
   ~ trigger12v: null -> false
   ~ remoteControlIncluded: null -> false
   ~ maxSampleRateBitDepth: null -> "32-bit/384kHz"
   ~ dsdSupport: null -> "dsd256-plus"
   = hiResCertification: unchanged (null)
   ~ dacChipsetFamily: null -> ["ess-sabre"]
   = streamingPlatformSupport: unchanged (null)
   = networkConnection: unchanged (null)
   = driveType: unchanged (null)
   = turntableOperation: unchanged (null)
   = speedsSupported: unchanged (null)
   = phonoPreampBuiltIn: unchanged (null)
   = cartridgeIncluded: unchanged (null)
   = usbDigitalOutput: unchanged (null)
   = bluetoothCodecs: unchanged (null)
   = voiceAssistant: unchanged (null)
   = multiroomSupport: unchanged (null)
   ~ finishColor: null -> ["black"]
   ~ rackMountable19: null -> false
   ~ countryOfManufacture: null -> "Ireland"
   💾 backed up prior filterAttributes -> /home/jan/work/sanglogium/sanity-cms/backups/backup_headphones_n10eAegrGspodtsQvy3xAp_2026-09-14T10-46-08-264Z.json
   ✅ patched. rev: Ch755lAE5GLsZ435CxbXfE

🎧 PATCH (WRITE) — SPL SPL Phonitor One D (moXlkADK7m1DHgGwWwEdoq)

   Field diff (filterAttributes.*):
   ~ deviceType: "dac-amp-combo" -> null
   ~ deviceConnectivity: null -> "wired"
   = amplification: unchanged ("solid-state")
   ~ powerOutputPerChannelW: null -> 0.4
   ~ channelCount: null -> ["2.0"]
   ~ phonoStageBuiltIn: null -> "none"
   ~ trigger12v: null -> false
   ~ remoteControlIncluded: null -> false
   ~ inputs: ["usb"] -> ["xlr-balanced","rca","usb"]
   ~ outputs: ["4.4mm"] -> ["headphone-jack"]
   ~ maxSampleRateBitDepth: null -> "32-bit/768kHz"
   ~ dsdSupport: null -> "dsd256-plus"
   = hiResCertification: unchanged (null)
   ~ dacChipsetFamily: null -> ["akm"]
   = streamingPlatformSupport: unchanged (null)
   = networkConnection: unchanged (null)
   = driveType: unchanged (null)
   = turntableOperation: unchanged (null)
   = speedsSupported: unchanged (null)
   = phonoPreampBuiltIn: unchanged (null)
   = cartridgeIncluded: unchanged (null)
   = usbDigitalOutput: unchanged (null)
   = bluetoothCodecs: unchanged (null)
   = voiceAssistant: unchanged (null)
   ~ multiroomSupport: null -> false
   = finishColor: unchanged (null)
   ~ rackMountable19: null -> false
   ~ countryOfManufacture: null -> "Germany"
   ~ awards: null -> ["EC PAM 2021"]
   💾 backed up prior filterAttributes -> /home/jan/work/sanglogium/sanity-cms/backups/backup_headphones_moXlkADK7m1DHgGwWwEdoq_2026-09-14T10-46-09-443Z.json
   ✅ patched. rev: Ch755lAE5GLsZ435CxbXo9

🎧 PATCH (WRITE) — SPL SPL Phonitor One (moXlkADK7m1DHgGwWwEenW)

   Field diff (filterAttributes.*):
   ~ deviceType: "dac-amp-combo" -> null
   ~ deviceConnectivity: null -> "wired"
   = amplification: unchanged ("solid-state")
   ~ powerOutputPerChannelW: null -> 0.4
   ~ channelCount: null -> ["2.0"]
   ~ phonoStageBuiltIn: null -> "none"
   ~ trigger12v: null -> false
   ~ remoteControlIncluded: null -> false
   ~ inputs: ["usb"] -> ["xlr-balanced","rca"]
   ~ outputs: ["4.4mm"] -> ["headphone-jack"]
   = maxSampleRateBitDepth: unchanged (null)
   = dsdSupport: unchanged (null)
   = hiResCertification: unchanged (null)
   = dacChipsetFamily: unchanged (null)
   = streamingPlatformSupport: unchanged (null)
   = networkConnection: unchanged (null)
   = driveType: unchanged (null)
   = turntableOperation: unchanged (null)
   = speedsSupported: unchanged (null)
   = phonoPreampBuiltIn: unchanged (null)
   = cartridgeIncluded: unchanged (null)
   = usbDigitalOutput: unchanged (null)
   = bluetoothCodecs: unchanged (null)
   = voiceAssistant: unchanged (null)
   ~ multiroomSupport: null -> false
   = finishColor: unchanged (null)
   ~ rackMountable19: null -> false
   ~ countryOfManufacture: null -> "Germany"
   = awards: unchanged (null)
   💾 backed up prior filterAttributes -> /home/jan/work/sanglogium/sanity-cms/backups/backup_headphones_moXlkADK7m1DHgGwWwEenW_2026-09-14T10-46-10-671Z.json
   ✅ patched. rev: MzerujO1CrL1dzm03eOj0J

🎧 PATCH (WRITE) — SPL SPL Phonitor X Desktop Headphone Amplifier with Optional DAC (n10eAegrGspodtsQvy4cvd)

   Field diff (filterAttributes.*):
   ~ deviceType: "dac" -> null
   ~ deviceConnectivity: null -> "wired"
   ~ amplification: "solid-state" -> null
   ~ powerOutputPerChannelW: null -> 5
   ~ channelCount: null -> ["2.0"]
   ~ phonoStageBuiltIn: null -> "none"
   ~ trigger12v: null -> true
   ~ remoteControlIncluded: null -> false
   ~ inputs: ["usb"] -> ["xlr-balanced","rca","usb","optical","coaxial"]
   ~ outputs: ["4.4mm"] -> ["pre-out-xlr","pre-out-rca","headphone-jack"]
   ~ maxSampleRateBitDepth: null -> "32-bit/768kHz"
   ~ dsdSupport: null -> "dsd256-plus"
   = hiResCertification: unchanged (null)
   ~ dacChipsetFamily: null -> ["akm"]
   = streamingPlatformSupport: unchanged (null)
   = networkConnection: unchanged (null)
   = driveType: unchanged (null)
   = turntableOperation: unchanged (null)
   = speedsSupported: unchanged (null)
   = phonoPreampBuiltIn: unchanged (null)
   = cartridgeIncluded: unchanged (null)
   = usbDigitalOutput: unchanged (null)
   = bluetoothCodecs: unchanged (null)
   = voiceAssistant: unchanged (null)
   ~ multiroomSupport: null -> false
   = finishColor: unchanged (null)
   ~ rackMountable19: null -> false
   ~ countryOfManufacture: null -> "Germany"
   = awards: unchanged (null)
   💾 backed up prior filterAttributes -> /home/jan/work/sanglogium/sanity-cms/backups/backup_headphones_n10eAegrGspodtsQvy4cvd_2026-09-14T10-46-11-703Z.json
   ✅ patched. rev: MzerujO1CrL1dzm03eOjMj

🎧 PATCH (WRITE) — SPL SPL Phonitor XE Desktop Headphone Amplifier with Optional DAC (k27n1AQuIbSr5iozG1vTYd)

   Field diff (filterAttributes.*):
   ~ deviceType: "dac" -> null
   ~ deviceConnectivity: null -> "wired"
   ~ amplification: "solid-state" -> null
   ~ powerOutputPerChannelW: null -> 5
   ~ channelCount: null -> ["2.0"]
   ~ phonoStageBuiltIn: null -> "none"
   ~ trigger12v: null -> false
   ~ remoteControlIncluded: null -> false
   ~ inputs: ["usb"] -> ["xlr-balanced","rca","usb","optical","coaxial","aes-ebu"]
   ~ outputs: ["4.4mm"] -> ["headphone-jack"]
   ~ maxSampleRateBitDepth: null -> "32-bit/768kHz"
   ~ dsdSupport: null -> "dsd256-plus"
   = hiResCertification: unchanged (null)
   ~ dacChipsetFamily: null -> ["akm"]
   = streamingPlatformSupport: unchanged (null)
   = networkConnection: unchanged (null)
   = driveType: unchanged (null)
   = turntableOperation: unchanged (null)
   = speedsSupported: unchanged (null)
   = phonoPreampBuiltIn: unchanged (null)
   = cartridgeIncluded: unchanged (null)
   = usbDigitalOutput: unchanged (null)
   = bluetoothCodecs: unchanged (null)
   = voiceAssistant: unchanged (null)
   ~ multiroomSupport: null -> false
   = finishColor: unchanged (null)
   ~ rackMountable19: null -> false
   ~ countryOfManufacture: null -> "Germany"
   = awards: unchanged (null)
   💾 backed up prior filterAttributes -> /home/jan/work/sanglogium/sanity-cms/backups/backup_headphones_k27n1AQuIbSr5iozG1vTYd_2026-09-14T10-46-12-726Z.json
   ✅ patched. rev: MzerujO1CrL1dzm03eOjj9

🎧 PATCH (WRITE) — RME RME ADI-2 DAC FS Desktop DAC & Headphone Amp (Pn6oyV4Ks5AcNbecjguegb)

   Field diff (filterAttributes.*):
   ~ price: 129900 -> {"min":1299,"max":1299,"currency":"USD"}
   = customerRating: unchanged (null)
   ~ awards: null -> ["Reviewers' Choice - SoundStage! Hi-Fi","Recommended Reference Component - SoundStage! Hi-Fi"]
   = condition: unchanged (null)
   ~ inStock: true -> null
   = dealsDiscount: unchanged (null)
   = newArrival: unchanged (null)
   = deviceType: unchanged ("dac")
   ~ deviceConnectivity: null -> "wired"
   = formFactor: unchanged ("desktop")
   ~ amplification: "solid-state" -> null
   = dacIncluded: unchanged (true)
   ~ balancedOutput: false -> true
   = powerOutputPerChannelW: unchanged (null)
   = channelCount: unchanged (null)
   = phonoStageBuiltIn: unchanged (null)
   = trigger12v: unchanged (null)
   = remoteControlIncluded: unchanged (null)
   ~ inputs: ["usb"] -> ["usb","optical","coaxial"]
   ~ outputs: ["4.4mm"] -> null
   ~ maxSampleRateBitDepth: null -> "32-bit / 768 kHz"
   ~ dsdSupport: null -> "dsd256-plus"
   ~ hiResCertification: null -> ["hi-res-audio"]
   ~ dacChipsetFamily: null -> ["ess-sabre"]
   = streamingPlatformSupport: unchanged (null)
   = networkConnection: unchanged (null)
   = driveType: unchanged (null)
   = turntableOperation: unchanged (null)
   = speedsSupported: unchanged (null)
   = phonoPreampBuiltIn: unchanged (null)
   = cartridgeIncluded: unchanged (null)
   = usbDigitalOutput: unchanged (null)
   = voiceAssistant: unchanged (null)
   = multiroomSupport: unchanged (null)
   = bluetoothCodecs: unchanged (null)
   ~ finishColor: null -> ["Black"]
   ~ rackMountable19: null -> false
   ~ countryOfManufacture: null -> "Germany"
   💾 backed up prior filterAttributes -> /home/jan/work/sanglogium/sanity-cms/backups/backup_headphones_Pn6oyV4Ks5AcNbecjguegb_2026-09-14T10-46-13-739Z.json
   ✅ patched. rev: MzerujO1CrL1dzm03eOk5Z

🎧 PATCH (WRITE) — Questyle Questyle CMA 18 Master DAC and Headphone Amp (PHPYj28HJdPDHAaIBCgRj0)

   Field diff (filterAttributes.*):
   = customerRating: unchanged (null)
   = condition: unchanged (null)
   = dealsDiscount: unchanged (null)
   = newArrival: unchanged (null)
   ~ awards: null -> []
   = deviceType: unchanged ("dac")
   ~ deviceConnectivity: null -> "wired-wireless"
   ~ amplification: "solid-state" -> null
   = powerOutputPerChannelW: unchanged (null)
   = channelCount: unchanged (null)
   ~ outputs: ["4.4mm"] -> null
   = phonoStageBuiltIn: unchanged (null)
   = trigger12v: unchanged (null)
   = remoteControlIncluded: unchanged (null)
   ~ inputs: ["usb"] -> ["usb","optical","coaxial","bluetooth","rca"]
   ~ maxSampleRateBitDepth: null -> "USB: 44.1kHz-768kHz/32Bit; Optical/Coaxial: 44.1kHz-192kHz/24Bit"
   ~ dsdSupport: null -> "dsd256-plus"
   = hiResCertification: unchanged (null)
   ~ dacChipsetFamily: null -> ["ess-sabre"]
   ~ streamingPlatformSupport: null -> []
   ~ networkConnection: null -> []
   = driveType: unchanged (null)
   = turntableOperation: unchanged (null)
   = speedsSupported: unchanged (null)
   = phonoPreampBuiltIn: unchanged (null)
   = cartridgeIncluded: unchanged (null)
   = usbDigitalOutput: unchanged (null)
   ~ bluetoothCodecs: null -> ["sbc","aac","aptx","aptx-hd","ldac"]
   ~ voiceAssistant: null -> []
   ~ multiroomSupport: null -> false
   ~ finishColor: null -> ["Black"]
   ~ rackMountable19: null -> false
   = countryOfManufacture: unchanged (null)
   💾 backed up prior filterAttributes -> /home/jan/work/sanglogium/sanity-cms/backups/backup_headphones_PHPYj28HJdPDHAaIBCgRj0_2026-09-14T10-46-14-758Z.json
   ✅ patched. rev: Ch755lAE5GLsZ435CxbXyL

🎧 PATCH (WRITE) — Questyle Questyle CMA Fifteen Desktop DAC and Headphone Amplifier (n10eAegrGspodtsQvy3jJm)

   Field diff (filterAttributes.*):
   = customerRating: unchanged (null)
   = condition: unchanged (null)
   = dealsDiscount: unchanged (null)
   = newArrival: unchanged (null)
   ~ awards: null -> []
   = deviceType: unchanged ("dac")
   ~ deviceConnectivity: null -> "wired-wireless"
   ~ amplification: "solid-state" -> null
   = powerOutputPerChannelW: unchanged (null)
   = channelCount: unchanged (null)
   ~ outputs: ["4.4mm"] -> null
   = phonoStageBuiltIn: unchanged (null)
   = trigger12v: unchanged (null)
   = remoteControlIncluded: unchanged (null)
   ~ inputs: ["usb"] -> ["usb","optical","coaxial","bluetooth","rca"]
   ~ maxSampleRateBitDepth: null -> "USB: 44.1kHz-768kHz/32bit; Optical/Coaxial: 44.1kHz-192kHz/24bit"
   ~ dsdSupport: null -> "dsd256-plus"
   ~ hiResCertification: null -> ["mqa"]
   ~ dacChipsetFamily: null -> ["ess-sabre"]
   ~ streamingPlatformSupport: null -> []
   ~ networkConnection: null -> []
   = driveType: unchanged (null)
   = turntableOperation: unchanged (null)
   = speedsSupported: unchanged (null)
   = phonoPreampBuiltIn: unchanged (null)
   = cartridgeIncluded: unchanged (null)
   = usbDigitalOutput: unchanged (null)
   ~ bluetoothCodecs: null -> ["sbc","aac","ldac"]
   ~ voiceAssistant: null -> []
   ~ multiroomSupport: null -> false
   ~ finishColor: null -> ["Black"]
   ~ rackMountable19: null -> false
   = countryOfManufacture: unchanged (null)
   💾 backed up prior filterAttributes -> /home/jan/work/sanglogium/sanity-cms/backups/backup_headphones_n10eAegrGspodtsQvy3jJm_2026-09-14T10-46-15-768Z.json
   ✅ patched. rev: 7P2D00ai8KUgrZgiFcwI19

🎧 PATCH (WRITE) — Questyle Questyle CMA Twelve Desktop DAC & Amp (PHPYj28HJdPDHAaIBCgUJK)

   Field diff (filterAttributes.*):
   = customerRating: unchanged (null)
   = condition: unchanged (null)
   = dealsDiscount: unchanged (null)
   = newArrival: unchanged (null)
   ~ awards: null -> []
   ~ deviceType: "dac-amp-combo" -> "dac"
   ~ deviceConnectivity: null -> "wired"
   ~ amplification: "solid-state" -> null
   = powerOutputPerChannelW: unchanged (null)
   = channelCount: unchanged (null)
   ~ outputs: ["6.35mm","4.4mm"] -> null
   = phonoStageBuiltIn: unchanged (null)
   = trigger12v: unchanged (null)
   = remoteControlIncluded: unchanged (null)
   ~ inputs: ["usb"] -> ["usb","optical","coaxial","aes-ebu"]
   ~ maxSampleRateBitDepth: null -> "USB: 44.1kHz-384kHz/16Bit-32Bit; Optical/SPDIF/AES: 44.1kHz-192kHz/16Bit-24Bit"
   ~ dsdSupport: null -> "dsd256-plus"
   = hiResCertification: unchanged (null)
   ~ dacChipsetFamily: null -> ["akm"]
   ~ streamingPlatformSupport: null -> []
   ~ networkConnection: null -> []
   = driveType: unchanged (null)
   = turntableOperation: unchanged (null)
   = speedsSupported: unchanged (null)
   = phonoPreampBuiltIn: unchanged (null)
   = cartridgeIncluded: unchanged (null)
   = usbDigitalOutput: unchanged (null)
   = bluetoothCodecs: unchanged (null)
   = voiceAssistant: unchanged (null)
   = multiroomSupport: unchanged (null)
   ~ finishColor: null -> ["Black","Golden"]
   ~ rackMountable19: null -> false
   = countryOfManufacture: unchanged (null)
   💾 backed up prior filterAttributes -> /home/jan/work/sanglogium/sanity-cms/backups/backup_headphones_PHPYj28HJdPDHAaIBCgUJK_2026-09-14T10-46-17-955Z.json
   ✅ patched. rev: 7P2D00ai8KUgrZgiFcwICq

🎧 PATCH (WRITE) — Questyle Questyle M12i Portable USB DAC & Headphone Amp (k27n1AQuIbSr5iozG1vTNo)

   Field diff (filterAttributes.*):
   = customerRating: unchanged (null)
   = condition: unchanged (null)
   = dealsDiscount: unchanged (null)
   = newArrival: unchanged (null)
   ~ awards: null -> []
   ~ deviceType: "dongle-dac" -> "dac"
   ~ deviceConnectivity: null -> "wired"
   ~ amplification: "solid-state" -> null
   = powerOutputPerChannelW: unchanged (null)
   = channelCount: unchanged (null)
   ~ outputs: ["4.4mm"] -> null
   = phonoStageBuiltIn: unchanged (null)
   = trigger12v: unchanged (null)
   = remoteControlIncluded: unchanged (null)
   = inputs: unchanged (["usb"])
   ~ maxSampleRateBitDepth: null -> "PCM 44.1kHz - 768kHz (16/24/32Bit)"
   ~ dsdSupport: null -> "dsd256-plus"
   = hiResCertification: unchanged (null)
   ~ dacChipsetFamily: null -> ["ess-sabre"]
   ~ streamingPlatformSupport: null -> []
   ~ networkConnection: null -> []
   = driveType: unchanged (null)
   = turntableOperation: unchanged (null)
   = speedsSupported: unchanged (null)
   = phonoPreampBuiltIn: unchanged (null)
   = cartridgeIncluded: unchanged (null)
   = usbDigitalOutput: unchanged (null)
   = bluetoothCodecs: unchanged (null)
   = voiceAssistant: unchanged (null)
   = multiroomSupport: unchanged (null)
   ~ finishColor: null -> ["Black"]
   ~ rackMountable19: null -> false
   = countryOfManufacture: unchanged (null)
   💾 backed up prior filterAttributes -> /home/jan/work/sanglogium/sanity-cms/backups/backup_headphones_k27n1AQuIbSr5iozG1vTNo_2026-09-14T10-46-18-846Z.json
   ✅ patched. rev: 7P2D00ai8KUgrZgiFcwIMC

🎧 PATCH (WRITE) — Questyle Questyle M12i Portable USB DAC & Headphone Amp (Pn6oyV4Ks5AcNbecjgsda0)

   Field diff (filterAttributes.*):
   = customerRating: unchanged (null)
   = condition: unchanged (null)
   = dealsDiscount: unchanged (null)
   = newArrival: unchanged (null)
   ~ awards: null -> []
   ~ deviceType: "dongle-dac" -> "dac"
   ~ deviceConnectivity: null -> "wired"
   ~ amplification: "solid-state" -> null
   = powerOutputPerChannelW: unchanged (null)
   = channelCount: unchanged (null)
   ~ outputs: ["4.4mm"] -> null
   = phonoStageBuiltIn: unchanged (null)
   = trigger12v: unchanged (null)
   = remoteControlIncluded: unchanged (null)
   = inputs: unchanged (["usb"])
   ~ maxSampleRateBitDepth: null -> "PCM 44.1kHz - 768kHz (16/24/32Bit)"
   ~ dsdSupport: null -> "dsd256-plus"
   = hiResCertification: unchanged (null)
   ~ dacChipsetFamily: null -> ["ess-sabre"]
   ~ streamingPlatformSupport: null -> []
   ~ networkConnection: null -> []
   = driveType: unchanged (null)
   = turntableOperation: unchanged (null)
   = speedsSupported: unchanged (null)
   = phonoPreampBuiltIn: unchanged (null)
   = cartridgeIncluded: unchanged (null)
   = usbDigitalOutput: unchanged (null)
   = bluetoothCodecs: unchanged (null)
   = voiceAssistant: unchanged (null)
   = multiroomSupport: unchanged (null)
   ~ finishColor: null -> ["Black"]
   ~ rackMountable19: null -> false
   = countryOfManufacture: unchanged (null)
   💾 backed up prior filterAttributes -> /home/jan/work/sanglogium/sanity-cms/backups/backup_headphones_Pn6oyV4Ks5AcNbecjgsda0_2026-09-14T10-46-19-858Z.json
   ✅ patched. rev: Ch755lAE5GLsZ435CxbY4i

🎧 PATCH (WRITE) — Questyle Questyle M15i USB Portable DAC & Headphone Amplifier (MrEMtYwMtrFDGWmRnN7D4q)

   Field diff (filterAttributes.*):
   = customerRating: unchanged (null)
   = condition: unchanged (null)
   = dealsDiscount: unchanged (null)
   = newArrival: unchanged (null)
   ~ awards: null -> []
   = deviceType: unchanged ("dac")
   ~ deviceConnectivity: null -> "wired"
   ~ amplification: "solid-state" -> null
   = powerOutputPerChannelW: unchanged (null)
   = channelCount: unchanged (null)
   ~ outputs: ["4.4mm"] -> null
   = phonoStageBuiltIn: unchanged (null)
   = trigger12v: unchanged (null)
   = remoteControlIncluded: unchanged (null)
   = inputs: unchanged (["usb"])
   ~ maxSampleRateBitDepth: null -> "PCM 44.1kHz – 768kHz (16/24/32Bit)"
   ~ dsdSupport: null -> "dsd256-plus"
   = hiResCertification: unchanged (null)
   ~ dacChipsetFamily: null -> ["ess-sabre"]
   ~ streamingPlatformSupport: null -> []
   ~ networkConnection: null -> []
   = driveType: unchanged (null)
   = turntableOperation: unchanged (null)
   = speedsSupported: unchanged (null)
   = phonoPreampBuiltIn: unchanged (null)
   = cartridgeIncluded: unchanged (null)
   = usbDigitalOutput: unchanged (null)
   = bluetoothCodecs: unchanged (null)
   = voiceAssistant: unchanged (null)
   = multiroomSupport: unchanged (null)
   ~ finishColor: null -> ["Black"]
   ~ rackMountable19: null -> false
   = countryOfManufacture: unchanged (null)
   💾 backed up prior filterAttributes -> /home/jan/work/sanglogium/sanity-cms/backups/backup_headphones_MrEMtYwMtrFDGWmRnN7D4q_2026-09-14T10-46-20-939Z.json
   ✅ patched. rev: Ch755lAE5GLsZ435CxbYEu

🎧 PATCH (WRITE) — Orchard Audio Orchard Audio Valencia Balanced Headphone Power Amp (xMEqvkRBbdrlJXyFG8i9Jf)

   Field diff (filterAttributes.*):
   = brand: unchanged (["orchard-audio"])
   = customerRating: unchanged (null)
   ~ condition: null -> "new"
   = inStock: unchanged (true)
   ~ dealsDiscount: null -> "none"
   ~ newArrival: null -> false
   = awards: unchanged (null)
   ~ deviceType: "headphone-amp" -> "power-amplifier"
   ~ deviceConnectivity: null -> "wired"
   = formFactor: unchanged ("desktop")
   ~ amplification: "solid-state" -> null
   = dacIncluded: unchanged (false)
   = balancedOutput: unchanged (true)
   ~ powerOutputPerChannelW: null -> 17
   ~ channelCount: null -> ["2.0"]
   ~ phonoStageBuiltIn: null -> "none"
   ~ trigger12v: null -> false
   ~ remoteControlIncluded: null -> false
   ~ inputs: ["usb"] -> ["xlr-balanced"]
   ~ outputs: ["4.4mm"] -> ["headphone-jack","speaker-terminals"]
   = maxSampleRateBitDepth: unchanged (null)
   = dsdSupport: unchanged (null)
   = hiResCertification: unchanged (null)
   = dacChipsetFamily: unchanged (null)
   = streamingPlatformSupport: unchanged (null)
   = networkConnection: unchanged (null)
   = driveType: unchanged (null)
   = turntableOperation: unchanged (null)
   = speedsSupported: unchanged (null)
   = phonoPreampBuiltIn: unchanged (null)
   = cartridgeIncluded: unchanged (null)
   = usbDigitalOutput: unchanged (null)
   = bluetoothCodecs: unchanged (null)
   = voiceAssistant: unchanged (null)
   = multiroomSupport: unchanged (null)
   ~ finishColor: null -> ["Black","Silver (Natural Aluminum)"]
   ~ rackMountable19: null -> false
   = countryOfManufacture: unchanged (null)
   💾 backed up prior filterAttributes -> /home/jan/work/sanglogium/sanity-cms/backups/backup_headphones_xMEqvkRBbdrlJXyFG8i9Jf_2026-09-14T10-46-21-962Z.json
   ✅ patched. rev: Ch755lAE5GLsZ435CxbYLH

🎧 PATCH (WRITE) — Nimbus Niimbus US 5 Desktop Headphone Amplifier (k27n1AQuIbSr5iozG1vNxK)

   Field diff (filterAttributes.*):
   ~ deviceType: "headphone-amp" -> "preamplifier"
   ~ deviceConnectivity: null -> "wired"
   = formFactor: unchanged ("desktop")
   = amplification: unchanged ("solid-state")
   = dacIncluded: unchanged (false)
   ~ balancedOutput: false -> true
   ~ powerOutputPerChannelW: null -> 7
   ~ channelCount: null -> ["2.0"]
   ~ phonoStageBuiltIn: null -> "none"
   ~ trigger12v: null -> false
   ~ remoteControlIncluded: null -> true
   ~ inputs: ["usb"] -> ["rca","xlr-balanced"]
   ~ outputs: ["4.4mm"] -> ["pre-out-rca","pre-out-xlr","headphone-jack"]
   = maxSampleRateBitDepth: unchanged (null)
   = dsdSupport: unchanged (null)
   = hiResCertification: unchanged (null)
   = dacChipsetFamily: unchanged (null)
   = streamingPlatformSupport: unchanged (null)
   = networkConnection: unchanged (null)
   = driveType: unchanged (null)
   = turntableOperation: unchanged (null)
   = speedsSupported: unchanged (null)
   = phonoPreampBuiltIn: unchanged (null)
   = cartridgeIncluded: unchanged (null)
   = usbDigitalOutput: unchanged (null)
   = bluetoothCodecs: unchanged (null)
   = voiceAssistant: unchanged (null)
   = multiroomSupport: unchanged (null)
   ~ finishColor: null -> ["black"]
   ~ rackMountable19: null -> false
   ~ countryOfManufacture: null -> "Germany"
   = awards: unchanged (null)
   = customerRating: unchanged (null)
   ~ condition: null -> "new"
   = dealsDiscount: unchanged (null)
   = newArrival: unchanged (null)
   💾 backed up prior filterAttributes -> /home/jan/work/sanglogium/sanity-cms/backups/backup_headphones_k27n1AQuIbSr5iozG1vNxK_2026-09-14T10-46-23-024Z.json
   ✅ patched. rev: Ch755lAE5GLsZ435CxbYRe

🎧 PATCH (WRITE) — Naim Naim Uniti Atom Amplifier Headphone Edition (MrEMtYwMtrFDGWmRnNIk7B)

   Field diff (filterAttributes.*):
   ~ deviceType: "headphone-amp" -> null
   ~ deviceConnectivity: null -> "wifi-networked"
   ~ amplification: "solid-state" -> null
   = powerOutputPerChannelW: unchanged (null)
   = channelCount: unchanged (null)
   ~ inputs: ["usb"] -> null
   ~ outputs: ["4.4mm"] -> null
   = phonoStageBuiltIn: unchanged (null)
   = trigger12v: unchanged (null)
   = remoteControlIncluded: unchanged (null)
   = maxSampleRateBitDepth: unchanged (null)
   = dsdSupport: unchanged (null)
   = hiResCertification: unchanged (null)
   = dacChipsetFamily: unchanged (null)
   = streamingPlatformSupport: unchanged (null)
   = networkConnection: unchanged (null)
   = driveType: unchanged (null)
   = turntableOperation: unchanged (null)
   = speedsSupported: unchanged (null)
   = phonoPreampBuiltIn: unchanged (null)
   = cartridgeIncluded: unchanged (null)
   = usbDigitalOutput: unchanged (null)
   ~ bluetoothCodecs: null -> ["sbc","aac"]
   = voiceAssistant: unchanged (null)
   ~ multiroomSupport: null -> true
   = finishColor: unchanged (null)
   ~ rackMountable19: null -> false
   ~ countryOfManufacture: null -> "UK"
   = awards: unchanged (null)
   💾 backed up prior filterAttributes -> /home/jan/work/sanglogium/sanity-cms/backups/backup_headphones_MrEMtYwMtrFDGWmRnNIk7B_2026-09-14T10-46-24-065Z.json
   ✅ patched. rev: 7P2D00ai8KUgrZgiFcwITD

🎧 PATCH (WRITE) — Moondrop Moondrop Dawn Pro 2 Dual Portable DAC/Amp (xMEqvkRBbdrlJXyFG8l6fJ)

   Field diff (filterAttributes.*):
   = customerRating: unchanged (null)
   ~ awards: null -> []
   = condition: unchanged (null)
   = dealsDiscount: unchanged (null)
   = newArrival: unchanged (null)
   ~ deviceType: "dac-amp-combo" -> "dac"
   ~ deviceConnectivity: null -> "wired"
   ~ amplification: "solid-state" -> null
   = powerOutputPerChannelW: unchanged (null)
   = channelCount: unchanged (null)
   = inputs: unchanged (["usb"])
   ~ outputs: ["4.4mm"] -> null
   = phonoStageBuiltIn: unchanged (null)
   = trigger12v: unchanged (null)
   = remoteControlIncluded: unchanged (null)
   ~ maxSampleRateBitDepth: null -> "16-bit/44.1kHz – 32-bit/384kHz"
   ~ dsdSupport: null -> "dsd256-plus"
   = hiResCertification: unchanged (null)
   ~ dacChipsetFamily: null -> ["cirrus-logic"]
   = streamingPlatformSupport: unchanged (null)
   = networkConnection: unchanged (null)
   = driveType: unchanged (null)
   = turntableOperation: unchanged (null)
   = speedsSupported: unchanged (null)
   = phonoPreampBuiltIn: unchanged (null)
   = cartridgeIncluded: unchanged (null)
   = usbDigitalOutput: unchanged (null)
   = bluetoothCodecs: unchanged (null)
   = voiceAssistant: unchanged (null)
   = multiroomSupport: unchanged (null)
   ~ finishColor: null -> ["Silver"]
   ~ rackMountable19: null -> false
   = countryOfManufacture: unchanged (null)
   💾 backed up prior filterAttributes -> /home/jan/work/sanglogium/sanity-cms/backups/backup_headphones_xMEqvkRBbdrlJXyFG8l6fJ_2026-09-14T10-46-25-126Z.json
   ✅ patched. rev: MzerujO1CrL1dzm03eOkxN

🎧 PATCH (WRITE) — Moondrop Moondrop Dawn Pro Portable DAC and Headphone Amp (MrEMtYwMtrFDGWmRnNGOLg)

   Field diff (filterAttributes.*):
   = customerRating: unchanged (null)
   ~ awards: null -> []
   = condition: unchanged (null)
   = dealsDiscount: unchanged (null)
   = newArrival: unchanged (null)
   = deviceType: unchanged ("dac")
   ~ deviceConnectivity: null -> "wired"
   ~ amplification: "solid-state" -> null
   = powerOutputPerChannelW: unchanged (null)
   = channelCount: unchanged (null)
   = inputs: unchanged (["usb"])
   ~ outputs: ["4.4mm"] -> null
   = phonoStageBuiltIn: unchanged (null)
   = trigger12v: unchanged (null)
   = remoteControlIncluded: unchanged (null)
   ~ maxSampleRateBitDepth: null -> "16-bit/44.1kHz – 32-bit/384kHz"
   ~ dsdSupport: null -> "dsd256-plus"
   = hiResCertification: unchanged (null)
   ~ dacChipsetFamily: null -> ["cirrus-logic"]
   = streamingPlatformSupport: unchanged (null)
   = networkConnection: unchanged (null)
   = driveType: unchanged (null)
   = turntableOperation: unchanged (null)
   = speedsSupported: unchanged (null)
   = phonoPreampBuiltIn: unchanged (null)
   = cartridgeIncluded: unchanged (null)
   = usbDigitalOutput: unchanged (null)
   = bluetoothCodecs: unchanged (null)
   = voiceAssistant: unchanged (null)
   = multiroomSupport: unchanged (null)
   ~ finishColor: null -> ["Silver"]
   ~ rackMountable19: null -> false
   = countryOfManufacture: unchanged (null)
   💾 backed up prior filterAttributes -> /home/jan/work/sanglogium/sanity-cms/backups/backup_headphones_MrEMtYwMtrFDGWmRnNGOLg_2026-09-14T10-46-26-193Z.json
   ✅ patched. rev: Ch755lAE5GLsZ435CxbYVT

🎧 PATCH (WRITE) — McIntosh McIntosh DS200 Streaming DAC (ZuUKzmkqDyQwdcwhxlJpXB)

   Field diff (filterAttributes.*):
   ~ awards: null -> ["Hi-Fi+ Highly Commended Award"]
   = deviceType: unchanged ("network-streamer")
   ~ deviceConnectivity: null -> "wired-wireless"
   ~ amplification: "solid-state" -> null
   = powerOutputPerChannelW: unchanged (null)
   = channelCount: unchanged (null)
   = phonoStageBuiltIn: unchanged (null)
   = trigger12v: unchanged (null)
   = remoteControlIncluded: unchanged (null)
   ~ inputs: ["usb"] -> ["coaxial","optical","usb","aes-ebu","hdmi-earc","bluetooth"]
   ~ outputs: ["4.4mm"] -> null
   ~ maxSampleRateBitDepth: null -> "32-bit/384kHz"
   ~ dsdSupport: null -> "dsd256-plus"
   ~ hiResCertification: null -> []
   = dacChipsetFamily: unchanged (null)
   ~ streamingPlatformSupport: null -> ["airplay2","chromecast","spotify-connect","tidal-connect","roon-ready"]
   ~ networkConnection: null -> ["wifi","ethernet"]
   ~ voiceAssistant: null -> ["google-assistant"]
   = multiroomSupport: unchanged (null)
   ~ bluetoothCodecs: null -> ["AAC","aptX","aptX HD","aptX LL"]
   = driveType: unchanged (null)
   = turntableOperation: unchanged (null)
   = speedsSupported: unchanged (null)
   = phonoPreampBuiltIn: unchanged (null)
   = cartridgeIncluded: unchanged (null)
   = usbDigitalOutput: unchanged (null)
   ~ finishColor: null -> ["Black","Aluminum"]
   ~ rackMountable19: null -> false
   ~ countryOfManufacture: null -> "USA"
   💾 backed up prior filterAttributes -> /home/jan/work/sanglogium/sanity-cms/backups/backup_headphones_ZuUKzmkqDyQwdcwhxlJpXB_2026-09-14T10-46-27-238Z.json
   ✅ patched. rev: MzerujO1CrL1dzm03eOlJn

🎧 PATCH (WRITE) — McIntosh McIntosh MHA200 2-Channel Vacuum Tube Headphone Amplifier (dLGDVDmEEI2lV8CArAcgSi)

   Field diff (filterAttributes.*):
   ~ awards: null -> ["AVForums Best Hi-Fi Product Award","What Hi-Fi 5 star logo","HiFi+ Award Winner 2021","Audiograde Recommended Badge"]
   ~ deviceType: "headphone-amp" -> "power-amplifier"
   ~ deviceConnectivity: null -> "wired"
   = amplification: unchanged ("tube")
   ~ powerOutputPerChannelW: null -> 0.5
   ~ channelCount: null -> ["2.0"]
   ~ phonoStageBuiltIn: null -> "none"
   ~ trigger12v: null -> true
   ~ remoteControlIncluded: null -> false
   ~ inputs: ["usb"] -> ["rca","xlr-balanced"]
   ~ outputs: ["4.4mm"] -> ["headphone-jack"]
   = maxSampleRateBitDepth: unchanged (null)
   = dsdSupport: unchanged (null)
   = hiResCertification: unchanged (null)
   = dacChipsetFamily: unchanged (null)
   = streamingPlatformSupport: unchanged (null)
   = networkConnection: unchanged (null)
   = voiceAssistant: unchanged (null)
   = multiroomSupport: unchanged (null)
   = bluetoothCodecs: unchanged (null)
   = driveType: unchanged (null)
   = turntableOperation: unchanged (null)
   = speedsSupported: unchanged (null)
   = phonoPreampBuiltIn: unchanged (null)
   = cartridgeIncluded: unchanged (null)
   = usbDigitalOutput: unchanged (null)
   ~ finishColor: null -> ["Stainless Steel"]
   ~ rackMountable19: null -> false
   ~ countryOfManufacture: null -> "USA"
   💾 backed up prior filterAttributes -> /home/jan/work/sanglogium/sanity-cms/backups/backup_headphones_dLGDVDmEEI2lV8CArAcgSi_2026-09-14T10-46-28-611Z.json
   ✅ patched. rev: 7P2D00ai8KUgrZgiFcwJDz

🎧 PATCH (WRITE) — Marantz Marantz CD 60 CD Player (Silver Gold) (ZuUKzmkqDyQwdcwhxlIfVH)

   Field diff (filterAttributes.*):
   ~ deviceType: "dap" -> "cd-player-transport"
   ~ deviceConnectivity: null -> "wired"
   ~ amplification: "solid-state" -> null
   = powerOutputPerChannelW: unchanged (null)
   = channelCount: unchanged (null)
   = inputs: unchanged (["usb"])
   ~ outputs: ["4.4mm"] -> null
   = phonoStageBuiltIn: unchanged (null)
   = trigger12v: unchanged (null)
   = remoteControlIncluded: unchanged (null)
   ~ maxSampleRateBitDepth: null -> "192kHz/24bit"
   ~ dsdSupport: null -> "dsd128"
   ~ hiResCertification: null -> ["hi-res-audio"]
   ~ dacChipsetFamily: null -> ["ess-sabre"]
   ~ streamingPlatformSupport: null -> []
   ~ networkConnection: null -> []
   = driveType: unchanged (null)
   = turntableOperation: unchanged (null)
   = speedsSupported: unchanged (null)
   = phonoPreampBuiltIn: unchanged (null)
   = cartridgeIncluded: unchanged (null)
   = usbDigitalOutput: unchanged (null)
   = bluetoothCodecs: unchanged (null)
   = voiceAssistant: unchanged (null)
   = multiroomSupport: unchanged (null)
   ~ finishColor: null -> ["Silver Gold","Black"]
   ~ rackMountable19: null -> false
   = countryOfManufacture: unchanged (null)
   ~ awards: null -> []
   💾 backed up prior filterAttributes -> /home/jan/work/sanglogium/sanity-cms/backups/backup_headphones_ZuUKzmkqDyQwdcwhxlIfVH_2026-09-14T10-46-29-777Z.json
   ✅ patched. rev: 7P2D00ai8KUgrZgiFcwJL0

🎧 PATCH (WRITE) — Marantz Marantz SACD10 CD Player (Black) (ZuUKzmkqDyQwdcwhxlIflR)

   Field diff (filterAttributes.*):
   ~ deviceType: "dap" -> "cd-player-transport"
   ~ deviceConnectivity: null -> "wired"
   ~ amplification: "solid-state" -> null
   = powerOutputPerChannelW: unchanged (null)
   = channelCount: unchanged (null)
   ~ inputs: ["usb"] -> ["usb","optical","coaxial"]
   ~ outputs: ["4.4mm"] -> null
   = phonoStageBuiltIn: unchanged (null)
   = trigger12v: unchanged (null)
   = remoteControlIncluded: unchanged (null)
   ~ maxSampleRateBitDepth: null -> "384kHz/32bit"
   ~ dsdSupport: null -> "dsd256-plus"
   ~ hiResCertification: null -> ["hi-res-audio"]
   = dacChipsetFamily: unchanged (null)
   ~ streamingPlatformSupport: null -> []
   ~ networkConnection: null -> []
   = driveType: unchanged (null)
   = turntableOperation: unchanged (null)
   = speedsSupported: unchanged (null)
   = phonoPreampBuiltIn: unchanged (null)
   = cartridgeIncluded: unchanged (null)
   = usbDigitalOutput: unchanged (null)
   = bluetoothCodecs: unchanged (null)
   = voiceAssistant: unchanged (null)
   = multiroomSupport: unchanged (null)
   ~ finishColor: null -> ["Black","Marantz Champagne"]
   ~ rackMountable19: null -> false
   = countryOfManufacture: unchanged (null)
   ~ awards: null -> ["iF Design Award"]
   💾 backed up prior filterAttributes -> /home/jan/work/sanglogium/sanity-cms/backups/backup_headphones_ZuUKzmkqDyQwdcwhxlIflR_2026-09-14T10-46-31-226Z.json
   ✅ patched. rev: MzerujO1CrL1dzm03eOm2d

🎧 PATCH (WRITE) — Matrix Audio Matrix Audio Element i Network Streamer, DAC/Amp (k27n1AQuIbSr5iozG1vJ1L)

   Field diff (filterAttributes.*):
   ~ deviceType: "dac-amp-combo" -> "network-streamer"
   ~ deviceConnectivity: null -> "wifi-networked"
   ~ amplification: "solid-state" -> null
   = powerOutputPerChannelW: unchanged (null)
   = channelCount: unchanged (null)
   ~ inputs: ["usb"] -> ["usb","optical","coaxial","i2s-iis"]
   ~ outputs: ["4.4mm"] -> null
   = phonoStageBuiltIn: unchanged (null)
   = trigger12v: unchanged (null)
   = remoteControlIncluded: unchanged (null)
   ~ maxSampleRateBitDepth: null -> "32-bit/768kHz"
   ~ dsdSupport: null -> "dsd256-plus"
   ~ hiResCertification: null -> ["hi-res-audio"]
   ~ dacChipsetFamily: null -> ["ess-sabre"]
   ~ streamingPlatformSupport: null -> ["airplay2","roon-ready","dlna"]
   ~ networkConnection: null -> ["wifi","ethernet"]
   = driveType: unchanged (null)
   = turntableOperation: unchanged (null)
   = speedsSupported: unchanged (null)
   = phonoPreampBuiltIn: unchanged (null)
   = cartridgeIncluded: unchanged (null)
   = usbDigitalOutput: unchanged (null)
   = bluetoothCodecs: unchanged (null)
   = voiceAssistant: unchanged (null)
   = multiroomSupport: unchanged (null)
   = finishColor: unchanged (null)
   ~ rackMountable19: null -> false
   = countryOfManufacture: unchanged (null)
   = customerRating: unchanged (null)
   = condition: unchanged (null)
   = dealsDiscount: unchanged (null)
   = newArrival: unchanged (null)
   = awards: unchanged (null)
   💾 backed up prior filterAttributes -> /home/jan/work/sanglogium/sanity-cms/backups/backup_headphones_k27n1AQuIbSr5iozG1vJ1L_2026-09-14T10-46-32-466Z.json
   ✅ patched. rev: Ch755lAE5GLsZ435CxbYd7

🎧 PATCH (WRITE) — Matrix Audio Matrix Audio Element X - Open Box (n10eAegrGspodtsQw13Qpt)

   Field diff (filterAttributes.*):
   ~ deviceType: "dac-amp-combo" -> "network-streamer"
   ~ deviceConnectivity: null -> "wifi-networked"
   ~ amplification: "solid-state" -> null
   = powerOutputPerChannelW: unchanged (null)
   = channelCount: unchanged (null)
   ~ inputs: ["usb"] -> ["usb","optical","coaxial","i2s-iis"]
   ~ outputs: ["4.4mm"] -> null
   = phonoStageBuiltIn: unchanged (null)
   = trigger12v: unchanged (null)
   = remoteControlIncluded: unchanged (null)
   ~ maxSampleRateBitDepth: null -> "32-bit/768kHz"
   ~ dsdSupport: null -> "dsd256-plus"
   ~ hiResCertification: null -> ["mqa","hi-res-audio"]
   ~ dacChipsetFamily: null -> ["ess-sabre"]
   ~ streamingPlatformSupport: null -> ["airplay2","roon-ready","dlna"]
   ~ networkConnection: null -> ["wifi","ethernet"]
   = driveType: unchanged (null)
   = turntableOperation: unchanged (null)
   = speedsSupported: unchanged (null)
   = phonoPreampBuiltIn: unchanged (null)
   = cartridgeIncluded: unchanged (null)
   = usbDigitalOutput: unchanged (null)
   = bluetoothCodecs: unchanged (null)
   = voiceAssistant: unchanged (null)
   = multiroomSupport: unchanged (null)
   = finishColor: unchanged (null)
   ~ rackMountable19: null -> false
   = countryOfManufacture: unchanged (null)
   = customerRating: unchanged (null)
   ~ condition: null -> "open-box"
   = dealsDiscount: unchanged (null)
   = newArrival: unchanged (null)
   = awards: unchanged (null)
   💾 backed up prior filterAttributes -> /home/jan/work/sanglogium/sanity-cms/backups/backup_headphones_n10eAegrGspodtsQw13Qpt_2026-09-14T10-46-33-681Z.json
   ✅ patched. rev: 7P2D00ai8KUgrZgiFcwJS1

🎧 PATCH (WRITE) — Matrix Audio Matrix Audio MS-1 Flagship Music Streamer (DZc43yHr6ydfgE7zB40rkU)

   Field diff (filterAttributes.*):
   = deviceType: unchanged ("network-streamer")
   ~ deviceConnectivity: null -> "wifi-networked"
   ~ amplification: "solid-state" -> null
   = powerOutputPerChannelW: unchanged (null)
   = channelCount: unchanged (null)
   ~ inputs: ["usb"] -> ["usb","optical","coaxial","i2s-iis","xlr-balanced","rca","phono-mm-mc"]
   ~ outputs: ["4.4mm"] -> null
   = phonoStageBuiltIn: unchanged (null)
   = trigger12v: unchanged (null)
   = remoteControlIncluded: unchanged (null)
   ~ maxSampleRateBitDepth: null -> "32-bit/768kHz"
   ~ dsdSupport: null -> "dsd256-plus"
   ~ hiResCertification: null -> ["mqa"]
   ~ dacChipsetFamily: null -> ["akm"]
   ~ streamingPlatformSupport: null -> ["airplay2","tidal-connect","spotify-connect","roon-ready","dlna"]
   ~ networkConnection: null -> ["ethernet"]
   = driveType: unchanged (null)
   = turntableOperation: unchanged (null)
   = speedsSupported: unchanged (null)
   = phonoPreampBuiltIn: unchanged (null)
   = cartridgeIncluded: unchanged (null)
   = usbDigitalOutput: unchanged (null)
   = bluetoothCodecs: unchanged (null)
   = voiceAssistant: unchanged (null)
   = multiroomSupport: unchanged (null)
   = finishColor: unchanged (null)
   ~ rackMountable19: null -> false
   = countryOfManufacture: unchanged (null)
   = customerRating: unchanged (null)
   = condition: unchanged (null)
   = dealsDiscount: unchanged (null)
   = newArrival: unchanged (null)
   = awards: unchanged (null)
   💾 backed up prior filterAttributes -> /home/jan/work/sanglogium/sanity-cms/backups/backup_headphones_DZc43yHr6ydfgE7zB40rkU_2026-09-14T10-46-34-846Z.json
   ✅ patched. rev: MzerujO1CrL1dzm03eOmG5

🎧 PATCH (WRITE) — Matrix Audio Matrix Audio NT-1 Network Transport (xMEqvkRBbdrlJXyFG8fa0r)

   Field diff (filterAttributes.*):
   ~ deviceType: "dac-amp-combo" -> "network-streamer"
   ~ deviceConnectivity: null -> "wifi-networked"
   ~ amplification: "solid-state" -> null
   = powerOutputPerChannelW: unchanged (null)
   = channelCount: unchanged (null)
   ~ inputs: ["usb"] -> null
   ~ outputs: ["4.4mm"] -> null
   = phonoStageBuiltIn: unchanged (null)
   = trigger12v: unchanged (null)
   = remoteControlIncluded: unchanged (null)
   ~ maxSampleRateBitDepth: null -> "32-bit/768kHz"
   ~ dsdSupport: null -> "dsd256-plus"
   = hiResCertification: unchanged (null)
   = dacChipsetFamily: unchanged (null)
   ~ streamingPlatformSupport: null -> ["airplay2","tidal-connect","spotify-connect","roon-ready","dlna"]
   ~ networkConnection: null -> ["ethernet"]
   = driveType: unchanged (null)
   = turntableOperation: unchanged (null)
   = speedsSupported: unchanged (null)
   = phonoPreampBuiltIn: unchanged (null)
   = cartridgeIncluded: unchanged (null)
   = usbDigitalOutput: unchanged (null)
   = bluetoothCodecs: unchanged (null)
   = voiceAssistant: unchanged (null)
   = multiroomSupport: unchanged (null)
   = finishColor: unchanged (null)
   ~ rackMountable19: null -> false
   = countryOfManufacture: unchanged (null)
   = customerRating: unchanged (null)
   = condition: unchanged (null)
   = dealsDiscount: unchanged (null)
   = newArrival: unchanged (null)
   = awards: unchanged (null)
   💾 backed up prior filterAttributes -> /home/jan/work/sanglogium/sanity-cms/backups/backup_headphones_xMEqvkRBbdrlJXyFG8fa0r_2026-09-14T10-46-36-093Z.json
   ✅ patched. rev: Ch755lAE5GLsZ435CxbYgw

🎧 PATCH (WRITE) — Matrix Audio Matrix Audio TS-1 All-in-One Streamer / Pre-Amplifier / Headphone Amplifier (GPjMdcfFWZVrKyR2PB7h5O)

   Field diff (filterAttributes.*):
   = deviceType: unchanged ("network-streamer")
   ~ deviceConnectivity: null -> "wifi-networked"
   ~ amplification: "solid-state" -> null
   = powerOutputPerChannelW: unchanged (null)
   = channelCount: unchanged (null)
   ~ inputs: ["usb"] -> ["usb","optical","coaxial","hdmi-earc","rca"]
   ~ outputs: ["4.4mm"] -> null
   = phonoStageBuiltIn: unchanged (null)
   = trigger12v: unchanged (null)
   = remoteControlIncluded: unchanged (null)
   ~ maxSampleRateBitDepth: null -> "24-bit/768kHz"
   ~ dsdSupport: null -> "dsd256-plus"
   = hiResCertification: unchanged (null)
   ~ dacChipsetFamily: null -> ["akm"]
   ~ streamingPlatformSupport: null -> ["airplay2","tidal-connect","spotify-connect","roon-ready","dlna"]
   ~ networkConnection: null -> ["wifi","ethernet"]
   = driveType: unchanged (null)
   = turntableOperation: unchanged (null)
   = speedsSupported: unchanged (null)
   = phonoPreampBuiltIn: unchanged (null)
   = cartridgeIncluded: unchanged (null)
   = usbDigitalOutput: unchanged (null)
   = bluetoothCodecs: unchanged (null)
   = voiceAssistant: unchanged (null)
   = multiroomSupport: unchanged (null)
   ~ finishColor: null -> ["Titanium Silver","Obsidian Black"]
   ~ rackMountable19: null -> false
   = countryOfManufacture: unchanged (null)
   = customerRating: unchanged (null)
   = condition: unchanged (null)
   = dealsDiscount: unchanged (null)
   = newArrival: unchanged (null)
   = awards: unchanged (null)
   💾 backed up prior filterAttributes -> /home/jan/work/sanglogium/sanity-cms/backups/backup_headphones_GPjMdcfFWZVrKyR2PB7h5O_2026-09-14T10-46-37-374Z.json
   ✅ patched. rev: MzerujO1CrL1dzm03eOmTX

🎧 PATCH (WRITE) — Matrix Audio Matrix Audio X-Sabre 3 Desktop DAC (n10eAegrGspodtsQvy3lt9)

   Field diff (filterAttributes.*):
   = deviceType: unchanged ("dac")
   ~ deviceConnectivity: null -> "wifi-networked"
   ~ amplification: "solid-state" -> null
   = powerOutputPerChannelW: unchanged (null)
   = channelCount: unchanged (null)
   ~ inputs: ["usb"] -> ["usb","optical","coaxial","i2s-iis"]
   ~ outputs: ["4.4mm"] -> null
   = phonoStageBuiltIn: unchanged (null)
   = trigger12v: unchanged (null)
   = remoteControlIncluded: unchanged (null)
   ~ maxSampleRateBitDepth: null -> "32-bit/768kHz"
   ~ dsdSupport: null -> "dsd256-plus"
   ~ hiResCertification: null -> ["mqa"]
   ~ dacChipsetFamily: null -> ["ess-sabre"]
   ~ streamingPlatformSupport: null -> ["airplay2","tidal-connect","spotify-connect","roon-ready","dlna"]
   ~ networkConnection: null -> ["wifi","ethernet"]
   = driveType: unchanged (null)
   = turntableOperation: unchanged (null)
   = speedsSupported: unchanged (null)
   = phonoPreampBuiltIn: unchanged (null)
   = cartridgeIncluded: unchanged (null)
   = usbDigitalOutput: unchanged (null)
   = bluetoothCodecs: unchanged (null)
   = voiceAssistant: unchanged (null)
   = multiroomSupport: unchanged (null)
   = finishColor: unchanged (null)
   ~ rackMountable19: null -> false
   = countryOfManufacture: unchanged (null)
   = customerRating: unchanged (null)
   = condition: unchanged (null)
   = dealsDiscount: unchanged (null)
   = newArrival: unchanged (null)
   = awards: unchanged (null)
   💾 backed up prior filterAttributes -> /home/jan/work/sanglogium/sanity-cms/backups/backup_headphones_n10eAegrGspodtsQvy3lt9_2026-09-14T10-46-38-752Z.json
   ✅ patched. rev: 7P2D00ai8KUgrZgiFcwJkj

🎧 PATCH (WRITE) — Luxman Luxman P-100 Centennial Headphone Amplifier (PHPYj28HJdPDHAaIBChaz2)

   Field diff (filterAttributes.*):
   ~ price: 1399500 -> {"min":13995,"max":13995,"currency":"USD"}
   = customerRating: unchanged (null)
   = awards: unchanged (null)
   = condition: unchanged (null)
   ~ inStock: true -> null
   = dealsDiscount: unchanged (null)
   = newArrival: unchanged (null)
   ~ deviceType: "headphone-amp" -> null
   ~ deviceConnectivity: null -> "wired"
   = formFactor: unchanged ("desktop")
   ~ amplification: "solid-state" -> null
   = dacIncluded: unchanged (false)
   ~ balancedOutput: false -> true
   = powerOutputPerChannelW: unchanged (null)
   = channelCount: unchanged (null)
   = phonoStageBuiltIn: unchanged (null)
   = trigger12v: unchanged (null)
   = remoteControlIncluded: unchanged (null)
   ~ inputs: ["usb"] -> null
   ~ outputs: ["4.4mm"] -> null
   = maxSampleRateBitDepth: unchanged (null)
   = dsdSupport: unchanged (null)
   = hiResCertification: unchanged (null)
   = dacChipsetFamily: unchanged (null)
   = streamingPlatformSupport: unchanged (null)
   = networkConnection: unchanged (null)
   = driveType: unchanged (null)
   = turntableOperation: unchanged (null)
   = speedsSupported: unchanged (null)
   = phonoPreampBuiltIn: unchanged (null)
   = cartridgeIncluded: unchanged (null)
   = usbDigitalOutput: unchanged (null)
   = voiceAssistant: unchanged (null)
   = multiroomSupport: unchanged (null)
   = bluetoothCodecs: unchanged (null)
   ~ finishColor: null -> ["Platinum-like","Chrome-plated","Hairline"]
   ~ rackMountable19: null -> false
   ~ countryOfManufacture: null -> "Japan"
   💾 backed up prior filterAttributes -> /home/jan/work/sanglogium/sanity-cms/backups/backup_headphones_PHPYj28HJdPDHAaIBChaz2_2026-09-14T10-46-39-928Z.json
   ✅ patched. rev: 7P2D00ai8KUgrZgiFcwJrk

🎧 PATCH (WRITE) — Lake People Lake People G111 Desktop Headphone Amplifier (k27n1AQuIbSr5iozG1vKTr)

   Field diff (filterAttributes.*):
   = brand: unchanged (["lake-people"])
   = customerRating: unchanged (null)
   ~ condition: null -> "new"
   = inStock: unchanged (true)
   ~ dealsDiscount: null -> "none"
   ~ newArrival: null -> false
   ~ awards: null -> []
   ~ deviceType: "headphone-amp" -> null
   ~ deviceConnectivity: null -> "wired"
   = formFactor: unchanged ("desktop")
   = dacIncluded: unchanged (false)
   = balancedOutput: unchanged (false)
   ~ amplification: "solid-state" -> null
   = powerOutputPerChannelW: unchanged (null)
   = channelCount: unchanged (null)
   ~ inputs: ["usb"] -> null
   ~ outputs: ["4.4mm"] -> null
   = phonoStageBuiltIn: unchanged (null)
   = trigger12v: unchanged (null)
   = remoteControlIncluded: unchanged (null)
   = maxSampleRateBitDepth: unchanged (null)
   = dsdSupport: unchanged (null)
   = hiResCertification: unchanged (null)
   = dacChipsetFamily: unchanged (null)
   = streamingPlatformSupport: unchanged (null)
   = networkConnection: unchanged (null)
   = driveType: unchanged (null)
   = turntableOperation: unchanged (null)
   = speedsSupported: unchanged (null)
   = phonoPreampBuiltIn: unchanged (null)
   = cartridgeIncluded: unchanged (null)
   = usbDigitalOutput: unchanged (null)
   = bluetoothCodecs: unchanged (null)
   = voiceAssistant: unchanged (null)
   = multiroomSupport: unchanged (null)
   ~ finishColor: null -> ["Black"]
   ~ rackMountable19: null -> false
   ~ countryOfManufacture: null -> "Germany"
   💾 backed up prior filterAttributes -> /home/jan/work/sanglogium/sanity-cms/backups/backup_headphones_k27n1AQuIbSr5iozG1vKTr_2026-09-14T10-46-41-148Z.json
   ✅ patched. rev: MzerujO1CrL1dzm03eOmuR

🎧 PATCH (WRITE) — Ladder LADDER Chopin Desktop R2R Pre-amplifier (GPjMdcfFWZVrKyR2PB6IuA)

   Field diff (filterAttributes.*):
   = customerRating: unchanged (null)
   ~ awards: null -> []
   = condition: unchanged (null)
   = dealsDiscount: unchanged (null)
   = newArrival: unchanged (null)
   ~ deviceType: "headphone-amp" -> "preamplifier"
   ~ deviceConnectivity: null -> "wired"
   ~ amplification: "solid-state" -> null
   = powerOutputPerChannelW: unchanged (null)
   ~ channelCount: null -> ["2.0"]
   ~ phonoStageBuiltIn: null -> "none"
   ~ trigger12v: null -> false
   ~ remoteControlIncluded: null -> true
   ~ inputs: ["rca"] -> ["xlr-balanced","rca"]
   ~ outputs: ["4.4mm"] -> ["pre-out-xlr","pre-out-rca"]
   = maxSampleRateBitDepth: unchanged (null)
   = dsdSupport: unchanged (null)
   = hiResCertification: unchanged (null)
   = dacChipsetFamily: unchanged (null)
   = streamingPlatformSupport: unchanged (null)
   = networkConnection: unchanged (null)
   = driveType: unchanged (null)
   = turntableOperation: unchanged (null)
   = speedsSupported: unchanged (null)
   = phonoPreampBuiltIn: unchanged (null)
   = cartridgeIncluded: unchanged (null)
   = usbDigitalOutput: unchanged (null)
   = bluetoothCodecs: unchanged (null)
   = voiceAssistant: unchanged (null)
   = multiroomSupport: unchanged (null)
   ~ finishColor: null -> ["Black","Silver"]
   ~ rackMountable19: null -> false
   = countryOfManufacture: unchanged (null)
   💾 backed up prior filterAttributes -> /home/jan/work/sanglogium/sanity-cms/backups/backup_headphones_GPjMdcfFWZVrKyR2PB6IuA_2026-09-14T10-46-42-174Z.json
   ✅ patched. rev: Ch755lAE5GLsZ435CxbYux

🎧 PATCH (WRITE) — Ladder LADDER Czerny R2R Desktop DAC (GPjMdcfFWZVrKyR2PB5pis)

   Field diff (filterAttributes.*):
   = customerRating: unchanged (null)
   ~ awards: null -> []
   = condition: unchanged (null)
   = dealsDiscount: unchanged (null)
   = newArrival: unchanged (null)
   = deviceType: unchanged ("dac")
   ~ deviceConnectivity: null -> "wired"
   ~ amplification: "solid-state" -> null
   = powerOutputPerChannelW: unchanged (null)
   = channelCount: unchanged (null)
   = phonoStageBuiltIn: unchanged (null)
   = trigger12v: unchanged (null)
   = remoteControlIncluded: unchanged (null)
   ~ inputs: ["usb"] -> ["coaxial","optical","i2s-iis","usb"]
   ~ outputs: ["4.4mm","rca-line-out"] -> null
   ~ maxSampleRateBitDepth: null -> "24-bit/1536kHz"
   ~ dsdSupport: null -> "dsd256-plus"
   = hiResCertification: unchanged (null)
   ~ dacChipsetFamily: null -> ["r2r-ladder"]
   = streamingPlatformSupport: unchanged (null)
   = networkConnection: unchanged (null)
   = driveType: unchanged (null)
   = turntableOperation: unchanged (null)
   = speedsSupported: unchanged (null)
   = phonoPreampBuiltIn: unchanged (null)
   = cartridgeIncluded: unchanged (null)
   = usbDigitalOutput: unchanged (null)
   = bluetoothCodecs: unchanged (null)
   = voiceAssistant: unchanged (null)
   = multiroomSupport: unchanged (null)
   ~ finishColor: null -> ["Black"]
   ~ rackMountable19: null -> false
   = countryOfManufacture: unchanged (null)
   💾 backed up prior filterAttributes -> /home/jan/work/sanglogium/sanity-cms/backups/backup_headphones_GPjMdcfFWZVrKyR2PB5pis_2026-09-14T10-46-43-208Z.json
   ✅ patched. rev: Ch755lAE5GLsZ435CxbYym

🎧 PATCH (WRITE) — Ladder LADDER Schumann Desktop DAC (xMEqvkRBbdrlJXyFG8fuQf)

   Field diff (filterAttributes.*):
   = customerRating: unchanged (null)
   ~ awards: null -> []
   = condition: unchanged (null)
   = dealsDiscount: unchanged (null)
   = newArrival: unchanged (null)
   = deviceType: unchanged ("dac")
   ~ deviceConnectivity: null -> "wired"
   ~ amplification: "solid-state" -> null
   = powerOutputPerChannelW: unchanged (null)
   = channelCount: unchanged (null)
   = phonoStageBuiltIn: unchanged (null)
   = trigger12v: unchanged (null)
   = remoteControlIncluded: unchanged (null)
   ~ inputs: ["usb"] -> ["coaxial","optical","usb","i2s-iis","aes-ebu"]
   ~ outputs: ["4.4mm"] -> null
   ~ maxSampleRateBitDepth: null -> "24-bit/1536kHz (USB/I2S)"
   ~ dsdSupport: null -> "dsd256-plus"
   = hiResCertification: unchanged (null)
   ~ dacChipsetFamily: null -> ["r2r-ladder"]
   = streamingPlatformSupport: unchanged (null)
   = networkConnection: unchanged (null)
   = driveType: unchanged (null)
   = turntableOperation: unchanged (null)
   = speedsSupported: unchanged (null)
   = phonoPreampBuiltIn: unchanged (null)
   = cartridgeIncluded: unchanged (null)
   = usbDigitalOutput: unchanged (null)
   = bluetoothCodecs: unchanged (null)
   = voiceAssistant: unchanged (null)
   = multiroomSupport: unchanged (null)
   = finishColor: unchanged (null)
   ~ rackMountable19: null -> false
   = countryOfManufacture: unchanged (null)
   💾 backed up prior filterAttributes -> /home/jan/work/sanglogium/sanity-cms/backups/backup_headphones_xMEqvkRBbdrlJXyFG8fuQf_2026-09-14T10-46-44-218Z.json
   ✅ patched. rev: 7P2D00ai8KUgrZgiFcwK5m

🎧 PATCH (WRITE) — Gustard GUSTARD DAC-R26II Network Streaming R2R DAC (Apos Certified) (xMEqvkRBbdrlJXyFG8fsmh)

   Field diff (filterAttributes.*):
   ~ price: 129999 -> {"min":1299.99,"max":1299.99,"currency":"USD"}
   = customerRating: unchanged (null)
   = awards: unchanged (null)
   ~ condition: null -> "open-box"
   ~ inStock: true -> false
   ~ dealsDiscount: null -> "sale"
   = newArrival: unchanged (null)
   ~ deviceType: "network-streamer" -> "dac"
   ~ deviceConnectivity: null -> "wired-wireless"
   = formFactor: unchanged ("desktop")
   ~ amplification: "solid-state" -> null
   = dacIncluded: unchanged (true)
   ~ balancedOutput: false -> true
   = powerOutputPerChannelW: unchanged (null)
   = channelCount: unchanged (null)
   ~ phonoStageBuiltIn: null -> "none"
   ~ trigger12v: null -> false
   ~ remoteControlIncluded: null -> true
   ~ inputs: ["usb"] -> null
   ~ outputs: ["4.4mm"] -> ["pre-out"]
   ~ maxSampleRateBitDepth: null -> "PCM 32-bit / 768kHz"
   ~ dsdSupport: null -> "dsd256-plus"
   ~ hiResCertification: null -> false
   ~ dacChipsetFamily: null -> "r2r-ladder"
   ~ streamingPlatformSupport: null -> ["airplay2","roon-ready","spotify-connect","dlna"]
   ~ networkConnection: null -> "ethernet"
   = driveType: unchanged (null)
   = turntableOperation: unchanged (null)
   = speedsSupported: unchanged (null)
   = phonoPreampBuiltIn: unchanged (null)
   = cartridgeIncluded: unchanged (null)
   = usbDigitalOutput: unchanged (null)
   = voiceAssistant: unchanged (null)
   = multiroomSupport: unchanged (null)
   ~ bluetoothCodecs: null -> ["sbc","aac","aptx","aptx-hd","aptx-ll","ldac"]
   ~ finishColor: null -> ["Black"]
   ~ rackMountable19: null -> false
   ~ countryOfManufacture: null -> "China"
   💾 backed up prior filterAttributes -> /home/jan/work/sanglogium/sanity-cms/backups/backup_headphones_xMEqvkRBbdrlJXyFG8fsmh_2026-09-14T10-46-45-223Z.json
   ✅ patched. rev: Ch755lAE5GLsZ435CxbZ3s

🎧 PATCH (WRITE) — Gustard GUSTARD DAC-R26II Network Streaming R2R DAC (DZc43yHr6ydfgE7zB4112Z)

   Field diff (filterAttributes.*):
   ~ price: 164999 -> {"min":1649.99,"max":1649.99,"currency":"USD"}
   = customerRating: unchanged (null)
   = awards: unchanged (null)
   = condition: unchanged (null)
   = inStock: unchanged (true)
   = dealsDiscount: unchanged (null)
   = newArrival: unchanged (null)
   ~ deviceType: "network-streamer" -> "dac"
   ~ deviceConnectivity: null -> "wired-wireless"
   = formFactor: unchanged ("desktop")
   ~ amplification: "solid-state" -> null
   = dacIncluded: unchanged (true)
   ~ balancedOutput: false -> true
   = powerOutputPerChannelW: unchanged (null)
   = channelCount: unchanged (null)
   ~ phonoStageBuiltIn: null -> "none"
   ~ trigger12v: null -> false
   ~ remoteControlIncluded: null -> true
   ~ inputs: ["usb"] -> null
   ~ outputs: ["4.4mm"] -> ["pre-out"]
   ~ maxSampleRateBitDepth: null -> "PCM 32-bit / 768kHz"
   ~ dsdSupport: null -> "dsd256-plus"
   ~ hiResCertification: null -> false
   ~ dacChipsetFamily: null -> "r2r-ladder"
   ~ streamingPlatformSupport: null -> ["airplay2","roon-ready","spotify-connect","dlna"]
   ~ networkConnection: null -> "ethernet"
   = driveType: unchanged (null)
   = turntableOperation: unchanged (null)
   = speedsSupported: unchanged (null)
   = phonoPreampBuiltIn: unchanged (null)
   = cartridgeIncluded: unchanged (null)
   = usbDigitalOutput: unchanged (null)
   = voiceAssistant: unchanged (null)
   = multiroomSupport: unchanged (null)
   ~ bluetoothCodecs: null -> ["sbc","aac","aptx","aptx-hd","aptx-ll","ldac"]
   ~ finishColor: null -> ["Black","Silver"]
   ~ rackMountable19: null -> false
   ~ countryOfManufacture: null -> "China"
   💾 backed up prior filterAttributes -> /home/jan/work/sanglogium/sanity-cms/backups/backup_headphones_DZc43yHr6ydfgE7zB4112Z_2026-09-14T10-46-46-235Z.json
   ✅ patched. rev: 7P2D00ai8KUgrZgiFcwKM9

🎧 PATCH (WRITE) — Gustard GUSTARD R30 Fully-Discrete R2R Network Streaming DAC (Apos Certified) (DZc43yHr6ydfgE7zB40gAe)

   Field diff (filterAttributes.*):
   ~ price: 60099 -> {"min":2799,"max":2999,"currency":"USD"}
   = customerRating: unchanged (null)
   = awards: unchanged (null)
   ~ condition: null -> "open-box"
   ~ inStock: true -> false
   ~ dealsDiscount: null -> "sale"
   = newArrival: unchanged (null)
   ~ deviceType: "network-streamer" -> "dac"
   ~ deviceConnectivity: null -> "wired-wireless"
   = formFactor: unchanged ("desktop")
   ~ amplification: "solid-state" -> null
   = dacIncluded: unchanged (true)
   ~ balancedOutput: false -> true
   = powerOutputPerChannelW: unchanged (null)
   = channelCount: unchanged (null)
   ~ phonoStageBuiltIn: null -> "none"
   ~ trigger12v: null -> true
   ~ remoteControlIncluded: null -> true
   ~ inputs: ["usb"] -> null
   ~ outputs: ["4.4mm"] -> ["pre-out"]
   ~ maxSampleRateBitDepth: null -> "PCM 32-bit / 768kHz"
   ~ dsdSupport: null -> "dsd256-plus"
   ~ hiResCertification: null -> false
   ~ dacChipsetFamily: null -> "r2r-ladder"
   ~ streamingPlatformSupport: null -> ["airplay2","roon-ready","spotify-connect","dlna"]
   ~ networkConnection: null -> "ethernet"
   = driveType: unchanged (null)
   = turntableOperation: unchanged (null)
   = speedsSupported: unchanged (null)
   = phonoPreampBuiltIn: unchanged (null)
   = cartridgeIncluded: unchanged (null)
   = usbDigitalOutput: unchanged (null)
   = voiceAssistant: unchanged (null)
   = multiroomSupport: unchanged (null)
   = bluetoothCodecs: unchanged (null)
   ~ finishColor: null -> ["Black","Silver"]
   ~ rackMountable19: null -> false
   ~ countryOfManufacture: null -> "China"
   💾 backed up prior filterAttributes -> /home/jan/work/sanglogium/sanity-cms/backups/backup_headphones_DZc43yHr6ydfgE7zB40gAe_2026-09-14T10-46-47-269Z.json
   ✅ patched. rev: MzerujO1CrL1dzm03eOndH

🎧 PATCH (WRITE) — Gustard GUSTARD R30 Fully-Discrete R2R Network Streaming DAC (xMEqvkRBbdrlJXyFG8fHrh)

   Field diff (filterAttributes.*):
   ~ price: 359999 -> {"min":3599.99,"max":3599.99,"currency":"USD"}
   = customerRating: unchanged (null)
   = awards: unchanged (null)
   = condition: unchanged (null)
   = inStock: unchanged (true)
   = dealsDiscount: unchanged (null)
   = newArrival: unchanged (null)
   ~ deviceType: "network-streamer" -> "dac"
   ~ deviceConnectivity: null -> "wired-wireless"
   = formFactor: unchanged ("desktop")
   ~ amplification: "solid-state" -> null
   = dacIncluded: unchanged (true)
   ~ balancedOutput: false -> true
   = powerOutputPerChannelW: unchanged (null)
   = channelCount: unchanged (null)
   ~ phonoStageBuiltIn: null -> "none"
   ~ trigger12v: null -> true
   ~ remoteControlIncluded: null -> true
   ~ inputs: ["usb"] -> null
   ~ outputs: ["4.4mm"] -> ["pre-out"]
   ~ maxSampleRateBitDepth: null -> "PCM 32-bit / 768kHz"
   ~ dsdSupport: null -> "dsd256-plus"
   ~ hiResCertification: null -> false
   ~ dacChipsetFamily: null -> "r2r-ladder"
   ~ streamingPlatformSupport: null -> ["airplay2","roon-ready","spotify-connect","dlna"]
   ~ networkConnection: null -> "ethernet"
   = driveType: unchanged (null)
   = turntableOperation: unchanged (null)
   = speedsSupported: unchanged (null)
   = phonoPreampBuiltIn: unchanged (null)
   = cartridgeIncluded: unchanged (null)
   = usbDigitalOutput: unchanged (null)
   = voiceAssistant: unchanged (null)
   = multiroomSupport: unchanged (null)
   = bluetoothCodecs: unchanged (null)
   ~ finishColor: null -> ["Black","Silver"]
   ~ rackMountable19: null -> false
   ~ countryOfManufacture: null -> "China"
   💾 backed up prior filterAttributes -> /home/jan/work/sanglogium/sanity-cms/backups/backup_headphones_xMEqvkRBbdrlJXyFG8fHrh_2026-09-14T10-46-48-287Z.json
   ✅ patched. rev: MzerujO1CrL1dzm03eOnqj

🎧 PATCH (WRITE) — Gustard GUSTARD X26 III Dual ES9039SPRO Digital to Analog Convertor (DAC) (xMEqvkRBbdrlJXyFG8fkYr)

   Field diff (filterAttributes.*):
   ~ price: 159999 -> {"min":1599.99,"max":1599.99,"currency":"USD"}
   = customerRating: unchanged (null)
   = awards: unchanged (null)
   = condition: unchanged (null)
   = inStock: unchanged (true)
   = dealsDiscount: unchanged (null)
   = newArrival: unchanged (null)
   = deviceType: unchanged ("dac")
   ~ deviceConnectivity: null -> "wired-wireless"
   = formFactor: unchanged ("desktop")
   ~ amplification: "solid-state" -> null
   = dacIncluded: unchanged (true)
   ~ balancedOutput: false -> true
   = powerOutputPerChannelW: unchanged (null)
   = channelCount: unchanged (null)
   ~ phonoStageBuiltIn: null -> "none"
   ~ trigger12v: null -> true
   ~ remoteControlIncluded: null -> true
   ~ inputs: ["usb"] -> null
   ~ outputs: ["4.4mm"] -> ["pre-out"]
   ~ maxSampleRateBitDepth: null -> "PCM 32-bit / 768kHz"
   ~ dsdSupport: null -> "dsd256-plus"
   ~ hiResCertification: null -> true
   ~ dacChipsetFamily: null -> "ess-sabre"
   ~ streamingPlatformSupport: null -> ["airplay2","roon-ready","spotify-connect","dlna"]
   ~ networkConnection: null -> "ethernet"
   = driveType: unchanged (null)
   = turntableOperation: unchanged (null)
   = speedsSupported: unchanged (null)
   = phonoPreampBuiltIn: unchanged (null)
   = cartridgeIncluded: unchanged (null)
   = usbDigitalOutput: unchanged (null)
   = voiceAssistant: unchanged (null)
   = multiroomSupport: unchanged (null)
   = bluetoothCodecs: unchanged (null)
   ~ finishColor: null -> ["Black","Silver"]
   ~ rackMountable19: null -> false
   ~ countryOfManufacture: null -> "China"
   💾 backed up prior filterAttributes -> /home/jan/work/sanglogium/sanity-cms/backups/backup_headphones_xMEqvkRBbdrlJXyFG8fkYr_2026-09-14T10-46-49-301Z.json
   ✅ patched. rev: 7P2D00ai8KUgrZgiFcwKXq

🎧 PATCH (WRITE) — Gustard GUSTARD X30 4xES9039SPRO Streamer Digital to Analog Convertor (DAC) (xMEqvkRBbdrlJXyFG8fIQr)

   Field diff (filterAttributes.*):
   ~ price: 299999 -> {"min":2999.99,"max":2999.99,"currency":"USD"}
   = customerRating: unchanged (null)
   = awards: unchanged (null)
   = condition: unchanged (null)
   = inStock: unchanged (true)
   = dealsDiscount: unchanged (null)
   = newArrival: unchanged (null)
   ~ deviceType: "network-streamer" -> "dac"
   ~ deviceConnectivity: null -> "wired-wireless"
   = formFactor: unchanged ("desktop")
   ~ amplification: "solid-state" -> null
   = dacIncluded: unchanged (true)
   ~ balancedOutput: false -> true
   = powerOutputPerChannelW: unchanged (null)
   = channelCount: unchanged (null)
   ~ phonoStageBuiltIn: null -> "none"
   ~ trigger12v: null -> true
   ~ remoteControlIncluded: null -> true
   ~ inputs: ["usb"] -> null
   ~ outputs: ["4.4mm"] -> ["pre-out"]
   ~ maxSampleRateBitDepth: null -> "PCM 32-bit / 768kHz"
   ~ dsdSupport: null -> "dsd256-plus"
   ~ hiResCertification: null -> true
   ~ dacChipsetFamily: null -> "ess-sabre"
   ~ streamingPlatformSupport: null -> ["airplay2","roon-ready","spotify-connect","dlna"]
   ~ networkConnection: null -> "ethernet"
   = driveType: unchanged (null)
   = turntableOperation: unchanged (null)
   = speedsSupported: unchanged (null)
   = phonoPreampBuiltIn: unchanged (null)
   = cartridgeIncluded: unchanged (null)
   = usbDigitalOutput: unchanged (null)
   = voiceAssistant: unchanged (null)
   = multiroomSupport: unchanged (null)
   = bluetoothCodecs: unchanged (null)
   ~ finishColor: null -> ["Black","Silver"]
   ~ rackMountable19: null -> false
   ~ countryOfManufacture: null -> "China"
   💾 backed up prior filterAttributes -> /home/jan/work/sanglogium/sanity-cms/backups/backup_headphones_xMEqvkRBbdrlJXyFG8fIQr_2026-09-14T10-46-50-327Z.json
   ✅ patched. rev: Ch755lAE5GLsZ435CxbZGc

🎧 PATCH (WRITE) — Fosi Audio Fosi Audio K5 Pro Gaming DAC Headphone Amplifier (GPjMdcfFWZVrKyR2PB6xuA)

   Field diff (filterAttributes.*):
   = customerRating: unchanged (null)
   = awards: unchanged (null)
   ~ condition: null -> "new"
   = inStock: unchanged (true)
   ~ dealsDiscount: null -> "none"
   ~ newArrival: null -> false
   = deviceType: unchanged ("dac")
   ~ deviceConnectivity: null -> "wired"
   = formFactor: unchanged ("desktop")
   ~ amplification: "solid-state" -> null
   = dacIncluded: unchanged (true)
   = balancedOutput: unchanged (false)
   = powerOutputPerChannelW: unchanged (null)
   = channelCount: unchanged (null)
   = phonoStageBuiltIn: unchanged (null)
   = trigger12v: unchanged (null)
   = remoteControlIncluded: unchanged (null)
   ~ inputs: ["usb"] -> ["usb","optical","coaxial"]
   ~ outputs: ["4.4mm"] -> null
   ~ maxSampleRateBitDepth: null -> "USB 24-bit/96kHz; Optical/Coaxial 24-bit/192kHz"
   = dsdSupport: unchanged (null)
   = hiResCertification: unchanged (null)
   = dacChipsetFamily: unchanged (null)
   = streamingPlatformSupport: unchanged (null)
   = networkConnection: unchanged (null)
   = driveType: unchanged (null)
   = turntableOperation: unchanged (null)
   = speedsSupported: unchanged (null)
   = phonoPreampBuiltIn: unchanged (null)
   = cartridgeIncluded: unchanged (null)
   = usbDigitalOutput: unchanged (null)
   = bluetoothCodecs: unchanged (null)
   = voiceAssistant: unchanged (null)
   = multiroomSupport: unchanged (null)
   = finishColor: unchanged (null)
   ~ rackMountable19: null -> false
   = countryOfManufacture: unchanged (null)
   💾 backed up prior filterAttributes -> /home/jan/work/sanglogium/sanity-cms/backups/backup_headphones_GPjMdcfFWZVrKyR2PB6xuA_2026-09-14T10-46-51-399Z.json
   ✅ patched. rev: MzerujO1CrL1dzm03eOoQb

🎧 PATCH (WRITE) — Fosi Audio Fosi Audio Q4 Mini Stereo Gaming DAC & Headphone Amplifier Audio (GPjMdcfFWZVrKyR2PB6tb0)

   Field diff (filterAttributes.*):
   = customerRating: unchanged (null)
   = awards: unchanged (null)
   ~ condition: null -> "new"
   = inStock: unchanged (true)
   ~ dealsDiscount: null -> "none"
   ~ newArrival: null -> false
   = deviceType: unchanged ("dac")
   ~ deviceConnectivity: null -> "wired"
   = formFactor: unchanged ("desktop")
   ~ amplification: "solid-state" -> null
   = dacIncluded: unchanged (true)
   = balancedOutput: unchanged (false)
   = powerOutputPerChannelW: unchanged (null)
   = channelCount: unchanged (null)
   = phonoStageBuiltIn: unchanged (null)
   = trigger12v: unchanged (null)
   = remoteControlIncluded: unchanged (null)
   ~ inputs: ["usb"] -> ["usb","optical","coaxial"]
   ~ outputs: ["4.4mm"] -> null
   ~ maxSampleRateBitDepth: null -> "USB 24-bit/96kHz; Optical/Coaxial 24-bit/192kHz"
   = dsdSupport: unchanged (null)
   = hiResCertification: unchanged (null)
   = dacChipsetFamily: unchanged (null)
   = streamingPlatformSupport: unchanged (null)
   = networkConnection: unchanged (null)
   = driveType: unchanged (null)
   = turntableOperation: unchanged (null)
   = speedsSupported: unchanged (null)
   = phonoPreampBuiltIn: unchanged (null)
   = cartridgeIncluded: unchanged (null)
   = usbDigitalOutput: unchanged (null)
   = bluetoothCodecs: unchanged (null)
   = voiceAssistant: unchanged (null)
   = multiroomSupport: unchanged (null)
   = finishColor: unchanged (null)
   ~ rackMountable19: null -> false
   = countryOfManufacture: unchanged (null)
   💾 backed up prior filterAttributes -> /home/jan/work/sanglogium/sanity-cms/backups/backup_headphones_GPjMdcfFWZVrKyR2PB6tb0_2026-09-14T10-46-52-645Z.json
   ✅ patched. rev: MzerujO1CrL1dzm03eOoiX

🎧 PATCH (WRITE) — Feliks Audio Feliks Audio Echo Classic (Pn6oyV4Ks5AcNbecjh34kd)

   Field diff (filterAttributes.*):
   = brand: unchanged (["feliks-audio"])
   = customerRating: unchanged (null)
   ~ condition: null -> "new"
   ~ inStock: true -> false
   ~ dealsDiscount: null -> "on-sale"
   ~ newArrival: null -> false
   = awards: unchanged (null)
   ~ deviceType: "dac-amp-combo" -> null
   ~ deviceConnectivity: null -> "wired"
   = formFactor: unchanged ("desktop")
   ~ dacIncluded: true -> false
   = balancedOutput: unchanged (false)
   ~ amplification: "solid-state" -> "tube"
   = powerOutputPerChannelW: unchanged (null)
   = channelCount: unchanged (null)
   ~ inputs: ["usb"] -> ["rca"]
   ~ outputs: ["4.4mm"] -> ["headphone-jack","pre-out"]
   ~ phonoStageBuiltIn: null -> false
   ~ trigger12v: null -> false
   ~ remoteControlIncluded: null -> false
   = maxSampleRateBitDepth: unchanged (null)
   = dsdSupport: unchanged (null)
   = hiResCertification: unchanged (null)
   = dacChipsetFamily: unchanged (null)
   = streamingPlatformSupport: unchanged (null)
   = networkConnection: unchanged (null)
   = driveType: unchanged (null)
   = turntableOperation: unchanged (null)
   = speedsSupported: unchanged (null)
   = phonoPreampBuiltIn: unchanged (null)
   = cartridgeIncluded: unchanged (null)
   = usbDigitalOutput: unchanged (null)
   = bluetoothCodecs: unchanged (null)
   = voiceAssistant: unchanged (null)
   ~ multiroomSupport: null -> false
   = finishColor: unchanged (null)
   ~ rackMountable19: null -> false
   ~ countryOfManufacture: null -> "Poland"
   💾 backed up prior filterAttributes -> /home/jan/work/sanglogium/sanity-cms/backups/backup_headphones_Pn6oyV4Ks5AcNbecjh34kd_2026-09-14T10-46-53-501Z.json
   ✅ patched. rev: 7P2D00ai8KUgrZgiFcwKzu

🎧 PATCH (WRITE) — Feliks Audio Feliks Audio Echo MK II (k27n1AQuIbSr5iozG1vExT)

   Field diff (filterAttributes.*):
   = brand: unchanged (["feliks-audio"])
   = customerRating: unchanged (null)
   ~ condition: null -> "new"
   ~ inStock: true -> null
   ~ dealsDiscount: null -> "on-sale"
   ~ newArrival: null -> false
   = awards: unchanged (null)
   ~ deviceType: "dac-amp-combo" -> null
   ~ deviceConnectivity: null -> "wired"
   = formFactor: unchanged ("desktop")
   ~ dacIncluded: true -> false
   = balancedOutput: unchanged (false)
   ~ amplification: "solid-state" -> "tube"
   = powerOutputPerChannelW: unchanged (null)
   = channelCount: unchanged (null)
   ~ inputs: ["usb"] -> ["rca"]
   ~ outputs: ["4.4mm"] -> ["headphone-jack","pre-out"]
   ~ phonoStageBuiltIn: null -> false
   ~ trigger12v: null -> false
   ~ remoteControlIncluded: null -> false
   = maxSampleRateBitDepth: unchanged (null)
   = dsdSupport: unchanged (null)
   = hiResCertification: unchanged (null)
   = dacChipsetFamily: unchanged (null)
   = streamingPlatformSupport: unchanged (null)
   = networkConnection: unchanged (null)
   = driveType: unchanged (null)
   = turntableOperation: unchanged (null)
   = speedsSupported: unchanged (null)
   = phonoPreampBuiltIn: unchanged (null)
   = cartridgeIncluded: unchanged (null)
   = usbDigitalOutput: unchanged (null)
   = bluetoothCodecs: unchanged (null)
   = voiceAssistant: unchanged (null)
   ~ multiroomSupport: null -> false
   ~ finishColor: null -> ["black"]
   ~ rackMountable19: null -> false
   ~ countryOfManufacture: null -> "Poland"
   💾 backed up prior filterAttributes -> /home/jan/work/sanglogium/sanity-cms/backups/backup_headphones_k27n1AQuIbSr5iozG1vExT_2026-09-14T10-46-55-252Z.json
   ✅ patched. rev: Ch755lAE5GLsZ435CxbZKR

🎧 PATCH (WRITE) — Feliks Audio Feliks Audio Envy Flagship Desktop Headphone Tube Amplifier - Open Box (moXlkADK7m1DHgGwWwEeK6)

   Field diff (filterAttributes.*):
   = brand: unchanged (["feliks-audio"])
   = customerRating: unchanged (null)
   ~ condition: null -> "open-box"
   ~ inStock: true -> false
   ~ dealsDiscount: null -> "on-sale"
   ~ newArrival: null -> false
   = awards: unchanged (null)
   ~ deviceType: "headphone-amp" -> null
   ~ deviceConnectivity: null -> "wired"
   = formFactor: unchanged ("desktop")
   = dacIncluded: unchanged (false)
   ~ balancedOutput: false -> true
   = amplification: unchanged ("tube")
   = powerOutputPerChannelW: unchanged (null)
   = channelCount: unchanged (null)
   ~ inputs: ["usb"] -> ["rca","xlr"]
   ~ outputs: ["4.4mm"] -> ["headphone-jack","pre-out"]
   ~ phonoStageBuiltIn: null -> false
   ~ trigger12v: null -> false
   ~ remoteControlIncluded: null -> false
   = maxSampleRateBitDepth: unchanged (null)
   = dsdSupport: unchanged (null)
   = hiResCertification: unchanged (null)
   = dacChipsetFamily: unchanged (null)
   = streamingPlatformSupport: unchanged (null)
   = networkConnection: unchanged (null)
   = driveType: unchanged (null)
   = turntableOperation: unchanged (null)
   = speedsSupported: unchanged (null)
   = phonoPreampBuiltIn: unchanged (null)
   = cartridgeIncluded: unchanged (null)
   = usbDigitalOutput: unchanged (null)
   = bluetoothCodecs: unchanged (null)
   = voiceAssistant: unchanged (null)
   ~ multiroomSupport: null -> false
   ~ finishColor: null -> ["oak","american walnut","custom","amazaque","merbau","sapele mahogany","zebrano"]
   ~ rackMountable19: null -> false
   ~ countryOfManufacture: null -> "Poland"
   💾 backed up prior filterAttributes -> /home/jan/work/sanglogium/sanity-cms/backups/backup_headphones_moXlkADK7m1DHgGwWwEeK6_2026-09-14T10-46-56-562Z.json
   ✅ patched. rev: MzerujO1CrL1dzm03eOp4x

🎧 PATCH (WRITE) — Feliks Audio Feliks Audio Envy Flagship Desktop Headphone Tube Amplifier (Pn6oyV4Ks5AcNbecjh3AqB)

   Field diff (filterAttributes.*):
   = brand: unchanged (["feliks-audio"])
   = customerRating: unchanged (null)
   ~ condition: null -> "new"
   ~ inStock: true -> false
   ~ dealsDiscount: null -> "none"
   ~ newArrival: null -> false
   = awards: unchanged (null)
   ~ deviceType: "headphone-amp" -> null
   ~ deviceConnectivity: null -> "wired"
   = formFactor: unchanged ("desktop")
   = dacIncluded: unchanged (false)
   ~ balancedOutput: false -> true
   = amplification: unchanged ("tube")
   = powerOutputPerChannelW: unchanged (null)
   = channelCount: unchanged (null)
   ~ inputs: ["usb"] -> ["rca","xlr"]
   ~ outputs: ["4.4mm"] -> ["headphone-jack","pre-out"]
   ~ phonoStageBuiltIn: null -> false
   ~ trigger12v: null -> false
   ~ remoteControlIncluded: null -> false
   = maxSampleRateBitDepth: unchanged (null)
   = dsdSupport: unchanged (null)
   = hiResCertification: unchanged (null)
   = dacChipsetFamily: unchanged (null)
   = streamingPlatformSupport: unchanged (null)
   = networkConnection: unchanged (null)
   = driveType: unchanged (null)
   = turntableOperation: unchanged (null)
   = speedsSupported: unchanged (null)
   = phonoPreampBuiltIn: unchanged (null)
   = cartridgeIncluded: unchanged (null)
   = usbDigitalOutput: unchanged (null)
   = bluetoothCodecs: unchanged (null)
   = voiceAssistant: unchanged (null)
   ~ multiroomSupport: null -> false
   ~ finishColor: null -> ["oak","american walnut","custom","amazaque","merbau","sapele mahogany","zebrano"]
   ~ rackMountable19: null -> false
   ~ countryOfManufacture: null -> "Poland"
   💾 backed up prior filterAttributes -> /home/jan/work/sanglogium/sanity-cms/backups/backup_headphones_Pn6oyV4Ks5AcNbecjh3AqB_2026-09-14T10-46-57-646Z.json
   ✅ patched. rev: 7P2D00ai8KUgrZgiFcwLDw

🎧 PATCH (WRITE) — Enleum Enleum Amp 23-RMH Headphone Amplifier (Pn6oyV4Ks5AcNbecjkVOLR)

   Field diff (filterAttributes.*):
   = brand: unchanged (["enleum"])
   = customerRating: unchanged (null)
   ~ condition: null -> "new"
   ~ inStock: true -> false
   ~ dealsDiscount: null -> "none"
   ~ newArrival: null -> false
   ~ awards: null -> ["Red Dot Design Award 2022","iF Design Award 2023"]
   ~ deviceType: "headphone-amp" -> null
   ~ deviceConnectivity: null -> "wired"
   ~ formFactor: "desktop" -> "portable"
   = dacIncluded: unchanged (false)
   = balancedOutput: unchanged (false)
   = amplification: unchanged ("solid-state")
   ~ powerOutputPerChannelW: null -> 1.35
   ~ channelCount: null -> ["2.0"]
   = inputs: unchanged (["rca"])
   ~ outputs: ["4.4mm"] -> ["headphone-jack"]
   = phonoStageBuiltIn: unchanged (null)
   ~ trigger12v: null -> false
   ~ remoteControlIncluded: null -> false
   = maxSampleRateBitDepth: unchanged (null)
   = dsdSupport: unchanged (null)
   = hiResCertification: unchanged (null)
   = dacChipsetFamily: unchanged (null)
   = streamingPlatformSupport: unchanged (null)
   = networkConnection: unchanged (null)
   = driveType: unchanged (null)
   = turntableOperation: unchanged (null)
   = speedsSupported: unchanged (null)
   = phonoPreampBuiltIn: unchanged (null)
   = cartridgeIncluded: unchanged (null)
   = usbDigitalOutput: unchanged (null)
   = bluetoothCodecs: unchanged (null)
   = voiceAssistant: unchanged (null)
   = multiroomSupport: unchanged (null)
   ~ finishColor: null -> ["black"]
   ~ rackMountable19: null -> false
   ~ countryOfManufacture: null -> "South Korea"
   💾 backed up prior filterAttributes -> /home/jan/work/sanglogium/sanity-cms/backups/backup_headphones_Pn6oyV4Ks5AcNbecjkVOLR_2026-09-14T10-46-58-671Z.json
   ✅ patched. rev: Ch755lAE5GLsZ435CxbZXB

🎧 PATCH (WRITE) — Enleum Enleum Amp-23r Desktop Headphone & Speaker Amplifier - Open Box (k27n1AQuIbSr5iozG1vPuL)

   Field diff (filterAttributes.*):
   = brand: unchanged (["enleum"])
   = customerRating: unchanged (null)
   ~ condition: null -> "open-box"
   ~ inStock: true -> false
   ~ dealsDiscount: null -> "sale"
   ~ newArrival: null -> false
   ~ awards: null -> ["Red Dot Award: Product Design 2021","iF Design Gold Award 2022"]
   ~ deviceType: "headphone-amp" -> "integrated-amplifier"
   ~ deviceConnectivity: null -> "wired"
   = formFactor: unchanged ("desktop")
   = dacIncluded: unchanged (false)
   = balancedOutput: unchanged (false)
   = amplification: unchanged ("solid-state")
   ~ powerOutputPerChannelW: null -> 25
   ~ channelCount: null -> ["2.0"]
   ~ inputs: ["usb"] -> ["rca"]
   ~ outputs: ["4.4mm"] -> ["speaker-terminals","headphone-jack"]
   ~ phonoStageBuiltIn: null -> "none"
   ~ trigger12v: null -> false
   ~ remoteControlIncluded: null -> true
   = maxSampleRateBitDepth: unchanged (null)
   = dsdSupport: unchanged (null)
   = hiResCertification: unchanged (null)
   = dacChipsetFamily: unchanged (null)
   = streamingPlatformSupport: unchanged (null)
   = networkConnection: unchanged (null)
   = driveType: unchanged (null)
   = turntableOperation: unchanged (null)
   = speedsSupported: unchanged (null)
   = phonoPreampBuiltIn: unchanged (null)
   = cartridgeIncluded: unchanged (null)
   = usbDigitalOutput: unchanged (null)
   = bluetoothCodecs: unchanged (null)
   = voiceAssistant: unchanged (null)
   = multiroomSupport: unchanged (null)
   ~ finishColor: null -> ["black"]
   ~ rackMountable19: null -> false
   ~ countryOfManufacture: null -> "South Korea"
   💾 backed up prior filterAttributes -> /home/jan/work/sanglogium/sanity-cms/backups/backup_headphones_k27n1AQuIbSr5iozG1vPuL_2026-09-14T10-46-59-777Z.json
   ✅ patched. rev: 7P2D00ai8KUgrZgiFcwLKx

🎧 PATCH (WRITE) — Enleum Enleum Amp-23r Desktop Headphone & Speaker Amplifier (PHPYj28HJdPDHAaIBChGhe)

   Field diff (filterAttributes.*):
   = brand: unchanged (["enleum"])
   = customerRating: unchanged (null)
   ~ condition: null -> "new"
   ~ inStock: true -> false
   ~ dealsDiscount: null -> "none"
   ~ newArrival: null -> false
   ~ awards: null -> ["Red Dot Award: Product Design 2021","iF Design Gold Award 2022"]
   ~ deviceType: "headphone-amp" -> "integrated-amplifier"
   ~ deviceConnectivity: null -> "wired"
   = formFactor: unchanged ("desktop")
   = dacIncluded: unchanged (false)
   = balancedOutput: unchanged (false)
   = amplification: unchanged ("solid-state")
   ~ powerOutputPerChannelW: null -> 25
   ~ channelCount: null -> ["2.0"]
   = inputs: unchanged (["rca"])
   ~ outputs: ["4.4mm"] -> ["speaker-terminals","headphone-jack"]
   ~ phonoStageBuiltIn: null -> "none"
   ~ trigger12v: null -> false
   ~ remoteControlIncluded: null -> true
   = maxSampleRateBitDepth: unchanged (null)
   = dsdSupport: unchanged (null)
   = hiResCertification: unchanged (null)
   = dacChipsetFamily: unchanged (null)
   = streamingPlatformSupport: unchanged (null)
   = networkConnection: unchanged (null)
   = driveType: unchanged (null)
   = turntableOperation: unchanged (null)
   = speedsSupported: unchanged (null)
   = phonoPreampBuiltIn: unchanged (null)
   = cartridgeIncluded: unchanged (null)
   = usbDigitalOutput: unchanged (null)
   = bluetoothCodecs: unchanged (null)
   = voiceAssistant: unchanged (null)
   = multiroomSupport: unchanged (null)
   ~ finishColor: null -> ["black"]
   ~ rackMountable19: null -> false
   ~ countryOfManufacture: null -> "South Korea"
   💾 backed up prior filterAttributes -> /home/jan/work/sanglogium/sanity-cms/backups/backup_headphones_PHPYj28HJdPDHAaIBChGhe_2026-09-14T10-47-00-831Z.json
   ✅ patched. rev: Ch755lAE5GLsZ435CxbZdY

🎧 PATCH (WRITE) — Enleum Enleum HPA-23rm Headphone Amplifier (Pn6oyV4Ks5AcNbecjkVKDF)

   Field diff (filterAttributes.*):
   = brand: unchanged (["enleum"])
   = customerRating: unchanged (null)
   ~ condition: null -> "new"
   ~ inStock: true -> false
   = dealsDiscount: unchanged (null)
   ~ newArrival: null -> false
   ~ awards: null -> ["Red Dot Design Award 2022","iF Design Award 2023"]
   ~ deviceType: "headphone-amp" -> null
   ~ deviceConnectivity: null -> "wired"
   ~ formFactor: "desktop" -> "portable"
   = dacIncluded: unchanged (false)
   = balancedOutput: unchanged (false)
   = amplification: unchanged ("solid-state")
   ~ powerOutputPerChannelW: null -> 1
   ~ channelCount: null -> ["2.0"]
   = inputs: unchanged (["rca"])
   ~ outputs: ["4.4mm"] -> ["headphone-jack"]
   = phonoStageBuiltIn: unchanged (null)
   ~ trigger12v: null -> false
   ~ remoteControlIncluded: null -> false
   = maxSampleRateBitDepth: unchanged (null)
   = dsdSupport: unchanged (null)
   = hiResCertification: unchanged (null)
   = dacChipsetFamily: unchanged (null)
   = streamingPlatformSupport: unchanged (null)
   = networkConnection: unchanged (null)
   = driveType: unchanged (null)
   = turntableOperation: unchanged (null)
   = speedsSupported: unchanged (null)
   = phonoPreampBuiltIn: unchanged (null)
   = cartridgeIncluded: unchanged (null)
   = usbDigitalOutput: unchanged (null)
   = bluetoothCodecs: unchanged (null)
   = voiceAssistant: unchanged (null)
   = multiroomSupport: unchanged (null)
   ~ finishColor: null -> ["black"]
   ~ rackMountable19: null -> false
   ~ countryOfManufacture: null -> "South Korea"
   💾 backed up prior filterAttributes -> /home/jan/work/sanglogium/sanity-cms/backups/backup_headphones_Pn6oyV4Ks5AcNbecjkVKDF_2026-09-14T10-47-01-883Z.json
   ✅ patched. rev: Ch755lAE5GLsZ435CxbZhN

🎧 PATCH (WRITE) — Denon Denon DCD-1700NE CD/SACD Player with Advanced AL32 Processing Plus (Black) (ZuUKzmkqDyQwdcwhxlIcNL)

   Field diff (filterAttributes.*):
   ~ price: 149900 -> {"min":1499,"max":1499,"currency":"USD"}
   = customerRating: unchanged (null)
   ~ awards: null -> []
   ~ condition: null -> "new"
   = inStock: unchanged (true)
   ~ dealsDiscount: null -> "none"
   ~ newArrival: null -> false
   ~ deviceType: "dap" -> "cd-player-transport"
   ~ deviceConnectivity: null -> "wired"
   = formFactor: unchanged ("desktop")
   ~ amplification: "solid-state" -> null
   = dacIncluded: unchanged (true)
   = balancedOutput: unchanged (false)
   = powerOutputPerChannelW: unchanged (null)
   = channelCount: unchanged (null)
   = phonoStageBuiltIn: unchanged (null)
   = trigger12v: unchanged (null)
   = remoteControlIncluded: unchanged (null)
   ~ inputs: ["usb"] -> []
   ~ outputs: ["4.4mm"] -> null
   ~ maxSampleRateBitDepth: null -> "192kHz/24bit"
   ~ dsdSupport: null -> "dsd128"
   = hiResCertification: unchanged (null)
   = dacChipsetFamily: unchanged (null)
   ~ streamingPlatformSupport: null -> []
   ~ networkConnection: null -> []
   = driveType: unchanged (null)
   = turntableOperation: unchanged (null)
   = speedsSupported: unchanged (null)
   = phonoPreampBuiltIn: unchanged (null)
   = cartridgeIncluded: unchanged (null)
   = usbDigitalOutput: unchanged (null)
   = bluetoothCodecs: unchanged (null)
   = voiceAssistant: unchanged (null)
   = multiroomSupport: unchanged (null)
   ~ finishColor: null -> ["Black"]
   ~ rackMountable19: null -> false
   = countryOfManufacture: unchanged (null)
   💾 backed up prior filterAttributes -> /home/jan/work/sanglogium/sanity-cms/backups/backup_headphones_ZuUKzmkqDyQwdcwhxlIcNL_2026-09-14T10-47-02-949Z.json
   ✅ patched. rev: MzerujO1CrL1dzm03eOqfb

🎧 PATCH (WRITE) — Denon Denon DNP-2000NE Streaming Music Player and Preamplifier - Open Box (MrEMtYwMtrFDGWmRnRH2Ru)

   Field diff (filterAttributes.*):
   ~ price: 99900 -> {"min":999,"max":999,"currency":"USD"}
   = customerRating: unchanged (null)
   ~ awards: null -> []
   ~ condition: null -> "open-box"
   = inStock: unchanged (true)
   = dealsDiscount: unchanged (null)
   ~ newArrival: null -> false
   ~ deviceType: "dap" -> "network-streamer"
   ~ deviceConnectivity: null -> "wifi-networked"
   = formFactor: unchanged ("desktop")
   ~ amplification: "solid-state" -> null
   = dacIncluded: unchanged (true)
   = balancedOutput: unchanged (false)
   = powerOutputPerChannelW: unchanged (null)
   = channelCount: unchanged (null)
   = phonoStageBuiltIn: unchanged (null)
   = trigger12v: unchanged (null)
   = remoteControlIncluded: unchanged (null)
   ~ inputs: ["optical"] -> ["usb","optical","coaxial","hdmi-earc","bluetooth"]
   ~ outputs: ["4.4mm"] -> null
   ~ maxSampleRateBitDepth: null -> "384kHz/32bit"
   ~ dsdSupport: null -> "dsd256-plus"
   = hiResCertification: unchanged (null)
   ~ dacChipsetFamily: null -> ["ess-sabre"]
   ~ streamingPlatformSupport: null -> ["airplay2","spotify-connect","tidal-connect","roon-ready"]
   ~ networkConnection: null -> ["wifi","ethernet"]
   = driveType: unchanged (null)
   = turntableOperation: unchanged (null)
   = speedsSupported: unchanged (null)
   = phonoPreampBuiltIn: unchanged (null)
   = cartridgeIncluded: unchanged (null)
   = usbDigitalOutput: unchanged (null)
   ~ bluetoothCodecs: null -> ["sbc"]
   ~ voiceAssistant: null -> ["alexa","google-assistant"]
   ~ multiroomSupport: null -> true
   ~ finishColor: null -> ["Black"]
   ~ rackMountable19: null -> false
   = countryOfManufacture: unchanged (null)
   💾 backed up prior filterAttributes -> /home/jan/work/sanglogium/sanity-cms/backups/backup_headphones_MrEMtYwMtrFDGWmRnRH2Ru_2026-09-14T10-47-04-240Z.json
   ✅ patched. rev: 7P2D00ai8KUgrZgiFcwLdf

🎧 PATCH (WRITE) — Denon Denon DNP-2000NE Streaming Music Player and Preamplifier (Pn6oyV4Ks5AcNbecjkSVqY)

   Field diff (filterAttributes.*):
   ~ price: 179900 -> {"min":1799,"max":1799,"currency":"USD"}
   = customerRating: unchanged (null)
   ~ awards: null -> []
   ~ condition: null -> "new"
   = inStock: unchanged (true)
   ~ dealsDiscount: null -> "none"
   ~ newArrival: null -> false
   ~ deviceType: "dap" -> "network-streamer"
   ~ deviceConnectivity: null -> "wifi-networked"
   = formFactor: unchanged ("desktop")
   ~ amplification: "solid-state" -> null
   = dacIncluded: unchanged (true)
   = balancedOutput: unchanged (false)
   = powerOutputPerChannelW: unchanged (null)
   = channelCount: unchanged (null)
   = phonoStageBuiltIn: unchanged (null)
   = trigger12v: unchanged (null)
   = remoteControlIncluded: unchanged (null)
   ~ inputs: ["optical"] -> ["usb","optical","coaxial","hdmi-earc","bluetooth"]
   ~ outputs: ["4.4mm"] -> null
   ~ maxSampleRateBitDepth: null -> "384kHz/32bit"
   ~ dsdSupport: null -> "dsd256-plus"
   = hiResCertification: unchanged (null)
   ~ dacChipsetFamily: null -> ["ess-sabre"]
   ~ streamingPlatformSupport: null -> ["airplay2","spotify-connect","tidal-connect","roon-ready"]
   ~ networkConnection: null -> ["wifi","ethernet"]
   = driveType: unchanged (null)
   = turntableOperation: unchanged (null)
   = speedsSupported: unchanged (null)
   = phonoPreampBuiltIn: unchanged (null)
   = cartridgeIncluded: unchanged (null)
   = usbDigitalOutput: unchanged (null)
   ~ bluetoothCodecs: null -> ["sbc"]
   ~ voiceAssistant: null -> ["alexa","google-assistant"]
   ~ multiroomSupport: null -> true
   ~ finishColor: null -> ["Black"]
   ~ rackMountable19: null -> false
   = countryOfManufacture: unchanged (null)
   💾 backed up prior filterAttributes -> /home/jan/work/sanglogium/sanity-cms/backups/backup_headphones_Pn6oyV4Ks5AcNbecjkSVqY_2026-09-14T10-47-05-407Z.json
   ✅ patched. rev: 7P2D00ai8KUgrZgiFcwLn1

🎧 PATCH (WRITE) — CrinEar CrinEar Protocol Max (Pn6oyV4Ks5AcNbecjh0awA)

   Field diff (filterAttributes.*):
   = customerRating: unchanged (null)
   ~ awards: null -> []
   = condition: unchanged (null)
   ~ inStock: true -> null
   = dealsDiscount: unchanged (null)
   = newArrival: unchanged (null)
   ~ deviceType: "dac-amp-combo" -> "dac"
   ~ deviceConnectivity: null -> "wired"
   ~ amplification: "solid-state" -> null
   = powerOutputPerChannelW: unchanged (null)
   = channelCount: unchanged (null)
   = inputs: unchanged (["usb"])
   ~ outputs: ["4.4mm"] -> null
   = phonoStageBuiltIn: unchanged (null)
   = trigger12v: unchanged (null)
   = remoteControlIncluded: unchanged (null)
   = maxSampleRateBitDepth: unchanged (null)
   = dsdSupport: unchanged (null)
   = hiResCertification: unchanged (null)
   ~ dacChipsetFamily: null -> ["cirrus-logic"]
   ~ streamingPlatformSupport: null -> []
   ~ networkConnection: null -> []
   = driveType: unchanged (null)
   = turntableOperation: unchanged (null)
   = speedsSupported: unchanged (null)
   = phonoPreampBuiltIn: unchanged (null)
   = cartridgeIncluded: unchanged (null)
   = usbDigitalOutput: unchanged (null)
   = bluetoothCodecs: unchanged (null)
   = voiceAssistant: unchanged (null)
   = multiroomSupport: unchanged (null)
   ~ finishColor: null -> ["Black"]
   ~ rackMountable19: null -> false
   = countryOfManufacture: unchanged (null)
   💾 backed up prior filterAttributes -> /home/jan/work/sanglogium/sanity-cms/backups/backup_headphones_Pn6oyV4Ks5AcNbecjh0awA_2026-09-14T10-47-06-572Z.json
   ✅ patched. rev: Ch755lAE5GLsZ435CxbZnk

🎧 PATCH (WRITE) — Cayin Cayin N3Ultra Triple Timbre Digital Audio Player (DZc43yHr6ydfgE7zB45LQY)

   Field diff (filterAttributes.*):
   = brand: unchanged (["cayin"])
   = customerRating: unchanged (null)
   ~ condition: null -> "new"
   ~ inStock: true -> null
   ~ dealsDiscount: null -> "none"
   = newArrival: unchanged (null)
   = awards: unchanged (null)
   ~ deviceType: "dap" -> null
   ~ deviceConnectivity: null -> "wired"
   ~ formFactor: "desktop" -> "portable"
   = dacIncluded: unchanged (true)
   ~ balancedOutput: false -> true
   ~ amplification: "solid-state" -> null
   = powerOutputPerChannelW: unchanged (null)
   = channelCount: unchanged (null)
   ~ inputs: ["usb"] -> null
   ~ outputs: ["4.4mm"] -> null
   = phonoStageBuiltIn: unchanged (null)
   = trigger12v: unchanged (null)
   = remoteControlIncluded: unchanged (null)
   = maxSampleRateBitDepth: unchanged (null)
   = dsdSupport: unchanged (null)
   = hiResCertification: unchanged (null)
   = dacChipsetFamily: unchanged (null)
   = streamingPlatformSupport: unchanged (null)
   = networkConnection: unchanged (null)
   = driveType: unchanged (null)
   = turntableOperation: unchanged (null)
   = speedsSupported: unchanged (null)
   = phonoPreampBuiltIn: unchanged (null)
   = cartridgeIncluded: unchanged (null)
   = usbDigitalOutput: unchanged (null)
   = bluetoothCodecs: unchanged (null)
   = voiceAssistant: unchanged (null)
   = multiroomSupport: unchanged (null)
   ~ finishColor: null -> ["Black"]
   ~ rackMountable19: null -> false
   = countryOfManufacture: unchanged (null)
   💾 backed up prior filterAttributes -> /home/jan/work/sanglogium/sanity-cms/backups/backup_headphones_DZc43yHr6ydfgE7zB45LQY_2026-09-14T10-47-07-849Z.json
   ✅ patched. rev: Ch755lAE5GLsZ435CxbZrZ

🎧 PATCH (WRITE) — Cayin Cayin RU3 Portable USB DAC/Amp (GPjMdcfFWZVrKyR2PBA93S)

   Field diff (filterAttributes.*):
   = brand: unchanged (["cayin"])
   = customerRating: unchanged (null)
   ~ condition: null -> "new"
   ~ inStock: true -> null
   ~ dealsDiscount: null -> "none"
   = newArrival: unchanged (null)
   = awards: unchanged (null)
   ~ deviceType: "dac-amp-combo" -> "dac"
   ~ deviceConnectivity: null -> "wired"
   ~ formFactor: "portable" -> "dongle"
   = dacIncluded: unchanged (true)
   ~ balancedOutput: false -> true
   ~ amplification: "solid-state" -> null
   = powerOutputPerChannelW: unchanged (null)
   = channelCount: unchanged (null)
   = inputs: unchanged (["usb"])
   ~ outputs: ["4.4mm"] -> null
   = phonoStageBuiltIn: unchanged (null)
   = trigger12v: unchanged (null)
   = remoteControlIncluded: unchanged (null)
   ~ maxSampleRateBitDepth: null -> "32-bit / 768 kHz"
   ~ dsdSupport: null -> "dsd256-plus"
   = hiResCertification: unchanged (null)
   ~ dacChipsetFamily: null -> ["ess-sabre"]
   = streamingPlatformSupport: unchanged (null)
   = networkConnection: unchanged (null)
   = driveType: unchanged (null)
   = turntableOperation: unchanged (null)
   = speedsSupported: unchanged (null)
   = phonoPreampBuiltIn: unchanged (null)
   = cartridgeIncluded: unchanged (null)
   = usbDigitalOutput: unchanged (null)
   = bluetoothCodecs: unchanged (null)
   = voiceAssistant: unchanged (null)
   = multiroomSupport: unchanged (null)
   ~ finishColor: null -> ["Black"]
   ~ rackMountable19: null -> false
   = countryOfManufacture: unchanged (null)
   💾 backed up prior filterAttributes -> /home/jan/work/sanglogium/sanity-cms/backups/backup_headphones_GPjMdcfFWZVrKyR2PBA93S_2026-09-14T10-47-08-885Z.json
   ✅ patched. rev: 7P2D00ai8KUgrZgiFcwLyi

🎧 PATCH (WRITE) — Cayin Cayin RU7 1-Bit Resistor Network Portable DAC (xMEqvkRBbdrlJXyFG8lIgj)

   Field diff (filterAttributes.*):
   = brand: unchanged (["cayin"])
   = customerRating: unchanged (null)
   ~ condition: null -> "new"
   ~ inStock: true -> null
   ~ dealsDiscount: null -> "none"
   = newArrival: unchanged (null)
   = awards: unchanged (null)
   = deviceType: unchanged ("dac")
   ~ deviceConnectivity: null -> "wired"
   ~ formFactor: "portable" -> "dongle"
   = dacIncluded: unchanged (true)
   ~ balancedOutput: false -> true
   ~ amplification: "solid-state" -> null
   = powerOutputPerChannelW: unchanged (null)
   = channelCount: unchanged (null)
   = inputs: unchanged (["usb"])
   ~ outputs: ["4.4mm"] -> null
   = phonoStageBuiltIn: unchanged (null)
   = trigger12v: unchanged (null)
   = remoteControlIncluded: unchanged (null)
   = maxSampleRateBitDepth: unchanged (null)
   ~ dsdSupport: null -> "dsd256-plus"
   = hiResCertification: unchanged (null)
   ~ dacChipsetFamily: null -> ["r2r-ladder"]
   = streamingPlatformSupport: unchanged (null)
   = networkConnection: unchanged (null)
   = driveType: unchanged (null)
   = turntableOperation: unchanged (null)
   = speedsSupported: unchanged (null)
   = phonoPreampBuiltIn: unchanged (null)
   = cartridgeIncluded: unchanged (null)
   = usbDigitalOutput: unchanged (null)
   = bluetoothCodecs: unchanged (null)
   = voiceAssistant: unchanged (null)
   = multiroomSupport: unchanged (null)
   ~ finishColor: null -> ["Black"]
   ~ rackMountable19: null -> false
   = countryOfManufacture: unchanged (null)
   💾 backed up prior filterAttributes -> /home/jan/work/sanglogium/sanity-cms/backups/backup_headphones_xMEqvkRBbdrlJXyFG8lIgj_2026-09-14T10-47-09-936Z.json
   ✅ patched. rev: MzerujO1CrL1dzm03eOrbt

🎧 PATCH (WRITE) — Cayin Cayin RU9 Vacuum Tube Portable DAC/Amp (GPjMdcfFWZVrKyR2PBA7rO)

   Field diff (filterAttributes.*):
   = brand: unchanged (["cayin"])
   = customerRating: unchanged (null)
   ~ condition: null -> "new"
   ~ inStock: true -> null
   ~ dealsDiscount: null -> "none"
   = newArrival: unchanged (null)
   = awards: unchanged (null)
   ~ deviceType: "dac-amp-combo" -> "dac"
   ~ deviceConnectivity: null -> "wired-wireless"
   = formFactor: unchanged ("portable")
   = dacIncluded: unchanged (true)
   ~ balancedOutput: false -> true
   ~ amplification: "tube" -> null
   = powerOutputPerChannelW: unchanged (null)
   = channelCount: unchanged (null)
   ~ inputs: ["usb"] -> ["usb","bluetooth","coaxial"]
   ~ outputs: ["4.4mm"] -> null
   = phonoStageBuiltIn: unchanged (null)
   = trigger12v: unchanged (null)
   = remoteControlIncluded: unchanged (null)
   = maxSampleRateBitDepth: unchanged (null)
   = dsdSupport: unchanged (null)
   = hiResCertification: unchanged (null)
   ~ dacChipsetFamily: null -> ["akm"]
   = streamingPlatformSupport: unchanged (null)
   = networkConnection: unchanged (null)
   = driveType: unchanged (null)
   = turntableOperation: unchanged (null)
   = speedsSupported: unchanged (null)
   = phonoPreampBuiltIn: unchanged (null)
   = cartridgeIncluded: unchanged (null)
   = usbDigitalOutput: unchanged (null)
   ~ bluetoothCodecs: null -> ["ldac","aptx-hd"]
   = voiceAssistant: unchanged (null)
   = multiroomSupport: unchanged (null)
   ~ finishColor: null -> ["Grey"]
   ~ rackMountable19: null -> false
   = countryOfManufacture: unchanged (null)
   💾 backed up prior filterAttributes -> /home/jan/work/sanglogium/sanity-cms/backups/backup_headphones_GPjMdcfFWZVrKyR2PBA7rO_2026-09-14T10-47-10-998Z.json
   ✅ patched. rev: Ch755lAE5GLsZ435CxbZxw

🎧 PATCH (WRITE) — Cambridge Audio Cambridge Audio DacMagic 100 (Pn6oyV4Ks5AcNbecjkSwUK)

   Field diff (filterAttributes.*):
   ~ brand: ["cambridge-audio"] -> "cambridge-audio"
   = customerRating: unchanged (null)
   ~ condition: null -> "new"
   = inStock: unchanged (true)
   ~ dealsDiscount: null -> "none"
   ~ newArrival: null -> false
   ~ awards: null -> []
   ~ deviceType: "dac-amp-combo" -> "dac"
   ~ deviceConnectivity: null -> "wired"
   = formFactor: unchanged ("desktop")
   = dacIncluded: unchanged (true)
   = balancedOutput: unchanged (false)
   ~ amplification: "solid-state" -> null
   = powerOutputPerChannelW: unchanged (null)
   = channelCount: unchanged (null)
   ~ inputs: ["usb","optical","coaxial","rca"] -> ["usb","optical","coaxial"]
   ~ outputs: ["4.4mm"] -> null
   = phonoStageBuiltIn: unchanged (null)
   = trigger12v: unchanged (null)
   = remoteControlIncluded: unchanged (null)
   ~ maxSampleRateBitDepth: null -> "24-bit / 192 kHz"
   ~ dsdSupport: null -> "none"
   ~ hiResCertification: null -> []
   = dacChipsetFamily: unchanged (null)
   ~ streamingPlatformSupport: null -> []
   ~ networkConnection: null -> []
   = driveType: unchanged (null)
   = turntableOperation: unchanged (null)
   = speedsSupported: unchanged (null)
   = phonoPreampBuiltIn: unchanged (null)
   = cartridgeIncluded: unchanged (null)
   = usbDigitalOutput: unchanged (null)
   = bluetoothCodecs: unchanged (null)
   = voiceAssistant: unchanged (null)
   = multiroomSupport: unchanged (null)
   = finishColor: unchanged (null)
   ~ rackMountable19: null -> false
   = countryOfManufacture: unchanged (null)
   💾 backed up prior filterAttributes -> /home/jan/work/sanglogium/sanity-cms/backups/backup_headphones_Pn6oyV4Ks5AcNbecjkSwUK_2026-09-14T10-47-12-050Z.json
   ✅ patched. rev: 7P2D00ai8KUgrZgiFcwM5j

🎧 PATCH (WRITE) — Cambridge Audio Cambridge Audio DacMagic 200M - Open Box (MrEMtYwMtrFDGWmRnRHed9)

   Field diff (filterAttributes.*):
   ~ brand: ["cambridge-audio"] -> "cambridge-audio"
   = customerRating: unchanged (null)
   ~ condition: null -> "open-box"
   = inStock: unchanged (true)
   ~ dealsDiscount: null -> "none"
   ~ newArrival: null -> false
   ~ awards: null -> ["What Hi-Fi? Awards 2021 winner"]
   ~ deviceType: "dac-amp-combo" -> "dac"
   ~ deviceConnectivity: null -> "wired-wireless"
   = formFactor: unchanged ("desktop")
   = dacIncluded: unchanged (true)
   ~ balancedOutput: false -> true
   ~ amplification: "solid-state" -> null
   = powerOutputPerChannelW: unchanged (null)
   = channelCount: unchanged (null)
   ~ inputs: ["usb"] -> ["usb","optical","coaxial","bluetooth"]
   ~ outputs: ["4.4mm"] -> null
   = phonoStageBuiltIn: unchanged (null)
   = trigger12v: unchanged (null)
   = remoteControlIncluded: unchanged (null)
   ~ maxSampleRateBitDepth: null -> "24-bit / 768 kHz"
   ~ dsdSupport: null -> "dsd256-plus"
   ~ hiResCertification: null -> ["mqa"]
   ~ dacChipsetFamily: null -> ["ess-sabre"]
   ~ streamingPlatformSupport: null -> []
   ~ networkConnection: null -> []
   = driveType: unchanged (null)
   = turntableOperation: unchanged (null)
   = speedsSupported: unchanged (null)
   = phonoPreampBuiltIn: unchanged (null)
   = cartridgeIncluded: unchanged (null)
   = usbDigitalOutput: unchanged (null)
   ~ bluetoothCodecs: null -> ["sbc","aptx"]
   ~ voiceAssistant: null -> []
   ~ multiroomSupport: null -> false
   ~ finishColor: null -> ["lunar-grey","black"]
   ~ rackMountable19: null -> false
   = countryOfManufacture: unchanged (null)
   💾 backed up prior filterAttributes -> /home/jan/work/sanglogium/sanity-cms/backups/backup_headphones_MrEMtYwMtrFDGWmRnRHed9_2026-09-14T10-47-13-477Z.json
   ✅ patched. rev: 7P2D00ai8KUgrZgiFcwMCk

🎧 PATCH (WRITE) — Cambridge Audio Cambridge Audio DacMagic 200M (Pn6oyV4Ks5AcNbecjkStf2)

   Field diff (filterAttributes.*):
   ~ brand: ["cambridge-audio"] -> "cambridge-audio"
   = customerRating: unchanged (null)
   ~ condition: null -> "new"
   = inStock: unchanged (true)
   ~ dealsDiscount: null -> "none"
   ~ newArrival: null -> false
   ~ awards: null -> ["What Hi-Fi? Awards 2021 winner"]
   ~ deviceType: "dac-amp-combo" -> "dac"
   ~ deviceConnectivity: null -> "wired-wireless"
   = formFactor: unchanged ("desktop")
   = dacIncluded: unchanged (true)
   ~ balancedOutput: false -> true
   ~ amplification: "solid-state" -> null
   = powerOutputPerChannelW: unchanged (null)
   = channelCount: unchanged (null)
   ~ inputs: ["usb"] -> ["usb","optical","coaxial","bluetooth"]
   ~ outputs: ["4.4mm"] -> null
   = phonoStageBuiltIn: unchanged (null)
   = trigger12v: unchanged (null)
   = remoteControlIncluded: unchanged (null)
   ~ maxSampleRateBitDepth: null -> "24-bit / 768 kHz"
   ~ dsdSupport: null -> "dsd256-plus"
   ~ hiResCertification: null -> ["mqa"]
   ~ dacChipsetFamily: null -> ["ess-sabre"]
   ~ streamingPlatformSupport: null -> []
   ~ networkConnection: null -> []
   = driveType: unchanged (null)
   = turntableOperation: unchanged (null)
   = speedsSupported: unchanged (null)
   = phonoPreampBuiltIn: unchanged (null)
   = cartridgeIncluded: unchanged (null)
   = usbDigitalOutput: unchanged (null)
   ~ bluetoothCodecs: null -> ["sbc","aptx"]
   ~ voiceAssistant: null -> []
   ~ multiroomSupport: null -> false
   ~ finishColor: null -> ["lunar-grey","black"]
   ~ rackMountable19: null -> false
   = countryOfManufacture: unchanged (null)
   💾 backed up prior filterAttributes -> /home/jan/work/sanglogium/sanity-cms/backups/backup_headphones_Pn6oyV4Ks5AcNbecjkStf2_2026-09-14T10-47-14-683Z.json
   ✅ patched. rev: MzerujO1CrL1dzm03eOs2n

🎧 PATCH (WRITE) — Bluesound Bluesound Node Wireless Music Streamer (n10eAegrGspodtsQw13RKz)

   Field diff (filterAttributes.*):
   = deviceType: unchanged ("network-streamer")
   ~ deviceConnectivity: null -> "wifi-networked"
   = formFactor: unchanged ("desktop")
   ~ amplification: "solid-state" -> null
   = dacIncluded: unchanged (true)
   = balancedOutput: unchanged (false)
   = powerOutputPerChannelW: unchanged (null)
   = channelCount: unchanged (null)
   = phonoStageBuiltIn: unchanged (null)
   = trigger12v: unchanged (null)
   = remoteControlIncluded: unchanged (null)
   ~ inputs: ["usb"] -> ["hdmi-earc","optical","rca","usb","bluetooth","ethernet-lan"]
   ~ outputs: ["4.4mm"] -> null
   ~ maxSampleRateBitDepth: null -> "24-bit/192kHz"
   ~ dsdSupport: null -> "dsd256-plus"
   ~ hiResCertification: null -> ["mqa"]
   ~ dacChipsetFamily: null -> ["ess-sabre"]
   ~ streamingPlatformSupport: null -> ["airplay2","spotify-connect","tidal-connect","roon-ready"]
   ~ networkConnection: null -> ["wifi","ethernet"]
   = driveType: unchanged (null)
   = turntableOperation: unchanged (null)
   = speedsSupported: unchanged (null)
   = phonoPreampBuiltIn: unchanged (null)
   = cartridgeIncluded: unchanged (null)
   = usbDigitalOutput: unchanged (null)
   ~ bluetoothCodecs: null -> ["aptX Adaptive"]
   ~ voiceAssistant: null -> ["alexa"]
   ~ multiroomSupport: null -> true
   ~ finishColor: null -> ["black","white"]
   ~ rackMountable19: null -> false
   = countryOfManufacture: unchanged (null)
   ~ awards: null -> []
   = customerRating: unchanged (null)
   = condition: unchanged (null)
   = dealsDiscount: unchanged (null)
   = newArrival: unchanged (null)
   💾 backed up prior filterAttributes -> /home/jan/work/sanglogium/sanity-cms/backups/backup_headphones_n10eAegrGspodtsQw13RKz_2026-09-14T10-47-15-705Z.json
   ✅ patched. rev: 7P2D00ai8KUgrZgiFcwMJl

🎧 PATCH (WRITE) — Bluesound Bluesound Powernode Edge Streamer and Amplifier (MrEMtYwMtrFDGWmRnNHjjW)

   Field diff (filterAttributes.*):
   ~ deviceType: "network-streamer" -> "integrated-amplifier"
   ~ deviceConnectivity: null -> "wifi-networked"
   = formFactor: unchanged ("desktop")
   ~ amplification: "solid-state" -> null
   ~ dacIncluded: false -> true
   = balancedOutput: unchanged (false)
   ~ powerOutputPerChannelW: null -> 40
   ~ channelCount: null -> ["2.0"]
   ~ phonoStageBuiltIn: null -> "none"
   ~ trigger12v: null -> false
   ~ remoteControlIncluded: null -> false
   ~ inputs: ["usb"] -> ["hdmi-earc","optical","rca","usb","bluetooth","ethernet-lan"]
   ~ outputs: ["4.4mm"] -> ["speaker-terminals","subwoofer-out"]
   ~ maxSampleRateBitDepth: null -> "24-bit/192kHz"
   ~ dsdSupport: null -> "dsd256-plus"
   ~ hiResCertification: null -> ["mqa"]
   = dacChipsetFamily: unchanged (null)
   ~ streamingPlatformSupport: null -> ["airplay2","spotify-connect","tidal-connect","roon-ready"]
   = networkConnection: unchanged (null)
   = driveType: unchanged (null)
   = turntableOperation: unchanged (null)
   = speedsSupported: unchanged (null)
   = phonoPreampBuiltIn: unchanged (null)
   = cartridgeIncluded: unchanged (null)
   = usbDigitalOutput: unchanged (null)
   ~ bluetoothCodecs: null -> ["aptX HD"]
   ~ voiceAssistant: null -> ["alexa"]
   ~ multiroomSupport: null -> true
   ~ finishColor: null -> ["black","white"]
   ~ rackMountable19: null -> true
   = countryOfManufacture: unchanged (null)
   ~ awards: null -> []
   = customerRating: unchanged (null)
   = condition: unchanged (null)
   = dealsDiscount: unchanged (null)
   = newArrival: unchanged (null)
   💾 backed up prior filterAttributes -> /home/jan/work/sanglogium/sanity-cms/backups/backup_headphones_MrEMtYwMtrFDGWmRnNHjjW_2026-09-14T10-47-16-718Z.json
   ✅ patched. rev: 7P2D00ai8KUgrZgiFcwMQm

🎧 PATCH (WRITE) — Benchmark Media Systems Benchmark HPA4 Desktop Headphone Amplifier (SILVER) (n10eAegrGspodtsQvy4Df8)

   Field diff (filterAttributes.*):
   ~ customerRating: null -> 4.85
   ~ condition: null -> "new"
   = inStock: unchanged (true)
   ~ dealsDiscount: null -> "none"
   ~ newArrival: null -> false
   ~ awards: null -> ["Best Headphone Amplifier - AP Mastering","Best Preamplifier - Secrets of Home Theater","Stereophile Recommended Components 2025","Home Theater and High Fidelity - Best High-End Stereo Preamplifier 2021","The Absolute Sound - Product of the Year Award","hi-fi+ 20th Anniversary Top 100","AV Tech Media Awards - Best Headphone Amplifier","Everything Audio Network 2018 Product of the Year","Hi-Fi News - Outstanding Product Award"]
   ~ deviceType: "headphone-amp" -> null
   ~ deviceConnectivity: null -> "wired"
   = formFactor: unchanged ("desktop")
   = dacIncluded: unchanged (false)
   ~ balancedOutput: false -> true
   ~ amplification: "solid-state" -> null
   ~ powerOutputPerChannelW: null -> 6
   ~ channelCount: null -> ["2.0"]
   ~ inputs: ["usb"] -> ["xlr-balanced","rca"]
   ~ outputs: ["4.4mm"] -> ["pre-out-xlr","pre-out-rca","headphone-jack"]
   ~ phonoStageBuiltIn: null -> "none"
   ~ trigger12v: null -> true
   ~ remoteControlIncluded: null -> false
   = maxSampleRateBitDepth: unchanged (null)
   = dsdSupport: unchanged (null)
   = hiResCertification: unchanged (null)
   = dacChipsetFamily: unchanged (null)
   = streamingPlatformSupport: unchanged (null)
   = networkConnection: unchanged (null)
   = driveType: unchanged (null)
   = turntableOperation: unchanged (null)
   = speedsSupported: unchanged (null)
   = phonoPreampBuiltIn: unchanged (null)
   = cartridgeIncluded: unchanged (null)
   = usbDigitalOutput: unchanged (null)
   = bluetoothCodecs: unchanged (null)
   = voiceAssistant: unchanged (null)
   ~ multiroomSupport: null -> false
   ~ finishColor: null -> ["silver"]
   ~ rackMountable19: null -> false
   ~ countryOfManufacture: null -> "USA"
   💾 backed up prior filterAttributes -> /home/jan/work/sanglogium/sanity-cms/backups/backup_headphones_n10eAegrGspodtsQvy4Df8_2026-09-14T10-47-17-743Z.json
   ✅ patched. rev: MzerujO1CrL1dzm03eOsKj

🎧 PATCH (WRITE) — Auris Audio Auris Audio Euterpe (MrEMtYwMtrFDGWmRnRJqYN)

   Field diff (filterAttributes.*):
   = brand: unchanged (["auris-audio"])
   = customerRating: unchanged (null)
   ~ condition: null -> "new"
   ~ inStock: true -> false
   ~ dealsDiscount: null -> "none"
   ~ newArrival: null -> false
   ~ awards: null -> ["Headfonics Best Desktop Headphone Amplifier 2019"]
   ~ deviceType: "dac-amp-combo" -> "dac"
   ~ deviceConnectivity: null -> "wired"
   = formFactor: unchanged ("desktop")
   = dacIncluded: unchanged (true)
   = balancedOutput: unchanged (false)
   ~ amplification: "solid-state" -> null
   = powerOutputPerChannelW: unchanged (null)
   = channelCount: unchanged (null)
   ~ inputs: ["usb"] -> ["usb","rca"]
   ~ outputs: ["4.4mm"] -> null
   = phonoStageBuiltIn: unchanged (null)
   = trigger12v: unchanged (null)
   = remoteControlIncluded: unchanged (null)
   ~ maxSampleRateBitDepth: null -> "32-bit / 384 kHz"
   ~ dsdSupport: null -> "dsd128"
   = hiResCertification: unchanged (null)
   ~ dacChipsetFamily: null -> ["ess-sabre"]
   = streamingPlatformSupport: unchanged (null)
   = networkConnection: unchanged (null)
   = driveType: unchanged (null)
   = turntableOperation: unchanged (null)
   = speedsSupported: unchanged (null)
   = phonoPreampBuiltIn: unchanged (null)
   = cartridgeIncluded: unchanged (null)
   = usbDigitalOutput: unchanged (null)
   = bluetoothCodecs: unchanged (null)
   = voiceAssistant: unchanged (null)
   = multiroomSupport: unchanged (null)
   ~ finishColor: null -> ["wood","black"]
   ~ rackMountable19: null -> false
   ~ countryOfManufacture: null -> "Serbia"
   💾 backed up prior filterAttributes -> /home/jan/work/sanglogium/sanity-cms/backups/backup_headphones_MrEMtYwMtrFDGWmRnRJqYN_2026-09-14T10-47-19-467Z.json
   ✅ patched. rev: Ch755lAE5GLsZ435Cxba88

🎧 PATCH (WRITE) — iFi Audio iFi iTraveller | Multipurpose Travel Case for DACs (PHPYj28HJdPDHAaIB6HHQs)

   Field diff (filterAttributes.*):
   = customerRating: unchanged (null)
   = awards: unchanged (null)
   = condition: unchanged (null)
   = dealsDiscount: unchanged (null)
   = newArrival: unchanged (null)
   ~ accessoryType: "case" -> "cases-storage-transport"
   ~ compatibleProductType: null -> ["amplifier-source","headphone","universal-any"]
   = cableFunction: unchanged (null)
   = connectorTermination: unchanged (null)
   = lengthM: unchanged (null)
   = conductorMaterial: unchanged (null)
   = balancedUnbalanced: unchanged (null)
   = furnitureType: unchanged (null)
   = material: unchanged (null)
   = adjustableHeight: unchanged (null)
   = weightCapacityKg: unchanged (null)
   = powerProductType: unchanged (null)
   = outletCount: unchanged (null)
   = powerConnectorType: unchanged (null)
   = cleaningProductType: unchanged (null)
   = formatCompatibility: unchanged (null)
   = partType: unchanged (null)
   ~ compatibility: ["universal"] -> null
   = adapterFunction: unchanged (null)
   = treatmentType: unchanged (null)
   = mounting: unchanged (null)
   💾 backed up prior filterAttributes -> /home/jan/work/sanglogium/sanity-cms/backups/backup_headphones_PHPYj28HJdPDHAaIB6HHQs_2026-09-14T10-47-21-748Z.json
   ✅ patched. rev: Ch755lAE5GLsZ435CxbaBx

🎧 PATCH (WRITE) — ddHiFi CZ180 Portable HiFi Storage Case (MrEMtYwMtrFDGWmRnGU178)

   Field diff (filterAttributes.*):
   ~ accessoryType: "case" -> "cases-storage-transport"
   ~ compatibleProductType: null -> ["universal-any"]
   = cableFunction: unchanged (null)
   = connectorTermination: unchanged (null)
   = lengthM: unchanged (null)
   = conductorMaterial: unchanged (null)
   = balancedUnbalanced: unchanged (null)
   = furnitureType: unchanged (null)
   = material: unchanged (null)
   = adjustableHeight: unchanged (null)
   = weightCapacityKg: unchanged (null)
   = powerProductType: unchanged (null)
   = outletCount: unchanged (null)
   = powerConnectorType: unchanged (null)
   = cleaningProductType: unchanged (null)
   = formatCompatibility: unchanged (null)
   = partType: unchanged (null)
   ~ compatibility: ["universal"] -> null
   = adapterFunction: unchanged (null)
   = treatmentType: unchanged (null)
   = mounting: unchanged (null)
   = awards: unchanged (null)
   💾 backed up prior filterAttributes -> /home/jan/work/sanglogium/sanity-cms/backups/backup_headphones_MrEMtYwMtrFDGWmRnGU178_2026-09-14T10-47-23-120Z.json
   ✅ patched. rev: MzerujO1CrL1dzm03eOsh9

🎧 PATCH (WRITE) — ddHiFi CZ300 Portable Large-capacity Storage Bag (Pn6oyV4Ks5AcNbecjb1QJq)

   Field diff (filterAttributes.*):
   ~ accessoryType: "case" -> "cases-storage-transport"
   ~ compatibleProductType: null -> ["universal-any"]
   = cableFunction: unchanged (null)
   = connectorTermination: unchanged (null)
   = lengthM: unchanged (null)
   = conductorMaterial: unchanged (null)
   = balancedUnbalanced: unchanged (null)
   = furnitureType: unchanged (null)
   = material: unchanged (null)
   = adjustableHeight: unchanged (null)
   = weightCapacityKg: unchanged (null)
   = powerProductType: unchanged (null)
   = outletCount: unchanged (null)
   = powerConnectorType: unchanged (null)
   = cleaningProductType: unchanged (null)
   = formatCompatibility: unchanged (null)
   = partType: unchanged (null)
   ~ compatibility: ["universal"] -> null
   = adapterFunction: unchanged (null)
   = treatmentType: unchanged (null)
   = mounting: unchanged (null)
   = awards: unchanged (null)
   💾 backed up prior filterAttributes -> /home/jan/work/sanglogium/sanity-cms/backups/backup_headphones_Pn6oyV4Ks5AcNbecjb1QJq_2026-09-14T10-47-23-952Z.json
   ✅ patched. rev: 7P2D00ai8KUgrZgiFcwMoA

🎧 PATCH (WRITE) — ddHiFi DJ30SE 4.4mm Male to 3.5mm Female Single-Ended Adapter (MrEMtYwMtrFDGWmRnGGjYE)

   Field diff (filterAttributes.*):
   ~ accessoryType: "adapter" -> "adapters-converters"
   ~ compatibleProductType: null -> ["headphone"]
   = cableFunction: unchanged (null)
   ~ connectorTermination: ["3.5mm","4.4mm-balanced"] -> null
   = lengthM: unchanged (null)
   = conductorMaterial: unchanged (null)
   = balancedUnbalanced: unchanged (null)
   = furnitureType: unchanged (null)
   = material: unchanged (null)
   = adjustableHeight: unchanged (null)
   = weightCapacityKg: unchanged (null)
   = powerProductType: unchanged (null)
   = outletCount: unchanged (null)
   = powerConnectorType: unchanged (null)
   = cleaningProductType: unchanged (null)
   = formatCompatibility: unchanged (null)
   = partType: unchanged (null)
   ~ compatibility: ["universal"] -> null
   ~ adapterFunction: null -> ["connector-adapter"]
   = treatmentType: unchanged (null)
   = mounting: unchanged (null)
   = awards: unchanged (null)
   💾 backed up prior filterAttributes -> /home/jan/work/sanglogium/sanity-cms/backups/backup_headphones_MrEMtYwMtrFDGWmRnGGjYE_2026-09-14T10-47-25-028Z.json
   ✅ patched. rev: Ch755lAE5GLsZ435CxbaIK

🎧 PATCH (WRITE) — ddHiFi DJ35AG/DJ44AG 2.5mm Female Gold Version Adapter (MrEMtYwMtrFDGWmRnGKKBJ)
   ⚠️  NAME MISMATCH: Sanity has "ddHiFi DJ44AG Balanced Headphone Adapter | 2.5mm F to 4.4mm M", spec says "DJ35AG/DJ44AG 2.5mm Female Gold Version Adapter" for this _id. Verify productId before running --write.

   Field diff (filterAttributes.*):
   ~ accessoryType: "adapter" -> "adapters-converters"
   ~ compatibleProductType: null -> ["headphone"]
   = cableFunction: unchanged (null)
   ~ connectorTermination: ["4.4mm-balanced","2.5mm"] -> null
   = lengthM: unchanged (null)
   = conductorMaterial: unchanged (null)
   = balancedUnbalanced: unchanged (null)
   = furnitureType: unchanged (null)
   = material: unchanged (null)
   = adjustableHeight: unchanged (null)
   = weightCapacityKg: unchanged (null)
   = powerProductType: unchanged (null)
   = outletCount: unchanged (null)
   = powerConnectorType: unchanged (null)
   = cleaningProductType: unchanged (null)
   = formatCompatibility: unchanged (null)
   = partType: unchanged (null)
   ~ compatibility: ["universal"] -> null
   ~ adapterFunction: null -> ["connector-adapter"]
   = treatmentType: unchanged (null)
   = mounting: unchanged (null)
   = awards: unchanged (null)
   💾 backed up prior filterAttributes -> /home/jan/work/sanglogium/sanity-cms/backups/backup_headphones_MrEMtYwMtrFDGWmRnGKKBJ_2026-09-14T10-47-26-054Z.json
   ✅ patched. rev: Ch755lAE5GLsZ435CxbaNQ

🎧 PATCH (WRITE) — ddHiFi DJ35L 3.5mm L-Shaped Adapter (PHPYj28HJdPDHAaIB69jT4)

   Field diff (filterAttributes.*):
   ~ accessoryType: "adapter" -> "adapters-converters"
   ~ compatibleProductType: null -> ["headphone"]
   = cableFunction: unchanged (null)
   ~ connectorTermination: ["3.5mm"] -> null
   = lengthM: unchanged (null)
   = conductorMaterial: unchanged (null)
   = balancedUnbalanced: unchanged (null)
   = furnitureType: unchanged (null)
   = material: unchanged (null)
   = adjustableHeight: unchanged (null)
   = weightCapacityKg: unchanged (null)
   = powerProductType: unchanged (null)
   = outletCount: unchanged (null)
   = powerConnectorType: unchanged (null)
   = cleaningProductType: unchanged (null)
   = formatCompatibility: unchanged (null)
   = partType: unchanged (null)
   ~ compatibility: ["universal"] -> null
   ~ adapterFunction: null -> ["connector-adapter"]
   = treatmentType: unchanged (null)
   = mounting: unchanged (null)
   = awards: unchanged (null)
   💾 backed up prior filterAttributes -> /home/jan/work/sanglogium/sanity-cms/backups/backup_headphones_PHPYj28HJdPDHAaIB69jT4_2026-09-14T10-47-27-130Z.json
   ✅ patched. rev: MzerujO1CrL1dzm03eOtCX

🎧 PATCH (WRITE) — ddHiFi DJ44B/DJ44C Mark II 4.4mm Female to 2.5/3.5 Male Headphone Adapter (PHPYj28HJdPDHAaIB6AeOS)
   ⚠️  NAME MISMATCH: Sanity has "ddHiFi DJ44 Mark II Headphone Adapter | 4.4mm F to 2.5/3.5 M", spec says "DJ44B/DJ44C Mark II 4.4mm Female to 2.5/3.5 Male Headphone Adapter" for this _id. Verify productId before running --write.

   Field diff (filterAttributes.*):
   ~ accessoryType: "adapter" -> "adapters-converters"
   ~ compatibleProductType: null -> ["headphone"]
   = cableFunction: unchanged (null)
   ~ connectorTermination: ["4.4mm-balanced"] -> null
   = lengthM: unchanged (null)
   = conductorMaterial: unchanged (null)
   = balancedUnbalanced: unchanged (null)
   = furnitureType: unchanged (null)
   = material: unchanged (null)
   = adjustableHeight: unchanged (null)
   = weightCapacityKg: unchanged (null)
   = powerProductType: unchanged (null)
   = outletCount: unchanged (null)
   = powerConnectorType: unchanged (null)
   = cleaningProductType: unchanged (null)
   = formatCompatibility: unchanged (null)
   = partType: unchanged (null)
   ~ compatibility: ["universal"] -> null
   ~ adapterFunction: null -> ["connector-adapter"]
   = treatmentType: unchanged (null)
   = mounting: unchanged (null)
   = awards: unchanged (null)
   💾 backed up prior filterAttributes -> /home/jan/work/sanglogium/sanity-cms/backups/backup_headphones_PHPYj28HJdPDHAaIB6AeOS_2026-09-14T10-47-28-207Z.json
   ✅ patched. rev: MzerujO1CrL1dzm03eOtvN

🎧 PATCH (WRITE) — ddHiFi DJ44Gold 4.4mm Female to 3.5mm Male Adapter (Black Gold Edition) (Pn6oyV4Ks5AcNbecjatqB5)

   Field diff (filterAttributes.*):
   ~ accessoryType: "adapter" -> "adapters-converters"
   ~ compatibleProductType: null -> ["headphone"]
   = cableFunction: unchanged (null)
   ~ connectorTermination: ["3.5mm","4.4mm-balanced"] -> null
   = lengthM: unchanged (null)
   = conductorMaterial: unchanged (null)
   = balancedUnbalanced: unchanged (null)
   = furnitureType: unchanged (null)
   = material: unchanged (null)
   = adjustableHeight: unchanged (null)
   = weightCapacityKg: unchanged (null)
   = powerProductType: unchanged (null)
   = outletCount: unchanged (null)
   = powerConnectorType: unchanged (null)
   = cleaningProductType: unchanged (null)
   = formatCompatibility: unchanged (null)
   = partType: unchanged (null)
   ~ compatibility: ["universal"] -> null
   ~ adapterFunction: null -> ["connector-adapter"]
   = treatmentType: unchanged (null)
   = mounting: unchanged (null)
   = awards: unchanged (null)
   💾 backed up prior filterAttributes -> /home/jan/work/sanglogium/sanity-cms/backups/backup_headphones_Pn6oyV4Ks5AcNbecjatqB5_2026-09-14T10-47-29-276Z.json
   ✅ patched. rev: Ch755lAE5GLsZ435CxbaV4

🎧 PATCH (WRITE) — ddHiFi DJ44L 4.4mm Female to 4.4mm Male L-Shaped Adapter (PHPYj28HJdPDHAaIB6CYWu)

   Field diff (filterAttributes.*):
   ~ accessoryType: "adapter" -> "adapters-converters"
   ~ compatibleProductType: null -> ["headphone"]
   = cableFunction: unchanged (null)
   ~ connectorTermination: ["4.4mm-balanced"] -> null
   = lengthM: unchanged (null)
   = conductorMaterial: unchanged (null)
   = balancedUnbalanced: unchanged (null)
   = furnitureType: unchanged (null)
   = material: unchanged (null)
   = adjustableHeight: unchanged (null)
   = weightCapacityKg: unchanged (null)
   = powerProductType: unchanged (null)
   = outletCount: unchanged (null)
   = powerConnectorType: unchanged (null)
   = cleaningProductType: unchanged (null)
   = formatCompatibility: unchanged (null)
   = partType: unchanged (null)
   ~ compatibility: ["universal"] -> null
   ~ adapterFunction: null -> ["connector-adapter"]
   = treatmentType: unchanged (null)
   = mounting: unchanged (null)
   = awards: unchanged (null)
   💾 backed up prior filterAttributes -> /home/jan/work/sanglogium/sanity-cms/backups/backup_headphones_PHPYj28HJdPDHAaIB6CYWu_2026-09-14T10-47-30-378Z.json
   ✅ patched. rev: 7P2D00ai8KUgrZgiFcwN6s

🎧 PATCH (WRITE) — ddHiFi DJ44MOJO 4.4mm Ground Pin Adapter (MrEMtYwMtrFDGWmRnGOCvl)

   Field diff (filterAttributes.*):
   ~ accessoryType: "adapter" -> "adapters-converters"
   ~ compatibleProductType: null -> ["headphone","amplifier-source"]
   = cableFunction: unchanged (null)
   ~ connectorTermination: ["4.4mm-balanced"] -> null
   = lengthM: unchanged (null)
   = conductorMaterial: unchanged (null)
   = balancedUnbalanced: unchanged (null)
   = furnitureType: unchanged (null)
   = material: unchanged (null)
   = adjustableHeight: unchanged (null)
   = weightCapacityKg: unchanged (null)
   = powerProductType: unchanged (null)
   = outletCount: unchanged (null)
   = powerConnectorType: unchanged (null)
   = cleaningProductType: unchanged (null)
   = formatCompatibility: unchanged (null)
   = partType: unchanged (null)
   ~ compatibility: ["universal"] -> null
   ~ adapterFunction: null -> ["connector-adapter"]
   = treatmentType: unchanged (null)
   = mounting: unchanged (null)
   = awards: unchanged (null)
   💾 backed up prior filterAttributes -> /home/jan/work/sanglogium/sanity-cms/backups/backup_headphones_MrEMtYwMtrFDGWmRnGOCvl_2026-09-14T10-47-31-624Z.json
   ✅ patched. rev: 7P2D00ai8KUgrZgiFcwNGE

🎧 PATCH (WRITE) — ddHiFi HS270W Wooden Headphone Stand (PHPYj28HJdPDHAaIB6FSgo)

   Field diff (filterAttributes.*):
   ~ accessoryType: "stand" -> "stands-isolation"
   ~ compatibleProductType: null -> ["headphone"]
   = cableFunction: unchanged (null)
   = connectorTermination: unchanged (null)
   = lengthM: unchanged (null)
   = conductorMaterial: unchanged (null)
   = balancedUnbalanced: unchanged (null)
   = furnitureType: unchanged (null)
   ~ material: null -> ["wood","metal"]
   ~ adjustableHeight: null -> false
   = weightCapacityKg: unchanged (null)
   = powerProductType: unchanged (null)
   = outletCount: unchanged (null)
   = powerConnectorType: unchanged (null)
   = cleaningProductType: unchanged (null)
   = formatCompatibility: unchanged (null)
   = partType: unchanged (null)
   ~ compatibility: ["universal"] -> null
   = adapterFunction: unchanged (null)
   = treatmentType: unchanged (null)
   = mounting: unchanged (null)
   = awards: unchanged (null)
   💾 backed up prior filterAttributes -> /home/jan/work/sanglogium/sanity-cms/backups/backup_headphones_PHPYj28HJdPDHAaIB6FSgo_2026-09-14T10-47-32-808Z.json
   ✅ patched. rev: MzerujO1CrL1dzm03eOuVF

🎧 PATCH (WRITE) — Yamaha Yamaha NS-IC800 140 Watt 8 Inch 2 Way In Ceiling Speakers - Pair (White) (apzyFbFDTajEZntmxssRcT)

   Field diff (filterAttributes.*):
   ~ accessoryType: "cable" -> null
   = compatibleProductType: unchanged (null)
   = cableFunction: unchanged (null)
   ~ connectorTermination: ["3.5mm","6.35mm","4.4mm-balanced"] -> null
   = lengthM: unchanged (null)
   = conductorMaterial: unchanged (null)
   = balancedUnbalanced: unchanged (null)
   = furnitureType: unchanged (null)
   = material: unchanged (null)
   = adjustableHeight: unchanged (null)
   = weightCapacityKg: unchanged (null)
   = powerProductType: unchanged (null)
   = outletCount: unchanged (null)
   = powerConnectorType: unchanged (null)
   = cleaningProductType: unchanged (null)
   = formatCompatibility: unchanged (null)
   = partType: unchanged (null)
   ~ compatibility: ["universal"] -> null
   = adapterFunction: unchanged (null)
   = treatmentType: unchanged (null)
   = mounting: unchanged (null)
   = awards: unchanged (null)
   💾 backed up prior filterAttributes -> /home/jan/work/sanglogium/sanity-cms/backups/backup_headphones_apzyFbFDTajEZntmxssRcT_2026-09-14T10-47-34-072Z.json
   ✅ patched. rev: 7P2D00ai8KUgrZgiFcwNYw

🎧 PATCH (WRITE) — Wicked Cushions Arctis Nova Pro Wireless, Nova Elite & Nova Pro Omni Earpads - WC FreeZe Cooling Gel (GPjMdcfFWZVrKyR2PB3TVu)

   Field diff (filterAttributes.*):
   ~ price: 3195 -> 31.95
   = customerRating: unchanged (null)
   = awards: unchanged (null)
   = condition: unchanged (null)
   = inStock: unchanged (true)
   = deals: unchanged (null)
   = isNewArrival: unchanged (null)
   ~ accessoryCategory: null -> "Replacement Parts"
   ~ compatibleProductType: null -> "Headphone"
   = cableFunction: unchanged (null)
   = terminationConnectorType: unchanged (null)
   = length: unchanged (null)
   = conductorMaterial: unchanged (null)
   = balancedUnbalanced: unchanged (null)
   = furnitureType: unchanged (null)
   = material: unchanged (null)
   = adjustableHeight: unchanged (null)
   = weightLoadCapacity: unchanged (null)
   = powerProductType: unchanged (null)
   = outletCount: unchanged (null)
   = connectorPlugType: unchanged (null)
   = cleaningProductType: unchanged (null)
   = formatCompatibility: unchanged (null)
   ~ partType: null -> "Ear Pads/Cushions"
   ~ compatibleModelOrBrand: null -> ["Steelseries Arctis Nova Pro Wireless","Nova Pro Wireless for XBOX","Nova Pro Wireless for Playstation","Nova Elite","Nova Pro Omni"]
   = adapterFunction: unchanged (null)
   = treatmentType: unchanged (null)
   = mounting: unchanged (null)
   💾 backed up prior filterAttributes -> /home/jan/work/sanglogium/sanity-cms/backups/backup_headphones_GPjMdcfFWZVrKyR2PB3TVu_2026-09-14T10-47-35-116Z.json
   ✅ patched. rev: 7P2D00ai8KUgrZgiFcwNiI

🎧 PATCH (WRITE) — Wicked Cushions Astro A50 Gen 4, Gen 5 and A50X Earpads - WC FreeZe Cooling Gel (GPjMdcfFWZVrKyR2PB3sdu)

   Field diff (filterAttributes.*):
   ~ price: 3195 -> 31.95
   = customerRating: unchanged (null)
   = awards: unchanged (null)
   = condition: unchanged (null)
   = inStock: unchanged (true)
   = deals: unchanged (null)
   = isNewArrival: unchanged (null)
   ~ accessoryCategory: null -> "Replacement Parts"
   ~ compatibleProductType: null -> "Headphone"
   = cableFunction: unchanged (null)
   = terminationConnectorType: unchanged (null)
   = length: unchanged (null)
   = conductorMaterial: unchanged (null)
   = balancedUnbalanced: unchanged (null)
   = furnitureType: unchanged (null)
   = material: unchanged (null)
   = adjustableHeight: unchanged (null)
   = weightLoadCapacity: unchanged (null)
   = powerProductType: unchanged (null)
   = outletCount: unchanged (null)
   = connectorPlugType: unchanged (null)
   = cleaningProductType: unchanged (null)
   = formatCompatibility: unchanged (null)
   ~ partType: null -> "Ear Pads/Cushions"
   ~ compatibleModelOrBrand: null -> ["Astro A50 Gen 4","Astro A50 Gen 5","Astro A50X"]
   = adapterFunction: unchanged (null)
   = treatmentType: unchanged (null)
   = mounting: unchanged (null)
   💾 backed up prior filterAttributes -> /home/jan/work/sanglogium/sanity-cms/backups/backup_headphones_GPjMdcfFWZVrKyR2PB3sdu_2026-09-14T10-47-36-559Z.json
   ✅ patched. rev: Ch755lAE5GLsZ435CxbabR

🎧 PATCH (WRITE) — Wicked Cushions ATH M50X Earpads - Velour Hybrid (DZc43yHr6ydfgE7zB3yu8A)

   Field diff (filterAttributes.*):
   ~ price: 2145 -> 21.45
   = customerRating: unchanged (null)
   = awards: unchanged (null)
   = condition: unchanged (null)
   = inStock: unchanged (true)
   = deals: unchanged (null)
   = isNewArrival: unchanged (null)
   ~ accessoryCategory: null -> "Replacement Parts"
   ~ compatibleProductType: null -> "Headphone"
   = cableFunction: unchanged (null)
   = terminationConnectorType: unchanged (null)
   = length: unchanged (null)
   = conductorMaterial: unchanged (null)
   = balancedUnbalanced: unchanged (null)
   = furnitureType: unchanged (null)
   = material: unchanged (null)
   = adjustableHeight: unchanged (null)
   = weightLoadCapacity: unchanged (null)
   = powerProductType: unchanged (null)
   = outletCount: unchanged (null)
   = connectorPlugType: unchanged (null)
   = cleaningProductType: unchanged (null)
   = formatCompatibility: unchanged (null)
   ~ partType: null -> "Ear Pads/Cushions"
   ~ compatibleModelOrBrand: null -> ["Audio Technica ATH M series","ATH m50 / m50x"]
   = adapterFunction: unchanged (null)
   = treatmentType: unchanged (null)
   = mounting: unchanged (null)
   💾 backed up prior filterAttributes -> /home/jan/work/sanglogium/sanity-cms/backups/backup_headphones_DZc43yHr6ydfgE7zB3yu8A_2026-09-14T10-47-37-747Z.json
   ✅ patched. rev: Ch755lAE5GLsZ435CxbagX

🎧 PATCH (WRITE) — Wicked Cushions ATH M50X Earpads (xMEqvkRBbdrlJXyFG8cqYf)

   Field diff (filterAttributes.*):
   ~ price: 2145 -> 21.45
   = customerRating: unchanged (null)
   = awards: unchanged (null)
   = condition: unchanged (null)
   = inStock: unchanged (true)
   = deals: unchanged (null)
   = isNewArrival: unchanged (null)
   ~ accessoryCategory: null -> "Replacement Parts"
   ~ compatibleProductType: null -> "Headphone"
   = cableFunction: unchanged (null)
   = terminationConnectorType: unchanged (null)
   = length: unchanged (null)
   = conductorMaterial: unchanged (null)
   = balancedUnbalanced: unchanged (null)
   = furnitureType: unchanged (null)
   = material: unchanged (null)
   = adjustableHeight: unchanged (null)
   = weightLoadCapacity: unchanged (null)
   = powerProductType: unchanged (null)
   = outletCount: unchanged (null)
   = connectorPlugType: unchanged (null)
   = cleaningProductType: unchanged (null)
   = formatCompatibility: unchanged (null)
   ~ partType: null -> "Ear Pads/Cushions"
   ~ compatibleModelOrBrand: null -> ["Audio Technica ATH M series","ATH m50 / m50x"]
   = adapterFunction: unchanged (null)
   = treatmentType: unchanged (null)
   = mounting: unchanged (null)
   💾 backed up prior filterAttributes -> /home/jan/work/sanglogium/sanity-cms/backups/backup_headphones_xMEqvkRBbdrlJXyFG8cqYf_2026-09-14T10-47-39-082Z.json
   ✅ patched. rev: MzerujO1CrL1dzm03ePemv

🎧 PATCH (WRITE) — Wicked Cushions Beats Solo Earpads (xMEqvkRBbdrlJXyFG8cCZn)

   Field diff (filterAttributes.*):
   ~ price: 1995 -> 19.95
   = customerRating: unchanged (null)
   = awards: unchanged (null)
   = condition: unchanged (null)
   = inStock: unchanged (true)
   = deals: unchanged (null)
   = isNewArrival: unchanged (null)
   ~ accessoryCategory: null -> "Replacement Parts"
   ~ compatibleProductType: null -> "Headphone"
   = cableFunction: unchanged (null)
   = terminationConnectorType: unchanged (null)
   = length: unchanged (null)
   = conductorMaterial: unchanged (null)
   = balancedUnbalanced: unchanged (null)
   = furnitureType: unchanged (null)
   = material: unchanged (null)
   = adjustableHeight: unchanged (null)
   = weightLoadCapacity: unchanged (null)
   = powerProductType: unchanged (null)
   = outletCount: unchanged (null)
   = connectorPlugType: unchanged (null)
   = cleaningProductType: unchanged (null)
   = formatCompatibility: unchanged (null)
   ~ partType: null -> "Ear Pads/Cushions"
   ~ compatibleModelOrBrand: null -> ["Beats Solo 2 Wireless (Model B0534)","Beats Solo 3 Wireless (Model A1796)"]
   = adapterFunction: unchanged (null)
   = treatmentType: unchanged (null)
   = mounting: unchanged (null)
   💾 backed up prior filterAttributes -> /home/jan/work/sanglogium/sanity-cms/backups/backup_headphones_xMEqvkRBbdrlJXyFG8cCZn_2026-09-14T10-47-40-338Z.json
   ✅ patched. rev: 7P2D00ai8KUgrZgiFcwO10

🎧 PATCH (WRITE) — Wicked Cushions Beats Studio Earpads - WC FreeZe Cooling Gel (DZc43yHr6ydfgE7zB3yg1U)

   Field diff (filterAttributes.*):
   ~ price: 2195 -> 21.95
   = customerRating: unchanged (null)
   = awards: unchanged (null)
   = condition: unchanged (null)
   = inStock: unchanged (true)
   = deals: unchanged (null)
   = isNewArrival: unchanged (null)
   ~ accessoryCategory: null -> "Replacement Parts"
   ~ compatibleProductType: null -> "Headphone"
   = cableFunction: unchanged (null)
   = terminationConnectorType: unchanged (null)
   = length: unchanged (null)
   = conductorMaterial: unchanged (null)
   = balancedUnbalanced: unchanged (null)
   = furnitureType: unchanged (null)
   = material: unchanged (null)
   = adjustableHeight: unchanged (null)
   = weightLoadCapacity: unchanged (null)
   = powerProductType: unchanged (null)
   = outletCount: unchanged (null)
   = connectorPlugType: unchanged (null)
   = cleaningProductType: unchanged (null)
   = formatCompatibility: unchanged (null)
   ~ partType: null -> "Ear Pads/Cushions"
   ~ compatibleModelOrBrand: null -> ["Beats Studio Wireless (Model B0501)","Beats Studio Wired (Model B0500)","Beats Studio 2 & Beats Studio 3 Wireless"]
   = adapterFunction: unchanged (null)
   = treatmentType: unchanged (null)
   = mounting: unchanged (null)
   💾 backed up prior filterAttributes -> /home/jan/work/sanglogium/sanity-cms/backups/backup_headphones_DZc43yHr6ydfgE7zB3yg1U_2026-09-14T10-47-41-377Z.json
   ✅ patched. rev: 7P2D00ai8KUgrZgiFcwOCh

🎧 PATCH (WRITE) — Wicked Cushions Beats Studio Earpads (DZc43yHr6ydfgE7zB3yvCW)

   Field diff (filterAttributes.*):
   ~ price: 1995 -> 19.95
   = customerRating: unchanged (null)
   = awards: unchanged (null)
   = condition: unchanged (null)
   = inStock: unchanged (true)
   = deals: unchanged (null)
   = isNewArrival: unchanged (null)
   ~ accessoryCategory: null -> "Replacement Parts"
   ~ compatibleProductType: null -> "Headphone"
   = cableFunction: unchanged (null)
   = terminationConnectorType: unchanged (null)
   = length: unchanged (null)
   = conductorMaterial: unchanged (null)
   = balancedUnbalanced: unchanged (null)
   = furnitureType: unchanged (null)
   = material: unchanged (null)
   = adjustableHeight: unchanged (null)
   = weightLoadCapacity: unchanged (null)
   = powerProductType: unchanged (null)
   = outletCount: unchanged (null)
   = connectorPlugType: unchanged (null)
   = cleaningProductType: unchanged (null)
   = formatCompatibility: unchanged (null)
   ~ partType: null -> "Ear Pads/Cushions"
   ~ compatibleModelOrBrand: null -> ["Beats Studio Wireless (Model B0501)","Beats Studio Wired (Model B0500)","Beats Studio 2 & Beats Studio 3 Wireless"]
   = adapterFunction: unchanged (null)
   = treatmentType: unchanged (null)
   = mounting: unchanged (null)
   💾 backed up prior filterAttributes -> /home/jan/work/sanglogium/sanity-cms/backups/backup_headphones_DZc43yHr6ydfgE7zB3yvCW_2026-09-14T10-47-42-431Z.json
   ✅ patched. rev: 7P2D00ai8KUgrZgiFcwOJi

🎧 PATCH (WRITE) — Wicked Cushions Bose NC 700 Cooling Gel Earpads - WC FreeZe (GPjMdcfFWZVrKyR2PB3PiU)

   Field diff (filterAttributes.*):
   ~ price: 2795 -> 27.95
   = customerRating: unchanged (null)
   = awards: unchanged (null)
   = condition: unchanged (null)
   = inStock: unchanged (true)
   = deals: unchanged (null)
   = isNewArrival: unchanged (null)
   ~ accessoryCategory: null -> "Replacement Parts"
   ~ compatibleProductType: null -> "Headphone"
   = cableFunction: unchanged (null)
   = terminationConnectorType: unchanged (null)
   = length: unchanged (null)
   = conductorMaterial: unchanged (null)
   = balancedUnbalanced: unchanged (null)
   = furnitureType: unchanged (null)
   = material: unchanged (null)
   = adjustableHeight: unchanged (null)
   = weightLoadCapacity: unchanged (null)
   = powerProductType: unchanged (null)
   = outletCount: unchanged (null)
   = connectorPlugType: unchanged (null)
   = cleaningProductType: unchanged (null)
   = formatCompatibility: unchanged (null)
   ~ partType: null -> "Ear Pads/Cushions"
   ~ compatibleModelOrBrand: null -> ["Bose 700 Noise Cancelling","Bose NC 700"]
   = adapterFunction: unchanged (null)
   = treatmentType: unchanged (null)
   = mounting: unchanged (null)
   💾 backed up prior filterAttributes -> /home/jan/work/sanglogium/sanity-cms/backups/backup_headphones_GPjMdcfFWZVrKyR2PB3PiU_2026-09-14T10-47-43-493Z.json
   ✅ patched. rev: 7P2D00ai8KUgrZgiFcwOQj

🎧 PATCH (WRITE) — Wicked Cushions Bose QC35 Cooling Gel Earpads - WC FreeZe (DZc43yHr6ydfgE7zB3y0Zk)

   Field diff (filterAttributes.*):
   ~ price: 2695 -> 26.95
   = customerRating: unchanged (null)
   = awards: unchanged (null)
   = condition: unchanged (null)
   = inStock: unchanged (true)
   = deals: unchanged (null)
   = isNewArrival: unchanged (null)
   ~ accessoryCategory: null -> "Replacement Parts"
   ~ compatibleProductType: null -> "Headphone"
   = cableFunction: unchanged (null)
   = terminationConnectorType: unchanged (null)
   = length: unchanged (null)
   = conductorMaterial: unchanged (null)
   = balancedUnbalanced: unchanged (null)
   = furnitureType: unchanged (null)
   = material: unchanged (null)
   = adjustableHeight: unchanged (null)
   = weightLoadCapacity: unchanged (null)
   = powerProductType: unchanged (null)
   = outletCount: unchanged (null)
   = connectorPlugType: unchanged (null)
   = cleaningProductType: unchanged (null)
   = formatCompatibility: unchanged (null)
   ~ partType: null -> "Ear Pads/Cushions"
   ~ compatibleModelOrBrand: null -> ["QuietComfort 35 & 35ii","Quiet Comfort 2","QC25","QC15","AE2","AE2i","AE2w","SoundTrue","SoundLink"]
   = adapterFunction: unchanged (null)
   = treatmentType: unchanged (null)
   = mounting: unchanged (null)
   💾 backed up prior filterAttributes -> /home/jan/work/sanglogium/sanity-cms/backups/backup_headphones_DZc43yHr6ydfgE7zB3y0Zk_2026-09-14T10-47-44-560Z.json
   ✅ patched. rev: Ch755lAE5GLsZ435Cxbb7I

🎧 PATCH (WRITE) — Wicked Cushions Bose QC35 Replacement Ear Pads (DZc43yHr6ydfgE7zB3xyL0)

   Field diff (filterAttributes.*):
   ~ price: 1949 -> 19.49
   = customerRating: unchanged (null)
   = awards: unchanged (null)
   = condition: unchanged (null)
   = inStock: unchanged (true)
   = deals: unchanged (null)
   = isNewArrival: unchanged (null)
   ~ accessoryCategory: null -> "Replacement Parts"
   ~ compatibleProductType: null -> "Headphone"
   = cableFunction: unchanged (null)
   = terminationConnectorType: unchanged (null)
   = length: unchanged (null)
   = conductorMaterial: unchanged (null)
   = balancedUnbalanced: unchanged (null)
   = furnitureType: unchanged (null)
   = material: unchanged (null)
   = adjustableHeight: unchanged (null)
   = weightLoadCapacity: unchanged (null)
   = powerProductType: unchanged (null)
   = outletCount: unchanged (null)
   = connectorPlugType: unchanged (null)
   = cleaningProductType: unchanged (null)
   = formatCompatibility: unchanged (null)
   ~ partType: null -> "Ear Pads/Cushions"
   ~ compatibleModelOrBrand: null -> ["QuietComfort 35 & 35ii","Quiet Comfort 2","Qc25","Qc15","Ae2","Ae2i","Ae2w","SoundTrue","SoundLink"]
   = adapterFunction: unchanged (null)
   = treatmentType: unchanged (null)
   = mounting: unchanged (null)
   💾 backed up prior filterAttributes -> /home/jan/work/sanglogium/sanity-cms/backups/backup_headphones_DZc43yHr6ydfgE7zB3xyL0_2026-09-14T10-47-45-615Z.json
   ✅ patched. rev: 7P2D00ai8KUgrZgiFcwOXk

🎧 PATCH (WRITE) — Wicked Cushions Bose QC45 Replacement Ear Pads (xMEqvkRBbdrlJXyFG8cA8b)

   Field diff (filterAttributes.*):
   ~ price: 1995 -> 19.95
   = customerRating: unchanged (null)
   = awards: unchanged (null)
   = condition: unchanged (null)
   = inStock: unchanged (true)
   = deals: unchanged (null)
   = isNewArrival: unchanged (null)
   ~ accessoryCategory: null -> "Replacement Parts"
   ~ compatibleProductType: null -> "Headphone"
   = cableFunction: unchanged (null)
   = terminationConnectorType: unchanged (null)
   = length: unchanged (null)
   = conductorMaterial: unchanged (null)
   = balancedUnbalanced: unchanged (null)
   = furnitureType: unchanged (null)
   = material: unchanged (null)
   = adjustableHeight: unchanged (null)
   = weightLoadCapacity: unchanged (null)
   = powerProductType: unchanged (null)
   = outletCount: unchanged (null)
   = connectorPlugType: unchanged (null)
   = cleaningProductType: unchanged (null)
   = formatCompatibility: unchanged (null)
   ~ partType: null -> "Ear Pads/Cushions"
   ~ compatibleModelOrBrand: null -> ["QuietComfort 45"]
   = adapterFunction: unchanged (null)
   = treatmentType: unchanged (null)
   = mounting: unchanged (null)
   💾 backed up prior filterAttributes -> /home/jan/work/sanglogium/sanity-cms/backups/backup_headphones_xMEqvkRBbdrlJXyFG8cA8b_2026-09-14T10-47-46-860Z.json
   ✅ patched. rev: MzerujO1CrL1dzm03ePfVl

🎧 PATCH (WRITE) — Wicked Cushions Bose QuietComfort Ultra Gen 1 & Gen 2 Cooling Gel Earpads - WC FreeZe QC Ultra (DZc43yHr6ydfgE7zB3ycZL)

   Field diff (filterAttributes.*):
   ~ price: 2695 -> 26.95
   = customerRating: unchanged (null)
   = awards: unchanged (null)
   = condition: unchanged (null)
   = inStock: unchanged (true)
   = deals: unchanged (null)
   = isNewArrival: unchanged (null)
   ~ accessoryCategory: null -> "Replacement Parts"
   ~ compatibleProductType: null -> "Headphone"
   = cableFunction: unchanged (null)
   = terminationConnectorType: unchanged (null)
   = length: unchanged (null)
   = conductorMaterial: unchanged (null)
   = balancedUnbalanced: unchanged (null)
   = furnitureType: unchanged (null)
   = material: unchanged (null)
   = adjustableHeight: unchanged (null)
   = weightLoadCapacity: unchanged (null)
   = powerProductType: unchanged (null)
   = outletCount: unchanged (null)
   = connectorPlugType: unchanged (null)
   = cleaningProductType: unchanged (null)
   = formatCompatibility: unchanged (null)
   ~ partType: null -> "Ear Pads/Cushions"
   ~ compatibleModelOrBrand: null -> ["Bose QuietComfort Ultra Gen 1","Bose QuietComfort Ultra Gen 2"]
   = adapterFunction: unchanged (null)
   = treatmentType: unchanged (null)
   = mounting: unchanged (null)
   💾 backed up prior filterAttributes -> /home/jan/work/sanglogium/sanity-cms/backups/backup_headphones_DZc43yHr6ydfgE7zB3ycZL_2026-09-14T10-47-48-150Z.json
   ✅ patched. rev: Ch755lAE5GLsZ435CxbbEw

🎧 PATCH (WRITE) — Wicked Cushions Corsair Virtuoso Earpads - WC FreeZe Cooling Gel (DZc43yHr6ydfgE7zB3yz2n)

   Field diff (filterAttributes.*):
   ~ price: 2995 -> 29.95
   = customerRating: unchanged (null)
   = awards: unchanged (null)
   = condition: unchanged (null)
   = inStock: unchanged (true)
   = deals: unchanged (null)
   = isNewArrival: unchanged (null)
   ~ accessoryCategory: null -> "Replacement Parts"
   ~ compatibleProductType: null -> "Headphone"
   = cableFunction: unchanged (null)
   = terminationConnectorType: unchanged (null)
   = length: unchanged (null)
   = conductorMaterial: unchanged (null)
   = balancedUnbalanced: unchanged (null)
   = furnitureType: unchanged (null)
   = material: unchanged (null)
   = adjustableHeight: unchanged (null)
   = weightLoadCapacity: unchanged (null)
   = powerProductType: unchanged (null)
   = outletCount: unchanged (null)
   = connectorPlugType: unchanged (null)
   = cleaningProductType: unchanged (null)
   = formatCompatibility: unchanged (null)
   ~ partType: null -> "Ear Pads/Cushions"
   ~ compatibleModelOrBrand: null -> ["Corsair Virtuoso series","Corsair Virtuoso RGB Wireless","Corsair Virtuoso RGB Wireless XT","Corsair Virtuoso RGB Wireless SE"]
   = adapterFunction: unchanged (null)
   = treatmentType: unchanged (null)
   = mounting: unchanged (null)
   💾 backed up prior filterAttributes -> /home/jan/work/sanglogium/sanity-cms/backups/backup_headphones_DZc43yHr6ydfgE7zB3yz2n_2026-09-14T10-47-49-187Z.json
   ✅ patched. rev: Ch755lAE5GLsZ435CxbbIl

🎧 PATCH (WRITE) — Wicked Cushions Ear Pads For Sony WH1000XM3 Over-Ear Headphones (xMEqvkRBbdrlJXyFG8cxoj)

   Field diff (filterAttributes.*):
   ~ price: 2195 -> 21.95
   = customerRating: unchanged (null)
   = awards: unchanged (null)
   = condition: unchanged (null)
   = inStock: unchanged (true)
   = deals: unchanged (null)
   = isNewArrival: unchanged (null)
   ~ accessoryCategory: null -> "Replacement Parts"
   ~ compatibleProductType: null -> "Headphone"
   = cableFunction: unchanged (null)
   = terminationConnectorType: unchanged (null)
   = length: unchanged (null)
   = conductorMaterial: unchanged (null)
   = balancedUnbalanced: unchanged (null)
   = furnitureType: unchanged (null)
   = material: unchanged (null)
   = adjustableHeight: unchanged (null)
   = weightLoadCapacity: unchanged (null)
   = powerProductType: unchanged (null)
   = outletCount: unchanged (null)
   = connectorPlugType: unchanged (null)
   = cleaningProductType: unchanged (null)
   = formatCompatibility: unchanged (null)
   ~ partType: null -> "Ear Pads/Cushions"
   ~ compatibleModelOrBrand: null -> ["Sony WH1000XM3"]
   = adapterFunction: unchanged (null)
   = treatmentType: unchanged (null)
   = mounting: unchanged (null)
   💾 backed up prior filterAttributes -> /home/jan/work/sanglogium/sanity-cms/backups/backup_headphones_xMEqvkRBbdrlJXyFG8cxoj_2026-09-14T10-47-50-242Z.json
   ✅ patched. rev: 7P2D00ai8KUgrZgiFcwOzo

🎧 PATCH (WRITE) — Wicked Cushions Earpads For Sony WH900N (DZc43yHr6ydfgE7zB3y3Fd)

   Field diff (filterAttributes.*):
   ~ price: 1695 -> 16.95
   = customerRating: unchanged (null)
   = awards: unchanged (null)
   = condition: unchanged (null)
   = inStock: unchanged (true)
   = deals: unchanged (null)
   = isNewArrival: unchanged (null)
   ~ accessoryCategory: null -> "Replacement Parts"
   ~ compatibleProductType: null -> "Headphone"
   = cableFunction: unchanged (null)
   = terminationConnectorType: unchanged (null)
   = length: unchanged (null)
   = conductorMaterial: unchanged (null)
   = balancedUnbalanced: unchanged (null)
   = furnitureType: unchanged (null)
   = material: unchanged (null)
   = adjustableHeight: unchanged (null)
   = weightLoadCapacity: unchanged (null)
   = powerProductType: unchanged (null)
   = outletCount: unchanged (null)
   = connectorPlugType: unchanged (null)
   = cleaningProductType: unchanged (null)
   = formatCompatibility: unchanged (null)
   ~ partType: null -> "Ear Pads/Cushions"
   ~ compatibleModelOrBrand: null -> ["Sony Wh-H900N","Sony MDR-100ABN"]
   = adapterFunction: unchanged (null)
   = treatmentType: unchanged (null)
   = mounting: unchanged (null)
   💾 backed up prior filterAttributes -> /home/jan/work/sanglogium/sanity-cms/backups/backup_headphones_DZc43yHr6ydfgE7zB3y3Fd_2026-09-14T10-47-51-317Z.json
   ✅ patched. rev: 7P2D00ai8KUgrZgiFcwP9A

🎧 PATCH (WRITE) — Wicked Cushions Galaxy Buds Pro 3 & 4 Memory Foam Ear Tips - WC TipZ Galaxy (GPjMdcfFWZVrKyR2PB4Jgw)

   Field diff (filterAttributes.*):
   ~ price: 1995 -> 19.95
   = customerRating: unchanged (null)
   = awards: unchanged (null)
   = condition: unchanged (null)
   = inStock: unchanged (true)
   = deals: unchanged (null)
   = isNewArrival: unchanged (null)
   ~ accessoryCategory: null -> "Replacement Parts"
   ~ compatibleProductType: null -> "Headphone"
   = cableFunction: unchanged (null)
   = terminationConnectorType: unchanged (null)
   = length: unchanged (null)
   = conductorMaterial: unchanged (null)
   = balancedUnbalanced: unchanged (null)
   = furnitureType: unchanged (null)
   = material: unchanged (null)
   = adjustableHeight: unchanged (null)
   = weightLoadCapacity: unchanged (null)
   = powerProductType: unchanged (null)
   = outletCount: unchanged (null)
   = connectorPlugType: unchanged (null)
   = cleaningProductType: unchanged (null)
   = formatCompatibility: unchanged (null)
   ~ partType: null -> "Ear Tips"
   ~ compatibleModelOrBrand: null -> ["Galaxy Buds 3 Pro & 4 Pro"]
   = adapterFunction: unchanged (null)
   = treatmentType: unchanged (null)
   = mounting: unchanged (null)
   💾 backed up prior filterAttributes -> /home/jan/work/sanglogium/sanity-cms/backups/backup_headphones_GPjMdcfFWZVrKyR2PB4Jgw_2026-09-14T10-47-52-355Z.json
   ✅ patched. rev: Ch755lAE5GLsZ435CxbbSx

🎧 PATCH (WRITE) — Wicked Cushions HyperX Cloud FPS Gaming Earpads - WC StealthZ Cloud (xMEqvkRBbdrlJXyFG8cdgV)

   Field diff (filterAttributes.*):
   ~ price: 1495 -> 14.95
   = customerRating: unchanged (null)
   = awards: unchanged (null)
   = condition: unchanged (null)
   = inStock: unchanged (true)
   = deals: unchanged (null)
   = isNewArrival: unchanged (null)
   ~ accessoryCategory: null -> "Replacement Parts"
   ~ compatibleProductType: null -> "Headphone"
   = cableFunction: unchanged (null)
   = terminationConnectorType: unchanged (null)
   = length: unchanged (null)
   = conductorMaterial: unchanged (null)
   = balancedUnbalanced: unchanged (null)
   = furnitureType: unchanged (null)
   = material: unchanged (null)
   = adjustableHeight: unchanged (null)
   = weightLoadCapacity: unchanged (null)
   = powerProductType: unchanged (null)
   = outletCount: unchanged (null)
   = connectorPlugType: unchanged (null)
   = cleaningProductType: unchanged (null)
   = formatCompatibility: unchanged (null)
   ~ partType: null -> "Ear Pads/Cushions"
   ~ compatibleModelOrBrand: null -> ["HyperX CloudX Models","Cloud 1","Cloud 2","Cloud 2 Wireless","Cloud 3","Cloud 3 Wireless","Cloud 3 S Wireless","Cloud Core","Cloud Alpha","Cloud Alpha 2","Cloud Alpha S","Cloud Alpha Pro","Cloud Flight 1 & 2","Cloud Flight S","Cloud Stinger","Cloud Stinger 2","Cloud Stinger S","Cloud Stinger Core","CloudX Stinger","CloudX Stinger Core","CloudX Flight","CloudX Chat"]
   = adapterFunction: unchanged (null)
   = treatmentType: unchanged (null)
   = mounting: unchanged (null)
   💾 backed up prior filterAttributes -> /home/jan/work/sanglogium/sanity-cms/backups/backup_headphones_xMEqvkRBbdrlJXyFG8cdgV_2026-09-14T10-47-53-819Z.json
   ✅ patched. rev: MzerujO1CrL1dzm03ePgjz

🎧 PATCH (WRITE) — Wicked Cushions Replacement Ear Pads For Bose QC3 (DZc43yHr6ydfgE7zB3ylNG)

   Field diff (filterAttributes.*):
   ~ price: 1895 -> 18.95
   = customerRating: unchanged (null)
   = awards: unchanged (null)
   = condition: unchanged (null)
   = inStock: unchanged (true)
   = deals: unchanged (null)
   = isNewArrival: unchanged (null)
   ~ accessoryCategory: null -> "Replacement Parts"
   ~ compatibleProductType: null -> "Headphone"
   = cableFunction: unchanged (null)
   = terminationConnectorType: unchanged (null)
   = length: unchanged (null)
   = conductorMaterial: unchanged (null)
   = balancedUnbalanced: unchanged (null)
   = furnitureType: unchanged (null)
   = material: unchanged (null)
   = adjustableHeight: unchanged (null)
   = weightLoadCapacity: unchanged (null)
   = powerProductType: unchanged (null)
   = outletCount: unchanged (null)
   = connectorPlugType: unchanged (null)
   = cleaningProductType: unchanged (null)
   = formatCompatibility: unchanged (null)
   ~ partType: null -> "Ear Pads/Cushions"
   ~ compatibleModelOrBrand: null -> ["Bose QuietComfort 3 On-ear"]
   = adapterFunction: unchanged (null)
   = treatmentType: unchanged (null)
   = mounting: unchanged (null)
   💾 backed up prior filterAttributes -> /home/jan/work/sanglogium/sanity-cms/backups/backup_headphones_DZc43yHr6ydfgE7zB3ylNG_2026-09-14T10-47-55-124Z.json
   ✅ patched. rev: 7P2D00ai8KUgrZgiFcwPRs

🎧 PATCH (WRITE) — Wicked Cushions Replacement Earpads For Bose QC15 Headphones (GPjMdcfFWZVrKyR2PB3Z94)

   Field diff (filterAttributes.*):
   ~ price: 2195 -> 21.95
   = customerRating: unchanged (null)
   = awards: unchanged (null)
   = condition: unchanged (null)
   = inStock: unchanged (true)
   = deals: unchanged (null)
   = isNewArrival: unchanged (null)
   ~ accessoryCategory: null -> "Replacement Parts"
   ~ compatibleProductType: null -> "Headphone"
   = cableFunction: unchanged (null)
   = terminationConnectorType: unchanged (null)
   = length: unchanged (null)
   = conductorMaterial: unchanged (null)
   = balancedUnbalanced: unchanged (null)
   = furnitureType: unchanged (null)
   = material: unchanged (null)
   = adjustableHeight: unchanged (null)
   = weightLoadCapacity: unchanged (null)
   = powerProductType: unchanged (null)
   = outletCount: unchanged (null)
   = connectorPlugType: unchanged (null)
   = cleaningProductType: unchanged (null)
   = formatCompatibility: unchanged (null)
   ~ partType: null -> "Ear Pads/Cushions"
   ~ compatibleModelOrBrand: null -> ["QuietComfort 15","Quiet Comfort 2","Ae2","Ae2i","Ae2w"]
   = adapterFunction: unchanged (null)
   = treatmentType: unchanged (null)
   = mounting: unchanged (null)
   💾 backed up prior filterAttributes -> /home/jan/work/sanglogium/sanity-cms/backups/backup_headphones_GPjMdcfFWZVrKyR2PB3Z94_2026-09-14T10-47-56-428Z.json
   ✅ patched. rev: MzerujO1CrL1dzm03ePh1v

🎧 PATCH (WRITE) — Wicked Cushions Replacement earpads for Sony MDR-RF985R & More (GPjMdcfFWZVrKyR2PB3egw)

   Field diff (filterAttributes.*):
   ~ price: 2095 -> 20.95
   = customerRating: unchanged (null)
   = awards: unchanged (null)
   = condition: unchanged (null)
   = inStock: unchanged (true)
   = deals: unchanged (null)
   = isNewArrival: unchanged (null)
   ~ accessoryCategory: null -> "Replacement Parts"
   ~ compatibleProductType: null -> "Headphone"
   = cableFunction: unchanged (null)
   = terminationConnectorType: unchanged (null)
   = length: unchanged (null)
   = conductorMaterial: unchanged (null)
   = balancedUnbalanced: unchanged (null)
   = furnitureType: unchanged (null)
   = material: unchanged (null)
   = adjustableHeight: unchanged (null)
   = weightLoadCapacity: unchanged (null)
   = powerProductType: unchanged (null)
   = outletCount: unchanged (null)
   = connectorPlugType: unchanged (null)
   = cleaningProductType: unchanged (null)
   = formatCompatibility: unchanged (null)
   ~ partType: null -> "Ear Pads/Cushions"
   ~ compatibleModelOrBrand: null -> ["Sony MDR-RF985R","RF970","RF970RK","RF960RK","RF960R","RF925RK","MDR-DS6500"]
   = adapterFunction: unchanged (null)
   = treatmentType: unchanged (null)
   = mounting: unchanged (null)
   💾 backed up prior filterAttributes -> /home/jan/work/sanglogium/sanity-cms/backups/backup_headphones_GPjMdcfFWZVrKyR2PB3egw_2026-09-14T10-47-57-592Z.json
   ✅ patched. rev: Ch755lAE5GLsZ435CxbbZK

🎧 PATCH (WRITE) — Wicked Cushions Upgraded Beats Solo 4 Earpads - WC PadZ Solo 4 (GPjMdcfFWZVrKyR2PB3qlW)

   Field diff (filterAttributes.*):
   ~ price: 1795 -> 17.95
   = customerRating: unchanged (null)
   = awards: unchanged (null)
   = condition: unchanged (null)
   = inStock: unchanged (true)
   = deals: unchanged (null)
   = isNewArrival: unchanged (null)
   ~ accessoryCategory: null -> "Replacement Parts"
   ~ compatibleProductType: null -> "Headphone"
   = cableFunction: unchanged (null)
   = terminationConnectorType: unchanged (null)
   = length: unchanged (null)
   = conductorMaterial: unchanged (null)
   = balancedUnbalanced: unchanged (null)
   = furnitureType: unchanged (null)
   = material: unchanged (null)
   = adjustableHeight: unchanged (null)
   = weightLoadCapacity: unchanged (null)
   = powerProductType: unchanged (null)
   = outletCount: unchanged (null)
   = connectorPlugType: unchanged (null)
   = cleaningProductType: unchanged (null)
   = formatCompatibility: unchanged (null)
   ~ partType: null -> "Ear Pads/Cushions"
   ~ compatibleModelOrBrand: null -> ["Beats Solo 4"]
   = adapterFunction: unchanged (null)
   = treatmentType: unchanged (null)
   = mounting: unchanged (null)
   💾 backed up prior filterAttributes -> /home/jan/work/sanglogium/sanity-cms/backups/backup_headphones_GPjMdcfFWZVrKyR2PB3qlW_2026-09-14T10-47-58-637Z.json
   ✅ patched. rev: MzerujO1CrL1dzm03ePhOL

🎧 PATCH (WRITE) — Wicked Cushions Upgraded Corsair Virtuoso Ear pads (xMEqvkRBbdrlJXyFG8cWMv)

   Field diff (filterAttributes.*):
   ~ price: 2395 -> 23.95
   = customerRating: unchanged (null)
   = awards: unchanged (null)
   = condition: unchanged (null)
   = inStock: unchanged (true)
   = deals: unchanged (null)
   = isNewArrival: unchanged (null)
   ~ accessoryCategory: null -> "Replacement Parts"
   ~ compatibleProductType: null -> "Headphone"
   = cableFunction: unchanged (null)
   = terminationConnectorType: unchanged (null)
   = length: unchanged (null)
   = conductorMaterial: unchanged (null)
   = balancedUnbalanced: unchanged (null)
   = furnitureType: unchanged (null)
   = material: unchanged (null)
   = adjustableHeight: unchanged (null)
   = weightLoadCapacity: unchanged (null)
   = powerProductType: unchanged (null)
   = outletCount: unchanged (null)
   = connectorPlugType: unchanged (null)
   = cleaningProductType: unchanged (null)
   = formatCompatibility: unchanged (null)
   ~ partType: null -> "Ear Pads/Cushions"
   ~ compatibleModelOrBrand: null -> ["Corsair Virtuoso series","Corsair Virtuoso RGB Wireless","Corsair Virtuoso RGB Wireless XT","Corsair Virtuoso RGB Wireless SE"]
   = adapterFunction: unchanged (null)
   = treatmentType: unchanged (null)
   = mounting: unchanged (null)
   💾 backed up prior filterAttributes -> /home/jan/work/sanglogium/sanity-cms/backups/backup_headphones_xMEqvkRBbdrlJXyFG8cWMv_2026-09-14T10-47-59-670Z.json
   ✅ patched. rev: 7P2D00ai8KUgrZgiFcwQ0x

🎧 PATCH (WRITE) — Wicked Cushions Upgraded Sony XM5 Replacement Ear Pads (xMEqvkRBbdrlJXyFG8cpQL)

   Field diff (filterAttributes.*):
   ~ price: 2295 -> 22.95
   = customerRating: unchanged (null)
   = awards: unchanged (null)
   = condition: unchanged (null)
   = inStock: unchanged (true)
   = deals: unchanged (null)
   = isNewArrival: unchanged (null)
   ~ accessoryCategory: null -> "Replacement Parts"
   ~ compatibleProductType: null -> "Headphone"
   = cableFunction: unchanged (null)
   = terminationConnectorType: unchanged (null)
   = length: unchanged (null)
   = conductorMaterial: unchanged (null)
   = balancedUnbalanced: unchanged (null)
   = furnitureType: unchanged (null)
   = material: unchanged (null)
   = adjustableHeight: unchanged (null)
   = weightLoadCapacity: unchanged (null)
   = powerProductType: unchanged (null)
   = outletCount: unchanged (null)
   = connectorPlugType: unchanged (null)
   = cleaningProductType: unchanged (null)
   = formatCompatibility: unchanged (null)
   ~ partType: null -> "Ear Pads/Cushions"
   ~ compatibleModelOrBrand: null -> ["Sony XM5","Sony Wh1000-XM5"]
   = adapterFunction: unchanged (null)
   = treatmentType: unchanged (null)
   = mounting: unchanged (null)
   💾 backed up prior filterAttributes -> /home/jan/work/sanglogium/sanity-cms/backups/backup_headphones_xMEqvkRBbdrlJXyFG8cpQL_2026-09-14T10-48-00-709Z.json
   ✅ patched. rev: MzerujO1CrL1dzm03ePhbn

🎧 PATCH (WRITE) — Wicked Cushions WC FreeZe - Hybrid Cooling Gel Infused Gaming Earpads (GPjMdcfFWZVrKyR2PB3t70)

   Field diff (filterAttributes.*):
   ~ price: 2595 -> 25.95
   = customerRating: unchanged (null)
   = awards: unchanged (null)
   = condition: unchanged (null)
   = inStock: unchanged (true)
   = deals: unchanged (null)
   = isNewArrival: unchanged (null)
   ~ accessoryCategory: null -> "Replacement Parts"
   ~ compatibleProductType: null -> "Headphone"
   = cableFunction: unchanged (null)
   = terminationConnectorType: unchanged (null)
   = length: unchanged (null)
   = conductorMaterial: unchanged (null)
   = balancedUnbalanced: unchanged (null)
   = furnitureType: unchanged (null)
   = material: unchanged (null)
   = adjustableHeight: unchanged (null)
   = weightLoadCapacity: unchanged (null)
   = powerProductType: unchanged (null)
   = outletCount: unchanged (null)
   = connectorPlugType: unchanged (null)
   = cleaningProductType: unchanged (null)
   = formatCompatibility: unchanged (null)
   ~ partType: null -> "Ear Pads/Cushions"
   ~ compatibleModelOrBrand: null -> ["Steelseries Arctis Headphones","HyperX Cloud series","Turtle Beach Stealth Series","Razer Kaira Pro"]
   = adapterFunction: unchanged (null)
   = treatmentType: unchanged (null)
   = mounting: unchanged (null)
   💾 backed up prior filterAttributes -> /home/jan/work/sanglogium/sanity-cms/backups/backup_headphones_GPjMdcfFWZVrKyR2PB3t70_2026-09-14T10-48-01-791Z.json
   ✅ patched. rev: MzerujO1CrL1dzm03ePhpF

🎧 PATCH (WRITE) — Symbio Symbio W Eartips | Hybrid Silcone/Foam Eartips (Pn6oyV4Ks5AcNbecjb1MSV)

   Field diff (filterAttributes.*):
   ~ accessoryType: "eartip" -> "replacement-parts"
   ~ compatibleProductType: null -> ["headphone"]
   ~ partType: null -> "ear-tips"
   ~ compatibility: ["universal"] -> null
   ~ awards: null -> []
   = cableFunction: unchanged (null)
   = connectorTermination: unchanged (null)
   = lengthM: unchanged (null)
   = conductorMaterial: unchanged (null)
   = balancedUnbalanced: unchanged (null)
   = furnitureType: unchanged (null)
   = material: unchanged (null)
   = adjustableHeight: unchanged (null)
   = weightCapacityKg: unchanged (null)
   = powerProductType: unchanged (null)
   = outletCount: unchanged (null)
   = powerConnectorType: unchanged (null)
   = cleaningProductType: unchanged (null)
   = formatCompatibility: unchanged (null)
   = adapterFunction: unchanged (null)
   = treatmentType: unchanged (null)
   = mounting: unchanged (null)
   💾 backed up prior filterAttributes -> /home/jan/work/sanglogium/sanity-cms/backups/backup_headphones_Pn6oyV4Ks5AcNbecjb1MSV_2026-09-14T10-48-02-833Z.json
   ✅ patched. rev: MzerujO1CrL1dzm03ePiKd

🎧 PATCH (WRITE) — Sensaphonics Audio wipes - small (PHPYj28HJdPDHAaIB6P7bo)

   Field diff (filterAttributes.*):
   ~ accessoryType: "cable" -> "cleaning-maintenance"
   ~ compatibleProductType: null -> "headphone"
   = cableFunction: unchanged (null)
   = connectorTermination: unchanged (null)
   = lengthM: unchanged (null)
   = conductorMaterial: unchanged (null)
   = balancedUnbalanced: unchanged (null)
   = furnitureType: unchanged (null)
   = material: unchanged (null)
   = adjustableHeight: unchanged (null)
   = weightCapacityKg: unchanged (null)
   = powerProductType: unchanged (null)
   = outletCount: unchanged (null)
   = powerConnectorType: unchanged (null)
   = cleaningProductType: unchanged (null)
   = formatCompatibility: unchanged (null)
   = partType: unchanged (null)
   ~ compatibility: ["universal"] -> null
   = adapterFunction: unchanged (null)
   = treatmentType: unchanged (null)
   = mounting: unchanged (null)
   = awards: unchanged (null)
   💾 backed up prior filterAttributes -> /home/jan/work/sanglogium/sanity-cms/backups/backup_headphones_PHPYj28HJdPDHAaIB6P7bo_2026-09-14T10-48-04-138Z.json
   ✅ patched. rev: Ch755lAE5GLsZ435CxbbsR

🎧 PATCH (WRITE) — Sensaphonics Dry-Aid desiccant (Pn6oyV4Ks5AcNbecjbDai1)

   Field diff (filterAttributes.*):
   ~ accessoryType: "cable" -> "cleaning-maintenance"
   ~ compatibleProductType: null -> "headphone"
   = cableFunction: unchanged (null)
   = connectorTermination: unchanged (null)
   = lengthM: unchanged (null)
   = conductorMaterial: unchanged (null)
   = balancedUnbalanced: unchanged (null)
   = furnitureType: unchanged (null)
   = material: unchanged (null)
   = adjustableHeight: unchanged (null)
   = weightCapacityKg: unchanged (null)
   = powerProductType: unchanged (null)
   = outletCount: unchanged (null)
   = powerConnectorType: unchanged (null)
   = cleaningProductType: unchanged (null)
   = formatCompatibility: unchanged (null)
   = partType: unchanged (null)
   ~ compatibility: ["universal"] -> null
   = adapterFunction: unchanged (null)
   = treatmentType: unchanged (null)
   = mounting: unchanged (null)
   = awards: unchanged (null)
   💾 backed up prior filterAttributes -> /home/jan/work/sanglogium/sanity-cms/backups/backup_headphones_Pn6oyV4Ks5AcNbecjbDai1_2026-09-14T10-48-05-345Z.json
   ✅ patched. rev: 7P2D00ai8KUgrZgiFcwcJN

🎧 PATCH (WRITE) — Sensaphonics Earpiece Cleaning Tool (Pn6oyV4Ks5AcNbecjbDXfF)

   Field diff (filterAttributes.*):
   ~ accessoryType: "cable" -> "replacement-parts"
   ~ compatibleProductType: null -> "headphone"
   = cableFunction: unchanged (null)
   = connectorTermination: unchanged (null)
   = lengthM: unchanged (null)
   = conductorMaterial: unchanged (null)
   = balancedUnbalanced: unchanged (null)
   = furnitureType: unchanged (null)
   = material: unchanged (null)
   = adjustableHeight: unchanged (null)
   = weightCapacityKg: unchanged (null)
   = powerProductType: unchanged (null)
   = outletCount: unchanged (null)
   = powerConnectorType: unchanged (null)
   = cleaningProductType: unchanged (null)
   = formatCompatibility: unchanged (null)
   = partType: unchanged (null)
   ~ compatibility: ["universal"] -> null
   = adapterFunction: unchanged (null)
   = treatmentType: unchanged (null)
   = mounting: unchanged (null)
   = awards: unchanged (null)
   💾 backed up prior filterAttributes -> /home/jan/work/sanglogium/sanity-cms/backups/backup_headphones_Pn6oyV4Ks5AcNbecjbDXfF_2026-09-14T10-48-06-546Z.json
   ✅ patched. rev: Ch755lAE5GLsZ435Cxbc6S

🎧 PATCH (WRITE) — Sensaphonics Earpiece moisture wicks (MrEMtYwMtrFDGWmRnGiczn)

   Field diff (filterAttributes.*):
   ~ accessoryType: "cable" -> "cleaning-maintenance"
   ~ compatibleProductType: null -> "headphone"
   = cableFunction: unchanged (null)
   = connectorTermination: unchanged (null)
   = lengthM: unchanged (null)
   = conductorMaterial: unchanged (null)
   = balancedUnbalanced: unchanged (null)
   = furnitureType: unchanged (null)
   = material: unchanged (null)
   = adjustableHeight: unchanged (null)
   = weightCapacityKg: unchanged (null)
   = powerProductType: unchanged (null)
   = outletCount: unchanged (null)
   = powerConnectorType: unchanged (null)
   = cleaningProductType: unchanged (null)
   = formatCompatibility: unchanged (null)
   = partType: unchanged (null)
   ~ compatibility: ["universal"] -> null
   = adapterFunction: unchanged (null)
   = treatmentType: unchanged (null)
   = mounting: unchanged (null)
   = awards: unchanged (null)
   💾 backed up prior filterAttributes -> /home/jan/work/sanglogium/sanity-cms/backups/backup_headphones_MrEMtYwMtrFDGWmRnGiczn_2026-09-14T10-48-07-676Z.json
   ✅ patched. rev: Ch755lAE5GLsZ435CxbcCp

🎧 PATCH (WRITE) — Sensaphonics Earpiece Soft Wrap by Comply (PHPYj28HJdPDHAaIB6P9CI)

   Field diff (filterAttributes.*):
   ~ accessoryType: "cable" -> "cleaning-maintenance"
   ~ compatibleProductType: null -> "headphone"
   = cableFunction: unchanged (null)
   = connectorTermination: unchanged (null)
   = lengthM: unchanged (null)
   = conductorMaterial: unchanged (null)
   = balancedUnbalanced: unchanged (null)
   = furnitureType: unchanged (null)
   = material: unchanged (null)
   = adjustableHeight: unchanged (null)
   = weightCapacityKg: unchanged (null)
   = powerProductType: unchanged (null)
   = outletCount: unchanged (null)
   = powerConnectorType: unchanged (null)
   = cleaningProductType: unchanged (null)
   = formatCompatibility: unchanged (null)
   = partType: unchanged (null)
   ~ compatibility: ["universal"] -> null
   = adapterFunction: unchanged (null)
   = treatmentType: unchanged (null)
   = mounting: unchanged (null)
   = awards: unchanged (null)
   💾 backed up prior filterAttributes -> /home/jan/work/sanglogium/sanity-cms/backups/backup_headphones_PHPYj28HJdPDHAaIB6P9CI_2026-09-14T10-48-08-994Z.json
   ✅ patched. rev: 7P2D00ai8KUgrZgiFcwcc5

🎧 PATCH (WRITE) — Sensaphonics Jodi-Vac (Consumer) IEM vacuum (Pn6oyV4Ks5AcNbecjbDc7f)

   Field diff (filterAttributes.*):
   ~ accessoryType: "cable" -> "cleaning-maintenance"
   ~ compatibleProductType: null -> "headphone"
   = cableFunction: unchanged (null)
   = connectorTermination: unchanged (null)
   = lengthM: unchanged (null)
   = conductorMaterial: unchanged (null)
   = balancedUnbalanced: unchanged (null)
   = furnitureType: unchanged (null)
   = material: unchanged (null)
   = adjustableHeight: unchanged (null)
   = weightCapacityKg: unchanged (null)
   = powerProductType: unchanged (null)
   = outletCount: unchanged (null)
   = powerConnectorType: unchanged (null)
   = cleaningProductType: unchanged (null)
   = formatCompatibility: unchanged (null)
   = partType: unchanged (null)
   ~ compatibility: ["universal"] -> null
   = adapterFunction: unchanged (null)
   = treatmentType: unchanged (null)
   = mounting: unchanged (null)
   = awards: unchanged (null)
   💾 backed up prior filterAttributes -> /home/jan/work/sanglogium/sanity-cms/backups/backup_headphones_Pn6oyV4Ks5AcNbecjbDc7f_2026-09-14T10-48-10-248Z.json
   ✅ patched. rev: 7P2D00ai8KUgrZgiFcwcj6

🎧 PATCH (WRITE) — Sensaphonics Jodi-Vac (Pro) IEM vacuum (PHPYj28HJdPDHAaIB6P8QC)

   Field diff (filterAttributes.*):
   ~ accessoryType: "cable" -> "cleaning-maintenance"
   ~ compatibleProductType: null -> "headphone"
   = cableFunction: unchanged (null)
   = connectorTermination: unchanged (null)
   = lengthM: unchanged (null)
   = conductorMaterial: unchanged (null)
   = balancedUnbalanced: unchanged (null)
   = furnitureType: unchanged (null)
   = material: unchanged (null)
   = adjustableHeight: unchanged (null)
   = weightCapacityKg: unchanged (null)
   = powerProductType: unchanged (null)
   = outletCount: unchanged (null)
   = powerConnectorType: unchanged (null)
   = cleaningProductType: unchanged (null)
   = formatCompatibility: unchanged (null)
   = partType: unchanged (null)
   ~ compatibility: ["universal"] -> null
   = adapterFunction: unchanged (null)
   = treatmentType: unchanged (null)
   = mounting: unchanged (null)
   = awards: unchanged (null)
   💾 backed up prior filterAttributes -> /home/jan/work/sanglogium/sanity-cms/backups/backup_headphones_PHPYj28HJdPDHAaIB6P8QC_2026-09-14T10-48-11-353Z.json
   ✅ patched. rev: 7P2D00ai8KUgrZgiFcwcq7

🎧 PATCH (WRITE) — Sanus Sanus Headphone Stand for Sonos Ace (Black) (GjMaRFaHMVTsBoyxtAJDT4)

   Field diff (filterAttributes.*):
   = customerRating: unchanged (null)
   = awards: unchanged (null)
   = condition: unchanged (null)
   = dealsDiscount: unchanged (null)
   = newArrival: unchanged (null)
   ~ accessoryType: "stand" -> "stands-isolation"
   ~ compatibleProductType: null -> ["headphone"]
   = cableFunction: unchanged (null)
   = connectorTermination: unchanged (null)
   = lengthM: unchanged (null)
   = conductorMaterial: unchanged (null)
   = balancedUnbalanced: unchanged (null)
   = furnitureType: unchanged (null)
   ~ material: null -> "metal"
   ~ adjustableHeight: null -> false
   = weightCapacityKg: unchanged (null)
   = powerProductType: unchanged (null)
   = outletCount: unchanged (null)
   = powerConnectorType: unchanged (null)
   = cleaningProductType: unchanged (null)
   = formatCompatibility: unchanged (null)
   = partType: unchanged (null)
   ~ compatibility: ["WSHSH1"] -> null
   = adapterFunction: unchanged (null)
   = treatmentType: unchanged (null)
   = mounting: unchanged (null)
   💾 backed up prior filterAttributes -> /home/jan/work/sanglogium/sanity-cms/backups/backup_headphones_GjMaRFaHMVTsBoyxtAJDT4_2026-09-14T10-48-12-459Z.json
   ✅ patched. rev: 7P2D00ai8KUgrZgiFcwcx8

🎧 PATCH (WRITE) — Sanus Sanus Headphone Stand for Sonos Ace (White) (fisKNZUL2oYuqkoQMTzLCp)

   Field diff (filterAttributes.*):
   = customerRating: unchanged (null)
   = awards: unchanged (null)
   = condition: unchanged (null)
   = dealsDiscount: unchanged (null)
   = newArrival: unchanged (null)
   ~ accessoryType: "stand" -> "stands-isolation"
   ~ compatibleProductType: null -> ["headphone"]
   = cableFunction: unchanged (null)
   = connectorTermination: unchanged (null)
   = lengthM: unchanged (null)
   = conductorMaterial: unchanged (null)
   = balancedUnbalanced: unchanged (null)
   = furnitureType: unchanged (null)
   ~ material: null -> "metal"
   ~ adjustableHeight: null -> false
   = weightCapacityKg: unchanged (null)
   = powerProductType: unchanged (null)
   = outletCount: unchanged (null)
   = powerConnectorType: unchanged (null)
   = cleaningProductType: unchanged (null)
   = formatCompatibility: unchanged (null)
   = partType: unchanged (null)
   ~ compatibility: ["WSHSH1"] -> null
   = adapterFunction: unchanged (null)
   = treatmentType: unchanged (null)
   = mounting: unchanged (null)
   💾 backed up prior filterAttributes -> /home/jan/work/sanglogium/sanity-cms/backups/backup_headphones_fisKNZUL2oYuqkoQMTzLCp_2026-09-14T10-48-13-835Z.json
   ✅ patched. rev: 7P2D00ai8KUgrZgiFcwd49

🎧 PATCH (WRITE) — Salad Salad Halo Headphone Stand (GPjMdcfFWZVrKyR2PB5L30)

   Field diff (filterAttributes.*):
   ~ brand: ["salad"] -> "Salad"
   ~ price: 8000 -> {"currency":"usd","unit_amount":8000}
   = rating: unchanged (null)
   = ratingCount: unchanged (null)
   ~ awards: null -> []
   ~ condition: null -> "new"
   ~ inStockOnly: null -> true
   ~ availability: null -> "in-stock"
   ~ deals: null -> []
   = discountPercent: unchanged (null)
   = isNewArrival: unchanged (null)
   ~ accessoryCategory: null -> "stands-isolation"
   ~ compatibleProductType: null -> "headphone"
   = cableFunction: unchanged (null)
   = terminationType: unchanged (null)
   = lengthM: unchanged (null)
   = conductorMaterial: unchanged (null)
   = balanced: unchanged (null)
   = furnitureType: unchanged (null)
   ~ material: null -> "wood"
   ~ adjustableHeight: null -> false
   = weightCapacityKg: unchanged (null)
   = powerProductType: unchanged (null)
   = outletCount: unchanged (null)
   = connectorType: unchanged (null)
   = cleaningProductType: unchanged (null)
   = formatCompatibility: unchanged (null)
   = partType: unchanged (null)
   = compatibleModel: unchanged (null)
   = adapterFunction: unchanged (null)
   = treatmentType: unchanged (null)
   = mounting: unchanged (null)
   💾 backed up prior filterAttributes -> /home/jan/work/sanglogium/sanity-cms/backups/backup_headphones_GPjMdcfFWZVrKyR2PB5L30_2026-09-14T10-48-14-877Z.json
   ✅ patched. rev: MzerujO1CrL1dzm03ePjGv

🎧 PATCH (WRITE) — SVS SVS SoundPath RCA Audio Interconnect Cable for Subwoofers - 16.4 ft. (5m) (GqkAHteRmu9rQ6VLnVwePp)

   Field diff (filterAttributes.*):
   ~ accessoryType: "cable" -> "cables-interconnects"
   ~ compatibleProductType: null -> ["speaker","amplifier-source","universal-any"]
   ~ cableFunction: null -> ["interconnect-rca-xlr"]
   ~ connectorTermination: ["3.5mm","6.35mm","4.4mm-balanced"] -> ["rca"]
   ~ lengthM: null -> 5
   ~ conductorMaterial: null -> ["copper-ofc"]
   = balancedUnbalanced: unchanged (null)
   ~ awards: null -> []
   💾 backed up prior filterAttributes -> /home/jan/work/sanglogium/sanity-cms/backups/backup_headphones_GqkAHteRmu9rQ6VLnVwePp_2026-09-14T10-48-16-311Z.json
   ✅ patched. rev: 7P2D00ai8KUgrZgiFcwdBA

🎧 PATCH (WRITE) — SVS SVS SoundPath RCA Audio Interconnect Cable for Subwoofers - 26.24 ft. (8m) (x2LkzHeaGqoEz8Jhogegs8)

   Field diff (filterAttributes.*):
   ~ accessoryType: "cable" -> "cables-interconnects"
   ~ compatibleProductType: null -> ["speaker","amplifier-source","universal-any"]
   ~ cableFunction: null -> ["interconnect-rca-xlr"]
   ~ connectorTermination: ["3.5mm","6.35mm","4.4mm-balanced"] -> ["rca"]
   ~ lengthM: null -> 8
   ~ conductorMaterial: null -> ["copper-ofc"]
   = balancedUnbalanced: unchanged (null)
   ~ awards: null -> []
   💾 backed up prior filterAttributes -> /home/jan/work/sanglogium/sanity-cms/backups/backup_headphones_x2LkzHeaGqoEz8Jhogegs8_2026-09-14T10-48-17-519Z.json
   ✅ patched. rev: MzerujO1CrL1dzm03ePjUN

🎧 PATCH (WRITE) — SVS SVS SoundPath RCA Audio Interconnect Cable for Subwoofers - 3.28 ft. (1m) (GqkAHteRmu9rQ6VLnW2Roi)

   Field diff (filterAttributes.*):
   ~ accessoryType: "cable" -> "cables-interconnects"
   ~ compatibleProductType: null -> ["speaker","amplifier-source","universal-any"]
   ~ cableFunction: null -> ["interconnect-rca-xlr"]
   ~ connectorTermination: ["3.5mm","6.35mm","4.4mm-balanced"] -> ["rca"]
   ~ lengthM: null -> 1
   ~ conductorMaterial: null -> ["copper-ofc"]
   = balancedUnbalanced: unchanged (null)
   ~ awards: null -> []
   💾 backed up prior filterAttributes -> /home/jan/work/sanglogium/sanity-cms/backups/backup_headphones_GqkAHteRmu9rQ6VLnW2Roi_2026-09-14T10-48-18-540Z.json
   ✅ patched. rev: Ch755lAE5GLsZ435CxbcQq

🎧 PATCH (WRITE) — SVS SVS SoundPath RCA Audio Interconnect Cable for Subwoofers - 39.36 ft. (12m) (GqkAHteRmu9rQ6VLnW2nMv)

   Field diff (filterAttributes.*):
   ~ accessoryType: "cable" -> "cables-interconnects"
   ~ compatibleProductType: null -> ["speaker","amplifier-source","universal-any"]
   ~ cableFunction: null -> ["interconnect-rca-xlr"]
   ~ connectorTermination: ["3.5mm","6.35mm","4.4mm-balanced"] -> ["rca"]
   ~ lengthM: null -> 12
   ~ conductorMaterial: null -> ["copper-ofc"]
   = balancedUnbalanced: unchanged (null)
   ~ awards: null -> []
   💾 backed up prior filterAttributes -> /home/jan/work/sanglogium/sanity-cms/backups/backup_headphones_GqkAHteRmu9rQ6VLnW2nMv_2026-09-14T10-48-19-591Z.json
   ✅ patched. rev: 7P2D00ai8KUgrZgiFcwdRX

🎧 PATCH (WRITE) — SVS SVS SoundPath RCA Audio Interconnect Cable for Subwoofers - 49.2 ft. (15m) (apzyFbFDTajEZntmxstdpq)

   Field diff (filterAttributes.*):
   ~ accessoryType: "cable" -> "cables-interconnects"
   ~ compatibleProductType: null -> ["speaker","amplifier-source","universal-any"]
   ~ cableFunction: null -> ["interconnect-rca-xlr"]
   ~ connectorTermination: ["3.5mm","6.35mm","4.4mm-balanced"] -> ["rca"]
   ~ lengthM: null -> 15
   ~ conductorMaterial: null -> ["copper-ofc"]
   = balancedUnbalanced: unchanged (null)
   ~ awards: null -> []
   💾 backed up prior filterAttributes -> /home/jan/work/sanglogium/sanity-cms/backups/backup_headphones_apzyFbFDTajEZntmxstdpq_2026-09-14T10-48-20-867Z.json
   ✅ patched. rev: 7P2D00ai8KUgrZgiFcwdYY

🎧 PATCH (WRITE) — SVS SVS SoundPath RCA Audio Interconnect Cable for Subwoofers - 6.56 ft. (2m) (apzyFbFDTajEZntmxsuJqB)

   Field diff (filterAttributes.*):
   ~ accessoryType: "cable" -> "cables-interconnects"
   ~ compatibleProductType: null -> ["speaker","amplifier-source","universal-any"]
   ~ cableFunction: null -> ["interconnect-rca-xlr"]
   ~ connectorTermination: ["3.5mm","6.35mm","4.4mm-balanced"] -> ["rca"]
   ~ lengthM: null -> 2
   ~ conductorMaterial: null -> ["copper-ofc"]
   = balancedUnbalanced: unchanged (null)
   ~ awards: null -> []
   💾 backed up prior filterAttributes -> /home/jan/work/sanglogium/sanity-cms/backups/backup_headphones_apzyFbFDTajEZntmxsuJqB_2026-09-14T10-48-22-264Z.json
   ✅ patched. rev: Ch755lAE5GLsZ435CxbccJ

🎧 PATCH (WRITE) — SVS SVS SoundPath Tri-Band Wireless Receiver for SoundPath Wireless Audio Adapter (0IQ2UjkdXJma4iOcjnwrjp)

   Field diff (filterAttributes.*):
   ~ accessoryType: "adapter" -> "adapters-converters"
   ~ compatibleProductType: null -> ["speaker","amplifier-source","universal-any"]
   = adapterFunction: unchanged (null)
   ~ awards: null -> []
   💾 backed up prior filterAttributes -> /home/jan/work/sanglogium/sanity-cms/backups/backup_headphones_0IQ2UjkdXJma4iOcjnwrjp_2026-09-14T10-48-23-404Z.json
   ✅ patched. rev: MzerujO1CrL1dzm03ePkDD

🎧 PATCH (WRITE) — SVS SVS SoundPath Wireless Audio Adapter (GjMaRFaHMVTsBoyxtAJ8Hy)

   Field diff (filterAttributes.*):
   ~ accessoryType: "adapter" -> "adapters-converters"
   ~ compatibleProductType: null -> ["speaker","amplifier-source","universal-any"]
   = adapterFunction: unchanged (null)
   ~ awards: null -> []
   💾 backed up prior filterAttributes -> /home/jan/work/sanglogium/sanity-cms/backups/backup_headphones_GjMaRFaHMVTsBoyxtAJ8Hy_2026-09-14T10-48-24-685Z.json
   ✅ patched. rev: Ch755lAE5GLsZ435CxbcmV

🎧 PATCH (WRITE) — Ruark Audio Ruark Audio R810 AV Mount (Y7l1IhzX2fnyiano57b1dx)

   Field diff (filterAttributes.*):
   = customerRating: unchanged (null)
   ~ awards: null -> []
   = condition: unchanged (null)
   = dealsDiscount: unchanged (null)
   = newArrival: unchanged (null)
   ~ accessoryType: "cable" -> "stands-isolation"
   ~ compatibleProductType: null -> ["speaker"]
   = cableFunction: unchanged (null)
   = connectorTermination: unchanged (null)
   = lengthM: unchanged (null)
   = conductorMaterial: unchanged (null)
   = balancedUnbalanced: unchanged (null)
   ~ furnitureType: null -> ["equipment-rack-shelf"]
   ~ material: null -> ["metal"]
   ~ adjustableHeight: null -> true
   ~ weightCapacityKg: null -> 25
   = powerProductType: unchanged (null)
   = outletCount: unchanged (null)
   = powerConnectorType: unchanged (null)
   = cleaningProductType: unchanged (null)
   = formatCompatibility: unchanged (null)
   = partType: unchanged (null)
   ~ compatibility: ["universal"] -> null
   = adapterFunction: unchanged (null)
   = treatmentType: unchanged (null)
   = mounting: unchanged (null)
   💾 backed up prior filterAttributes -> /home/jan/work/sanglogium/sanity-cms/backups/backup_headphones_Y7l1IhzX2fnyiano57b1dx_2026-09-14T10-48-25-931Z.json
   ✅ patched. rev: MzerujO1CrL1dzm03ePkib

🎧 PATCH (WRITE) — Polk Audio RC80I 2 Way In Ceiling Speakers - 4 Pack (White) (MrEMtYwMtrFDGWmRnKeGom)

   Field diff (filterAttributes.*):
   = awards: unchanged (null)
   ~ accessoryType: "cable" -> null
   = compatibleProductType: unchanged (null)
   = cableFunction: unchanged (null)
   ~ connectorTermination: ["3.5mm","6.35mm","4.4mm-balanced"] -> null
   = lengthM: unchanged (null)
   = conductorMaterial: unchanged (null)
   = balancedUnbalanced: unchanged (null)
   = furnitureType: unchanged (null)
   = material: unchanged (null)
   = adjustableHeight: unchanged (null)
   = weightCapacityKg: unchanged (null)
   = powerProductType: unchanged (null)
   = outletCount: unchanged (null)
   = powerConnectorType: unchanged (null)
   = cleaningProductType: unchanged (null)
   = formatCompatibility: unchanged (null)
   = partType: unchanged (null)
   ~ compatibility: ["universal"] -> null
   = adapterFunction: unchanged (null)
   = treatmentType: unchanged (null)
   = mounting: unchanged (null)
   💾 backed up prior filterAttributes -> /home/jan/work/sanglogium/sanity-cms/backups/backup_headphones_MrEMtYwMtrFDGWmRnKeGom_2026-09-14T10-48-27-449Z.json
   ✅ patched. rev: MzerujO1CrL1dzm03ePl9V

🎧 PATCH (WRITE) — Polk Audio RC85i 2 Way In Wall Speakers - 4 Pack (White) (apzyFbFDTajEZntmxssHP5)

   Field diff (filterAttributes.*):
   = awards: unchanged (null)
   ~ accessoryType: "cable" -> null
   = compatibleProductType: unchanged (null)
   = cableFunction: unchanged (null)
   ~ connectorTermination: ["3.5mm","6.35mm","4.4mm-balanced"] -> null
   = lengthM: unchanged (null)
   = conductorMaterial: unchanged (null)
   = balancedUnbalanced: unchanged (null)
   = furnitureType: unchanged (null)
   = material: unchanged (null)
   = adjustableHeight: unchanged (null)
   = weightCapacityKg: unchanged (null)
   = powerProductType: unchanged (null)
   = outletCount: unchanged (null)
   = powerConnectorType: unchanged (null)
   = cleaningProductType: unchanged (null)
   = formatCompatibility: unchanged (null)
   = partType: unchanged (null)
   ~ compatibility: ["universal"] -> null
   = adapterFunction: unchanged (null)
   = treatmentType: unchanged (null)
   = mounting: unchanged (null)
   💾 backed up prior filterAttributes -> /home/jan/work/sanglogium/sanity-cms/backups/backup_headphones_apzyFbFDTajEZntmxssHP5_2026-09-14T10-48-28-504Z.json
   ✅ patched. rev: Ch755lAE5GLsZ435Cxbd8A

🎧 PATCH (WRITE) — Moondrop Moondrop Free DSP USB-C IEM Cable (moXlkADK7m1DHgGwWxMkkd)

   Field diff (filterAttributes.*):
   = customerRating: unchanged (null)
   = awards: unchanged (null)
   ~ condition: null -> "new"
   = dealsDiscount: unchanged (null)
   = newArrival: unchanged (null)
   ~ accessoryType: "cable" -> "cables-interconnects"
   ~ compatibleProductType: null -> ["headphone"]
   = cableFunction: unchanged (null)
   ~ connectorTermination: ["usb-c"] -> null
   = lengthM: unchanged (null)
   ~ conductorMaterial: null -> ["copper-ofc","silver-plated-copper"]
   = balancedUnbalanced: unchanged (null)
   = furnitureType: unchanged (null)
   = material: unchanged (null)
   = adjustableHeight: unchanged (null)
   = weightCapacityKg: unchanged (null)
   = powerProductType: unchanged (null)
   = outletCount: unchanged (null)
   = powerConnectorType: unchanged (null)
   = cleaningProductType: unchanged (null)
   = formatCompatibility: unchanged (null)
   = partType: unchanged (null)
   ~ compatibility: ["universal"] -> null
   = adapterFunction: unchanged (null)
   = treatmentType: unchanged (null)
   = mounting: unchanged (null)
   💾 backed up prior filterAttributes -> /home/jan/work/sanglogium/sanity-cms/backups/backup_headphones_moXlkADK7m1DHgGwWxMkkd_2026-09-14T10-48-29-544Z.json
   ✅ patched. rev: 7P2D00ai8KUgrZgiFcwe2x

🎧 PATCH (WRITE) — Meze Audio Meze Audio 99 Series 2.5mm or 4.4mm Replacement Cable (3O1ZNp54LWQGln4uEAU7Vs)

   Field diff (filterAttributes.*):
   = customerRating: unchanged (null)
   = awards: unchanged (null)
   ~ condition: null -> "new"
   = dealsDiscount: unchanged (null)
   = newArrival: unchanged (null)
   ~ accessoryType: "cable" -> "cables-interconnects"
   ~ compatibleProductType: null -> ["headphone"]
   = cableFunction: unchanged (null)
   ~ connectorTermination: ["4.4mm-balanced","2.5mm"] -> ["2.5mm","4.4mm"]
   ~ lengthM: null -> 1.5
   ~ conductorMaterial: null -> ["silver-plated-copper"]
   ~ balancedUnbalanced: null -> "balanced"
   = furnitureType: unchanged (null)
   = material: unchanged (null)
   = adjustableHeight: unchanged (null)
   = weightCapacityKg: unchanged (null)
   = powerProductType: unchanged (null)
   = outletCount: unchanged (null)
   = powerConnectorType: unchanged (null)
   = cleaningProductType: unchanged (null)
   = formatCompatibility: unchanged (null)
   = partType: unchanged (null)
   ~ compatibility: ["universal"] -> null
   = adapterFunction: unchanged (null)
   = treatmentType: unchanged (null)
   = mounting: unchanged (null)
   💾 backed up prior filterAttributes -> /home/jan/work/sanglogium/sanity-cms/backups/backup_headphones_3O1ZNp54LWQGln4uEAU7Vs_2026-09-14T10-48-30-624Z.json
   ✅ patched. rev: 7P2D00ai8KUgrZgiFcweEe

🎧 PATCH (WRITE) — Meze Audio Meze Audio 99 Series Silver Replacement cable (2.5mm, 3.5mm or 4.4mm) (PHPYj28HJdPDHAaIBAHiIM)

   Field diff (filterAttributes.*):
   = customerRating: unchanged (null)
   = awards: unchanged (null)
   ~ condition: null -> "new"
   = dealsDiscount: unchanged (null)
   = newArrival: unchanged (null)
   ~ accessoryType: "cable" -> "cables-interconnects"
   ~ compatibleProductType: null -> ["headphone"]
   = cableFunction: unchanged (null)
   ~ connectorTermination: ["3.5mm"] -> ["2.5mm","3.5mm","4.4mm"]
   ~ lengthM: null -> 1.2
   ~ conductorMaterial: null -> ["silver-plated-copper"]
   = balancedUnbalanced: unchanged (null)
   = furnitureType: unchanged (null)
   = material: unchanged (null)
   = adjustableHeight: unchanged (null)
   = weightCapacityKg: unchanged (null)
   = powerProductType: unchanged (null)
   = outletCount: unchanged (null)
   = powerConnectorType: unchanged (null)
   = cleaningProductType: unchanged (null)
   = formatCompatibility: unchanged (null)
   = partType: unchanged (null)
   ~ compatibility: ["universal"] -> null
   = adapterFunction: unchanged (null)
   = treatmentType: unchanged (null)
   = mounting: unchanged (null)
   💾 backed up prior filterAttributes -> /home/jan/work/sanglogium/sanity-cms/backups/backup_headphones_PHPYj28HJdPDHAaIBAHiIM_2026-09-14T10-48-32-005Z.json
   ✅ patched. rev: 7P2D00ai8KUgrZgiFcweO0

🎧 PATCH (WRITE) — Meze Audio Meze Audio Copper PCUHD 4-Pin Mini-XLR Replacement Cable (moXlkADK7m1DHgGwWxMmzS)

   Field diff (filterAttributes.*):
   = customerRating: unchanged (null)
   = awards: unchanged (null)
   = condition: unchanged (null)
   = dealsDiscount: unchanged (null)
   = newArrival: unchanged (null)
   ~ accessoryType: "cable" -> null
   = compatibleProductType: unchanged (null)
   = cableFunction: unchanged (null)
   ~ connectorTermination: ["4-pin-xlr"] -> null
   = lengthM: unchanged (null)
   = conductorMaterial: unchanged (null)
   = balancedUnbalanced: unchanged (null)
   = furnitureType: unchanged (null)
   = material: unchanged (null)
   = adjustableHeight: unchanged (null)
   = weightCapacityKg: unchanged (null)
   = powerProductType: unchanged (null)
   = outletCount: unchanged (null)
   = powerConnectorType: unchanged (null)
   = cleaningProductType: unchanged (null)
   = formatCompatibility: unchanged (null)
   = partType: unchanged (null)
   ~ compatibility: ["universal"] -> null
   = adapterFunction: unchanged (null)
   = treatmentType: unchanged (null)
   = mounting: unchanged (null)
   💾 backed up prior filterAttributes -> /home/jan/work/sanglogium/sanity-cms/backups/backup_headphones_moXlkADK7m1DHgGwWxMmzS_2026-09-14T10-48-33-232Z.json
   ✅ patched. rev: 7P2D00ai8KUgrZgiFcweXM

🎧 PATCH (WRITE) — Meze Audio Meze Audio Empyrean Vegan Leather Ear Pads (Pn6oyV4Ks5AcNbecjjlRHM)

   Field diff (filterAttributes.*):
   = customerRating: unchanged (null)
   = awards: unchanged (null)
   ~ condition: null -> "new"
   = dealsDiscount: unchanged (null)
   = newArrival: unchanged (null)
   ~ accessoryType: "earpad" -> "replacement-parts"
   ~ compatibleProductType: null -> ["headphone"]
   = cableFunction: unchanged (null)
   = connectorTermination: unchanged (null)
   = lengthM: unchanged (null)
   = conductorMaterial: unchanged (null)
   = balancedUnbalanced: unchanged (null)
   = furnitureType: unchanged (null)
   = material: unchanged (null)
   = adjustableHeight: unchanged (null)
   = weightCapacityKg: unchanged (null)
   = powerProductType: unchanged (null)
   = outletCount: unchanged (null)
   = powerConnectorType: unchanged (null)
   = cleaningProductType: unchanged (null)
   = formatCompatibility: unchanged (null)
   ~ partType: null -> "ear-pads-cushions"
   ~ compatibility: ["universal"] -> ["EMPYREAN","EMPYREAN II","ELITE"]
   = adapterFunction: unchanged (null)
   = treatmentType: unchanged (null)
   = mounting: unchanged (null)
   💾 backed up prior filterAttributes -> /home/jan/work/sanglogium/sanity-cms/backups/backup_headphones_Pn6oyV4Ks5AcNbecjjlRHM_2026-09-14T10-48-34-278Z.json
   ✅ patched. rev: MzerujO1CrL1dzm03ePlVv

🎧 PATCH (WRITE) — Meze Audio Meze Audio Manta Headphone Stand (Pn6oyV4Ks5AcNbecjgs488)

   Field diff (filterAttributes.*):
   = customerRating: unchanged (null)
   = awards: unchanged (null)
   ~ condition: null -> "new"
   = dealsDiscount: unchanged (null)
   = newArrival: unchanged (null)
   ~ accessoryType: "stand" -> "stands-isolation"
   ~ compatibleProductType: null -> ["headphone"]
   = cableFunction: unchanged (null)
   = connectorTermination: unchanged (null)
   = lengthM: unchanged (null)
   = conductorMaterial: unchanged (null)
   = balancedUnbalanced: unchanged (null)
   = furnitureType: unchanged (null)
   ~ material: null -> ["metal"]
   = adjustableHeight: unchanged (null)
   = weightCapacityKg: unchanged (null)
   = powerProductType: unchanged (null)
   = outletCount: unchanged (null)
   = powerConnectorType: unchanged (null)
   = cleaningProductType: unchanged (null)
   = formatCompatibility: unchanged (null)
   = partType: unchanged (null)
   ~ compatibility: ["universal"] -> null
   = adapterFunction: unchanged (null)
   = treatmentType: unchanged (null)
   = mounting: unchanged (null)
   💾 backed up prior filterAttributes -> /home/jan/work/sanglogium/sanity-cms/backups/backup_headphones_Pn6oyV4Ks5AcNbecjgs488_2026-09-14T10-48-35-341Z.json
   ✅ patched. rev: 7P2D00ai8KUgrZgiFcwf46

🎧 PATCH (WRITE) — Meze Audio Meze Audio Manta Headphone Stand | Headphone Stand (Pn6oyV4Ks5AcNbecjayoLj)

   Field diff (filterAttributes.*):
   = customerRating: unchanged (null)
   = awards: unchanged (null)
   ~ condition: null -> "new"
   = dealsDiscount: unchanged (null)
   = newArrival: unchanged (null)
   ~ accessoryType: "stand" -> "cables-interconnects"
   ~ compatibleProductType: null -> ["headphone"]
   = cableFunction: unchanged (null)
   ~ connectorTermination: null -> ["4.4mm"]
   ~ lengthM: null -> 1.3
   ~ conductorMaterial: null -> ["copper-ofc"]
   ~ balancedUnbalanced: null -> "balanced"
   = furnitureType: unchanged (null)
   = material: unchanged (null)
   = adjustableHeight: unchanged (null)
   = weightCapacityKg: unchanged (null)
   = powerProductType: unchanged (null)
   = outletCount: unchanged (null)
   = powerConnectorType: unchanged (null)
   = cleaningProductType: unchanged (null)
   = formatCompatibility: unchanged (null)
   = partType: unchanged (null)
   ~ compatibility: ["universal"] -> null
   = adapterFunction: unchanged (null)
   = treatmentType: unchanged (null)
   = mounting: unchanged (null)
   💾 backed up prior filterAttributes -> /home/jan/work/sanglogium/sanity-cms/backups/backup_headphones_Pn6oyV4Ks5AcNbecjayoLj_2026-09-14T10-48-36-604Z.json
   ✅ patched. rev: 7P2D00ai8KUgrZgiFcwfFn

🎧 PATCH (WRITE) — Meze Audio Meze Audio MMCX to 3.5mm Silver-Plated Headphone Cable - 3.9 ft. (FVx8zpBk46ZESxpKNI3WOv)

   Field diff (filterAttributes.*):
   = customerRating: unchanged (null)
   = awards: unchanged (null)
   = condition: unchanged (null)
   = dealsDiscount: unchanged (null)
   = newArrival: unchanged (null)
   ~ accessoryType: "cable" -> null
   = compatibleProductType: unchanged (null)
   = cableFunction: unchanged (null)
   ~ connectorTermination: ["3.5mm","mmcx"] -> null
   = lengthM: unchanged (null)
   = conductorMaterial: unchanged (null)
   = balancedUnbalanced: unchanged (null)
   = furnitureType: unchanged (null)
   = material: unchanged (null)
   = adjustableHeight: unchanged (null)
   = weightCapacityKg: unchanged (null)
   = powerProductType: unchanged (null)
   = outletCount: unchanged (null)
   = powerConnectorType: unchanged (null)
   = cleaningProductType: unchanged (null)
   = formatCompatibility: unchanged (null)
   = partType: unchanged (null)
   ~ compatibility: ["universal"] -> null
   = adapterFunction: unchanged (null)
   = treatmentType: unchanged (null)
   = mounting: unchanged (null)
   💾 backed up prior filterAttributes -> /home/jan/work/sanglogium/sanity-cms/backups/backup_headphones_FVx8zpBk46ZESxpKNI3WOv_2026-09-14T10-48-37-927Z.json
   ✅ patched. rev: 7P2D00ai8KUgrZgiFcwfRU

🎧 PATCH (WRITE) — Meze Audio Meze Audio Mono 3.5mm 99 Series Gold Standard Cable - 9.94 ft. (ULy5F1v4tquhHAic3WSShK)

   Field diff (filterAttributes.*):
   = customerRating: unchanged (null)
   = awards: unchanged (null)
   ~ condition: null -> "new"
   = dealsDiscount: unchanged (null)
   = newArrival: unchanged (null)
   ~ accessoryType: "cable" -> "cables-interconnects"
   ~ compatibleProductType: null -> ["headphone"]
   = cableFunction: unchanged (null)
   = connectorTermination: unchanged (["3.5mm"])
   ~ lengthM: null -> 3
   ~ conductorMaterial: null -> ["copper-ofc"]
   ~ balancedUnbalanced: null -> "unbalanced"
   = furnitureType: unchanged (null)
   = material: unchanged (null)
   = adjustableHeight: unchanged (null)
   = weightCapacityKg: unchanged (null)
   = powerProductType: unchanged (null)
   = outletCount: unchanged (null)
   = powerConnectorType: unchanged (null)
   = cleaningProductType: unchanged (null)
   = formatCompatibility: unchanged (null)
   = partType: unchanged (null)
   ~ compatibility: ["universal"] -> null
   = adapterFunction: unchanged (null)
   = treatmentType: unchanged (null)
   = mounting: unchanged (null)
   💾 backed up prior filterAttributes -> /home/jan/work/sanglogium/sanity-cms/backups/backup_headphones_ULy5F1v4tquhHAic3WSShK_2026-09-14T10-48-39-088Z.json
   ✅ patched. rev: MzerujO1CrL1dzm03ePmNj

🎧 PATCH (WRITE) — Meze Audio Meze Audio Mono 3.5mm to 2.5mm Balanced Headphone Cable - 4.9 ft. (Y7l1IhzX2fnyiano58H1hn)

   Field diff (filterAttributes.*):
   = customerRating: unchanged (null)
   = awards: unchanged (null)
   ~ condition: null -> "new"
   = dealsDiscount: unchanged (null)
   = newArrival: unchanged (null)
   ~ accessoryType: "cable" -> "cables-interconnects"
   ~ compatibleProductType: null -> ["headphone"]
   = cableFunction: unchanged (null)
   ~ connectorTermination: ["3.5mm","2.5mm"] -> ["2.5mm"]
   ~ lengthM: null -> 1.2
   ~ conductorMaterial: null -> ["silver-plated-copper"]
   ~ balancedUnbalanced: null -> "balanced"
   = furnitureType: unchanged (null)
   = material: unchanged (null)
   = adjustableHeight: unchanged (null)
   = weightCapacityKg: unchanged (null)
   = powerProductType: unchanged (null)
   = outletCount: unchanged (null)
   = powerConnectorType: unchanged (null)
   = cleaningProductType: unchanged (null)
   = formatCompatibility: unchanged (null)
   = partType: unchanged (null)
   ~ compatibility: ["universal"] -> null
   = adapterFunction: unchanged (null)
   = treatmentType: unchanged (null)
   = mounting: unchanged (null)
   💾 backed up prior filterAttributes -> /home/jan/work/sanglogium/sanity-cms/backups/backup_headphones_Y7l1IhzX2fnyiano58H1hn_2026-09-14T10-48-40-407Z.json
   ✅ patched. rev: 7P2D00ai8KUgrZgiFcwfdB

🎧 PATCH (WRITE) — Meze Audio Meze Audio Mono 3.5mm to 2.5mm Balanced Headphone Cable - 4.9 ft. (ULy5F1v4tquhHAic3WSREZ)

   Field diff (filterAttributes.*):
   = customerRating: unchanged (null)
   = awards: unchanged (null)
   ~ condition: null -> "new"
   = dealsDiscount: unchanged (null)
   = newArrival: unchanged (null)
   ~ accessoryType: "cable" -> "cables-interconnects"
   ~ compatibleProductType: null -> ["headphone"]
   = cableFunction: unchanged (null)
   ~ connectorTermination: ["3.5mm","2.5mm"] -> ["2.5mm"]
   ~ lengthM: null -> 1.5
   ~ conductorMaterial: null -> ["silver-plated-copper"]
   ~ balancedUnbalanced: null -> "balanced"
   = furnitureType: unchanged (null)
   = material: unchanged (null)
   = adjustableHeight: unchanged (null)
   = weightCapacityKg: unchanged (null)
   = powerProductType: unchanged (null)
   = outletCount: unchanged (null)
   = powerConnectorType: unchanged (null)
   = cleaningProductType: unchanged (null)
   = formatCompatibility: unchanged (null)
   = partType: unchanged (null)
   ~ compatibility: ["universal"] -> null
   = adapterFunction: unchanged (null)
   = treatmentType: unchanged (null)
   = mounting: unchanged (null)
   💾 backed up prior filterAttributes -> /home/jan/work/sanglogium/sanity-cms/backups/backup_headphones_ULy5F1v4tquhHAic3WSREZ_2026-09-14T10-48-41-669Z.json
   ✅ patched. rev: 7P2D00ai8KUgrZgiFcwfkC

🎧 PATCH (WRITE) — Meze Audio Meze Audio Mono 3.5mm to 4.4mm Balanced Silver-Plated Cable - 4.2 ft. (Y7l1IhzX2fnyiano58H5OJ)

   Field diff (filterAttributes.*):
   = customerRating: unchanged (null)
   = awards: unchanged (null)
   ~ condition: null -> "new"
   = dealsDiscount: unchanged (null)
   = newArrival: unchanged (null)
   ~ accessoryType: "cable" -> "cables-interconnects"
   ~ compatibleProductType: null -> ["headphone"]
   = cableFunction: unchanged (null)
   ~ connectorTermination: ["3.5mm","4.4mm-balanced"] -> ["4.4mm"]
   ~ lengthM: null -> 1.3
   ~ conductorMaterial: null -> ["silver-plated-copper"]
   ~ balancedUnbalanced: null -> "balanced"
   = furnitureType: unchanged (null)
   = material: unchanged (null)
   = adjustableHeight: unchanged (null)
   = weightCapacityKg: unchanged (null)
   = powerProductType: unchanged (null)
   = outletCount: unchanged (null)
   = powerConnectorType: unchanged (null)
   = cleaningProductType: unchanged (null)
   = formatCompatibility: unchanged (null)
   = partType: unchanged (null)
   ~ compatibility: ["universal"] -> null
   = adapterFunction: unchanged (null)
   = treatmentType: unchanged (null)
   = mounting: unchanged (null)
   💾 backed up prior filterAttributes -> /home/jan/work/sanglogium/sanity-cms/backups/backup_headphones_Y7l1IhzX2fnyiano58H5OJ_2026-09-14T10-48-42-666Z.json
   ✅ patched. rev: MzerujO1CrL1dzm03ePnK1

🎧 PATCH (WRITE) — Meze Audio Meze Audio Mono 3.5mm to Balanced 4.4mm Silver-Plated Headphone Cable - 3.9ft. (A5Y8wEwAn6Fo0zYQ5BM7Yv)

   Field diff (filterAttributes.*):
   = customerRating: unchanged (null)
   = awards: unchanged (null)
   ~ condition: null -> "new"
   = dealsDiscount: unchanged (null)
   = newArrival: unchanged (null)
   ~ accessoryType: "cable" -> "cables-interconnects"
   ~ compatibleProductType: null -> ["headphone"]
   = cableFunction: unchanged (null)
   ~ connectorTermination: ["3.5mm","4.4mm-balanced"] -> ["4.4mm"]
   ~ lengthM: null -> 1.2
   ~ conductorMaterial: null -> ["silver-plated-copper"]
   ~ balancedUnbalanced: null -> "balanced"
   = furnitureType: unchanged (null)
   = material: unchanged (null)
   = adjustableHeight: unchanged (null)
   = weightCapacityKg: unchanged (null)
   = powerProductType: unchanged (null)
   = outletCount: unchanged (null)
   = powerConnectorType: unchanged (null)
   = cleaningProductType: unchanged (null)
   = formatCompatibility: unchanged (null)
   = partType: unchanged (null)
   ~ compatibility: ["99 NEO","99 CLASSICS","109 PRO","LIRIC"] -> null
   = adapterFunction: unchanged (null)
   = treatmentType: unchanged (null)
   = mounting: unchanged (null)
   💾 backed up prior filterAttributes -> /home/jan/work/sanglogium/sanity-cms/backups/backup_headphones_A5Y8wEwAn6Fo0zYQ5BM7Yv_2026-09-14T10-48-43-729Z.json
   ✅ patched. rev: Ch755lAE5GLsZ435CxbePA

🎧 PATCH (WRITE) — Meze Audio Meze Audio OFC Mini 4-Pin XLR Replacement Cable (3O1ZNp54LWQGln4uEAUGRi)

   Field diff (filterAttributes.*):
   = customerRating: unchanged (null)
   = awards: unchanged (null)
   ~ condition: null -> "new"
   = dealsDiscount: unchanged (null)
   = newArrival: unchanged (null)
   ~ accessoryType: "cable" -> "cables-interconnects"
   ~ compatibleProductType: null -> ["headphone"]
   = cableFunction: unchanged (null)
   ~ connectorTermination: ["4-pin-xlr"] -> ["3.5mm"]
   ~ lengthM: null -> 1.2
   ~ conductorMaterial: null -> ["copper-ofc"]
   ~ balancedUnbalanced: null -> "unbalanced"
   = furnitureType: unchanged (null)
   = material: unchanged (null)
   = adjustableHeight: unchanged (null)
   = weightCapacityKg: unchanged (null)
   = powerProductType: unchanged (null)
   = outletCount: unchanged (null)
   = powerConnectorType: unchanged (null)
   = cleaningProductType: unchanged (null)
   = formatCompatibility: unchanged (null)
   = partType: unchanged (null)
   ~ compatibility: ["universal"] -> null
   = adapterFunction: unchanged (null)
   = treatmentType: unchanged (null)
   = mounting: unchanged (null)
   💾 backed up prior filterAttributes -> /home/jan/work/sanglogium/sanity-cms/backups/backup_headphones_3O1ZNp54LWQGln4uEAUGRi_2026-09-14T10-48-44-812Z.json
   ✅ patched. rev: Ch755lAE5GLsZ435CxbeUG

🎧 PATCH (WRITE) — Meze Audio Meze Manta Headphone Stand (GPjMdcfFWZVrKyR2PB5Jys)

   Field diff (filterAttributes.*):
   = customerRating: unchanged (null)
   = awards: unchanged (null)
   ~ condition: null -> "new"
   = dealsDiscount: unchanged (null)
   = newArrival: unchanged (null)
   ~ accessoryType: "stand" -> "stands-isolation"
   ~ compatibleProductType: null -> ["headphone"]
   = cableFunction: unchanged (null)
   = connectorTermination: unchanged (null)
   = lengthM: unchanged (null)
   = conductorMaterial: unchanged (null)
   = balancedUnbalanced: unchanged (null)
   = furnitureType: unchanged (null)
   ~ material: null -> ["metal"]
   = adjustableHeight: unchanged (null)
   = weightCapacityKg: unchanged (null)
   = powerProductType: unchanged (null)
   = outletCount: unchanged (null)
   = powerConnectorType: unchanged (null)
   = cleaningProductType: unchanged (null)
   = formatCompatibility: unchanged (null)
   = partType: unchanged (null)
   ~ compatibility: ["universal"] -> null
   = adapterFunction: unchanged (null)
   = treatmentType: unchanged (null)
   = mounting: unchanged (null)
   💾 backed up prior filterAttributes -> /home/jan/work/sanglogium/sanity-cms/backups/backup_headphones_GPjMdcfFWZVrKyR2PB5Jys_2026-09-14T10-48-45-870Z.json
   ✅ patched. rev: 7P2D00ai8KUgrZgiFcwgEb

🎧 PATCH (WRITE) — McIntosh MQ112 Environmental Equalizer (x2LkzHeaGqoEz8Jhogdmti)

   Field diff (filterAttributes.*):
   = brand: unchanged (["mcintosh"])
   = customerRating: unchanged (null)
   ~ condition: null -> "new"
   = inStock: unchanged (true)
   ~ dealsDiscount: null -> "none"
   ~ newArrival: null -> false
   = awards: unchanged (null)
   ~ accessoryType: "cable" -> null
   ~ compatibleProductType: null -> ["amplifier-source"]
   = cableFunction: unchanged (null)
   ~ connectorTermination: ["3.5mm","6.35mm","4.4mm-balanced"] -> null
   = lengthM: unchanged (null)
   = conductorMaterial: unchanged (null)
   = balancedUnbalanced: unchanged (null)
   = furnitureType: unchanged (null)
   = material: unchanged (null)
   = adjustableHeight: unchanged (null)
   = weightCapacityKg: unchanged (null)
   = powerProductType: unchanged (null)
   = outletCount: unchanged (null)
   = powerConnectorType: unchanged (null)
   = cleaningProductType: unchanged (null)
   = formatCompatibility: unchanged (null)
   = partType: unchanged (null)
   ~ compatibility: ["universal"] -> null
   = adapterFunction: unchanged (null)
   = treatmentType: unchanged (null)
   = mounting: unchanged (null)
   💾 backed up prior filterAttributes -> /home/jan/work/sanglogium/sanity-cms/backups/backup_headphones_x2LkzHeaGqoEz8Jhogdmti_2026-09-14T10-48-46-890Z.json
   ✅ patched. rev: 7P2D00ai8KUgrZgiFcwgNx

🎧 PATCH (WRITE) — Listenmore Etched Headphone Cable for Sennheiser HD 600 Series (PHPYj28HJdPDHAaIBAHZj0)

   Field diff (filterAttributes.*):
   ~ price: 6999 -> {"min":69.99,"max":99.99,"currency":"USD"}
   = customerRating: unchanged (null)
   = awards: unchanged (null)
   = condition: unchanged (null)
   ~ inStock: true -> null
   = dealsDiscount: unchanged (null)
   = newArrival: unchanged (null)
   ~ accessoryType: "cable" -> "cables-interconnects"
   ~ compatibleProductType: null -> "headphone"
   = cableFunction: unchanged (null)
   ~ connectorTermination: ["3.5mm","6.35mm","4.4mm-balanced"] -> ["3.5mm","6.35mm","xlr"]
   ~ lengthM: null -> [1.25,3]
   = conductorMaterial: unchanged (null)
   ~ balancedUnbalanced: null -> true
   = furnitureType: unchanged (null)
   = material: unchanged (null)
   = adjustableHeight: unchanged (null)
   = weightCapacityKg: unchanged (null)
   = powerProductType: unchanged (null)
   = outletCount: unchanged (null)
   = powerConnectorType: unchanged (null)
   = cleaningProductType: unchanged (null)
   = formatCompatibility: unchanged (null)
   = partType: unchanged (null)
   ~ compatibility: ["Sennheiser dual-pin (HD 600 Series compatible)"] -> null
   = adapterFunction: unchanged (null)
   = treatmentType: unchanged (null)
   = mounting: unchanged (null)
   💾 backed up prior filterAttributes -> /home/jan/work/sanglogium/sanity-cms/backups/backup_headphones_PHPYj28HJdPDHAaIBAHZj0_2026-09-14T10-48-47-955Z.json
   ✅ patched. rev: MzerujO1CrL1dzm03ePoTl

🎧 PATCH (WRITE) — Listenmore Etched Headphone Cable (PHPYj28HJdPDHAaIBAHVcm)

   Field diff (filterAttributes.*):
   ~ price: 6999 -> {"min":69.99,"max":99.99,"currency":"USD"}
   = customerRating: unchanged (null)
   = awards: unchanged (null)
   = condition: unchanged (null)
   = inStock: unchanged (true)
   = dealsDiscount: unchanged (null)
   = newArrival: unchanged (null)
   ~ accessoryType: "cable" -> "cables-interconnects"
   ~ compatibleProductType: null -> "headphone"
   = cableFunction: unchanged (null)
   ~ connectorTermination: ["3.5mm","6.35mm","4.4mm-balanced"] -> ["3.5mm","6.35mm","xlr"]
   ~ lengthM: null -> [1.25,3]
   = conductorMaterial: unchanged (null)
   ~ balancedUnbalanced: null -> true
   = furnitureType: unchanged (null)
   = material: unchanged (null)
   = adjustableHeight: unchanged (null)
   = weightCapacityKg: unchanged (null)
   = powerProductType: unchanged (null)
   = outletCount: unchanged (null)
   = powerConnectorType: unchanged (null)
   = cleaningProductType: unchanged (null)
   = formatCompatibility: unchanged (null)
   = partType: unchanged (null)
   ~ compatibility: ["Focal: Elear","Elex","Clear","Elegia","Celestee","Radiance","Clear Mg","Stellia\n            Hifiman: HE400se","Sundara","Sundara Closed","Edition XS","Ananda","Ananda Stealth","Arya","Arya Stealth","Arya Organic","Audivina","HE1000 Stealth","HE1000SE","Susvara\n            Meze Audio: 99 Classics","109 Pro","109 Pro Primal","LIRIC\n            HEDD Audio: HEDDphone TWO\n            Denon: AH-D5200","AH-D7200","AH-D9200\n            Sony: MDR-Z7M2","MDR-Z1R"] -> null
   = adapterFunction: unchanged (null)
   = treatmentType: unchanged (null)
   = mounting: unchanged (null)
   💾 backed up prior filterAttributes -> /home/jan/work/sanglogium/sanity-cms/backups/backup_headphones_PHPYj28HJdPDHAaIBAHVcm_2026-09-14T10-48-49-473Z.json
   ✅ patched. rev: 7P2D00ai8KUgrZgiFcwgbz

🎧 PATCH (WRITE) — Kanto Kanto H3 Universal Desktop Headphone Stand with Adapter Holder (GjMaRFaHMVTsBoyxtAJBKY)

   Field diff (filterAttributes.*):
   = customerRating: unchanged (null)
   = awards: unchanged (null)
   = condition: unchanged (null)
   = dealsDiscount: unchanged (null)
   = newArrival: unchanged (null)
   ~ accessoryType: "adapter" -> "stands-isolation"
   ~ compatibleProductType: null -> ["headphone"]
   = cableFunction: unchanged (null)
   = connectorTermination: unchanged (null)
   = lengthM: unchanged (null)
   = conductorMaterial: unchanged (null)
   = balancedUnbalanced: unchanged (null)
   = furnitureType: unchanged (null)
   ~ material: null -> ["metal"]
   ~ adjustableHeight: null -> false
   ~ weightCapacityKg: null -> 10
   = powerProductType: unchanged (null)
   = outletCount: unchanged (null)
   = powerConnectorType: unchanged (null)
   = cleaningProductType: unchanged (null)
   = formatCompatibility: unchanged (null)
   = partType: unchanged (null)
   ~ compatibility: ["universal"] -> null
   = adapterFunction: unchanged (null)
   = treatmentType: unchanged (null)
   = mounting: unchanged (null)
   💾 backed up prior filterAttributes -> /home/jan/work/sanglogium/sanity-cms/backups/backup_headphones_GjMaRFaHMVTsBoyxtAJBKY_2026-09-14T10-48-50-510Z.json
   ✅ patched. rev: 7P2D00ai8KUgrZgiFcwgq1

🎧 PATCH (WRITE) — Kanto Kanto Headphone Stand (C0JSb66CHOxy1G14ni5ga1)

   Field diff (filterAttributes.*):
   = customerRating: unchanged (null)
   = awards: unchanged (null)
   = condition: unchanged (null)
   = dealsDiscount: unchanged (null)
   = newArrival: unchanged (null)
   ~ accessoryType: "stand" -> "stands-isolation"
   ~ compatibleProductType: null -> ["headphone"]
   = cableFunction: unchanged (null)
   = connectorTermination: unchanged (null)
   = lengthM: unchanged (null)
   = conductorMaterial: unchanged (null)
   = balancedUnbalanced: unchanged (null)
   = furnitureType: unchanged (null)
   ~ material: null -> ["metal"]
   ~ adjustableHeight: null -> false
   ~ weightCapacityKg: null -> 3
   = powerProductType: unchanged (null)
   = outletCount: unchanged (null)
   = powerConnectorType: unchanged (null)
   = cleaningProductType: unchanged (null)
   = formatCompatibility: unchanged (null)
   = partType: unchanged (null)
   ~ compatibility: ["universal"] -> null
   = adapterFunction: unchanged (null)
   = treatmentType: unchanged (null)
   = mounting: unchanged (null)
   💾 backed up prior filterAttributes -> /home/jan/work/sanglogium/sanity-cms/backups/backup_headphones_C0JSb66CHOxy1G14ni5ga1_2026-09-14T10-48-51-580Z.json
   ✅ patched. rev: 7P2D00ai8KUgrZgiFcwgzN

🎧 PATCH (WRITE) — JL Audio JL Audio 2-Channel Core RCA Male to RCA Male Cables - 6 ft. (1.82m) - 2-Pack (Y7l1IhzX2fnyiano58Giz2)

   Field diff (filterAttributes.*):
   ~ accessoryType: "cable" -> "cables-interconnects"
   ~ compatibleProductType: null -> ["amplifier-source"]
   ~ cableFunction: null -> ["interconnect-rca-xlr"]
   ~ connectorTermination: ["3.5mm","6.35mm","4.4mm-balanced"] -> ["rca"]
   ~ lengthM: null -> 1.83
   ~ conductorMaterial: null -> ["copper-ofc"]
   = balancedUnbalanced: unchanged (null)
   = furnitureType: unchanged (null)
   = material: unchanged (null)
   = adjustableHeight: unchanged (null)
   = weightCapacityKg: unchanged (null)
   = powerProductType: unchanged (null)
   = outletCount: unchanged (null)
   = powerConnectorType: unchanged (null)
   = cleaningProductType: unchanged (null)
   = formatCompatibility: unchanged (null)
   = partType: unchanged (null)
   ~ compatibility: ["universal"] -> null
   = adapterFunction: unchanged (null)
   = treatmentType: unchanged (null)
   = mounting: unchanged (null)
   ~ awards: null -> []
   💾 backed up prior filterAttributes -> /home/jan/work/sanglogium/sanity-cms/backups/backup_headphones_Y7l1IhzX2fnyiano58Giz2_2026-09-14T10-48-52-821Z.json
   ✅ patched. rev: 7P2D00ai8KUgrZgiFcwh8j

🎧 PATCH (WRITE) — JBL JBL Wireless Two Microphone System with Dual-Channel Receiver (x2LkzHeaGqoEz8Jhogc6j0)

   Field diff (filterAttributes.*):
   = accessoryCategory: unchanged (null)
   ~ compatibleProductType: null -> "speaker"
   = cableFunction: unchanged (null)
   = terminationType: unchanged (null)
   = lengthM: unchanged (null)
   = conductorMaterial: unchanged (null)
   = balanced: unchanged (null)
   = furnitureType: unchanged (null)
   = material: unchanged (null)
   = adjustableHeight: unchanged (null)
   = weightCapacityKg: unchanged (null)
   = powerProductType: unchanged (null)
   = outletCount: unchanged (null)
   = connectorType: unchanged (null)
   = cleaningProductType: unchanged (null)
   = formatCompatibility: unchanged (null)
   = partType: unchanged (null)
   = compatibleModel: unchanged (null)
   = adapterFunction: unchanged (null)
   = treatmentType: unchanged (null)
   = mounting: unchanged (null)
   ~ awards: null -> []
   💾 backed up prior filterAttributes -> /home/jan/work/sanglogium/sanity-cms/backups/backup_headphones_x2LkzHeaGqoEz8Jhogc6j0_2026-09-14T10-48-54-086Z.json
   ✅ patched. rev: Ch755lAE5GLsZ435CxbfS9

🎧 PATCH (WRITE) — HEDD Audio HEDD Audio GTC HEDDphone TWO Cable (Pn6oyV4Ks5AcNbecjh3egq)

   Field diff (filterAttributes.*):
   = customerRating: unchanged (null)
   ~ condition: null -> "new"
   = dealsDiscount: unchanged (null)
   = newArrival: unchanged (null)
   ~ awards: null -> []
   ~ accessoryType: "cable" -> "cables-interconnects"
   ~ compatibleProductType: null -> ["headphone"]
   = cableFunction: unchanged (null)
   ~ connectorTermination: ["3.5mm","6.35mm","4.4mm-balanced"] -> ["4.4mm"]
   ~ lengthM: null -> 1.6
   ~ conductorMaterial: null -> "copper-ofc"
   ~ balancedUnbalanced: null -> "balanced"
   = furnitureType: unchanged (null)
   = material: unchanged (null)
   = adjustableHeight: unchanged (null)
   = weightCapacityKg: unchanged (null)
   = powerProductType: unchanged (null)
   = outletCount: unchanged (null)
   = powerConnectorType: unchanged (null)
   = cleaningProductType: unchanged (null)
   = formatCompatibility: unchanged (null)
   = partType: unchanged (null)
   ~ compatibility: ["universal"] -> null
   = adapterFunction: unchanged (null)
   = treatmentType: unchanged (null)
   = mounting: unchanged (null)
   💾 backed up prior filterAttributes -> /home/jan/work/sanglogium/sanity-cms/backups/backup_headphones_Pn6oyV4Ks5AcNbecjh3egq_2026-09-14T10-48-55-359Z.json
   ✅ patched. rev: MzerujO1CrL1dzm03ePpH5

🎧 PATCH (WRITE) — HEDD Audio HEDDphone Balanced 4-Pin XLR Cable (E5AJbuTajbv7O6i4rY3WSR)

   Field diff (filterAttributes.*):
   = customerRating: unchanged (null)
   ~ condition: null -> "new"
   = dealsDiscount: unchanged (null)
   = newArrival: unchanged (null)
   ~ awards: null -> []
   ~ accessoryType: "cable" -> "cables-interconnects"
   ~ compatibleProductType: null -> ["headphone"]
   = cableFunction: unchanged (null)
   ~ connectorTermination: ["4-pin-xlr"] -> ["xlr"]
   ~ lengthM: null -> 2.2
   = conductorMaterial: unchanged (null)
   ~ balancedUnbalanced: null -> "balanced"
   = furnitureType: unchanged (null)
   = material: unchanged (null)
   = adjustableHeight: unchanged (null)
   = weightCapacityKg: unchanged (null)
   = powerProductType: unchanged (null)
   = outletCount: unchanged (null)
   = powerConnectorType: unchanged (null)
   = cleaningProductType: unchanged (null)
   = formatCompatibility: unchanged (null)
   = partType: unchanged (null)
   ~ compatibility: ["universal"] -> null
   = adapterFunction: unchanged (null)
   = treatmentType: unchanged (null)
   = mounting: unchanged (null)
   💾 backed up prior filterAttributes -> /home/jan/work/sanglogium/sanity-cms/backups/backup_headphones_E5AJbuTajbv7O6i4rY3WSR_2026-09-14T10-48-56-785Z.json
   ✅ patched. rev: MzerujO1CrL1dzm03ePpUX

🎧 PATCH (WRITE) — Focal Focal Bathys Replacement Ear Pads (Pair) (MrEMtYwMtrFDGWmRnQS8gt)

   Field diff (filterAttributes.*):
   ~ accessoryType: "earpad" -> "replacement-parts"
   ~ partType: null -> "ear-pads-cushions"
   ~ compatibleProductType: null -> ["headphone"]
   ~ compatibility: ["universal"] -> ["Focal Bathys"]
   = customerRating: unchanged (null)
   = condition: unchanged (null)
   = dealsDiscount: unchanged (null)
   = newArrival: unchanged (null)
   ~ inStock: true -> null
   = awards: unchanged (null)
   = cableFunction: unchanged (null)
   = connectorTermination: unchanged (null)
   = lengthM: unchanged (null)
   = conductorMaterial: unchanged (null)
   = balancedUnbalanced: unchanged (null)
   = furnitureType: unchanged (null)
   = material: unchanged (null)
   = adjustableHeight: unchanged (null)
   = weightCapacityKg: unchanged (null)
   = powerProductType: unchanged (null)
   = outletCount: unchanged (null)
   = powerConnectorType: unchanged (null)
   = cleaningProductType: unchanged (null)
   = formatCompatibility: unchanged (null)
   = adapterFunction: unchanged (null)
   = treatmentType: unchanged (null)
   = mounting: unchanged (null)
   💾 backed up prior filterAttributes -> /home/jan/work/sanglogium/sanity-cms/backups/backup_headphones_MrEMtYwMtrFDGWmRnQS8gt_2026-09-14T10-48-57-904Z.json
   ✅ patched. rev: Ch755lAE5GLsZ435CxbfVy

🎧 PATCH (WRITE) — Focal Focal Clear Ear Pads (Pair) (MrEMtYwMtrFDGWmRnQS1rC)

   Field diff (filterAttributes.*):
   ~ accessoryType: "earpad" -> "replacement-parts"
   ~ partType: null -> "ear-pads-cushions"
   ~ compatibleProductType: null -> ["headphone"]
   ~ compatibility: ["universal"] -> ["Focal Clear","Focal Elear","Focal Elex","Focal Elegia","Focal Utopia"]
   = customerRating: unchanged (null)
   = condition: unchanged (null)
   = dealsDiscount: unchanged (null)
   = newArrival: unchanged (null)
   ~ inStock: true -> null
   = awards: unchanged (null)
   = cableFunction: unchanged (null)
   = connectorTermination: unchanged (null)
   = lengthM: unchanged (null)
   = conductorMaterial: unchanged (null)
   = balancedUnbalanced: unchanged (null)
   = furnitureType: unchanged (null)
   = material: unchanged (null)
   = adjustableHeight: unchanged (null)
   = weightCapacityKg: unchanged (null)
   = powerProductType: unchanged (null)
   = outletCount: unchanged (null)
   = powerConnectorType: unchanged (null)
   = cleaningProductType: unchanged (null)
   = formatCompatibility: unchanged (null)
   = adapterFunction: unchanged (null)
   = treatmentType: unchanged (null)
   = mounting: unchanged (null)
   💾 backed up prior filterAttributes -> /home/jan/work/sanglogium/sanity-cms/backups/backup_headphones_MrEMtYwMtrFDGWmRnQS1rC_2026-09-14T10-48-58-926Z.json
   ✅ patched. rev: MzerujO1CrL1dzm03ePqnF

🎧 PATCH (WRITE) — Focal Focal Clear Mg Replacement Ear Pads (prod-4b6fb239-96a)

   Field diff (filterAttributes.*):
   ~ accessoryType: "earpad" -> "replacement-parts"
   ~ partType: null -> "ear-pads-cushions"
   ~ compatibleProductType: null -> ["headphone"]
   ~ compatibility: ["universal"] -> ["Focal Clear Mg","Focal Utopia","Focal Stellia","Focal Clear","Focal Elegia","Focal Elear","Focal Elex"]
   = customerRating: unchanged (null)
   = condition: unchanged (null)
   = dealsDiscount: unchanged (null)
   = newArrival: unchanged (null)
   ~ inStock: true -> null
   = awards: unchanged (null)
   = cableFunction: unchanged (null)
   = connectorTermination: unchanged (null)
   = lengthM: unchanged (null)
   = conductorMaterial: unchanged (null)
   = balancedUnbalanced: unchanged (null)
   = furnitureType: unchanged (null)
   = material: unchanged (null)
   = adjustableHeight: unchanged (null)
   = weightCapacityKg: unchanged (null)
   = powerProductType: unchanged (null)
   = outletCount: unchanged (null)
   = powerConnectorType: unchanged (null)
   = cleaningProductType: unchanged (null)
   = formatCompatibility: unchanged (null)
   = adapterFunction: unchanged (null)
   = treatmentType: unchanged (null)
   = mounting: unchanged (null)
   💾 backed up prior filterAttributes -> /home/jan/work/sanglogium/sanity-cms/backups/backup_headphones_prod-4b6fb239-96a_2026-09-14T10-48-59-931Z.json
   ✅ patched. rev: 7P2D00ai8KUgrZgiFcwhTm

🎧 PATCH (WRITE) — Focal Focal Elex Ear Pads (Pair) (PHPYj28HJdPDHAaIBCBx40)

   Field diff (filterAttributes.*):
   ~ accessoryType: "earpad" -> "replacement-parts"
   ~ partType: null -> "ear-pads-cushions"
   ~ compatibleProductType: null -> ["headphone"]
   ~ compatibility: ["universal"] -> ["Focal Elex","Focal Elear","Focal Clear","Focal Celestee","Focal Clear Mg","Focal Radiance","Focal Stellia","Focal Utopia"]
   = customerRating: unchanged (null)
   = condition: unchanged (null)
   = dealsDiscount: unchanged (null)
   = newArrival: unchanged (null)
   ~ inStock: true -> null
   = awards: unchanged (null)
   = cableFunction: unchanged (null)
   = connectorTermination: unchanged (null)
   = lengthM: unchanged (null)
   = conductorMaterial: unchanged (null)
   = balancedUnbalanced: unchanged (null)
   = furnitureType: unchanged (null)
   = material: unchanged (null)
   = adjustableHeight: unchanged (null)
   = weightCapacityKg: unchanged (null)
   = powerProductType: unchanged (null)
   = outletCount: unchanged (null)
   = powerConnectorType: unchanged (null)
   = cleaningProductType: unchanged (null)
   = formatCompatibility: unchanged (null)
   = adapterFunction: unchanged (null)
   = treatmentType: unchanged (null)
   = mounting: unchanged (null)
   💾 backed up prior filterAttributes -> /home/jan/work/sanglogium/sanity-cms/backups/backup_headphones_PHPYj28HJdPDHAaIBCBx40_2026-09-14T10-49-00-945Z.json
   ✅ patched. rev: 7P2D00ai8KUgrZgiFcwhd8

🎧 PATCH (WRITE) — Focal Focal Utopia Ear Pad (Pn6oyV4Ks5AcNbecjjl5G7)

   Field diff (filterAttributes.*):
   ~ accessoryType: "earpad" -> "replacement-parts"
   ~ partType: null -> "ear-pads-cushions"
   ~ compatibleProductType: null -> ["headphone"]
   ~ compatibility: ["universal"] -> ["Focal Utopia","Focal Elear","Focal Elegia","Focal Elex","Focal Clear"]
   = customerRating: unchanged (null)
   = condition: unchanged (null)
   = dealsDiscount: unchanged (null)
   = newArrival: unchanged (null)
   ~ inStock: true -> null
   = awards: unchanged (null)
   = cableFunction: unchanged (null)
   = connectorTermination: unchanged (null)
   = lengthM: unchanged (null)
   = conductorMaterial: unchanged (null)
   = balancedUnbalanced: unchanged (null)
   = furnitureType: unchanged (null)
   = material: unchanged (null)
   = adjustableHeight: unchanged (null)
   = weightCapacityKg: unchanged (null)
   = powerProductType: unchanged (null)
   = outletCount: unchanged (null)
   = powerConnectorType: unchanged (null)
   = cleaningProductType: unchanged (null)
   = formatCompatibility: unchanged (null)
   = adapterFunction: unchanged (null)
   = treatmentType: unchanged (null)
   = mounting: unchanged (null)
   💾 backed up prior filterAttributes -> /home/jan/work/sanglogium/sanity-cms/backups/backup_headphones_Pn6oyV4Ks5AcNbecjjl5G7_2026-09-14T10-49-02-007Z.json
   ✅ patched. rev: Ch755lAE5GLsZ435Cxbfii

🎧 PATCH (WRITE) — Focal Focal Utopia Ear Pads (xMEqvkRBbdrlJXyFG8bwF9)

   Field diff (filterAttributes.*):
   ~ accessoryType: "earpad" -> "replacement-parts"
   ~ partType: null -> "ear-pads-cushions"
   ~ compatibleProductType: null -> ["headphone"]
   ~ compatibility: ["universal"] -> ["Focal Utopia","Focal Clear","Focal Clear Pro","Focal Elegia","Focal Elear","Focal Stellia"]
   = customerRating: unchanged (null)
   = condition: unchanged (null)
   = dealsDiscount: unchanged (null)
   = newArrival: unchanged (null)
   ~ inStock: true -> null
   = awards: unchanged (null)
   = cableFunction: unchanged (null)
   = connectorTermination: unchanged (null)
   = lengthM: unchanged (null)
   = conductorMaterial: unchanged (null)
   = balancedUnbalanced: unchanged (null)
   = furnitureType: unchanged (null)
   = material: unchanged (null)
   = adjustableHeight: unchanged (null)
   = weightCapacityKg: unchanged (null)
   = powerProductType: unchanged (null)
   = outletCount: unchanged (null)
   = powerConnectorType: unchanged (null)
   = cleaningProductType: unchanged (null)
   = formatCompatibility: unchanged (null)
   = adapterFunction: unchanged (null)
   = treatmentType: unchanged (null)
   = mounting: unchanged (null)
   💾 backed up prior filterAttributes -> /home/jan/work/sanglogium/sanity-cms/backups/backup_headphones_xMEqvkRBbdrlJXyFG8bwF9_2026-09-14T10-49-03-058Z.json
   ✅ patched. rev: MzerujO1CrL1dzm03ePrN7

🎧 PATCH (WRITE) — Final Audio FUSION-G (MrEMtYwMtrFDGWmRnGT5JE)

   Field diff (filterAttributes.*):
   ~ accessoryType: "eartip" -> "replacement-parts"
   ~ compatibleProductType: null -> ["headphone"]
   ~ partType: null -> "ear-tips"
   ~ compatibility: ["universal"] -> null
   = awards: unchanged (null)
   = cableFunction: unchanged (null)
   = connectorTermination: unchanged (null)
   = lengthM: unchanged (null)
   = conductorMaterial: unchanged (null)
   = balancedUnbalanced: unchanged (null)
   = furnitureType: unchanged (null)
   = material: unchanged (null)
   = adjustableHeight: unchanged (null)
   = weightCapacityKg: unchanged (null)
   = powerProductType: unchanged (null)
   = outletCount: unchanged (null)
   = powerConnectorType: unchanged (null)
   = cleaningProductType: unchanged (null)
   = formatCompatibility: unchanged (null)
   = adapterFunction: unchanged (null)
   = treatmentType: unchanged (null)
   = mounting: unchanged (null)
   💾 backed up prior filterAttributes -> /home/jan/work/sanglogium/sanity-cms/backups/backup_headphones_MrEMtYwMtrFDGWmRnGT5JE_2026-09-14T10-49-04-115Z.json
   ✅ patched. rev: MzerujO1CrL1dzm03ePrjX

🎧 PATCH (WRITE) — Final Audio Type E (Pn6oyV4Ks5AcNbecjb0hIg)

   Field diff (filterAttributes.*):
   ~ accessoryType: "eartip" -> "replacement-parts"
   ~ compatibleProductType: null -> ["headphone"]
   ~ partType: null -> "ear-tips"
   ~ compatibility: ["universal"] -> null
   = awards: unchanged (null)
   = cableFunction: unchanged (null)
   = connectorTermination: unchanged (null)
   = lengthM: unchanged (null)
   = conductorMaterial: unchanged (null)
   = balancedUnbalanced: unchanged (null)
   = furnitureType: unchanged (null)
   = material: unchanged (null)
   = adjustableHeight: unchanged (null)
   = weightCapacityKg: unchanged (null)
   = powerProductType: unchanged (null)
   = outletCount: unchanged (null)
   = powerConnectorType: unchanged (null)
   = cleaningProductType: unchanged (null)
   = formatCompatibility: unchanged (null)
   = adapterFunction: unchanged (null)
   = treatmentType: unchanged (null)
   = mounting: unchanged (null)
   💾 backed up prior filterAttributes -> /home/jan/work/sanglogium/sanity-cms/backups/backup_headphones_Pn6oyV4Ks5AcNbecjb0hIg_2026-09-14T10-49-05-164Z.json
   ✅ patched. rev: 7P2D00ai8KUgrZgiFcwi7X

🎧 PATCH (WRITE) — Eletech Aristotle | Copper IEM Upgrade Cable (MrEMtYwMtrFDGWmRnH5lm0)

   Field diff (filterAttributes.*):
   = customerRating: unchanged (null)
   = awards: unchanged (null)
   ~ condition: null -> "new"
   = dealsDiscount: unchanged (null)
   = newArrival: unchanged (null)
   ~ accessoryType: "cable" -> "cables-interconnects"
   ~ compatibleProductType: null -> ["headphone"]
   = cableFunction: unchanged (null)
   ~ connectorTermination: ["3.5mm","6.35mm","4.4mm-balanced"] -> ["2.5mm","3.5mm","4.4mm"]
   = lengthM: unchanged (null)
   ~ conductorMaterial: null -> ["copper-ofc"]
   = balancedUnbalanced: unchanged (null)
   = furnitureType: unchanged (null)
   = material: unchanged (null)
   = adjustableHeight: unchanged (null)
   = weightCapacityKg: unchanged (null)
   = powerProductType: unchanged (null)
   = outletCount: unchanged (null)
   = powerConnectorType: unchanged (null)
   = cleaningProductType: unchanged (null)
   = formatCompatibility: unchanged (null)
   = partType: unchanged (null)
   ~ compatibility: ["universal"] -> null
   = adapterFunction: unchanged (null)
   = treatmentType: unchanged (null)
   = mounting: unchanged (null)
   💾 backed up prior filterAttributes -> /home/jan/work/sanglogium/sanity-cms/backups/backup_headphones_MrEMtYwMtrFDGWmRnH5lm0_2026-09-14T10-49-06-209Z.json
   ✅ patched. rev: MzerujO1CrL1dzm03ePsEv

🎧 PATCH (WRITE) — Eletech Azrael | Copper Upgrade Cable for IEMs (PHPYj28HJdPDHAaIB6cZHo)

   Field diff (filterAttributes.*):
   = customerRating: unchanged (null)
   = awards: unchanged (null)
   ~ condition: null -> "new"
   = dealsDiscount: unchanged (null)
   = newArrival: unchanged (null)
   ~ accessoryType: "cable" -> "cables-interconnects"
   ~ compatibleProductType: null -> ["headphone"]
   = cableFunction: unchanged (null)
   ~ connectorTermination: ["3.5mm","6.35mm","4.4mm-balanced"] -> ["2.5mm","3.5mm","4.4mm"]
   = lengthM: unchanged (null)
   ~ conductorMaterial: null -> ["copper-ofc"]
   = balancedUnbalanced: unchanged (null)
   = furnitureType: unchanged (null)
   = material: unchanged (null)
   = adjustableHeight: unchanged (null)
   = weightCapacityKg: unchanged (null)
   = powerProductType: unchanged (null)
   = outletCount: unchanged (null)
   = powerConnectorType: unchanged (null)
   = cleaningProductType: unchanged (null)
   = formatCompatibility: unchanged (null)
   = partType: unchanged (null)
   ~ compatibility: ["universal"] -> null
   = adapterFunction: unchanged (null)
   = treatmentType: unchanged (null)
   = mounting: unchanged (null)
   💾 backed up prior filterAttributes -> /home/jan/work/sanglogium/sanity-cms/backups/backup_headphones_PHPYj28HJdPDHAaIB6cZHo_2026-09-14T10-49-07-269Z.json
   ✅ patched. rev: MzerujO1CrL1dzm03ePsbL

🎧 PATCH (WRITE) — Eletech Baroque AirPods Pro | Luxury HiFi Eartips for IEMs (PHPYj28HJdPDHAaIB6GKjY)

   Field diff (filterAttributes.*):
   = customerRating: unchanged (null)
   = awards: unchanged (null)
   ~ condition: null -> "new"
   = dealsDiscount: unchanged (null)
   = newArrival: unchanged (null)
   ~ accessoryType: "eartip" -> "replacement-parts"
   ~ compatibleProductType: null -> ["headphone"]
   = cableFunction: unchanged (null)
   = connectorTermination: unchanged (null)
   = lengthM: unchanged (null)
   = conductorMaterial: unchanged (null)
   = balancedUnbalanced: unchanged (null)
   = furnitureType: unchanged (null)
   = material: unchanged (null)
   = adjustableHeight: unchanged (null)
   = weightCapacityKg: unchanged (null)
   = powerProductType: unchanged (null)
   = outletCount: unchanged (null)
   = powerConnectorType: unchanged (null)
   = cleaningProductType: unchanged (null)
   = formatCompatibility: unchanged (null)
   ~ partType: null -> "ear-tips"
   ~ compatibility: ["universal"] -> ["Apple AirPods Pro"]
   = adapterFunction: unchanged (null)
   = treatmentType: unchanged (null)
   = mounting: unchanged (null)
   💾 backed up prior filterAttributes -> /home/jan/work/sanglogium/sanity-cms/backups/backup_headphones_PHPYj28HJdPDHAaIB6GKjY_2026-09-14T10-49-08-520Z.json
   ✅ patched. rev: Ch755lAE5GLsZ435CxbfuB

🎧 PATCH (WRITE) — Eletech Baroque | Luxury HiFi Eartips for IEMs (MrEMtYwMtrFDGWmRnGT3k3)

   Field diff (filterAttributes.*):
   = customerRating: unchanged (null)
   = awards: unchanged (null)
   ~ condition: null -> "new"
   = dealsDiscount: unchanged (null)
   = newArrival: unchanged (null)
   ~ accessoryType: "eartip" -> "replacement-parts"
   ~ compatibleProductType: null -> ["headphone"]
   = cableFunction: unchanged (null)
   = connectorTermination: unchanged (null)
   = lengthM: unchanged (null)
   = conductorMaterial: unchanged (null)
   = balancedUnbalanced: unchanged (null)
   = furnitureType: unchanged (null)
   = material: unchanged (null)
   = adjustableHeight: unchanged (null)
   = weightCapacityKg: unchanged (null)
   = powerProductType: unchanged (null)
   = outletCount: unchanged (null)
   = powerConnectorType: unchanged (null)
   = cleaningProductType: unchanged (null)
   = formatCompatibility: unchanged (null)
   ~ partType: null -> "ear-tips"
   ~ compatibility: ["universal"] -> null
   = adapterFunction: unchanged (null)
   = treatmentType: unchanged (null)
   = mounting: unchanged (null)
   💾 backed up prior filterAttributes -> /home/jan/work/sanglogium/sanity-cms/backups/backup_headphones_MrEMtYwMtrFDGWmRnGT3k3_2026-09-14T10-49-09-822Z.json
   ✅ patched. rev: 7P2D00ai8KUgrZgiFcwiQF

🎧 PATCH (WRITE) — Eletech Baroque Stage | Luxury HiFi Eartips for IEMs (hrPfqTtkIIoluttvs2PJ0R)

   Field diff (filterAttributes.*):
   = customerRating: unchanged (null)
   = awards: unchanged (null)
   ~ condition: null -> "new"
   = dealsDiscount: unchanged (null)
   = newArrival: unchanged (null)
   ~ accessoryType: "eartip" -> "replacement-parts"
   ~ compatibleProductType: null -> ["headphone"]
   = cableFunction: unchanged (null)
   = connectorTermination: unchanged (null)
   = lengthM: unchanged (null)
   = conductorMaterial: unchanged (null)
   = balancedUnbalanced: unchanged (null)
   = furnitureType: unchanged (null)
   = material: unchanged (null)
   = adjustableHeight: unchanged (null)
   = weightCapacityKg: unchanged (null)
   = powerProductType: unchanged (null)
   = outletCount: unchanged (null)
   = powerConnectorType: unchanged (null)
   = cleaningProductType: unchanged (null)
   = formatCompatibility: unchanged (null)
   ~ partType: null -> "ear-tips"
   ~ compatibility: ["universal"] -> null
   = adapterFunction: unchanged (null)
   = treatmentType: unchanged (null)
   = mounting: unchanged (null)
   💾 backed up prior filterAttributes -> /home/jan/work/sanglogium/sanity-cms/backups/backup_headphones_hrPfqTtkIIoluttvs2PJ0R_2026-09-14T10-49-11-085Z.json
   ✅ patched. rev: 7P2D00ai8KUgrZgiFcwiXG

🎧 PATCH (WRITE) — Eletech Baroque TWS | Luxury HiFi Eartips for TWS (MrEMtYwMtrFDGWmRnGSzbV)

   Field diff (filterAttributes.*):
   = customerRating: unchanged (null)
   = awards: unchanged (null)
   ~ condition: null -> "new"
   = dealsDiscount: unchanged (null)
   = newArrival: unchanged (null)
   ~ accessoryType: "eartip" -> "replacement-parts"
   ~ compatibleProductType: null -> ["headphone"]
   = cableFunction: unchanged (null)
   = connectorTermination: unchanged (null)
   = lengthM: unchanged (null)
   = conductorMaterial: unchanged (null)
   = balancedUnbalanced: unchanged (null)
   = furnitureType: unchanged (null)
   = material: unchanged (null)
   = adjustableHeight: unchanged (null)
   = weightCapacityKg: unchanged (null)
   = powerProductType: unchanged (null)
   = outletCount: unchanged (null)
   = powerConnectorType: unchanged (null)
   = cleaningProductType: unchanged (null)
   = formatCompatibility: unchanged (null)
   ~ partType: null -> "ear-tips"
   ~ compatibility: ["universal"] -> null
   = adapterFunction: unchanged (null)
   = treatmentType: unchanged (null)
   = mounting: unchanged (null)
   💾 backed up prior filterAttributes -> /home/jan/work/sanglogium/sanity-cms/backups/backup_headphones_MrEMtYwMtrFDGWmRnGSzbV_2026-09-14T10-49-12-141Z.json
   ✅ patched. rev: 7P2D00ai8KUgrZgiFcwilI

🎧 PATCH (WRITE) — Eletech Cassiel | Silver-Plated Copper Upgrade Cable for IEMs (Pn6oyV4Ks5AcNbecjbXdBN)

   Field diff (filterAttributes.*):
   = customerRating: unchanged (null)
   = awards: unchanged (null)
   ~ condition: null -> "new"
   = dealsDiscount: unchanged (null)
   = newArrival: unchanged (null)
   ~ accessoryType: "cable" -> "cables-interconnects"
   ~ compatibleProductType: null -> ["headphone"]
   = cableFunction: unchanged (null)
   ~ connectorTermination: ["3.5mm","6.35mm","4.4mm-balanced"] -> ["2.5mm","3.5mm","4.4mm"]
   = lengthM: unchanged (null)
   ~ conductorMaterial: null -> ["silver-plated-copper"]
   = balancedUnbalanced: unchanged (null)
   = furnitureType: unchanged (null)
   = material: unchanged (null)
   = adjustableHeight: unchanged (null)
   = weightCapacityKg: unchanged (null)
   = powerProductType: unchanged (null)
   = outletCount: unchanged (null)
   = powerConnectorType: unchanged (null)
   = cleaningProductType: unchanged (null)
   = formatCompatibility: unchanged (null)
   = partType: unchanged (null)
   ~ compatibility: ["universal"] -> null
   = adapterFunction: unchanged (null)
   = treatmentType: unchanged (null)
   = mounting: unchanged (null)
   💾 backed up prior filterAttributes -> /home/jan/work/sanglogium/sanity-cms/backups/backup_headphones_Pn6oyV4Ks5AcNbecjbXdBN_2026-09-14T10-49-13-218Z.json
   ✅ patched. rev: Ch755lAE5GLsZ435Cxbg5e

🎧 PATCH (WRITE) — Eletech Elegy to Lucia | Limited Flagship IEM Cable (Pn6oyV4Ks5AcNbecjbXdtC)

   Field diff (filterAttributes.*):
   = customerRating: unchanged (null)
   = awards: unchanged (null)
   ~ condition: null -> "new"
   = dealsDiscount: unchanged (null)
   = newArrival: unchanged (null)
   ~ accessoryType: "cable" -> "cables-interconnects"
   ~ compatibleProductType: null -> ["headphone"]
   = cableFunction: unchanged (null)
   ~ connectorTermination: ["3.5mm","6.35mm","4.4mm-balanced"] -> ["2.5mm","3.5mm","4.4mm"]
   = lengthM: unchanged (null)
   = conductorMaterial: unchanged (null)
   = balancedUnbalanced: unchanged (null)
   = furnitureType: unchanged (null)
   = material: unchanged (null)
   = adjustableHeight: unchanged (null)
   = weightCapacityKg: unchanged (null)
   = powerProductType: unchanged (null)
   = outletCount: unchanged (null)
   = powerConnectorType: unchanged (null)
   = cleaningProductType: unchanged (null)
   = formatCompatibility: unchanged (null)
   = partType: unchanged (null)
   ~ compatibility: ["universal"] -> null
   = adapterFunction: unchanged (null)
   = treatmentType: unchanged (null)
   = mounting: unchanged (null)
   💾 backed up prior filterAttributes -> /home/jan/work/sanglogium/sanity-cms/backups/backup_headphones_Pn6oyV4Ks5AcNbecjbXdtC_2026-09-14T10-49-14-247Z.json
   ✅ patched. rev: 7P2D00ai8KUgrZgiFcwiue

🎧 PATCH (WRITE) — Eletech Euclid | Silver IEM Upgrade Cable (Pn6oyV4Ks5AcNbecjbXftv)

   Field diff (filterAttributes.*):
   = customerRating: unchanged (null)
   = awards: unchanged (null)
   ~ condition: null -> "new"
   = dealsDiscount: unchanged (null)
   = newArrival: unchanged (null)
   ~ accessoryType: "cable" -> "cables-interconnects"
   ~ compatibleProductType: null -> ["headphone"]
   = cableFunction: unchanged (null)
   ~ connectorTermination: ["3.5mm","6.35mm","4.4mm-balanced"] -> ["2.5mm","3.5mm","4.4mm"]
   = lengthM: unchanged (null)
   ~ conductorMaterial: null -> ["silver"]
   = balancedUnbalanced: unchanged (null)
   = furnitureType: unchanged (null)
   = material: unchanged (null)
   = adjustableHeight: unchanged (null)
   = weightCapacityKg: unchanged (null)
   = powerProductType: unchanged (null)
   = outletCount: unchanged (null)
   = powerConnectorType: unchanged (null)
   = cleaningProductType: unchanged (null)
   = formatCompatibility: unchanged (null)
   = partType: unchanged (null)
   ~ compatibility: ["universal"] -> null
   = adapterFunction: unchanged (null)
   = treatmentType: unchanged (null)
   = mounting: unchanged (null)
   💾 backed up prior filterAttributes -> /home/jan/work/sanglogium/sanity-cms/backups/backup_headphones_Pn6oyV4Ks5AcNbecjbXftv_2026-09-14T10-49-15-321Z.json
   ✅ patched. rev: Ch755lAE5GLsZ435CxbgFq

🎧 PATCH (WRITE) — Dan Clark Audio Dan Clark Audio AEON 2 Perforated Ear Pads (Pn6oyV4Ks5AcNbecjjlPGd)

   Field diff (filterAttributes.*):
   ~ customerRating: null -> 5
   ~ awards: null -> []
   = condition: unchanged (null)
   = dealsDiscount: unchanged (null)
   = newArrival: unchanged (null)
   ~ accessoryType: "earpad" -> "replacement-parts"
   ~ compatibleProductType: null -> ["headphone"]
   = cableFunction: unchanged (null)
   = connectorTermination: unchanged (null)
   = lengthM: unchanged (null)
   = conductorMaterial: unchanged (null)
   = balancedUnbalanced: unchanged (null)
   = furnitureType: unchanged (null)
   = material: unchanged (null)
   = adjustableHeight: unchanged (null)
   = weightCapacityKg: unchanged (null)
   = powerProductType: unchanged (null)
   = outletCount: unchanged (null)
   = powerConnectorType: unchanged (null)
   = cleaningProductType: unchanged (null)
   = formatCompatibility: unchanged (null)
   ~ partType: null -> "ear-pads-cushions"
   ~ compatibility: ["universal"] -> ["AEON 2 Open","AEON 2 Closed","AEON Flow Open"]
   = adapterFunction: unchanged (null)
   = treatmentType: unchanged (null)
   = mounting: unchanged (null)
   💾 backed up prior filterAttributes -> /home/jan/work/sanglogium/sanity-cms/backups/backup_headphones_Pn6oyV4Ks5AcNbecjjlPGd_2026-09-14T10-49-16-358Z.json
   ✅ patched. rev: 7P2D00ai8KUgrZgiFcwj6L

🎧 PATCH (WRITE) — Dan Clark Audio Dan Clark Audio DUMMER Cable | Headphone Cable for AEON and ETHER (PHPYj28HJdPDHAaIB6cRSG)

   Field diff (filterAttributes.*):
   ~ customerRating: null -> 5
   ~ awards: null -> []
   = condition: unchanged (null)
   = dealsDiscount: unchanged (null)
   = newArrival: unchanged (null)
   ~ accessoryType: "cable" -> "cables-interconnects"
   ~ compatibleProductType: null -> ["headphone"]
   = cableFunction: unchanged (null)
   ~ connectorTermination: ["3.5mm","6.35mm","4.4mm-balanced"] -> ["3.5mm","4.4mm","xlr"]
   ~ lengthM: null -> 2
   = conductorMaterial: unchanged (null)
   ~ balancedUnbalanced: null -> ["balanced","unbalanced"]
   = furnitureType: unchanged (null)
   = material: unchanged (null)
   = adjustableHeight: unchanged (null)
   = weightCapacityKg: unchanged (null)
   = powerProductType: unchanged (null)
   = outletCount: unchanged (null)
   = powerConnectorType: unchanged (null)
   = cleaningProductType: unchanged (null)
   = formatCompatibility: unchanged (null)
   = partType: unchanged (null)
   ~ compatibility: ["universal"] -> null
   = adapterFunction: unchanged (null)
   = treatmentType: unchanged (null)
   = mounting: unchanged (null)
   💾 backed up prior filterAttributes -> /home/jan/work/sanglogium/sanity-cms/backups/backup_headphones_PHPYj28HJdPDHAaIB6cRSG_2026-09-14T10-49-17-423Z.json
   ✅ patched. rev: Ch755lAE5GLsZ435CxbgSa

🎧 PATCH (WRITE) — Dan Clark Audio Dan Clark Audio VIVO | Super Premium Headphone Cable (PHPYj28HJdPDHAaIB6cRiI)

   Field diff (filterAttributes.*):
   ~ customerRating: null -> 4.4
   ~ awards: null -> []
   = condition: unchanged (null)
   = dealsDiscount: unchanged (null)
   = newArrival: unchanged (null)
   ~ accessoryType: "cable" -> "cables-interconnects"
   ~ compatibleProductType: null -> ["headphone"]
   = cableFunction: unchanged (null)
   ~ connectorTermination: ["3.5mm","6.35mm","4.4mm-balanced"] -> ["2.5mm","3.5mm","4.4mm","xlr"]
   ~ lengthM: null -> [1.1,2,3.1]
   ~ conductorMaterial: null -> "silver-plated-copper"
   ~ balancedUnbalanced: null -> ["balanced","unbalanced"]
   = furnitureType: unchanged (null)
   = material: unchanged (null)
   = adjustableHeight: unchanged (null)
   = weightCapacityKg: unchanged (null)
   = powerProductType: unchanged (null)
   = outletCount: unchanged (null)
   = powerConnectorType: unchanged (null)
   = cleaningProductType: unchanged (null)
   = formatCompatibility: unchanged (null)
   = partType: unchanged (null)
   ~ compatibility: ["universal"] -> null
   = adapterFunction: unchanged (null)
   = treatmentType: unchanged (null)
   = mounting: unchanged (null)
   💾 backed up prior filterAttributes -> /home/jan/work/sanglogium/sanity-cms/backups/backup_headphones_PHPYj28HJdPDHAaIB6cRiI_2026-09-14T10-49-18-782Z.json
   ✅ patched. rev: Ch755lAE5GLsZ435CxbgbV

🎧 PATCH (WRITE) — Crystal Cables Crystal Cable DUET for Focal Utopia (Pn6oyV4Ks5AcNbecjh3ghZ)

   Field diff (filterAttributes.*):
   ~ accessoryType: "cable" -> "cables-interconnects"
   ~ compatibleProductType: null -> ["headphone"]
   = cableFunction: unchanged (null)
   ~ connectorTermination: ["3.5mm","6.35mm","4.4mm-balanced"] -> null
   ~ lengthM: null -> 1.2
   = conductorMaterial: unchanged (null)
   = balancedUnbalanced: unchanged (null)
   = furnitureType: unchanged (null)
   = material: unchanged (null)
   = adjustableHeight: unchanged (null)
   = weightCapacityKg: unchanged (null)
   = powerProductType: unchanged (null)
   = outletCount: unchanged (null)
   = powerConnectorType: unchanged (null)
   = cleaningProductType: unchanged (null)
   = formatCompatibility: unchanged (null)
   = partType: unchanged (null)
   ~ compatibility: ["universal"] -> null
   = adapterFunction: unchanged (null)
   = treatmentType: unchanged (null)
   = mounting: unchanged (null)
   ~ awards: null -> ["Editor's Choice Award, HiFi+ (2020)","Guo Hancheng, U-Audio (2018)","Red Hot Magazine (2018)","Max Delissen, Art's Excellence (2018) (Dutch)"]
   💾 backed up prior filterAttributes -> /home/jan/work/sanglogium/sanity-cms/backups/backup_headphones_Pn6oyV4Ks5AcNbecjh3ghZ_2026-09-14T10-49-19-857Z.json
   ✅ patched. rev: MzerujO1CrL1dzm03ePtl5

🎧 PATCH (WRITE) — Comply 100 Core Series - Memory Foam Ear Tips (PHPYj28HJdPDHAaIB8e38u)

   Field diff (filterAttributes.*):
   = customerRating: unchanged (null)
   ~ awards: null -> []
   = condition: unchanged (null)
   = dealsDiscount: unchanged (null)
   = newArrival: unchanged (null)
   ~ accessoryType: "eartip" -> "replacement-parts"
   ~ compatibleProductType: null -> ["headphone"]
   = cableFunction: unchanged (null)
   = connectorTermination: unchanged (null)
   = lengthM: unchanged (null)
   = conductorMaterial: unchanged (null)
   = balancedUnbalanced: unchanged (null)
   = furnitureType: unchanged (null)
   = material: unchanged (null)
   = adjustableHeight: unchanged (null)
   = weightCapacityKg: unchanged (null)
   = powerProductType: unchanged (null)
   = outletCount: unchanged (null)
   = powerConnectorType: unchanged (null)
   = cleaningProductType: unchanged (null)
   = formatCompatibility: unchanged (null)
   ~ partType: null -> "ear-tips"
   ~ compatibility: ["universal"] -> null
   = adapterFunction: unchanged (null)
   = treatmentType: unchanged (null)
   = mounting: unchanged (null)
   💾 backed up prior filterAttributes -> /home/jan/work/sanglogium/sanity-cms/backups/backup_headphones_PHPYj28HJdPDHAaIB8e38u_2026-09-14T10-49-20-889Z.json
   ✅ patched. rev: Ch755lAE5GLsZ435CxbgkQ

🎧 PATCH (WRITE) — Comply Earbud Cleaning Kit (GPjMdcfFWZVrKyR2PB4Lju)

   Field diff (filterAttributes.*):
   = customerRating: unchanged (null)
   ~ awards: null -> []
   = condition: unchanged (null)
   ~ dealsDiscount: null -> "sale"
   = newArrival: unchanged (null)
   ~ accessoryType: "cable" -> "cleaning-maintenance"
   ~ compatibleProductType: null -> ["headphone"]
   = cableFunction: unchanged (null)
   = connectorTermination: unchanged (null)
   = lengthM: unchanged (null)
   = conductorMaterial: unchanged (null)
   = balancedUnbalanced: unchanged (null)
   = furnitureType: unchanged (null)
   = material: unchanged (null)
   = adjustableHeight: unchanged (null)
   = weightCapacityKg: unchanged (null)
   = powerProductType: unchanged (null)
   = outletCount: unchanged (null)
   = powerConnectorType: unchanged (null)
   = cleaningProductType: unchanged (null)
   = formatCompatibility: unchanged (null)
   = partType: unchanged (null)
   ~ compatibility: ["universal"] -> null
   = adapterFunction: unchanged (null)
   = treatmentType: unchanged (null)
   = mounting: unchanged (null)
   💾 backed up prior filterAttributes -> /home/jan/work/sanglogium/sanity-cms/backups/backup_headphones_GPjMdcfFWZVrKyR2PB4Lju_2026-09-14T10-49-21-952Z.json
   ✅ patched. rev: 7P2D00ai8KUgrZgiFcwjak

🎧 PATCH (WRITE) — Comply Memory Foam Ear Tips for Apple AirPods Pro 3 (GPjMdcfFWZVrKyR2PB494I)
   ⚠️  NAME MISMATCH: Sanity has "Find Tips for your Device", spec says "Memory Foam Ear Tips for Apple AirPods Pro 3" for this _id. Verify productId before running --write.

   Field diff (filterAttributes.*):
   = customerRating: unchanged (null)
   ~ awards: null -> []
   = condition: unchanged (null)
   = dealsDiscount: unchanged (null)
   = newArrival: unchanged (null)
   ~ accessoryType: "eartip" -> "replacement-parts"
   ~ compatibleProductType: null -> ["headphone"]
   = cableFunction: unchanged (null)
   = connectorTermination: unchanged (null)
   = lengthM: unchanged (null)
   = conductorMaterial: unchanged (null)
   = balancedUnbalanced: unchanged (null)
   = furnitureType: unchanged (null)
   = material: unchanged (null)
   = adjustableHeight: unchanged (null)
   = weightCapacityKg: unchanged (null)
   = powerProductType: unchanged (null)
   = outletCount: unchanged (null)
   = powerConnectorType: unchanged (null)
   = cleaningProductType: unchanged (null)
   = formatCompatibility: unchanged (null)
   ~ partType: null -> "ear-tips"
   ~ compatibility: ["universal"] -> ["apple-airpods-pro-gen-3"]
   = adapterFunction: unchanged (null)
   = treatmentType: unchanged (null)
   = mounting: unchanged (null)
   💾 backed up prior filterAttributes -> /home/jan/work/sanglogium/sanity-cms/backups/backup_headphones_GPjMdcfFWZVrKyR2PB494I_2026-09-14T10-49-22-975Z.json
   ✅ patched. rev: MzerujO1CrL1dzm03ePtyX

🎧 PATCH (WRITE) — Comply Silicone Case for Samsung Galaxy Buds3 Pro (DZc43yHr6ydfgE7zB3zTLq)

   Field diff (filterAttributes.*):
   = customerRating: unchanged (null)
   ~ awards: null -> []
   = condition: unchanged (null)
   = dealsDiscount: unchanged (null)
   = newArrival: unchanged (null)
   ~ accessoryType: "case" -> "cases-storage-transport"
   ~ compatibleProductType: null -> ["headphone"]
   = cableFunction: unchanged (null)
   = connectorTermination: unchanged (null)
   = lengthM: unchanged (null)
   = conductorMaterial: unchanged (null)
   = balancedUnbalanced: unchanged (null)
   = furnitureType: unchanged (null)
   = material: unchanged (null)
   = adjustableHeight: unchanged (null)
   = weightCapacityKg: unchanged (null)
   = powerProductType: unchanged (null)
   = outletCount: unchanged (null)
   = powerConnectorType: unchanged (null)
   = cleaningProductType: unchanged (null)
   = formatCompatibility: unchanged (null)
   = partType: unchanged (null)
   ~ compatibility: ["universal"] -> null
   = adapterFunction: unchanged (null)
   = treatmentType: unchanged (null)
   = mounting: unchanged (null)
   💾 backed up prior filterAttributes -> /home/jan/work/sanglogium/sanity-cms/backups/backup_headphones_DZc43yHr6ydfgE7zB3zTLq_2026-09-14T10-49-24-047Z.json
   ✅ patched. rev: MzerujO1CrL1dzm03ePuBz

🎧 PATCH (WRITE) — Cayin Cayin CP6 Case | Leather Case for CP6 (Pn6oyV4Ks5AcNbecjk6xTX)

   Field diff (filterAttributes.*):
   = customerRating: unchanged (null)
   ~ awards: null -> []
   ~ condition: null -> "new"
   = dealsDiscount: unchanged (null)
   = newArrival: unchanged (null)
   ~ accessoryType: "case" -> "cases-storage-transport"
   ~ compatibleProductType: null -> ["amplifier-source"]
   = cableFunction: unchanged (null)
   = connectorTermination: unchanged (null)
   = lengthM: unchanged (null)
   = conductorMaterial: unchanged (null)
   = balancedUnbalanced: unchanged (null)
   = furnitureType: unchanged (null)
   = material: unchanged (null)
   = adjustableHeight: unchanged (null)
   = weightCapacityKg: unchanged (null)
   = powerProductType: unchanged (null)
   = outletCount: unchanged (null)
   = powerConnectorType: unchanged (null)
   = cleaningProductType: unchanged (null)
   = formatCompatibility: unchanged (null)
   = partType: unchanged (null)
   ~ compatibility: ["universal"] -> null
   = adapterFunction: unchanged (null)
   = treatmentType: unchanged (null)
   = mounting: unchanged (null)
   💾 backed up prior filterAttributes -> /home/jan/work/sanglogium/sanity-cms/backups/backup_headphones_Pn6oyV4Ks5AcNbecjk6xTX_2026-09-14T10-49-25-091Z.json
   ✅ patched. rev: Ch755lAE5GLsZ435Cxbgs4

🎧 PATCH (WRITE) — Cayin Cayin N3Ultra Case | Protective Leather DAP Case (PHPYj28HJdPDHAaIBCQgkq)

   Field diff (filterAttributes.*):
   = customerRating: unchanged (null)
   ~ awards: null -> []
   = condition: unchanged (null)
   = dealsDiscount: unchanged (null)
   = newArrival: unchanged (null)
   ~ accessoryType: "case" -> "cases-storage-transport"
   ~ compatibleProductType: null -> ["amplifier-source"]
   = cableFunction: unchanged (null)
   = connectorTermination: unchanged (null)
   = lengthM: unchanged (null)
   = conductorMaterial: unchanged (null)
   = balancedUnbalanced: unchanged (null)
   = furnitureType: unchanged (null)
   = material: unchanged (null)
   = adjustableHeight: unchanged (null)
   = weightCapacityKg: unchanged (null)
   = powerProductType: unchanged (null)
   = outletCount: unchanged (null)
   = powerConnectorType: unchanged (null)
   = cleaningProductType: unchanged (null)
   = formatCompatibility: unchanged (null)
   = partType: unchanged (null)
   ~ compatibility: ["universal"] -> null
   = adapterFunction: unchanged (null)
   = treatmentType: unchanged (null)
   = mounting: unchanged (null)
   💾 backed up prior filterAttributes -> /home/jan/work/sanglogium/sanity-cms/backups/backup_headphones_PHPYj28HJdPDHAaIBCQgkq_2026-09-14T10-49-26-330Z.json
   ✅ patched. rev: MzerujO1CrL1dzm03ePuct

🎧 PATCH (WRITE) — Cayin Cayin PH-32X | 2.5mm to 3.5mm Adapter (MrEMtYwMtrFDGWmRnG9Baw)

   Field diff (filterAttributes.*):
   = customerRating: unchanged (null)
   ~ awards: null -> []
   = condition: unchanged (null)
   = dealsDiscount: unchanged (null)
   = newArrival: unchanged (null)
   ~ accessoryType: "adapter" -> "adapters-converters"
   ~ compatibleProductType: null -> ["headphone","amplifier-source"]
   = cableFunction: unchanged (null)
   ~ connectorTermination: ["3.5mm","2.5mm"] -> null
   = lengthM: unchanged (null)
   = conductorMaterial: unchanged (null)
   = balancedUnbalanced: unchanged (null)
   = furnitureType: unchanged (null)
   = material: unchanged (null)
   = adjustableHeight: unchanged (null)
   = weightCapacityKg: unchanged (null)
   = powerProductType: unchanged (null)
   = outletCount: unchanged (null)
   = powerConnectorType: unchanged (null)
   = cleaningProductType: unchanged (null)
   = formatCompatibility: unchanged (null)
   = partType: unchanged (null)
   ~ compatibility: ["universal"] -> null
   ~ adapterFunction: null -> "connector-adapter"
   = treatmentType: unchanged (null)
   = mounting: unchanged (null)
   💾 backed up prior filterAttributes -> /home/jan/work/sanglogium/sanity-cms/backups/backup_headphones_MrEMtYwMtrFDGWmRnG9Baw_2026-09-14T10-49-27-356Z.json
   ✅ patched. rev: 7P2D00ai8KUgrZgiFcwkEV

🎧 PATCH (WRITE) — Cayin Cayin PH-35X | 4.4mm to 3.5mm Adapter (Pn6oyV4Ks5AcNbecjamOn3)

   Field diff (filterAttributes.*):
   = customerRating: unchanged (null)
   ~ awards: null -> []
   = condition: unchanged (null)
   = dealsDiscount: unchanged (null)
   = newArrival: unchanged (null)
   ~ accessoryType: "adapter" -> "adapters-converters"
   ~ compatibleProductType: null -> ["headphone","amplifier-source"]
   = cableFunction: unchanged (null)
   ~ connectorTermination: ["3.5mm","4.4mm-balanced"] -> null
   = lengthM: unchanged (null)
   = conductorMaterial: unchanged (null)
   = balancedUnbalanced: unchanged (null)
   = furnitureType: unchanged (null)
   = material: unchanged (null)
   = adjustableHeight: unchanged (null)
   = weightCapacityKg: unchanged (null)
   = powerProductType: unchanged (null)
   = outletCount: unchanged (null)
   = powerConnectorType: unchanged (null)
   = cleaningProductType: unchanged (null)
   = formatCompatibility: unchanged (null)
   = partType: unchanged (null)
   ~ compatibility: ["universal"] -> null
   ~ adapterFunction: null -> "connector-adapter"
   = treatmentType: unchanged (null)
   = mounting: unchanged (null)
   💾 backed up prior filterAttributes -> /home/jan/work/sanglogium/sanity-cms/backups/backup_headphones_Pn6oyV4Ks5AcNbecjamOn3_2026-09-14T10-49-29-715Z.json
   ✅ patched. rev: MzerujO1CrL1dzm03ePuqL

🎧 PATCH (WRITE) — Cayin Cayin PH-4X | 2.5mm to 4.4mm Adapter (Pn6oyV4Ks5AcNbecjap4tM)

   Field diff (filterAttributes.*):
   = customerRating: unchanged (null)
   ~ awards: null -> []
   = condition: unchanged (null)
   = dealsDiscount: unchanged (null)
   = newArrival: unchanged (null)
   ~ accessoryType: "adapter" -> "adapters-converters"
   ~ compatibleProductType: null -> ["headphone","amplifier-source"]
   = cableFunction: unchanged (null)
   ~ connectorTermination: ["4.4mm-balanced","2.5mm"] -> null
   = lengthM: unchanged (null)
   = conductorMaterial: unchanged (null)
   = balancedUnbalanced: unchanged (null)
   = furnitureType: unchanged (null)
   = material: unchanged (null)
   = adjustableHeight: unchanged (null)
   = weightCapacityKg: unchanged (null)
   = powerProductType: unchanged (null)
   = outletCount: unchanged (null)
   = powerConnectorType: unchanged (null)
   = cleaningProductType: unchanged (null)
   = formatCompatibility: unchanged (null)
   = partType: unchanged (null)
   ~ compatibility: ["universal"] -> null
   ~ adapterFunction: null -> "connector-adapter"
   = treatmentType: unchanged (null)
   = mounting: unchanged (null)
   💾 backed up prior filterAttributes -> /home/jan/work/sanglogium/sanity-cms/backups/backup_headphones_Pn6oyV4Ks5AcNbecjap4tM_2026-09-14T10-49-30-823Z.json
   ✅ patched. rev: MzerujO1CrL1dzm03ePv3n

🎧 PATCH (WRITE) — Campfire Audio Campfire Audio Compact Leather Case | IEM Case (MrEMtYwMtrFDGWmRnQrHuz)

   Field diff (filterAttributes.*):
   ~ customerRating: null -> 5
   = awards: unchanged (null)
   = condition: unchanged (null)
   = dealsDiscount: unchanged (null)
   = newArrival: unchanged (null)
   ~ accessoryType: "case" -> "cases-storage-transport"
   ~ compatibleProductType: null -> ["headphone"]
   = cableFunction: unchanged (null)
   = connectorTermination: unchanged (null)
   = lengthM: unchanged (null)
   = conductorMaterial: unchanged (null)
   = balancedUnbalanced: unchanged (null)
   = furnitureType: unchanged (null)
   = material: unchanged (null)
   = adjustableHeight: unchanged (null)
   = weightCapacityKg: unchanged (null)
   = powerProductType: unchanged (null)
   = outletCount: unchanged (null)
   = powerConnectorType: unchanged (null)
   = cleaningProductType: unchanged (null)
   = formatCompatibility: unchanged (null)
   = partType: unchanged (null)
   ~ compatibility: ["universal"] -> null
   = adapterFunction: unchanged (null)
   = treatmentType: unchanged (null)
   = mounting: unchanged (null)
   💾 backed up prior filterAttributes -> /home/jan/work/sanglogium/sanity-cms/backups/backup_headphones_MrEMtYwMtrFDGWmRnQrHuz_2026-09-14T10-49-32-151Z.json
   ✅ patched. rev: 7P2D00ai8KUgrZgiFcwkNr

🎧 PATCH (WRITE) — Campfire Audio Campfire Audio Flight | Curated Eartip Pack (MrEMtYwMtrFDGWmRnGS7NA)

   Field diff (filterAttributes.*):
   ~ customerRating: null -> 5
   = awards: unchanged (null)
   = condition: unchanged (null)
   = dealsDiscount: unchanged (null)
   = newArrival: unchanged (null)
   ~ accessoryType: "eartip" -> "replacement-parts"
   ~ compatibleProductType: null -> ["headphone"]
   = cableFunction: unchanged (null)
   = connectorTermination: unchanged (null)
   = lengthM: unchanged (null)
   = conductorMaterial: unchanged (null)
   = balancedUnbalanced: unchanged (null)
   = furnitureType: unchanged (null)
   = material: unchanged (null)
   = adjustableHeight: unchanged (null)
   = weightCapacityKg: unchanged (null)
   = powerProductType: unchanged (null)
   = outletCount: unchanged (null)
   = powerConnectorType: unchanged (null)
   = cleaningProductType: unchanged (null)
   = formatCompatibility: unchanged (null)
   ~ partType: null -> "ear-tips"
   ~ compatibility: ["universal"] -> null
   = adapterFunction: unchanged (null)
   = treatmentType: unchanged (null)
   = mounting: unchanged (null)
   💾 backed up prior filterAttributes -> /home/jan/work/sanglogium/sanity-cms/backups/backup_headphones_MrEMtYwMtrFDGWmRnGS7NA_2026-09-14T10-49-33-443Z.json
   ✅ patched. rev: Ch755lAE5GLsZ435Cxbgvt

🎧 PATCH (WRITE) — Campfire Audio Campfire Audio IEM Case | IEM Case (Pn6oyV4Ks5AcNbecjk6mXy)

   Field diff (filterAttributes.*):
   ~ customerRating: null -> 5
   = awards: unchanged (null)
   = condition: unchanged (null)
   = dealsDiscount: unchanged (null)
   = newArrival: unchanged (null)
   ~ accessoryType: "case" -> "cases-storage-transport"
   ~ compatibleProductType: null -> ["headphone"]
   = cableFunction: unchanged (null)
   = connectorTermination: unchanged (null)
   = lengthM: unchanged (null)
   = conductorMaterial: unchanged (null)
   = balancedUnbalanced: unchanged (null)
   = furnitureType: unchanged (null)
   = material: unchanged (null)
   = adjustableHeight: unchanged (null)
   = weightCapacityKg: unchanged (null)
   = powerProductType: unchanged (null)
   = outletCount: unchanged (null)
   = powerConnectorType: unchanged (null)
   = cleaningProductType: unchanged (null)
   = formatCompatibility: unchanged (null)
   = partType: unchanged (null)
   ~ compatibility: ["universal"] -> null
   = adapterFunction: unchanged (null)
   = treatmentType: unchanged (null)
   = mounting: unchanged (null)
   💾 backed up prior filterAttributes -> /home/jan/work/sanglogium/sanity-cms/backups/backup_headphones_Pn6oyV4Ks5AcNbecjk6mXy_2026-09-14T10-49-34-552Z.json
   ✅ patched. rev: Ch755lAE5GLsZ435Cxbgzi

🎧 PATCH (WRITE) — Campfire Audio Campfire Audio Marshmallows Isolating Foam Eartips | Replacement Eartips (MrEMtYwMtrFDGWmRnGSBlG)

   Field diff (filterAttributes.*):
   ~ customerRating: null -> 5
   = awards: unchanged (null)
   = condition: unchanged (null)
   = dealsDiscount: unchanged (null)
   = newArrival: unchanged (null)
   ~ accessoryType: "eartip" -> "replacement-parts"
   ~ compatibleProductType: null -> ["headphone"]
   = cableFunction: unchanged (null)
   = connectorTermination: unchanged (null)
   = lengthM: unchanged (null)
   = conductorMaterial: unchanged (null)
   = balancedUnbalanced: unchanged (null)
   = furnitureType: unchanged (null)
   = material: unchanged (null)
   = adjustableHeight: unchanged (null)
   = weightCapacityKg: unchanged (null)
   = powerProductType: unchanged (null)
   = outletCount: unchanged (null)
   = powerConnectorType: unchanged (null)
   = cleaningProductType: unchanged (null)
   = formatCompatibility: unchanged (null)
   ~ partType: null -> "ear-tips"
   ~ compatibility: ["universal"] -> null
   = adapterFunction: unchanged (null)
   = treatmentType: unchanged (null)
   = mounting: unchanged (null)
   💾 backed up prior filterAttributes -> /home/jan/work/sanglogium/sanity-cms/backups/backup_headphones_MrEMtYwMtrFDGWmRnGSBlG_2026-09-14T10-49-35-595Z.json
   ✅ patched. rev: 7P2D00ai8KUgrZgiFcwkiu

🎧 PATCH (WRITE) — Campfire Audio Campfire Audio Silicone Eartips | Replacement Eartips (PHPYj28HJdPDHAaIB6Fxyi)

   Field diff (filterAttributes.*):
   ~ customerRating: null -> 4.7
   = awards: unchanged (null)
   = condition: unchanged (null)
   = dealsDiscount: unchanged (null)
   = newArrival: unchanged (null)
   ~ accessoryType: "eartip" -> "replacement-parts"
   ~ compatibleProductType: null -> ["headphone"]
   = cableFunction: unchanged (null)
   = connectorTermination: unchanged (null)
   = lengthM: unchanged (null)
   = conductorMaterial: unchanged (null)
   = balancedUnbalanced: unchanged (null)
   = furnitureType: unchanged (null)
   = material: unchanged (null)
   = adjustableHeight: unchanged (null)
   = weightCapacityKg: unchanged (null)
   = powerProductType: unchanged (null)
   = outletCount: unchanged (null)
   = powerConnectorType: unchanged (null)
   = cleaningProductType: unchanged (null)
   = formatCompatibility: unchanged (null)
   ~ partType: null -> "ear-tips"
   ~ compatibility: ["universal"] -> null
   = adapterFunction: unchanged (null)
   = treatmentType: unchanged (null)
   = mounting: unchanged (null)
   💾 backed up prior filterAttributes -> /home/jan/work/sanglogium/sanity-cms/backups/backup_headphones_PHPYj28HJdPDHAaIB6Fxyi_2026-09-14T10-49-36-613Z.json
   ✅ patched. rev: Ch755lAE5GLsZ435Cxbh3X

🎧 PATCH (WRITE) — Bose Bose S1 Pro+ Portable Bluetooth Wireless PA System (GqkAHteRmu9rQ6VLnW1fa9)

   Field diff (filterAttributes.*):
   ~ accessoryType: "cable" -> null
   = compatibleProductType: unchanged (null)
   = partType: unchanged (null)
   ~ compatibility: ["universal"] -> null
   = awards: unchanged (null)
   = cableFunction: unchanged (null)
   ~ connectorTermination: ["3.5mm","6.35mm","4.4mm-balanced"] -> null
   = lengthM: unchanged (null)
   = conductorMaterial: unchanged (null)
   = balancedUnbalanced: unchanged (null)
   = furnitureType: unchanged (null)
   = material: unchanged (null)
   = adjustableHeight: unchanged (null)
   = weightCapacityKg: unchanged (null)
   = powerProductType: unchanged (null)
   = outletCount: unchanged (null)
   = powerConnectorType: unchanged (null)
   = cleaningProductType: unchanged (null)
   = formatCompatibility: unchanged (null)
   = adapterFunction: unchanged (null)
   = treatmentType: unchanged (null)
   = mounting: unchanged (null)
   💾 backed up prior filterAttributes -> /home/jan/work/sanglogium/sanity-cms/backups/backup_headphones_GqkAHteRmu9rQ6VLnW1fa9_2026-09-14T10-49-37-687Z.json
   ✅ patched. rev: Ch755lAE5GLsZ435Cxbh7M

🎧 PATCH (WRITE) — Austrian Audio Austrian Audio The Composer Travel Case | Hard Case (PHPYj28HJdPDHAaIBCQJvQ)

   Field diff (filterAttributes.*):
   ~ accessoryType: "case" -> "cases-storage-transport"
   ~ compatibleProductType: null -> ["headphone"]
   ~ awards: null -> []
   = cableFunction: unchanged (null)
   = connectorTermination: unchanged (null)
   = lengthM: unchanged (null)
   = conductorMaterial: unchanged (null)
   = balancedUnbalanced: unchanged (null)
   = furnitureType: unchanged (null)
   = material: unchanged (null)
   = adjustableHeight: unchanged (null)
   = weightCapacityKg: unchanged (null)
   = powerProductType: unchanged (null)
   = outletCount: unchanged (null)
   = powerConnectorType: unchanged (null)
   = cleaningProductType: unchanged (null)
   = formatCompatibility: unchanged (null)
   = partType: unchanged (null)
   ~ compatibility: ["universal"] -> null
   = adapterFunction: unchanged (null)
   = treatmentType: unchanged (null)
   = mounting: unchanged (null)
   💾 backed up prior filterAttributes -> /home/jan/work/sanglogium/sanity-cms/backups/backup_headphones_PHPYj28HJdPDHAaIBCQJvQ_2026-09-14T10-49-38-912Z.json
   ✅ patched. rev: 7P2D00ai8KUgrZgiFcwl3x

🎧 PATCH (WRITE) — Aune Audio Aune Audio AR3 (3O1ZNp54LWQGln4uEAUIek)

   Field diff (filterAttributes.*):
   = customerRating: unchanged (null)
   = condition: unchanged (null)
   = dealsDiscount: unchanged (null)
   = newArrival: unchanged (null)
   ~ accessoryType: "cable" -> "cables-interconnects"
   ~ compatibleProductType: null -> ["headphone"]
   = cableFunction: unchanged (null)
   ~ connectorTermination: ["3.5mm","6.35mm","4.4mm-balanced"] -> ["4.4mm","3.5mm"]
   ~ lengthM: null -> 1.5
   = conductorMaterial: unchanged (null)
   ~ balancedUnbalanced: null -> "balanced"
   = furnitureType: unchanged (null)
   = material: unchanged (null)
   = adjustableHeight: unchanged (null)
   = weightCapacityKg: unchanged (null)
   = powerProductType: unchanged (null)
   = outletCount: unchanged (null)
   = powerConnectorType: unchanged (null)
   = cleaningProductType: unchanged (null)
   = formatCompatibility: unchanged (null)
   = partType: unchanged (null)
   ~ compatibility: ["universal"] -> null
   = adapterFunction: unchanged (null)
   = treatmentType: unchanged (null)
   = mounting: unchanged (null)
   ~ awards: null -> []
   💾 backed up prior filterAttributes -> /home/jan/work/sanglogium/sanity-cms/backups/backup_headphones_3O1ZNp54LWQGln4uEAUIek_2026-09-14T10-49-40-222Z.json
   ✅ patched. rev: 7P2D00ai8KUgrZgiFcwlDJ

🎧 PATCH (WRITE) — Audma Audma Brioso Case | Black Leather Case for Brioso (MrEMtYwMtrFDGWmRnQr68D)

   Field diff (filterAttributes.*):
   = customerRating: unchanged (null)
   ~ awards: null -> []
   = condition: unchanged (null)
   = dealsDiscount: unchanged (null)
   = newArrival: unchanged (null)
   ~ accessoryType: "case" -> "cases-storage-transport"
   ~ compatibleProductType: null -> ["amplifier-source"]
   = cableFunction: unchanged (null)
   = connectorTermination: unchanged (null)
   = lengthM: unchanged (null)
   = conductorMaterial: unchanged (null)
   = balancedUnbalanced: unchanged (null)
   = furnitureType: unchanged (null)
   = material: unchanged (null)
   = adjustableHeight: unchanged (null)
   = weightCapacityKg: unchanged (null)
   = powerProductType: unchanged (null)
   = outletCount: unchanged (null)
   = powerConnectorType: unchanged (null)
   = cleaningProductType: unchanged (null)
   = formatCompatibility: unchanged (null)
   = partType: unchanged (null)
   ~ compatibility: ["universal"] -> null
   = adapterFunction: unchanged (null)
   = treatmentType: unchanged (null)
   = mounting: unchanged (null)
   💾 backed up prior filterAttributes -> /home/jan/work/sanglogium/sanity-cms/backups/backup_headphones_MrEMtYwMtrFDGWmRnQr68D_2026-09-14T10-49-41-525Z.json
   ✅ patched. rev: MzerujO1CrL1dzm03ePwI1

🎧 PATCH (WRITE) — AudioQuest AudioQuest Black Beauty RCA > RCA - 1.5 m = 4 ft 11 in / Pair (x2LkzHeaGqoEz8JhogYAsA)

   Field diff (filterAttributes.*):
   = customerRating: unchanged (null)
   = awards: unchanged (null)
   ~ condition: null -> "new"
   = dealsDiscount: unchanged (null)
   = newArrival: unchanged (null)
   ~ accessoryType: "cable" -> "cables-interconnects"
   ~ compatibleProductType: null -> ["universal"]
   ~ cableFunction: null -> "interconnect"
   ~ connectorTermination: ["3.5mm","6.35mm","4.4mm-balanced"] -> ["rca"]
   ~ lengthM: null -> 1.5
   ~ conductorMaterial: null -> ["copper-ofc"]
   ~ balancedUnbalanced: null -> "unbalanced"
   = furnitureType: unchanged (null)
   = material: unchanged (null)
   = adjustableHeight: unchanged (null)
   = weightCapacityKg: unchanged (null)
   = powerProductType: unchanged (null)
   = outletCount: unchanged (null)
   = powerConnectorType: unchanged (null)
   = cleaningProductType: unchanged (null)
   = formatCompatibility: unchanged (null)
   = partType: unchanged (null)
   ~ compatibility: ["universal"] -> null
   = adapterFunction: unchanged (null)
   = treatmentType: unchanged (null)
   = mounting: unchanged (null)
   💾 backed up prior filterAttributes -> /home/jan/work/sanglogium/sanity-cms/backups/backup_headphones_x2LkzHeaGqoEz8JhogYAsA_2026-09-14T10-49-42-629Z.json
   ✅ patched. rev: Ch755lAE5GLsZ435CxbhGH

🎧 PATCH (WRITE) — AudioQuest AudioQuest Chicago RCA > RCA - 1 m = 3 ft 3 in / Pair (apzyFbFDTajEZntmxsqSfT)

   Field diff (filterAttributes.*):
   = customerRating: unchanged (null)
   = awards: unchanged (null)
   ~ condition: null -> "new"
   = dealsDiscount: unchanged (null)
   = newArrival: unchanged (null)
   ~ accessoryType: "cable" -> "cables-interconnects"
   ~ compatibleProductType: null -> ["universal"]
   ~ cableFunction: null -> "interconnect"
   ~ connectorTermination: ["3.5mm","6.35mm","4.4mm-balanced"] -> ["rca"]
   ~ lengthM: null -> 1
   ~ conductorMaterial: null -> ["copper-ofc"]
   ~ balancedUnbalanced: null -> "unbalanced"
   = furnitureType: unchanged (null)
   = material: unchanged (null)
   = adjustableHeight: unchanged (null)
   = weightCapacityKg: unchanged (null)
   = powerProductType: unchanged (null)
   = outletCount: unchanged (null)
   = powerConnectorType: unchanged (null)
   = cleaningProductType: unchanged (null)
   = formatCompatibility: unchanged (null)
   = partType: unchanged (null)
   ~ compatibility: ["universal"] -> null
   = adapterFunction: unchanged (null)
   = treatmentType: unchanged (null)
   = mounting: unchanged (null)
   💾 backed up prior filterAttributes -> /home/jan/work/sanglogium/sanity-cms/backups/backup_headphones_apzyFbFDTajEZntmxsqSfT_2026-09-14T10-49-43-973Z.json
   ✅ patched. rev: 7P2D00ai8KUgrZgiFcwlKK

🎧 PATCH (WRITE) — AudioQuest AudioQuest Chicago RCA > RCA - 2 m = 6 ft 6 in / Pair (apzyFbFDTajEZntmxsotCD)

   Field diff (filterAttributes.*):
   = customerRating: unchanged (null)
   = awards: unchanged (null)
   ~ condition: null -> "new"
   = dealsDiscount: unchanged (null)
   = newArrival: unchanged (null)
   ~ accessoryType: "cable" -> "cables-interconnects"
   ~ compatibleProductType: null -> ["universal"]
   ~ cableFunction: null -> "interconnect"
   ~ connectorTermination: ["3.5mm","6.35mm","4.4mm-balanced"] -> ["rca"]
   ~ lengthM: null -> 2
   ~ conductorMaterial: null -> ["copper-ofc"]
   ~ balancedUnbalanced: null -> "unbalanced"
   = furnitureType: unchanged (null)
   = material: unchanged (null)
   = adjustableHeight: unchanged (null)
   = weightCapacityKg: unchanged (null)
   = powerProductType: unchanged (null)
   = outletCount: unchanged (null)
   = powerConnectorType: unchanged (null)
   = cleaningProductType: unchanged (null)
   = formatCompatibility: unchanged (null)
   = partType: unchanged (null)
   ~ compatibility: ["universal"] -> null
   = adapterFunction: unchanged (null)
   = treatmentType: unchanged (null)
   = mounting: unchanged (null)
   💾 backed up prior filterAttributes -> /home/jan/work/sanglogium/sanity-cms/backups/backup_headphones_apzyFbFDTajEZntmxsotCD_2026-09-14T10-49-45-192Z.json
   ✅ patched. rev: MzerujO1CrL1dzm03ePwrt

🎧 PATCH (WRITE) — AudioQuest AudioQuest Chicago RCA > RCA - 0.5 m = 1 ft 7 in / Pair (GqkAHteRmu9rQ6VLnVzWzH)

   Field diff (filterAttributes.*):
   = customerRating: unchanged (null)
   = awards: unchanged (null)
   ~ condition: null -> "new"
   = dealsDiscount: unchanged (null)
   = newArrival: unchanged (null)
   ~ accessoryType: "cable" -> "cables-interconnects"
   ~ compatibleProductType: null -> ["universal"]
   ~ cableFunction: null -> "interconnect"
   ~ connectorTermination: ["3.5mm","6.35mm","4.4mm-balanced"] -> ["rca"]
   ~ lengthM: null -> 0.5
   ~ conductorMaterial: null -> ["copper-ofc"]
   ~ balancedUnbalanced: null -> "unbalanced"
   = furnitureType: unchanged (null)
   = material: unchanged (null)
   = adjustableHeight: unchanged (null)
   = weightCapacityKg: unchanged (null)
   = powerProductType: unchanged (null)
   = outletCount: unchanged (null)
   = powerConnectorType: unchanged (null)
   = cleaningProductType: unchanged (null)
   = formatCompatibility: unchanged (null)
   = partType: unchanged (null)
   ~ compatibility: ["universal"] -> null
   = adapterFunction: unchanged (null)
   = treatmentType: unchanged (null)
   = mounting: unchanged (null)
   💾 backed up prior filterAttributes -> /home/jan/work/sanglogium/sanity-cms/backups/backup_headphones_GqkAHteRmu9rQ6VLnVzWzH_2026-09-14T10-49-46-599Z.json
   ✅ patched. rev: MzerujO1CrL1dzm03ePx5L

🎧 PATCH (WRITE) — AudioQuest AudioQuest Chicago RCA > RCA - 1.5 m = 4 ft 11 in / Pair (apzyFbFDTajEZntmxsqhzY)

   Field diff (filterAttributes.*):
   = customerRating: unchanged (null)
   = awards: unchanged (null)
   ~ condition: null -> "new"
   = dealsDiscount: unchanged (null)
   = newArrival: unchanged (null)
   ~ accessoryType: "cable" -> "cables-interconnects"
   ~ compatibleProductType: null -> ["universal"]
   ~ cableFunction: null -> "interconnect"
   ~ connectorTermination: ["3.5mm","6.35mm","4.4mm-balanced"] -> ["rca"]
   ~ lengthM: null -> 1.5
   ~ conductorMaterial: null -> ["copper-ofc"]
   ~ balancedUnbalanced: null -> "unbalanced"
   = furnitureType: unchanged (null)
   = material: unchanged (null)
   = adjustableHeight: unchanged (null)
   = weightCapacityKg: unchanged (null)
   = powerProductType: unchanged (null)
   = outletCount: unchanged (null)
   = powerConnectorType: unchanged (null)
   = cleaningProductType: unchanged (null)
   = formatCompatibility: unchanged (null)
   = partType: unchanged (null)
   ~ compatibility: ["universal"] -> null
   = adapterFunction: unchanged (null)
   = treatmentType: unchanged (null)
   = mounting: unchanged (null)
   💾 backed up prior filterAttributes -> /home/jan/work/sanglogium/sanity-cms/backups/backup_headphones_apzyFbFDTajEZntmxsqhzY_2026-09-14T10-49-47-888Z.json
   ✅ patched. rev: 7P2D00ai8KUgrZgiFcwlah

🎧 PATCH (WRITE) — AudioQuest AudioQuest Cinnamon USB-A > Micro B 2.0 - 0.75 m = 2 ft 6 in (Y7l1IhzX2fnyiano58Gmxj)

   Field diff (filterAttributes.*):
   = customerRating: unchanged (null)
   = awards: unchanged (null)
   ~ condition: null -> "new"
   = dealsDiscount: unchanged (null)
   = newArrival: unchanged (null)
   ~ accessoryType: "cable" -> "cables-interconnects"
   ~ compatibleProductType: null -> ["universal"]
   ~ cableFunction: null -> "digital"
   ~ connectorTermination: ["3.5mm","6.35mm","4.4mm-balanced"] -> null
   ~ lengthM: null -> 0.75
   ~ conductorMaterial: null -> ["silver-plated-copper"]
   = balancedUnbalanced: unchanged (null)
   = furnitureType: unchanged (null)
   = material: unchanged (null)
   = adjustableHeight: unchanged (null)
   = weightCapacityKg: unchanged (null)
   = powerProductType: unchanged (null)
   = outletCount: unchanged (null)
   = powerConnectorType: unchanged (null)
   = cleaningProductType: unchanged (null)
   = formatCompatibility: unchanged (null)
   = partType: unchanged (null)
   ~ compatibility: ["universal"] -> null
   = adapterFunction: unchanged (null)
   = treatmentType: unchanged (null)
   = mounting: unchanged (null)
   💾 backed up prior filterAttributes -> /home/jan/work/sanglogium/sanity-cms/backups/backup_headphones_Y7l1IhzX2fnyiano58Gmxj_2026-09-14T10-49-49-160Z.json
   ✅ patched. rev: MzerujO1CrL1dzm03ePzcH

🎧 PATCH (WRITE) — AudioQuest AudioQuest DragonTail USB-A > USB-C (0IQ2UjkdXJma4iOcjnwqbl)

   Field diff (filterAttributes.*):
   = customerRating: unchanged (null)
   = awards: unchanged (null)
   ~ condition: null -> "new"
   = dealsDiscount: unchanged (null)
   = newArrival: unchanged (null)
   ~ accessoryType: "adapter" -> "adapters-converters"
   ~ compatibleProductType: null -> ["universal"]
   = cableFunction: unchanged (null)
   ~ connectorTermination: ["3.5mm","6.35mm","4.4mm-balanced"] -> null
   = lengthM: unchanged (null)
   = conductorMaterial: unchanged (null)
   = balancedUnbalanced: unchanged (null)
   = furnitureType: unchanged (null)
   = material: unchanged (null)
   = adjustableHeight: unchanged (null)
   = weightCapacityKg: unchanged (null)
   = powerProductType: unchanged (null)
   = outletCount: unchanged (null)
   = powerConnectorType: unchanged (null)
   = cleaningProductType: unchanged (null)
   = formatCompatibility: unchanged (null)
   = partType: unchanged (null)
   ~ compatibility: ["universal"] -> null
   = adapterFunction: unchanged (null)
   = treatmentType: unchanged (null)
   = mounting: unchanged (null)
   💾 backed up prior filterAttributes -> /home/jan/work/sanglogium/sanity-cms/backups/backup_headphones_0IQ2UjkdXJma4iOcjnwqbl_2026-09-14T10-49-50-288Z.json
   ✅ patched. rev: Ch755lAE5GLsZ435CxbhNv

🎧 PATCH (WRITE) — AudioQuest AudioQuest DragonTail USB-A 2.0 (moXlkADK7m1DHgGwWxMnjQ)

   Field diff (filterAttributes.*):
   = customerRating: unchanged (null)
   = awards: unchanged (null)
   ~ condition: null -> "new"
   = dealsDiscount: unchanged (null)
   = newArrival: unchanged (null)
   ~ accessoryType: "adapter" -> "adapters-converters"
   ~ compatibleProductType: null -> ["universal"]
   = cableFunction: unchanged (null)
   ~ connectorTermination: ["3.5mm","6.35mm","4.4mm-balanced"] -> null
   = lengthM: unchanged (null)
   = conductorMaterial: unchanged (null)
   = balancedUnbalanced: unchanged (null)
   = furnitureType: unchanged (null)
   = material: unchanged (null)
   = adjustableHeight: unchanged (null)
   = weightCapacityKg: unchanged (null)
   = powerProductType: unchanged (null)
   = outletCount: unchanged (null)
   = powerConnectorType: unchanged (null)
   = cleaningProductType: unchanged (null)
   = formatCompatibility: unchanged (null)
   = partType: unchanged (null)
   ~ compatibility: ["universal"] -> null
   = adapterFunction: unchanged (null)
   = treatmentType: unchanged (null)
   = mounting: unchanged (null)
   💾 backed up prior filterAttributes -> /home/jan/work/sanglogium/sanity-cms/backups/backup_headphones_moXlkADK7m1DHgGwWxMnjQ_2026-09-14T10-49-51-271Z.json
   ✅ patched. rev: Ch755lAE5GLsZ435CxbhRk

🎧 PATCH (WRITE) — AudioQuest AudioQuest DragonTail USB-A > Micro (MrEMtYwMtrFDGWmRnG6oGG)

   Field diff (filterAttributes.*):
   = customerRating: unchanged (null)
   = awards: unchanged (null)
   ~ condition: null -> "new"
   = dealsDiscount: unchanged (null)
   = newArrival: unchanged (null)
   ~ accessoryType: "cable" -> "adapters-converters"
   ~ compatibleProductType: null -> ["universal"]
   = cableFunction: unchanged (null)
   ~ connectorTermination: ["3.5mm","6.35mm","4.4mm-balanced"] -> null
   = lengthM: unchanged (null)
   = conductorMaterial: unchanged (null)
   = balancedUnbalanced: unchanged (null)
   = furnitureType: unchanged (null)
   = material: unchanged (null)
   = adjustableHeight: unchanged (null)
   = weightCapacityKg: unchanged (null)
   = powerProductType: unchanged (null)
   = outletCount: unchanged (null)
   = powerConnectorType: unchanged (null)
   = cleaningProductType: unchanged (null)
   = formatCompatibility: unchanged (null)
   = partType: unchanged (null)
   ~ compatibility: ["universal"] -> null
   = adapterFunction: unchanged (null)
   = treatmentType: unchanged (null)
   = mounting: unchanged (null)
   💾 backed up prior filterAttributes -> /home/jan/work/sanglogium/sanity-cms/backups/backup_headphones_MrEMtYwMtrFDGWmRnG6oGG_2026-09-14T10-49-52-313Z.json
   ✅ patched. rev: 7P2D00ai8KUgrZgiFcwloj

🎧 PATCH (WRITE) — AudioQuest AudioQuest Evergreen RCA > RCA (apzyFbFDTajEZntmxspOvR)

   Field diff (filterAttributes.*):
   = customerRating: unchanged (null)
   = awards: unchanged (null)
   ~ condition: null -> "new"
   = dealsDiscount: unchanged (null)
   = newArrival: unchanged (null)
   ~ accessoryType: "cable" -> "cables-interconnects"
   ~ compatibleProductType: null -> ["universal"]
   ~ cableFunction: null -> "interconnect"
   ~ connectorTermination: ["3.5mm","6.35mm","4.4mm-balanced"] -> ["rca"]
   ~ lengthM: null -> 1
   ~ conductorMaterial: null -> ["copper-ofc"]
   ~ balancedUnbalanced: null -> "unbalanced"
   = furnitureType: unchanged (null)
   = material: unchanged (null)
   = adjustableHeight: unchanged (null)
   = weightCapacityKg: unchanged (null)
   = powerProductType: unchanged (null)
   = outletCount: unchanged (null)
   = powerConnectorType: unchanged (null)
   = cleaningProductType: unchanged (null)
   = formatCompatibility: unchanged (null)
   = partType: unchanged (null)
   ~ compatibility: ["Evergreen"] -> null
   = adapterFunction: unchanged (null)
   = treatmentType: unchanged (null)
   = mounting: unchanged (null)
   💾 backed up prior filterAttributes -> /home/jan/work/sanglogium/sanity-cms/backups/backup_headphones_apzyFbFDTajEZntmxspOvR_2026-09-14T10-49-53-359Z.json
   ✅ patched. rev: Ch755lAE5GLsZ435CxbiAL

🎧 PATCH (WRITE) — AudioQuest AudioQuest Forest USB-A > Micro B 2.0 - 1.5 m = 4 ft 11 in (Y7l1IhzX2fnyiano58GsCK)

   Field diff (filterAttributes.*):
   = customerRating: unchanged (null)
   = awards: unchanged (null)
   ~ condition: null -> "new"
   = dealsDiscount: unchanged (null)
   = newArrival: unchanged (null)
   ~ accessoryType: "cable" -> "cables-interconnects"
   ~ compatibleProductType: null -> ["universal"]
   ~ cableFunction: null -> "digital"
   ~ connectorTermination: ["3.5mm","6.35mm","4.4mm-balanced"] -> null
   ~ lengthM: null -> 1.5
   ~ conductorMaterial: null -> ["silver-plated-copper"]
   = balancedUnbalanced: unchanged (null)
   = furnitureType: unchanged (null)
   = material: unchanged (null)
   = adjustableHeight: unchanged (null)
   = weightCapacityKg: unchanged (null)
   = powerProductType: unchanged (null)
   = outletCount: unchanged (null)
   = powerConnectorType: unchanged (null)
   = cleaningProductType: unchanged (null)
   = formatCompatibility: unchanged (null)
   = partType: unchanged (null)
   ~ compatibility: ["universal"] -> null
   = adapterFunction: unchanged (null)
   = treatmentType: unchanged (null)
   = mounting: unchanged (null)
   💾 backed up prior filterAttributes -> /home/jan/work/sanglogium/sanity-cms/backups/backup_headphones_Y7l1IhzX2fnyiano58GsCK_2026-09-14T10-49-54-411Z.json
   ✅ patched. rev: Ch755lAE5GLsZ435CxbiGi

🎧 PATCH (WRITE) — AudioQuest AudioQuest Golden Gate RCA > RCA - 0.6 m = 1 ft 11 in (x2LkzHeaGqoEz8JhogaDCU)

   Field diff (filterAttributes.*):
   = customerRating: unchanged (null)
   = awards: unchanged (null)
   ~ condition: null -> "new"
   = dealsDiscount: unchanged (null)
   = newArrival: unchanged (null)
   ~ accessoryType: "cable" -> "cables-interconnects"
   ~ compatibleProductType: null -> ["universal"]
   ~ cableFunction: null -> "interconnect"
   ~ connectorTermination: ["3.5mm","6.35mm","4.4mm-balanced"] -> ["rca"]
   ~ lengthM: null -> 0.6
   ~ conductorMaterial: null -> ["copper-ofc"]
   ~ balancedUnbalanced: null -> "unbalanced"
   = furnitureType: unchanged (null)
   = material: unchanged (null)
   = adjustableHeight: unchanged (null)
   = weightCapacityKg: unchanged (null)
   = powerProductType: unchanged (null)
   = outletCount: unchanged (null)
   = powerConnectorType: unchanged (null)
   = cleaningProductType: unchanged (null)
   = formatCompatibility: unchanged (null)
   = partType: unchanged (null)
   ~ compatibility: ["universal"] -> null
   = adapterFunction: unchanged (null)
   = treatmentType: unchanged (null)
   = mounting: unchanged (null)
   💾 backed up prior filterAttributes -> /home/jan/work/sanglogium/sanity-cms/backups/backup_headphones_x2LkzHeaGqoEz8JhogaDCU_2026-09-14T10-49-55-460Z.json
   ✅ patched. rev: MzerujO1CrL1dzm03eQ4kd

🎧 PATCH (WRITE) — AudioQuest AudioQuest Greyhound RCA - 12 m = 39 ft 4 in (GqkAHteRmu9rQ6VLnW35yj)

   Field diff (filterAttributes.*):
   = customerRating: unchanged (null)
   = awards: unchanged (null)
   ~ condition: null -> "new"
   = dealsDiscount: unchanged (null)
   = newArrival: unchanged (null)
   ~ accessoryType: "interconnect" -> "cables-interconnects"
   ~ compatibleProductType: null -> ["speaker"]
   ~ cableFunction: null -> "interconnect"
   ~ connectorTermination: ["3.5mm","6.35mm","4.4mm-balanced"] -> ["rca"]
   ~ lengthM: null -> 12
   ~ conductorMaterial: null -> ["silver-plated-copper"]
   ~ balancedUnbalanced: null -> "unbalanced"
   = furnitureType: unchanged (null)
   = material: unchanged (null)
   = adjustableHeight: unchanged (null)
   = weightCapacityKg: unchanged (null)
   = powerProductType: unchanged (null)
   = outletCount: unchanged (null)
   = powerConnectorType: unchanged (null)
   = cleaningProductType: unchanged (null)
   = formatCompatibility: unchanged (null)
   = partType: unchanged (null)
   ~ compatibility: ["universal"] -> null
   = adapterFunction: unchanged (null)
   = treatmentType: unchanged (null)
   = mounting: unchanged (null)
   💾 backed up prior filterAttributes -> /home/jan/work/sanglogium/sanity-cms/backups/backup_headphones_GqkAHteRmu9rQ6VLnW35yj_2026-09-14T10-49-56-531Z.json
   ✅ patched. rev: MzerujO1CrL1dzm03eQ4y5

🎧 PATCH (WRITE) — AudioQuest AudioQuest M22F-HRD Hard RCA Splitter (GjMaRFaHMVTsBoyxtAJAGI)

   Field diff (filterAttributes.*):
   = customerRating: unchanged (null)
   = awards: unchanged (null)
   ~ condition: null -> "new"
   = dealsDiscount: unchanged (null)
   = newArrival: unchanged (null)
   ~ accessoryType: "cable" -> "adapters-converters"
   ~ compatibleProductType: null -> ["universal"]
   = cableFunction: unchanged (null)
   ~ connectorTermination: ["3.5mm","6.35mm","4.4mm-balanced"] -> null
   = lengthM: unchanged (null)
   = conductorMaterial: unchanged (null)
   = balancedUnbalanced: unchanged (null)
   = furnitureType: unchanged (null)
   = material: unchanged (null)
   = adjustableHeight: unchanged (null)
   = weightCapacityKg: unchanged (null)
   = powerProductType: unchanged (null)
   = outletCount: unchanged (null)
   = powerConnectorType: unchanged (null)
   = cleaningProductType: unchanged (null)
   = formatCompatibility: unchanged (null)
   = partType: unchanged (null)
   ~ compatibility: ["universal"] -> null
   ~ adapterFunction: null -> "connector-adapter"
   = treatmentType: unchanged (null)
   = mounting: unchanged (null)
   💾 backed up prior filterAttributes -> /home/jan/work/sanglogium/sanity-cms/backups/backup_headphones_GjMaRFaHMVTsBoyxtAJAGI_2026-09-14T10-49-57-792Z.json
   ✅ patched. rev: Ch755lAE5GLsZ435CxbiOM

🎧 PATCH (WRITE) — AudioQuest AudioQuest Pearl USB-A > B - 1.5 m = 4 ft 11 in (mhejwYdgiH5W70wqaK7ngk)

   Field diff (filterAttributes.*):
   = customerRating: unchanged (null)
   = awards: unchanged (null)
   ~ condition: null -> "new"
   = dealsDiscount: unchanged (null)
   = newArrival: unchanged (null)
   ~ accessoryType: "cable" -> "cables-interconnects"
   ~ compatibleProductType: null -> ["universal"]
   ~ cableFunction: null -> "digital"
   ~ connectorTermination: ["3.5mm","6.35mm","4.4mm-balanced"] -> null
   ~ lengthM: null -> 1.5
   ~ conductorMaterial: null -> ["copper-ofc"]
   = balancedUnbalanced: unchanged (null)
   = furnitureType: unchanged (null)
   = material: unchanged (null)
   = adjustableHeight: unchanged (null)
   = weightCapacityKg: unchanged (null)
   = powerProductType: unchanged (null)
   = outletCount: unchanged (null)
   = powerConnectorType: unchanged (null)
   = cleaningProductType: unchanged (null)
   = formatCompatibility: unchanged (null)
   = partType: unchanged (null)
   ~ compatibility: ["universal"] -> null
   = adapterFunction: unchanged (null)
   = treatmentType: unchanged (null)
   = mounting: unchanged (null)
   💾 backed up prior filterAttributes -> /home/jan/work/sanglogium/sanity-cms/backups/backup_headphones_mhejwYdgiH5W70wqaK7ngk_2026-09-14T10-49-58-787Z.json
   ✅ patched. rev: Ch755lAE5GLsZ435CxbiUj

🎧 PATCH (WRITE) — AudioQuest AudioQuest Perch (ULy5F1v4tquhHAic3WFNzN)

   Field diff (filterAttributes.*):
   = customerRating: unchanged (null)
   = awards: unchanged (null)
   ~ condition: null -> "new"
   = dealsDiscount: unchanged (null)
   = newArrival: unchanged (null)
   ~ accessoryType: "stand" -> "stands-isolation"
   ~ compatibleProductType: null -> ["headphone"]
   = cableFunction: unchanged (null)
   = connectorTermination: unchanged (null)
   = lengthM: unchanged (null)
   = conductorMaterial: unchanged (null)
   = balancedUnbalanced: unchanged (null)
   = furnitureType: unchanged (null)
   ~ material: null -> ["metal"]
   ~ adjustableHeight: null -> false
   = weightCapacityKg: unchanged (null)
   = powerProductType: unchanged (null)
   = outletCount: unchanged (null)
   = powerConnectorType: unchanged (null)
   = cleaningProductType: unchanged (null)
   = formatCompatibility: unchanged (null)
   = partType: unchanged (null)
   ~ compatibility: ["universal"] -> null
   = adapterFunction: unchanged (null)
   = treatmentType: unchanged (null)
   = mounting: unchanged (null)
   💾 backed up prior filterAttributes -> /home/jan/work/sanglogium/sanity-cms/backups/backup_headphones_ULy5F1v4tquhHAic3WFNzN_2026-09-14T10-49-59-834Z.json
   ✅ patched. rev: Ch755lAE5GLsZ435CxbiZp

🎧 PATCH (WRITE) — AudioQuest AudioQuest Red River XLR > XLR - 0.5 m = 1 ft 7 in / Pair (apzyFbFDTajEZntmxspjB2)

   Field diff (filterAttributes.*):
   = customerRating: unchanged (null)
   = awards: unchanged (null)
   ~ condition: null -> "new"
   = dealsDiscount: unchanged (null)
   = newArrival: unchanged (null)
   ~ accessoryType: "cable" -> "cables-interconnects"
   ~ compatibleProductType: null -> ["universal"]
   ~ cableFunction: null -> "interconnect"
   ~ connectorTermination: ["4-pin-xlr"] -> ["xlr"]
   ~ lengthM: null -> 0.5
   ~ conductorMaterial: null -> ["copper-ofc"]
   ~ balancedUnbalanced: null -> "balanced"
   = furnitureType: unchanged (null)
   = material: unchanged (null)
   = adjustableHeight: unchanged (null)
   = weightCapacityKg: unchanged (null)
   = powerProductType: unchanged (null)
   = outletCount: unchanged (null)
   = powerConnectorType: unchanged (null)
   = cleaningProductType: unchanged (null)
   = formatCompatibility: unchanged (null)
   = partType: unchanged (null)
   ~ compatibility: ["universal"] -> null
   = adapterFunction: unchanged (null)
   = treatmentType: unchanged (null)
   = mounting: unchanged (null)
   💾 backed up prior filterAttributes -> /home/jan/work/sanglogium/sanity-cms/backups/backup_headphones_apzyFbFDTajEZntmxspjB2_2026-09-14T10-50-00-841Z.json
   ✅ patched. rev: MzerujO1CrL1dzm03eQ7V1

🎧 PATCH (WRITE) — AudioQuest AudioQuest Red River XLR > XLR - 3 m = 9 ft 10 in / Single (GqkAHteRmu9rQ6VLnVyNtu)

   Field diff (filterAttributes.*):
   = customerRating: unchanged (null)
   = awards: unchanged (null)
   ~ condition: null -> "new"
   = dealsDiscount: unchanged (null)
   = newArrival: unchanged (null)
   ~ accessoryType: "cable" -> "cables-interconnects"
   ~ compatibleProductType: null -> ["universal"]
   ~ cableFunction: null -> "interconnect"
   ~ connectorTermination: ["4-pin-xlr"] -> ["xlr"]
   ~ lengthM: null -> 3
   ~ conductorMaterial: null -> ["copper-ofc"]
   ~ balancedUnbalanced: null -> "balanced"
   = furnitureType: unchanged (null)
   = material: unchanged (null)
   = adjustableHeight: unchanged (null)
   = weightCapacityKg: unchanged (null)
   = powerProductType: unchanged (null)
   = outletCount: unchanged (null)
   = powerConnectorType: unchanged (null)
   = cleaningProductType: unchanged (null)
   = formatCompatibility: unchanged (null)
   = partType: unchanged (null)
   ~ compatibility: ["universal"] -> null
   = adapterFunction: unchanged (null)
   = treatmentType: unchanged (null)
   = mounting: unchanged (null)
   💾 backed up prior filterAttributes -> /home/jan/work/sanglogium/sanity-cms/backups/backup_headphones_GqkAHteRmu9rQ6VLnVyNtu_2026-09-14T10-50-01-877Z.json
   ✅ patched. rev: MzerujO1CrL1dzm03eQ7vv

🎧 PATCH (WRITE) — AudioQuest AudioQuest Red River XLR > XLR - 0.75 m = 2 ft 6 in / Pair (apzyFbFDTajEZntmxspxTm)

   Field diff (filterAttributes.*):
   = customerRating: unchanged (null)
   = awards: unchanged (null)
   ~ condition: null -> "new"
   = dealsDiscount: unchanged (null)
   = newArrival: unchanged (null)
   ~ accessoryType: "interconnect" -> "cables-interconnects"
   ~ compatibleProductType: null -> ["universal"]
   ~ cableFunction: null -> "interconnect"
   ~ connectorTermination: ["4-pin-xlr"] -> ["xlr"]
   ~ lengthM: null -> 0.75
   ~ conductorMaterial: null -> ["copper-ofc"]
   ~ balancedUnbalanced: null -> "balanced"
   = furnitureType: unchanged (null)
   = material: unchanged (null)
   = adjustableHeight: unchanged (null)
   = weightCapacityKg: unchanged (null)
   = powerProductType: unchanged (null)
   = outletCount: unchanged (null)
   = powerConnectorType: unchanged (null)
   = cleaningProductType: unchanged (null)
   = formatCompatibility: unchanged (null)
   = partType: unchanged (null)
   ~ compatibility: ["universal"] -> null
   = adapterFunction: unchanged (null)
   = treatmentType: unchanged (null)
   = mounting: unchanged (null)
   💾 backed up prior filterAttributes -> /home/jan/work/sanglogium/sanity-cms/backups/backup_headphones_apzyFbFDTajEZntmxspxTm_2026-09-14T10-50-02-888Z.json
   ✅ patched. rev: 7P2D00ai8KUgrZgiFcwp6C

🎧 PATCH (WRITE) — AudioQuest AudioQuest Red River XLR > XLR - 3 m = 9 ft 10 in / Pair (GqkAHteRmu9rQ6VLnVyiuB)

   Field diff (filterAttributes.*):
   = customerRating: unchanged (null)
   = awards: unchanged (null)
   ~ condition: null -> "new"
   = dealsDiscount: unchanged (null)
   = newArrival: unchanged (null)
   ~ accessoryType: "interconnect" -> "cables-interconnects"
   ~ compatibleProductType: null -> ["universal"]
   ~ cableFunction: null -> "interconnect"
   ~ connectorTermination: ["4-pin-xlr"] -> ["xlr"]
   ~ lengthM: null -> 3
   ~ conductorMaterial: null -> ["copper-ofc"]
   ~ balancedUnbalanced: null -> "balanced"
   = furnitureType: unchanged (null)
   = material: unchanged (null)
   = adjustableHeight: unchanged (null)
   = weightCapacityKg: unchanged (null)
   = powerProductType: unchanged (null)
   = outletCount: unchanged (null)
   = powerConnectorType: unchanged (null)
   = cleaningProductType: unchanged (null)
   = formatCompatibility: unchanged (null)
   = partType: unchanged (null)
   ~ compatibility: ["universal"] -> null
   = adapterFunction: unchanged (null)
   = treatmentType: unchanged (null)
   = mounting: unchanged (null)
   💾 backed up prior filterAttributes -> /home/jan/work/sanglogium/sanity-cms/backups/backup_headphones_GqkAHteRmu9rQ6VLnVyiuB_2026-09-14T10-50-03-894Z.json
   ✅ patched. rev: MzerujO1CrL1dzm03eQ8Dr

🎧 PATCH (WRITE) — AudioQuest AudioQuest Sydney RCA > RCA - 2 m = 6 ft 6 in (x2LkzHeaGqoEz8JhogYPz8)

   Field diff (filterAttributes.*):
   = customerRating: unchanged (null)
   = awards: unchanged (null)
   ~ condition: null -> "new"
   = dealsDiscount: unchanged (null)
   = newArrival: unchanged (null)
   ~ accessoryType: "cable" -> "cables-interconnects"
   ~ compatibleProductType: null -> ["universal"]
   ~ cableFunction: null -> "interconnect"
   ~ connectorTermination: ["3.5mm","6.35mm","4.4mm-balanced"] -> ["rca"]
   ~ lengthM: null -> 2
   ~ conductorMaterial: null -> ["copper-ofc"]
   ~ balancedUnbalanced: null -> "unbalanced"
   = furnitureType: unchanged (null)
   = material: unchanged (null)
   = adjustableHeight: unchanged (null)
   = weightCapacityKg: unchanged (null)
   = powerProductType: unchanged (null)
   = outletCount: unchanged (null)
   = powerConnectorType: unchanged (null)
   = cleaningProductType: unchanged (null)
   = formatCompatibility: unchanged (null)
   = partType: unchanged (null)
   ~ compatibility: ["universal"] -> null
   = adapterFunction: unchanged (null)
   = treatmentType: unchanged (null)
   = mounting: unchanged (null)
   💾 backed up prior filterAttributes -> /home/jan/work/sanglogium/sanity-cms/backups/backup_headphones_x2LkzHeaGqoEz8JhogYPz8_2026-09-14T10-50-04-923Z.json
   ✅ patched. rev: Ch755lAE5GLsZ435Cxbiwl

🎧 PATCH (WRITE) — AudioQuest AudioQuest Sydney 3.5mm Mini > RCA - 0.6 m = 1 ft 11 in (x2LkzHeaGqoEz8JhogaWUi)

   Field diff (filterAttributes.*):
   = customerRating: unchanged (null)
   = awards: unchanged (null)
   ~ condition: null -> "new"
   = dealsDiscount: unchanged (null)
   = newArrival: unchanged (null)
   ~ accessoryType: "cable" -> "cables-interconnects"
   ~ compatibleProductType: null -> ["universal"]
   ~ cableFunction: null -> "interconnect"
   ~ connectorTermination: ["3.5mm"] -> ["mini-to-rca"]
   ~ lengthM: null -> 0.6
   ~ conductorMaterial: null -> ["copper-ofc"]
   ~ balancedUnbalanced: null -> "unbalanced"
   = furnitureType: unchanged (null)
   = material: unchanged (null)
   = adjustableHeight: unchanged (null)
   = weightCapacityKg: unchanged (null)
   = powerProductType: unchanged (null)
   = outletCount: unchanged (null)
   = powerConnectorType: unchanged (null)
   = cleaningProductType: unchanged (null)
   = formatCompatibility: unchanged (null)
   = partType: unchanged (null)
   ~ compatibility: ["universal"] -> null
   = adapterFunction: unchanged (null)
   = treatmentType: unchanged (null)
   = mounting: unchanged (null)
   💾 backed up prior filterAttributes -> /home/jan/work/sanglogium/sanity-cms/backups/backup_headphones_x2LkzHeaGqoEz8JhogaWUi_2026-09-14T10-50-05-971Z.json
   ✅ patched. rev: Ch755lAE5GLsZ435CxbjC3

🎧 PATCH (WRITE) — AudioQuest AudioQuest Sydney 3.5mm Mini M > M - 1.5 m = 4 ft 11 in (x2LkzHeaGqoEz8JhogaPNW)

   Field diff (filterAttributes.*):
   = customerRating: unchanged (null)
   = awards: unchanged (null)
   ~ condition: null -> "new"
   = dealsDiscount: unchanged (null)
   = newArrival: unchanged (null)
   ~ accessoryType: "cable" -> "cables-interconnects"
   ~ compatibleProductType: null -> ["universal"]
   ~ cableFunction: null -> "interconnect"
   = connectorTermination: unchanged (["3.5mm"])
   ~ lengthM: null -> 1.5
   ~ conductorMaterial: null -> ["copper-ofc"]
   ~ balancedUnbalanced: null -> "unbalanced"
   = furnitureType: unchanged (null)
   = material: unchanged (null)
   = adjustableHeight: unchanged (null)
   = weightCapacityKg: unchanged (null)
   = powerProductType: unchanged (null)
   = outletCount: unchanged (null)
   = powerConnectorType: unchanged (null)
   = cleaningProductType: unchanged (null)
   = formatCompatibility: unchanged (null)
   = partType: unchanged (null)
   ~ compatibility: ["universal"] -> null
   = adapterFunction: unchanged (null)
   = treatmentType: unchanged (null)
   = mounting: unchanged (null)
   💾 backed up prior filterAttributes -> /home/jan/work/sanglogium/sanity-cms/backups/backup_headphones_x2LkzHeaGqoEz8JhogaPNW_2026-09-14T10-50-06-992Z.json
   ✅ patched. rev: Ch755lAE5GLsZ435CxbjKy

🎧 PATCH (WRITE) — AudioQuest AudioQuest Sydney RCA > RCA - 3 m = 9 ft 10 in (GqkAHteRmu9rQ6VLnVx2E1)

   Field diff (filterAttributes.*):
   = customerRating: unchanged (null)
   = awards: unchanged (null)
   ~ condition: null -> "new"
   = dealsDiscount: unchanged (null)
   = newArrival: unchanged (null)
   ~ accessoryType: "cable" -> "cables-interconnects"
   ~ compatibleProductType: null -> ["universal"]
   ~ cableFunction: null -> "interconnect"
   ~ connectorTermination: ["3.5mm","6.35mm","4.4mm-balanced"] -> ["rca"]
   ~ lengthM: null -> 3
   ~ conductorMaterial: null -> ["copper-ofc"]
   ~ balancedUnbalanced: null -> "unbalanced"
   = furnitureType: unchanged (null)
   = material: unchanged (null)
   = adjustableHeight: unchanged (null)
   = weightCapacityKg: unchanged (null)
   = powerProductType: unchanged (null)
   = outletCount: unchanged (null)
   = powerConnectorType: unchanged (null)
   = cleaningProductType: unchanged (null)
   = formatCompatibility: unchanged (null)
   = partType: unchanged (null)
   ~ compatibility: ["universal"] -> null
   = adapterFunction: unchanged (null)
   = treatmentType: unchanged (null)
   = mounting: unchanged (null)
   💾 backed up prior filterAttributes -> /home/jan/work/sanglogium/sanity-cms/backups/backup_headphones_GqkAHteRmu9rQ6VLnVx2E1_2026-09-14T10-50-08-045Z.json
   ✅ patched. rev: 7P2D00ai8KUgrZgiFcwq7L

🎧 PATCH (WRITE) — AudioQuest AudioQuest Tower RCA > RCA - 1 m = 3 ft 3 in (GqkAHteRmu9rQ6VLnVxhPf)

   Field diff (filterAttributes.*):
   = customerRating: unchanged (null)
   = awards: unchanged (null)
   ~ condition: null -> "new"
   = dealsDiscount: unchanged (null)
   = newArrival: unchanged (null)
   ~ accessoryType: "cable" -> "cables-interconnects"
   ~ compatibleProductType: null -> ["universal"]
   ~ cableFunction: null -> "interconnect"
   ~ connectorTermination: ["3.5mm","6.35mm","4.4mm-balanced"] -> ["rca"]
   ~ lengthM: null -> 1
   ~ conductorMaterial: null -> ["copper-ofc"]
   ~ balancedUnbalanced: null -> "unbalanced"
   = furnitureType: unchanged (null)
   = material: unchanged (null)
   = adjustableHeight: unchanged (null)
   = weightCapacityKg: unchanged (null)
   = powerProductType: unchanged (null)
   = outletCount: unchanged (null)
   = powerConnectorType: unchanged (null)
   = cleaningProductType: unchanged (null)
   = formatCompatibility: unchanged (null)
   = partType: unchanged (null)
   ~ compatibility: ["universal"] -> null
   = adapterFunction: unchanged (null)
   = treatmentType: unchanged (null)
   = mounting: unchanged (null)
   💾 backed up prior filterAttributes -> /home/jan/work/sanglogium/sanity-cms/backups/backup_headphones_GqkAHteRmu9rQ6VLnVxhPf_2026-09-14T10-50-09-095Z.json
   ✅ patched. rev: 7P2D00ai8KUgrZgiFcwqGh

🎧 PATCH (WRITE) — AudioQuest AudioQuest Yosemite RCA > RCA - 1 m = 3 ft 3 in (GqkAHteRmu9rQ6VLnVxWsP)

   Field diff (filterAttributes.*):
   = customerRating: unchanged (null)
   = awards: unchanged (null)
   ~ condition: null -> "new"
   = dealsDiscount: unchanged (null)
   = newArrival: unchanged (null)
   ~ accessoryType: "interconnect" -> "cables-interconnects"
   ~ compatibleProductType: null -> ["universal"]
   ~ cableFunction: null -> "interconnect"
   ~ connectorTermination: ["3.5mm","6.35mm","4.4mm-balanced"] -> ["rca"]
   ~ lengthM: null -> 1
   ~ conductorMaterial: null -> ["copper-ofc"]
   ~ balancedUnbalanced: null -> "unbalanced"
   = furnitureType: unchanged (null)
   = material: unchanged (null)
   = adjustableHeight: unchanged (null)
   = weightCapacityKg: unchanged (null)
   = powerProductType: unchanged (null)
   = outletCount: unchanged (null)
   = powerConnectorType: unchanged (null)
   = cleaningProductType: unchanged (null)
   = formatCompatibility: unchanged (null)
   = partType: unchanged (null)
   ~ compatibility: ["universal"] -> null
   = adapterFunction: unchanged (null)
   = treatmentType: unchanged (null)
   = mounting: unchanged (null)
   💾 backed up prior filterAttributes -> /home/jan/work/sanglogium/sanity-cms/backups/backup_headphones_GqkAHteRmu9rQ6VLnVxWsP_2026-09-14T10-50-10-142Z.json
   ✅ patched. rev: Ch755lAE5GLsZ435CxbjSc

🎧 PATCH (WRITE) — AudioQuest AudioQuest Yukon RCA > RCA - 0.5 m = 1 ft 7 in / Pair (x2LkzHeaGqoEz8JhogZLeA)

   Field diff (filterAttributes.*):
   = customerRating: unchanged (null)
   = awards: unchanged (null)
   ~ condition: null -> "new"
   = dealsDiscount: unchanged (null)
   = newArrival: unchanged (null)
   ~ accessoryType: "cable" -> "cables-interconnects"
   ~ compatibleProductType: null -> ["universal"]
   ~ cableFunction: null -> "interconnect"
   ~ connectorTermination: ["3.5mm","6.35mm","4.4mm-balanced"] -> ["rca"]
   ~ lengthM: null -> 0.5
   ~ conductorMaterial: null -> ["copper-ofc"]
   ~ balancedUnbalanced: null -> "unbalanced"
   = furnitureType: unchanged (null)
   = material: unchanged (null)
   = adjustableHeight: unchanged (null)
   = weightCapacityKg: unchanged (null)
   = powerProductType: unchanged (null)
   = outletCount: unchanged (null)
   = powerConnectorType: unchanged (null)
   = cleaningProductType: unchanged (null)
   = formatCompatibility: unchanged (null)
   = partType: unchanged (null)
   ~ compatibility: ["universal"] -> null
   = adapterFunction: unchanged (null)
   = treatmentType: unchanged (null)
   = mounting: unchanged (null)
   💾 backed up prior filterAttributes -> /home/jan/work/sanglogium/sanity-cms/backups/backup_headphones_x2LkzHeaGqoEz8JhogZLeA_2026-09-14T10-50-11-196Z.json
   ✅ patched. rev: Ch755lAE5GLsZ435CxbjWR

🎧 PATCH (WRITE) — Audio-Technica Apos x Audio-Technica Refine Pads (xMEqvkRBbdrlJXyFG8c4h3)

   Field diff (filterAttributes.*):
   = customerRating: unchanged (null)
   = condition: unchanged (null)
   = dealsDiscount: unchanged (null)
   = newArrival: unchanged (null)
   ~ inStock: true -> null
   ~ awards: null -> []
   ~ accessoryType: "earpad" -> "replacement-parts"
   ~ compatibleProductType: null -> ["headphone"]
   = cableFunction: unchanged (null)
   = connectorTermination: unchanged (null)
   = lengthM: unchanged (null)
   = conductorMaterial: unchanged (null)
   = balancedUnbalanced: unchanged (null)
   = furnitureType: unchanged (null)
   = material: unchanged (null)
   = adjustableHeight: unchanged (null)
   = weightCapacityKg: unchanged (null)
   = powerProductType: unchanged (null)
   = outletCount: unchanged (null)
   = powerConnectorType: unchanged (null)
   = cleaningProductType: unchanged (null)
   = formatCompatibility: unchanged (null)
   ~ partType: null -> "ear-pads-cushions"
   ~ compatibility: ["Audio-Technica ATH-R70x","R70xa","R70x Refine"] -> ["Audio-Technica ATH-R70x, R70xa, R70x Refine"]
   = adapterFunction: unchanged (null)
   = treatmentType: unchanged (null)
   = mounting: unchanged (null)
   💾 backed up prior filterAttributes -> /home/jan/work/sanglogium/sanity-cms/backups/backup_headphones_xMEqvkRBbdrlJXyFG8c4h3_2026-09-14T10-50-12-434Z.json
   ✅ patched. rev: 7P2D00ai8KUgrZgiFcwqUj

🎧 PATCH (WRITE) — Audeze Audeze Premium Braided Upgrade Cable | 6.3 or XLR for LCD Series (Pn6oyV4Ks5AcNbecjbXRKV)

   Field diff (filterAttributes.*):
   ~ customerRating: null -> 5
   ~ awards: null -> []
   = condition: unchanged (null)
   = dealsDiscount: unchanged (null)
   = newArrival: unchanged (null)
   ~ inStock: true -> null
   ~ accessoryType: "cable" -> "cables-interconnects"
   ~ compatibleProductType: null -> ["headphone"]
   = cableFunction: unchanged (null)
   ~ connectorTermination: ["4-pin-xlr"] -> ["xlr","6.35mm","4-pin-mini-xlr"]
   ~ lengthM: null -> 2.5
   ~ conductorMaterial: null -> ["copper-ofc"]
   ~ balancedUnbalanced: null -> ["balanced","unbalanced"]
   = furnitureType: unchanged (null)
   = material: unchanged (null)
   = adjustableHeight: unchanged (null)
   = weightCapacityKg: unchanged (null)
   = powerProductType: unchanged (null)
   = outletCount: unchanged (null)
   = powerConnectorType: unchanged (null)
   = cleaningProductType: unchanged (null)
   = formatCompatibility: unchanged (null)
   = partType: unchanged (null)
   ~ compatibility: ["universal"] -> null
   = adapterFunction: unchanged (null)
   = treatmentType: unchanged (null)
   = mounting: unchanged (null)
   💾 backed up prior filterAttributes -> /home/jan/work/sanglogium/sanity-cms/backups/backup_headphones_Pn6oyV4Ks5AcNbecjbXRKV_2026-09-14T10-50-13-636Z.json
   ✅ patched. rev: Ch755lAE5GLsZ435CxbjfM

🎧 PATCH (WRITE) — Audeze Audeze Std LCD Series Cable | Mini-XLR to 4-pin XLR w/ 6.3mm Adapter (MrEMtYwMtrFDGWmRnGPkI2)

   Field diff (filterAttributes.*):
   ~ customerRating: null -> 5
   ~ awards: null -> []
   = condition: unchanged (null)
   = dealsDiscount: unchanged (null)
   = newArrival: unchanged (null)
   ~ inStock: true -> null
   ~ accessoryType: "cable" -> "cables-interconnects"
   ~ compatibleProductType: null -> ["headphone"]
   = cableFunction: unchanged (null)
   ~ connectorTermination: ["6.35mm","4-pin-xlr"] -> ["xlr","6.35mm","4-pin-mini-xlr"]
   ~ lengthM: null -> 1.9
   ~ conductorMaterial: null -> ["copper-ofc"]
   ~ balancedUnbalanced: null -> ["balanced","unbalanced"]
   = furnitureType: unchanged (null)
   = material: unchanged (null)
   = adjustableHeight: unchanged (null)
   = weightCapacityKg: unchanged (null)
   = powerProductType: unchanged (null)
   = outletCount: unchanged (null)
   = powerConnectorType: unchanged (null)
   = cleaningProductType: unchanged (null)
   = formatCompatibility: unchanged (null)
   = partType: unchanged (null)
   ~ compatibility: ["universal"] -> null
   = adapterFunction: unchanged (null)
   = treatmentType: unchanged (null)
   = mounting: unchanged (null)
   💾 backed up prior filterAttributes -> /home/jan/work/sanglogium/sanity-cms/backups/backup_headphones_MrEMtYwMtrFDGWmRnGPkI2_2026-09-14T10-50-14-881Z.json
   ✅ patched. rev: Ch755lAE5GLsZ435CxbjkS

🎧 PATCH (WRITE) — Astell&Kern Astell&Kern A&norma SR35 Case | Protective Case (Pn6oyV4Ks5AcNbecjk66Sq)

   Field diff (filterAttributes.*):
   = customerRating: unchanged (null)
   = awards: unchanged (null)
   = condition: unchanged (null)
   = dealsDiscount: unchanged (null)
   = newArrival: unchanged (null)
   ~ accessoryType: "case" -> "cases-storage-transport"
   ~ compatibleProductType: null -> ["amplifier-source"]
   = cableFunction: unchanged (null)
   = connectorTermination: unchanged (null)
   = lengthM: unchanged (null)
   = conductorMaterial: unchanged (null)
   = balancedUnbalanced: unchanged (null)
   = furnitureType: unchanged (null)
   = material: unchanged (null)
   = adjustableHeight: unchanged (null)
   = weightCapacityKg: unchanged (null)
   = powerProductType: unchanged (null)
   = outletCount: unchanged (null)
   = powerConnectorType: unchanged (null)
   = cleaningProductType: unchanged (null)
   = formatCompatibility: unchanged (null)
   = partType: unchanged (null)
   ~ compatibility: ["universal"] -> null
   = adapterFunction: unchanged (null)
   = treatmentType: unchanged (null)
   = mounting: unchanged (null)
   💾 backed up prior filterAttributes -> /home/jan/work/sanglogium/sanity-cms/backups/backup_headphones_Pn6oyV4Ks5AcNbecjk66Sq_2026-09-14T10-50-16-118Z.json
   ✅ patched. rev: 7P2D00ai8KUgrZgiFcwqil

🎧 PATCH (WRITE) — Astell&Kern Astell&Kern A&ultima SP3000M Case | Leather Case (PHPYj28HJdPDHAaIBCQ5Rc)

   Field diff (filterAttributes.*):
   = customerRating: unchanged (null)
   = awards: unchanged (null)
   = condition: unchanged (null)
   = dealsDiscount: unchanged (null)
   = newArrival: unchanged (null)
   ~ accessoryType: "case" -> "cases-storage-transport"
   ~ compatibleProductType: null -> ["amplifier-source"]
   = cableFunction: unchanged (null)
   = connectorTermination: unchanged (null)
   = lengthM: unchanged (null)
   = conductorMaterial: unchanged (null)
   = balancedUnbalanced: unchanged (null)
   = furnitureType: unchanged (null)
   = material: unchanged (null)
   = adjustableHeight: unchanged (null)
   = weightCapacityKg: unchanged (null)
   = powerProductType: unchanged (null)
   = outletCount: unchanged (null)
   = powerConnectorType: unchanged (null)
   = cleaningProductType: unchanged (null)
   = formatCompatibility: unchanged (null)
   = partType: unchanged (null)
   ~ compatibility: ["universal"] -> null
   = adapterFunction: unchanged (null)
   = treatmentType: unchanged (null)
   = mounting: unchanged (null)
   💾 backed up prior filterAttributes -> /home/jan/work/sanglogium/sanity-cms/backups/backup_headphones_PHPYj28HJdPDHAaIBCQ5Rc_2026-09-14T10-50-17-409Z.json
   ✅ patched. rev: Ch755lAE5GLsZ435Cxbjue

🎧 PATCH (WRITE) — Astell&Kern Astell&Kern A&ultima SP3000T Case | Leather Case (MrEMtYwMtrFDGWmRnQqrtq)

   Field diff (filterAttributes.*):
   = customerRating: unchanged (null)
   = awards: unchanged (null)
   = condition: unchanged (null)
   = dealsDiscount: unchanged (null)
   = newArrival: unchanged (null)
   ~ accessoryType: "case" -> "cases-storage-transport"
   ~ compatibleProductType: null -> ["amplifier-source"]
   = cableFunction: unchanged (null)
   = connectorTermination: unchanged (null)
   = lengthM: unchanged (null)
   = conductorMaterial: unchanged (null)
   = balancedUnbalanced: unchanged (null)
   = furnitureType: unchanged (null)
   = material: unchanged (null)
   = adjustableHeight: unchanged (null)
   = weightCapacityKg: unchanged (null)
   = powerProductType: unchanged (null)
   = outletCount: unchanged (null)
   = powerConnectorType: unchanged (null)
   = cleaningProductType: unchanged (null)
   = formatCompatibility: unchanged (null)
   = partType: unchanged (null)
   ~ compatibility: ["universal"] -> null
   = adapterFunction: unchanged (null)
   = treatmentType: unchanged (null)
   = mounting: unchanged (null)
   💾 backed up prior filterAttributes -> /home/jan/work/sanglogium/sanity-cms/backups/backup_headphones_MrEMtYwMtrFDGWmRnQqrtq_2026-09-14T10-50-18-534Z.json
   ✅ patched. rev: Ch755lAE5GLsZ435CxbjyT

🎧 PATCH (WRITE) — Astell&Kern Astell&Kern Collector's Atelier Case | Leather Storage Box (PHPYj28HJdPDHAaIBCQ9Og)

   Field diff (filterAttributes.*):
   = customerRating: unchanged (null)
   = awards: unchanged (null)
   = condition: unchanged (null)
   = dealsDiscount: unchanged (null)
   = newArrival: unchanged (null)
   ~ accessoryType: "case" -> "cases-storage-transport"
   ~ compatibleProductType: null -> ["amplifier-source","headphone"]
   = cableFunction: unchanged (null)
   = connectorTermination: unchanged (null)
   = lengthM: unchanged (null)
   = conductorMaterial: unchanged (null)
   = balancedUnbalanced: unchanged (null)
   = furnitureType: unchanged (null)
   = material: unchanged (null)
   = adjustableHeight: unchanged (null)
   = weightCapacityKg: unchanged (null)
   = powerProductType: unchanged (null)
   = outletCount: unchanged (null)
   = powerConnectorType: unchanged (null)
   = cleaningProductType: unchanged (null)
   = formatCompatibility: unchanged (null)
   = partType: unchanged (null)
   ~ compatibility: ["universal"] -> null
   = adapterFunction: unchanged (null)
   = treatmentType: unchanged (null)
   = mounting: unchanged (null)
   💾 backed up prior filterAttributes -> /home/jan/work/sanglogium/sanity-cms/backups/backup_headphones_PHPYj28HJdPDHAaIBCQ9Og_2026-09-14T10-50-19-703Z.json
   ✅ patched. rev: Ch755lAE5GLsZ435Cxbk3Z

🎧 PATCH (WRITE) — Astell&Kern Astell&Kern KANN CUBE | Leather Case (MrEMtYwMtrFDGWmRnQqu20)

   Field diff (filterAttributes.*):
   ~ customerRating: null -> 4.5
   = awards: unchanged (null)
   = condition: unchanged (null)
   = dealsDiscount: unchanged (null)
   = newArrival: unchanged (null)
   ~ accessoryType: "case" -> "cases-storage-transport"
   ~ compatibleProductType: null -> ["amplifier-source"]
   = cableFunction: unchanged (null)
   = connectorTermination: unchanged (null)
   = lengthM: unchanged (null)
   = conductorMaterial: unchanged (null)
   = balancedUnbalanced: unchanged (null)
   = furnitureType: unchanged (null)
   = material: unchanged (null)
   = adjustableHeight: unchanged (null)
   = weightCapacityKg: unchanged (null)
   = powerProductType: unchanged (null)
   = outletCount: unchanged (null)
   = powerConnectorType: unchanged (null)
   = cleaningProductType: unchanged (null)
   = formatCompatibility: unchanged (null)
   = partType: unchanged (null)
   ~ compatibility: ["universal"] -> null
   = adapterFunction: unchanged (null)
   = treatmentType: unchanged (null)
   = mounting: unchanged (null)
   💾 backed up prior filterAttributes -> /home/jan/work/sanglogium/sanity-cms/backups/backup_headphones_MrEMtYwMtrFDGWmRnQqu20_2026-09-14T10-50-20-706Z.json
   ✅ patched. rev: 7P2D00ai8KUgrZgiFcwqpm

🎧 PATCH (WRITE) — Astell&Kern Astell&Kern PD20 Case | Premium Leather Case (MrEMtYwMtrFDGWmRnQqv2C)

   Field diff (filterAttributes.*):
   = customerRating: unchanged (null)
   = awards: unchanged (null)
   = condition: unchanged (null)
   = dealsDiscount: unchanged (null)
   = newArrival: unchanged (null)
   ~ accessoryType: "case" -> "cases-storage-transport"
   ~ compatibleProductType: null -> ["amplifier-source"]
   = cableFunction: unchanged (null)
   = connectorTermination: unchanged (null)
   = lengthM: unchanged (null)
   = conductorMaterial: unchanged (null)
   = balancedUnbalanced: unchanged (null)
   = furnitureType: unchanged (null)
   = material: unchanged (null)
   = adjustableHeight: unchanged (null)
   = weightCapacityKg: unchanged (null)
   = powerProductType: unchanged (null)
   = outletCount: unchanged (null)
   = powerConnectorType: unchanged (null)
   = cleaningProductType: unchanged (null)
   = formatCompatibility: unchanged (null)
   = partType: unchanged (null)
   ~ compatibility: ["universal"] -> null
   = adapterFunction: unchanged (null)
   = treatmentType: unchanged (null)
   = mounting: unchanged (null)
   💾 backed up prior filterAttributes -> /home/jan/work/sanglogium/sanity-cms/backups/backup_headphones_MrEMtYwMtrFDGWmRnQqv2C_2026-09-14T10-50-21-736Z.json
   ✅ patched. rev: 7P2D00ai8KUgrZgiFcwqwn

🎧 PATCH (WRITE) — Astell&Kern Astell&Kern SP4000T Case | Premium Leather Case (Pn6oyV4Ks5AcNbecjk6Pve)

   Field diff (filterAttributes.*):
   = customerRating: unchanged (null)
   = awards: unchanged (null)
   = condition: unchanged (null)
   = dealsDiscount: unchanged (null)
   = newArrival: unchanged (null)
   ~ accessoryType: "case" -> "cases-storage-transport"
   ~ compatibleProductType: null -> ["amplifier-source"]
   = cableFunction: unchanged (null)
   = connectorTermination: unchanged (null)
   = lengthM: unchanged (null)
   = conductorMaterial: unchanged (null)
   = balancedUnbalanced: unchanged (null)
   = furnitureType: unchanged (null)
   = material: unchanged (null)
   = adjustableHeight: unchanged (null)
   = weightCapacityKg: unchanged (null)
   = powerProductType: unchanged (null)
   = outletCount: unchanged (null)
   = powerConnectorType: unchanged (null)
   = cleaningProductType: unchanged (null)
   = formatCompatibility: unchanged (null)
   = partType: unchanged (null)
   ~ compatibility: ["universal"] -> null
   = adapterFunction: unchanged (null)
   = treatmentType: unchanged (null)
   = mounting: unchanged (null)
   💾 backed up prior filterAttributes -> /home/jan/work/sanglogium/sanity-cms/backups/backup_headphones_Pn6oyV4Ks5AcNbecjk6Pve_2026-09-14T10-50-22-747Z.json
   ✅ patched. rev: MzerujO1CrL1dzm03eQBKf

🎧 PATCH (WRITE) — Apos Apos x SATCHELZ Leather Clamshell IEM Carry Case (xMEqvkRBbdrlJXyFG8duy3)

   Field diff (filterAttributes.*):
   = customerRating: unchanged (null)
   = awards: unchanged (null)
   ~ condition: null -> "new"
   = dealsDiscount: unchanged (null)
   = newArrival: unchanged (null)
   ~ accessoryType: "case" -> "cases-storage-transport"
   ~ compatibleProductType: null -> ["headphone"]
   = cableFunction: unchanged (null)
   = connectorTermination: unchanged (null)
   = lengthM: unchanged (null)
   = conductorMaterial: unchanged (null)
   = balancedUnbalanced: unchanged (null)
   = furnitureType: unchanged (null)
   = material: unchanged (null)
   = adjustableHeight: unchanged (null)
   = weightCapacityKg: unchanged (null)
   = powerProductType: unchanged (null)
   = outletCount: unchanged (null)
   = powerConnectorType: unchanged (null)
   = cleaningProductType: unchanged (null)
   = formatCompatibility: unchanged (null)
   = partType: unchanged (null)
   ~ compatibility: ["universal"] -> null
   = adapterFunction: unchanged (null)
   = treatmentType: unchanged (null)
   = mounting: unchanged (null)
   💾 backed up prior filterAttributes -> /home/jan/work/sanglogium/sanity-cms/backups/backup_headphones_xMEqvkRBbdrlJXyFG8duy3_2026-09-14T10-50-23-795Z.json
   ✅ patched. rev: MzerujO1CrL1dzm03eQBh5

🎧 PATCH (WRITE) — Apos Cables for Rock Lobster IEM (GPjMdcfFWZVrKyR2PB7nEI)

   Field diff (filterAttributes.*):
   = customerRating: unchanged (null)
   = awards: unchanged (null)
   ~ condition: null -> "new"
   = dealsDiscount: unchanged (null)
   = newArrival: unchanged (null)
   ~ accessoryType: "cable" -> "cables-interconnects"
   ~ compatibleProductType: null -> ["headphone"]
   = cableFunction: unchanged (null)
   ~ connectorTermination: ["3.5mm","6.35mm","4.4mm-balanced"] -> ["3.5mm","4.4mm"]
   ~ lengthM: null -> 1.2
   ~ conductorMaterial: null -> ["silver-plated-copper"]
   = balancedUnbalanced: unchanged (null)
   = furnitureType: unchanged (null)
   = material: unchanged (null)
   = adjustableHeight: unchanged (null)
   = weightCapacityKg: unchanged (null)
   = powerProductType: unchanged (null)
   = outletCount: unchanged (null)
   = powerConnectorType: unchanged (null)
   = cleaningProductType: unchanged (null)
   = formatCompatibility: unchanged (null)
   = partType: unchanged (null)
   ~ compatibility: ["universal"] -> null
   = adapterFunction: unchanged (null)
   = treatmentType: unchanged (null)
   = mounting: unchanged (null)
   💾 backed up prior filterAttributes -> /home/jan/work/sanglogium/sanity-cms/backups/backup_headphones_GPjMdcfFWZVrKyR2PB7nEI_2026-09-14T10-50-24-841Z.json
   ✅ patched. rev: 7P2D00ai8KUgrZgiFcwr3o

🎧 PATCH (WRITE) — Apos Magia Modular Cable Kit (GPjMdcfFWZVrKyR2PB7o7q)

   Field diff (filterAttributes.*):
   = customerRating: unchanged (null)
   = awards: unchanged (null)
   ~ condition: null -> "new"
   = dealsDiscount: unchanged (null)
   = newArrival: unchanged (null)
   ~ accessoryType: "cable" -> "cables-interconnects"
   ~ compatibleProductType: null -> ["headphone"]
   = cableFunction: unchanged (null)
   ~ connectorTermination: ["3.5mm","6.35mm","4.4mm-balanced"] -> ["3.5mm","4.4mm","xlr"]
   ~ lengthM: null -> 0.127
   ~ conductorMaterial: null -> ["copper-ofc"]
   = balancedUnbalanced: unchanged (null)
   = furnitureType: unchanged (null)
   = material: unchanged (null)
   = adjustableHeight: unchanged (null)
   = weightCapacityKg: unchanged (null)
   = powerProductType: unchanged (null)
   = outletCount: unchanged (null)
   = powerConnectorType: unchanged (null)
   = cleaningProductType: unchanged (null)
   = formatCompatibility: unchanged (null)
   = partType: unchanged (null)
   ~ compatibility: ["universal"] -> null
   = adapterFunction: unchanged (null)
   = treatmentType: unchanged (null)
   = mounting: unchanged (null)
   💾 backed up prior filterAttributes -> /home/jan/work/sanglogium/sanity-cms/backups/backup_headphones_GPjMdcfFWZVrKyR2PB7o7q_2026-09-14T10-50-25-880Z.json
   ✅ patched. rev: Ch755lAE5GLsZ435CxbkDl

🎧 PATCH (WRITE) — ALO audio ALO audio Reference 8 | Mini to Mini Cable (PHPYj28HJdPDHAaIB6cQtu)

   Field diff (filterAttributes.*):
   = customerRating: unchanged (null)
   = awards: unchanged (null)
   ~ condition: null -> "new"
   = dealsDiscount: unchanged (null)
   = newArrival: unchanged (null)
   ~ accessoryType: "cable" -> "cables-interconnects"
   ~ compatibleProductType: null -> ["amplifier-source"]
   = cableFunction: unchanged (null)
   ~ connectorTermination: ["3.5mm","6.35mm","4.4mm-balanced"] -> ["3.5mm"]
   = lengthM: unchanged (null)
   ~ conductorMaterial: null -> ["silver-plated-copper","copper-ofc"]
   = balancedUnbalanced: unchanged (null)
   = furnitureType: unchanged (null)
   = material: unchanged (null)
   = adjustableHeight: unchanged (null)
   = weightCapacityKg: unchanged (null)
   = powerProductType: unchanged (null)
   = outletCount: unchanged (null)
   = powerConnectorType: unchanged (null)
   = cleaningProductType: unchanged (null)
   = formatCompatibility: unchanged (null)
   = partType: unchanged (null)
   ~ compatibility: ["universal"] -> null
   = adapterFunction: unchanged (null)
   = treatmentType: unchanged (null)
   = mounting: unchanged (null)
   💾 backed up prior filterAttributes -> /home/jan/work/sanglogium/sanity-cms/backups/backup_headphones_PHPYj28HJdPDHAaIB6cQtu_2026-09-14T10-50-26-927Z.json
   ✅ patched. rev: Ch755lAE5GLsZ435CxbkHa

🎧 PATCH (WRITE) — 64 Audio 64 Audio Premium Pearl Cable (3.5mm) (3O1ZNp54LWQGln4uEAUGAa)

   Field diff (filterAttributes.*):
   = customerRating: unchanged (null)
   = awards: unchanged (null)
   ~ condition: null -> "new"
   = dealsDiscount: unchanged (null)
   = newArrival: unchanged (null)
   ~ accessoryType: "cable" -> "cables-interconnects"
   ~ compatibleProductType: null -> ["headphone"]
   = cableFunction: unchanged (null)
   ~ connectorTermination: ["3.5mm","6.35mm","4.4mm-balanced"] -> ["3.5mm"]
   = lengthM: unchanged (null)
   ~ conductorMaterial: null -> ["silver-plated-copper"]
   ~ balancedUnbalanced: null -> "unbalanced"
   = furnitureType: unchanged (null)
   = material: unchanged (null)
   = adjustableHeight: unchanged (null)
   = weightCapacityKg: unchanged (null)
   = powerProductType: unchanged (null)
   = outletCount: unchanged (null)
   = powerConnectorType: unchanged (null)
   = cleaningProductType: unchanged (null)
   = formatCompatibility: unchanged (null)
   = partType: unchanged (null)
   ~ compatibility: ["universal"] -> null
   = adapterFunction: unchanged (null)
   = treatmentType: unchanged (null)
   = mounting: unchanged (null)
   💾 backed up prior filterAttributes -> /home/jan/work/sanglogium/sanity-cms/backups/backup_headphones_3O1ZNp54LWQGln4uEAUGAa_2026-09-14T10-50-27-980Z.json
   ✅ patched. rev: Ch755lAE5GLsZ435CxbkLP

🎧 PATCH (WRITE) — 64 Audio IEM Cleaning Tool 5-Pack (MrEMtYwMtrFDGWmRnGr6Ft)

   Field diff (filterAttributes.*):
   = customerRating: unchanged (null)
   = awards: unchanged (null)
   ~ condition: null -> "new"
   = dealsDiscount: unchanged (null)
   = newArrival: unchanged (null)
   ~ accessoryType: "cable" -> "cleaning-maintenance"
   ~ compatibleProductType: null -> ["headphone"]
   = cableFunction: unchanged (null)
   = connectorTermination: unchanged (null)
   = lengthM: unchanged (null)
   = conductorMaterial: unchanged (null)
   = balancedUnbalanced: unchanged (null)
   = furnitureType: unchanged (null)
   = material: unchanged (null)
   = adjustableHeight: unchanged (null)
   = weightCapacityKg: unchanged (null)
   = powerProductType: unchanged (null)
   = outletCount: unchanged (null)
   = powerConnectorType: unchanged (null)
   = cleaningProductType: unchanged (null)
   = formatCompatibility: unchanged (null)
   = partType: unchanged (null)
   ~ compatibility: ["universal"] -> null
   = adapterFunction: unchanged (null)
   = treatmentType: unchanged (null)
   = mounting: unchanged (null)
   💾 backed up prior filterAttributes -> /home/jan/work/sanglogium/sanity-cms/backups/backup_headphones_MrEMtYwMtrFDGWmRnGr6Ft_2026-09-14T10-50-29-024Z.json
   ✅ patched. rev: MzerujO1CrL1dzm03eQD4H

🎧 PATCH (WRITE) — 64 Audio Large Dehumidifier (MrEMtYwMtrFDGWmRnGr80j)

   Field diff (filterAttributes.*):
   = customerRating: unchanged (null)
   = awards: unchanged (null)
   ~ condition: null -> "new"
   = dealsDiscount: unchanged (null)
   = newArrival: unchanged (null)
   ~ accessoryType: "cable" -> "cleaning-maintenance"
   ~ compatibleProductType: null -> ["headphone"]
   = cableFunction: unchanged (null)
   = connectorTermination: unchanged (null)
   = lengthM: unchanged (null)
   = conductorMaterial: unchanged (null)
   = balancedUnbalanced: unchanged (null)
   = furnitureType: unchanged (null)
   = material: unchanged (null)
   = adjustableHeight: unchanged (null)
   = weightCapacityKg: unchanged (null)
   = powerProductType: unchanged (null)
   = outletCount: unchanged (null)
   = powerConnectorType: unchanged (null)
   = cleaningProductType: unchanged (null)
   = formatCompatibility: unchanged (null)
   = partType: unchanged (null)
   ~ compatibility: ["universal"] -> null
   = adapterFunction: unchanged (null)
   = treatmentType: unchanged (null)
   = mounting: unchanged (null)
   💾 backed up prior filterAttributes -> /home/jan/work/sanglogium/sanity-cms/backups/backup_headphones_MrEMtYwMtrFDGWmRnGr80j_2026-09-14T10-50-30-182Z.json
   ✅ patched. rev: MzerujO1CrL1dzm03eQDQh

🎧 PATCH (WRITE) — 64 Audio Microfiber Cleaning Cloth 3-Pack (MrEMtYwMtrFDGWmRnGr5kn)

   Field diff (filterAttributes.*):
   = customerRating: unchanged (null)
   = awards: unchanged (null)
   ~ condition: null -> "new"
   = dealsDiscount: unchanged (null)
   = newArrival: unchanged (null)
   ~ accessoryType: "cable" -> "cleaning-maintenance"
   ~ compatibleProductType: null -> ["headphone"]
   = cableFunction: unchanged (null)
   = connectorTermination: unchanged (null)
   = lengthM: unchanged (null)
   = conductorMaterial: unchanged (null)
   = balancedUnbalanced: unchanged (null)
   = furnitureType: unchanged (null)
   = material: unchanged (null)
   = adjustableHeight: unchanged (null)
   = weightCapacityKg: unchanged (null)
   = powerProductType: unchanged (null)
   = outletCount: unchanged (null)
   = powerConnectorType: unchanged (null)
   = cleaningProductType: unchanged (null)
   = formatCompatibility: unchanged (null)
   = partType: unchanged (null)
   ~ compatibility: ["universal"] -> null
   = adapterFunction: unchanged (null)
   = treatmentType: unchanged (null)
   = mounting: unchanged (null)
   💾 backed up prior filterAttributes -> /home/jan/work/sanglogium/sanity-cms/backups/backup_headphones_MrEMtYwMtrFDGWmRnGr5kn_2026-09-14T10-50-31-317Z.json
   ✅ patched. rev: Ch755lAE5GLsZ435CxbkVb

🎧 PATCH (WRITE) — 64 Audio Plastic Needle (PHPYj28HJdPDHAaIB6UFNA)

   Field diff (filterAttributes.*):
   = customerRating: unchanged (null)
   = awards: unchanged (null)
   ~ condition: null -> "new"
   = dealsDiscount: unchanged (null)
   = newArrival: unchanged (null)
   ~ accessoryType: "cable" -> "cleaning-maintenance"
   ~ compatibleProductType: null -> ["headphone"]
   = cableFunction: unchanged (null)
   = connectorTermination: unchanged (null)
   = lengthM: unchanged (null)
   = conductorMaterial: unchanged (null)
   = balancedUnbalanced: unchanged (null)
   = furnitureType: unchanged (null)
   = material: unchanged (null)
   = adjustableHeight: unchanged (null)
   = weightCapacityKg: unchanged (null)
   = powerProductType: unchanged (null)
   = outletCount: unchanged (null)
   = powerConnectorType: unchanged (null)
   = cleaningProductType: unchanged (null)
   = formatCompatibility: unchanged (null)
   = partType: unchanged (null)
   ~ compatibility: ["universal"] -> null
   = adapterFunction: unchanged (null)
   = treatmentType: unchanged (null)
   = mounting: unchanged (null)
   💾 backed up prior filterAttributes -> /home/jan/work/sanglogium/sanity-cms/backups/backup_headphones_PHPYj28HJdPDHAaIB6UFNA_2026-09-14T10-50-32-327Z.json
   ✅ patched. rev: MzerujO1CrL1dzm03eQE0Z

🎧 PATCH (WRITE) — 64 Audio Small Dehumidifier 3-Pack (Pn6oyV4Ks5AcNbecjbKjAx)

   Field diff (filterAttributes.*):
   = customerRating: unchanged (null)
   = awards: unchanged (null)
   ~ condition: null -> "new"
   = dealsDiscount: unchanged (null)
   = newArrival: unchanged (null)
   ~ accessoryType: "cable" -> "cleaning-maintenance"
   ~ compatibleProductType: null -> ["headphone"]
   = cableFunction: unchanged (null)
   = connectorTermination: unchanged (null)
   = lengthM: unchanged (null)
   = conductorMaterial: unchanged (null)
   = balancedUnbalanced: unchanged (null)
   = furnitureType: unchanged (null)
   = material: unchanged (null)
   = adjustableHeight: unchanged (null)
   = weightCapacityKg: unchanged (null)
   = powerProductType: unchanged (null)
   = outletCount: unchanged (null)
   = powerConnectorType: unchanged (null)
   = cleaningProductType: unchanged (null)
   = formatCompatibility: unchanged (null)
   = partType: unchanged (null)
   ~ compatibility: ["universal"] -> null
   = adapterFunction: unchanged (null)
   = treatmentType: unchanged (null)
   = mounting: unchanged (null)
   💾 backed up prior filterAttributes -> /home/jan/work/sanglogium/sanity-cms/backups/backup_headphones_Pn6oyV4Ks5AcNbecjbKjAx_2026-09-14T10-50-33-351Z.json
   ✅ patched. rev: MzerujO1CrL1dzm03eQEIV

🎧 PATCH (WRITE) — 64 Audio Steel Needle (MrEMtYwMtrFDGWmRnGr7Rk)

   Field diff (filterAttributes.*):
   = customerRating: unchanged (null)
   = awards: unchanged (null)
   ~ condition: null -> "new"
   = dealsDiscount: unchanged (null)
   = newArrival: unchanged (null)
   ~ accessoryType: "cable" -> "replacement-parts"
   ~ compatibleProductType: null -> ["universal"]
   = cableFunction: unchanged (null)
   = connectorTermination: unchanged (null)
   = lengthM: unchanged (null)
   = conductorMaterial: unchanged (null)
   = balancedUnbalanced: unchanged (null)
   = furnitureType: unchanged (null)
   = material: unchanged (null)
   = adjustableHeight: unchanged (null)
   = weightCapacityKg: unchanged (null)
   = powerProductType: unchanged (null)
   = outletCount: unchanged (null)
   = powerConnectorType: unchanged (null)
   = cleaningProductType: unchanged (null)
   = formatCompatibility: unchanged (null)
   = partType: unchanged (null)
   ~ compatibility: ["universal"] -> ["IEM VAC"]
   = adapterFunction: unchanged (null)
   = treatmentType: unchanged (null)
   = mounting: unchanged (null)
   💾 backed up prior filterAttributes -> /home/jan/work/sanglogium/sanity-cms/backups/backup_headphones_MrEMtYwMtrFDGWmRnGr7Rk_2026-09-14T10-50-34-368Z.json
   ✅ patched. rev: MzerujO1CrL1dzm03eQEaR

🎧 PATCH (WRITE) — 64 Audio VAC Pro Filter and O-Ring Kit (MrEMtYwMtrFDGWmRnGrApe)

   Field diff (filterAttributes.*):
   = customerRating: unchanged (null)
   = awards: unchanged (null)
   ~ condition: null -> "new"
   = dealsDiscount: unchanged (null)
   = newArrival: unchanged (null)
   ~ accessoryType: "cable" -> "replacement-parts"
   ~ compatibleProductType: null -> ["universal"]
   = cableFunction: unchanged (null)
   = connectorTermination: unchanged (null)
   = lengthM: unchanged (null)
   = conductorMaterial: unchanged (null)
   = balancedUnbalanced: unchanged (null)
   = furnitureType: unchanged (null)
   = material: unchanged (null)
   = adjustableHeight: unchanged (null)
   = weightCapacityKg: unchanged (null)
   = powerProductType: unchanged (null)
   = outletCount: unchanged (null)
   = powerConnectorType: unchanged (null)
   = cleaningProductType: unchanged (null)
   = formatCompatibility: unchanged (null)
   = partType: unchanged (null)
   ~ compatibility: ["universal"] -> ["VAC Pro"]
   = adapterFunction: unchanged (null)
   = treatmentType: unchanged (null)
   = mounting: unchanged (null)
   💾 backed up prior filterAttributes -> /home/jan/work/sanglogium/sanity-cms/backups/backup_headphones_MrEMtYwMtrFDGWmRnGrApe_2026-09-14T10-50-35-371Z.json
   ✅ patched. rev: Ch755lAE5GLsZ435CxbknR

🎧 PATCH (WRITE) — 64 Audio VAC Pro Needle Kit (MrEMtYwMtrFDGWmRnGr9GT)

   Field diff (filterAttributes.*):
   = customerRating: unchanged (null)
   = awards: unchanged (null)
   ~ condition: null -> "new"
   = dealsDiscount: unchanged (null)
   = newArrival: unchanged (null)
   ~ accessoryType: "cable" -> "replacement-parts"
   ~ compatibleProductType: null -> ["universal"]
   = cableFunction: unchanged (null)
   = connectorTermination: unchanged (null)
   = lengthM: unchanged (null)
   = conductorMaterial: unchanged (null)
   = balancedUnbalanced: unchanged (null)
   = furnitureType: unchanged (null)
   = material: unchanged (null)
   = adjustableHeight: unchanged (null)
   = weightCapacityKg: unchanged (null)
   = powerProductType: unchanged (null)
   = outletCount: unchanged (null)
   = powerConnectorType: unchanged (null)
   = cleaningProductType: unchanged (null)
   = formatCompatibility: unchanged (null)
   = partType: unchanged (null)
   ~ compatibility: ["universal"] -> ["VAC Pro"]
   = adapterFunction: unchanged (null)
   = treatmentType: unchanged (null)
   = mounting: unchanged (null)
   💾 backed up prior filterAttributes -> /home/jan/work/sanglogium/sanity-cms/backups/backup_headphones_MrEMtYwMtrFDGWmRnGr9GT_2026-09-14T10-50-36-394Z.json
   ✅ patched. rev: MzerujO1CrL1dzm03eQFAJ

🎧 PATCH (WRITE) — xDuoo xDuoo DM-01 Desktop DAC/Amp (DZc43yHr6ydfgE7zB41oi2)

   Field diff (filterAttributes.*):
   = customerRating: unchanged (null)
   = awards: unchanged (null)
   = condition: unchanged (null)
   ~ inStock: true -> null
   = dealsDiscount: unchanged (null)
   = newArrival: unchanged (null)
   ~ deviceType: "dac-amp-combo" -> "dac"
   ~ deviceConnectivity: null -> "wired-wireless"
   = formFactor: unchanged ("desktop")
   ~ amplification: "solid-state" -> null
   = dacIncluded: unchanged (true)
   = balancedOutput: unchanged (false)
   = powerOutputPerChannelW: unchanged (null)
   = channelCount: unchanged (null)
   = phonoStageBuiltIn: unchanged (null)
   = trigger12v: unchanged (null)
   = remoteControlIncluded: unchanged (null)
   ~ inputs: ["usb"] -> ["usb","bluetooth"]
   ~ outputs: ["4.4mm"] -> null
   ~ maxSampleRateBitDepth: null -> "32-bit/384kHz"
   ~ dsdSupport: null -> "dsd256-plus"
   ~ hiResCertification: null -> ["mqa"]
   ~ dacChipsetFamily: null -> ["cirrus-logic"]
   ~ streamingPlatformSupport: null -> []
   = networkConnection: unchanged (null)
   = driveType: unchanged (null)
   = turntableOperation: unchanged (null)
   = speedsSupported: unchanged (null)
   = phonoPreampBuiltIn: unchanged (null)
   = cartridgeIncluded: unchanged (null)
   = usbDigitalOutput: unchanged (null)
   ~ voiceAssistant: null -> []
   = multiroomSupport: unchanged (null)
   ~ bluetoothCodecs: null -> ["SBC","AAC","aptX","aptX HD","aptX Adaptive","LDAC","LC3"]
   = finishColor: unchanged (null)
   ~ rackMountable19: null -> false
   = countryOfManufacture: unchanged (null)
   ~ price: 27900 -> {"min":279,"max":279,"currency":"USD"}
   💾 backed up prior filterAttributes -> /home/jan/work/sanglogium/sanity-cms/backups/backup_headphones_DZc43yHr6ydfgE7zB41oi2_2026-09-14T10-50-39-438Z.json
   ✅ patched. rev: Ch755lAE5GLsZ435Cxbkto

🎧 PATCH (WRITE) — xDuoo xDuoo MT-604 Balanced Tube Headphone Amplifier (DZc43yHr6ydfgE7zB42wTA)

   Field diff (filterAttributes.*):
   = customerRating: unchanged (null)
   = awards: unchanged (null)
   = condition: unchanged (null)
   ~ inStock: true -> null
   = dealsDiscount: unchanged (null)
   = newArrival: unchanged (null)
   ~ deviceType: "headphone-amp" -> null
   ~ deviceConnectivity: null -> "wired"
   = formFactor: unchanged ("desktop")
   ~ amplification: "tube" -> null
   = dacIncluded: unchanged (false)
   ~ balancedOutput: false -> true
   = powerOutputPerChannelW: unchanged (null)
   = channelCount: unchanged (null)
   = phonoStageBuiltIn: unchanged (null)
   = trigger12v: unchanged (null)
   = remoteControlIncluded: unchanged (null)
   ~ inputs: ["usb"] -> null
   ~ outputs: ["4.4mm"] -> null
   = maxSampleRateBitDepth: unchanged (null)
   = dsdSupport: unchanged (null)
   = hiResCertification: unchanged (null)
   = dacChipsetFamily: unchanged (null)
   = streamingPlatformSupport: unchanged (null)
   = networkConnection: unchanged (null)
   = driveType: unchanged (null)
   = turntableOperation: unchanged (null)
   = speedsSupported: unchanged (null)
   = phonoPreampBuiltIn: unchanged (null)
   = cartridgeIncluded: unchanged (null)
   = usbDigitalOutput: unchanged (null)
   = voiceAssistant: unchanged (null)
   = multiroomSupport: unchanged (null)
   = bluetoothCodecs: unchanged (null)
   = finishColor: unchanged (null)
   ~ rackMountable19: null -> false
   = countryOfManufacture: unchanged (null)
   ~ price: 16900 -> {"min":169,"max":169,"currency":"USD"}
   💾 backed up prior filterAttributes -> /home/jan/work/sanglogium/sanity-cms/backups/backup_headphones_DZc43yHr6ydfgE7zB42wTA_2026-09-14T10-50-40-524Z.json
   ✅ patched. rev: 7P2D00ai8KUgrZgiFcwspj

🎧 PATCH (WRITE) — xDuoo xDuoo TA-10R Tube DAC/Amp (GPjMdcfFWZVrKyR2PB6EDC)

   Field diff (filterAttributes.*):
   = customerRating: unchanged (null)
   = awards: unchanged (null)
   = condition: unchanged (null)
   ~ inStock: true -> null
   = dealsDiscount: unchanged (null)
   = newArrival: unchanged (null)
   ~ deviceType: "dac-amp-combo" -> "dac"
   ~ deviceConnectivity: null -> "wired"
   = formFactor: unchanged ("desktop")
   ~ amplification: "tube" -> null
   = dacIncluded: unchanged (true)
   ~ balancedOutput: false -> true
   = powerOutputPerChannelW: unchanged (null)
   = channelCount: unchanged (null)
   = phonoStageBuiltIn: unchanged (null)
   = trigger12v: unchanged (null)
   = remoteControlIncluded: unchanged (null)
   ~ inputs: ["usb"] -> ["optical","coaxial","rca","usb"]
   ~ outputs: ["4.4mm"] -> null
   ~ maxSampleRateBitDepth: null -> "32-bit/384kHz"
   ~ dsdSupport: null -> "dsd256-plus"
   ~ hiResCertification: null -> []
   ~ dacChipsetFamily: null -> ["akm"]
   ~ streamingPlatformSupport: null -> []
   = networkConnection: unchanged (null)
   = driveType: unchanged (null)
   = turntableOperation: unchanged (null)
   = speedsSupported: unchanged (null)
   = phonoPreampBuiltIn: unchanged (null)
   = cartridgeIncluded: unchanged (null)
   = usbDigitalOutput: unchanged (null)
   = voiceAssistant: unchanged (null)
   = multiroomSupport: unchanged (null)
   = bluetoothCodecs: unchanged (null)
   ~ finishColor: null -> ["Red","Grey"]
   ~ rackMountable19: null -> false
   = countryOfManufacture: unchanged (null)
   ~ price: 31900 -> {"min":319,"max":319,"currency":"USD"}
   💾 backed up prior filterAttributes -> /home/jan/work/sanglogium/sanity-cms/backups/backup_headphones_GPjMdcfFWZVrKyR2PB6EDC_2026-09-14T10-50-41-571Z.json
   ✅ patched. rev: Ch755lAE5GLsZ435Cxbkyu

🎧 PATCH (WRITE) — xDuoo xDuoo TA-20 Plus Balanced Tube Headphone Amplifier (DZc43yHr6ydfgE7zB42uia)

   Field diff (filterAttributes.*):
   = customerRating: unchanged (null)
   = awards: unchanged (null)
   = condition: unchanged (null)
   ~ inStock: true -> null
   = dealsDiscount: unchanged (null)
   = newArrival: unchanged (null)
   ~ deviceType: "headphone-amp" -> null
   ~ deviceConnectivity: null -> "wired"
   = formFactor: unchanged ("desktop")
   ~ amplification: "tube" -> null
   = dacIncluded: unchanged (false)
   ~ balancedOutput: false -> true
   = powerOutputPerChannelW: unchanged (null)
   = channelCount: unchanged (null)
   = phonoStageBuiltIn: unchanged (null)
   = trigger12v: unchanged (null)
   = remoteControlIncluded: unchanged (null)
   ~ inputs: ["usb"] -> null
   ~ outputs: ["4.4mm"] -> null
   = maxSampleRateBitDepth: unchanged (null)
   = dsdSupport: unchanged (null)
   = hiResCertification: unchanged (null)
   = dacChipsetFamily: unchanged (null)
   = streamingPlatformSupport: unchanged (null)
   = networkConnection: unchanged (null)
   = driveType: unchanged (null)
   = turntableOperation: unchanged (null)
   = speedsSupported: unchanged (null)
   = phonoPreampBuiltIn: unchanged (null)
   = cartridgeIncluded: unchanged (null)
   = usbDigitalOutput: unchanged (null)
   = voiceAssistant: unchanged (null)
   = multiroomSupport: unchanged (null)
   = bluetoothCodecs: unchanged (null)
   = finishColor: unchanged (null)
   ~ rackMountable19: null -> false
   = countryOfManufacture: unchanged (null)
   ~ price: 49900 -> {"min":499,"max":499,"currency":"USD"}
   💾 backed up prior filterAttributes -> /home/jan/work/sanglogium/sanity-cms/backups/backup_headphones_DZc43yHr6ydfgE7zB42uia_2026-09-14T10-50-42-601Z.json
   ✅ patched. rev: 7P2D00ai8KUgrZgiFcwt8R

🎧 PATCH (WRITE) — xDuoo xDuoo TA-22 DAC/Tube Amp (GPjMdcfFWZVrKyR2PB76mM)

   Field diff (filterAttributes.*):
   = customerRating: unchanged (null)
   = awards: unchanged (null)
   = condition: unchanged (null)
   ~ inStock: true -> null
   = dealsDiscount: unchanged (null)
   = newArrival: unchanged (null)
   = deviceType: unchanged ("dac")
   ~ deviceConnectivity: null -> "wired-wireless"
   = formFactor: unchanged ("desktop")
   ~ amplification: "tube" -> null
   = dacIncluded: unchanged (true)
   ~ balancedOutput: false -> true
   = powerOutputPerChannelW: unchanged (null)
   = channelCount: unchanged (null)
   = phonoStageBuiltIn: unchanged (null)
   = trigger12v: unchanged (null)
   = remoteControlIncluded: unchanged (null)
   ~ inputs: ["usb"] -> ["usb","coaxial","optical","bluetooth","rca"]
   ~ outputs: ["4.4mm"] -> null
   ~ maxSampleRateBitDepth: null -> "32-bit/384kHz"
   ~ dsdSupport: null -> "dsd256-plus"
   ~ hiResCertification: null -> ["mqa"]
   ~ dacChipsetFamily: null -> ["ess-sabre"]
   ~ streamingPlatformSupport: null -> []
   = networkConnection: unchanged (null)
   = driveType: unchanged (null)
   = turntableOperation: unchanged (null)
   = speedsSupported: unchanged (null)
   = phonoPreampBuiltIn: unchanged (null)
   = cartridgeIncluded: unchanged (null)
   = usbDigitalOutput: unchanged (null)
   ~ voiceAssistant: null -> []
   = multiroomSupport: unchanged (null)
   ~ bluetoothCodecs: null -> ["SBC","AAC","aptX","aptX HD","aptX LL","LDAC"]
   = finishColor: unchanged (null)
   ~ rackMountable19: null -> false
   = countryOfManufacture: unchanged (null)
   ~ price: 48900 -> {"min":489,"max":489,"currency":"USD"}
   💾 backed up prior filterAttributes -> /home/jan/work/sanglogium/sanity-cms/backups/backup_headphones_GPjMdcfFWZVrKyR2PB76mM_2026-09-14T10-50-43-867Z.json
   ✅ patched. rev: MzerujO1CrL1dzm03eQG6b

🎧 PATCH (WRITE) — xDuoo xDuoo TA-30 (xMEqvkRBbdrlJXyFG8hoYl)

   Field diff (filterAttributes.*):
   = customerRating: unchanged (null)
   = awards: unchanged (null)
   = condition: unchanged (null)
   ~ inStock: true -> null
   = dealsDiscount: unchanged (null)
   = newArrival: unchanged (null)
   ~ deviceType: "headphone-amp" -> "dac"
   ~ deviceConnectivity: null -> "wired-wireless"
   = formFactor: unchanged ("desktop")
   ~ amplification: "tube" -> null
   ~ dacIncluded: false -> true
   = balancedOutput: unchanged (false)
   = powerOutputPerChannelW: unchanged (null)
   = channelCount: unchanged (null)
   = phonoStageBuiltIn: unchanged (null)
   = trigger12v: unchanged (null)
   = remoteControlIncluded: unchanged (null)
   ~ inputs: ["usb"] -> ["usb","coaxial","optical","bluetooth","rca"]
   ~ outputs: ["4.4mm"] -> null
   ~ maxSampleRateBitDepth: null -> "32-bit/768kHz"
   ~ dsdSupport: null -> "dsd256-plus"
   ~ hiResCertification: null -> []
   ~ dacChipsetFamily: null -> ["ess-sabre"]
   ~ streamingPlatformSupport: null -> []
   = networkConnection: unchanged (null)
   = driveType: unchanged (null)
   = turntableOperation: unchanged (null)
   = speedsSupported: unchanged (null)
   = phonoPreampBuiltIn: unchanged (null)
   = cartridgeIncluded: unchanged (null)
   = usbDigitalOutput: unchanged (null)
   ~ voiceAssistant: null -> []
   = multiroomSupport: unchanged (null)
   ~ bluetoothCodecs: null -> ["SBC","AAC","aptX","aptX HD","aptX LL","LDAC"]
   = finishColor: unchanged (null)
   ~ rackMountable19: null -> false
   = countryOfManufacture: unchanged (null)
   ~ price: 70900 -> {"min":709,"max":709,"currency":"USD"}
   💾 backed up prior filterAttributes -> /home/jan/work/sanglogium/sanity-cms/backups/backup_headphones_xMEqvkRBbdrlJXyFG8hoYl_2026-09-14T10-50-45-051Z.json
   ✅ patched. rev: 7P2D00ai8KUgrZgiFcwtMT

🎧 PATCH (WRITE) — xDuoo xDuoo TA-32 High-performance DAC & Balanced Tube Class-A Headphone Amplifier (GPjMdcfFWZVrKyR2PB7GdO)

   Field diff (filterAttributes.*):
   = customerRating: unchanged (null)
   = awards: unchanged (null)
   = condition: unchanged (null)
   ~ inStock: true -> null
   = dealsDiscount: unchanged (null)
   = newArrival: unchanged (null)
   ~ deviceType: "dac-amp-combo" -> "dac"
   ~ deviceConnectivity: null -> "wired-wireless"
   = formFactor: unchanged ("desktop")
   ~ amplification: "tube" -> null
   = dacIncluded: unchanged (true)
   ~ balancedOutput: false -> true
   = powerOutputPerChannelW: unchanged (null)
   = channelCount: unchanged (null)
   = phonoStageBuiltIn: unchanged (null)
   = trigger12v: unchanged (null)
   = remoteControlIncluded: unchanged (null)
   ~ inputs: ["usb"] -> ["usb","coaxial","optical","aes-ebu","bluetooth","rca","xlr-balanced"]
   ~ outputs: ["4.4mm"] -> null
   ~ maxSampleRateBitDepth: null -> "32-bit/768kHz"
   ~ dsdSupport: null -> "dsd256-plus"
   ~ hiResCertification: null -> ["mqa"]
   = dacChipsetFamily: unchanged (null)
   ~ streamingPlatformSupport: null -> []
   = networkConnection: unchanged (null)
   = driveType: unchanged (null)
   = turntableOperation: unchanged (null)
   = speedsSupported: unchanged (null)
   = phonoPreampBuiltIn: unchanged (null)
   = cartridgeIncluded: unchanged (null)
   = usbDigitalOutput: unchanged (null)
   ~ voiceAssistant: null -> []
   = multiroomSupport: unchanged (null)
   ~ bluetoothCodecs: null -> ["SBC","AAC","aptX","aptX HD","aptX LL","LDAC"]
   = finishColor: unchanged (null)
   ~ rackMountable19: null -> false
   = countryOfManufacture: unchanged (null)
   ~ price: 99900 -> {"min":999,"max":999,"currency":"USD"}
   💾 backed up prior filterAttributes -> /home/jan/work/sanglogium/sanity-cms/backups/backup_headphones_GPjMdcfFWZVrKyR2PB7GdO_2026-09-14T10-50-46-083Z.json
   ✅ patched. rev: Ch755lAE5GLsZ435CxblGk

🎧 PATCH (WRITE) — xDuoo xDuoo TA-66 OTL Tube Amplifier (GPjMdcfFWZVrKyR2PB7D0Y)

   Field diff (filterAttributes.*):
   = customerRating: unchanged (null)
   = awards: unchanged (null)
   = condition: unchanged (null)
   ~ inStock: true -> null
   = dealsDiscount: unchanged (null)
   = newArrival: unchanged (null)
   ~ deviceType: "headphone-amp" -> null
   ~ deviceConnectivity: null -> "wired"
   = formFactor: unchanged ("desktop")
   ~ amplification: "tube" -> null
   = dacIncluded: unchanged (false)
   = balancedOutput: unchanged (false)
   = powerOutputPerChannelW: unchanged (null)
   = channelCount: unchanged (null)
   = phonoStageBuiltIn: unchanged (null)
   = trigger12v: unchanged (null)
   = remoteControlIncluded: unchanged (null)
   ~ inputs: ["usb"] -> null
   ~ outputs: ["4.4mm"] -> null
   = maxSampleRateBitDepth: unchanged (null)
   = dsdSupport: unchanged (null)
   = hiResCertification: unchanged (null)
   = dacChipsetFamily: unchanged (null)
   = streamingPlatformSupport: unchanged (null)
   = networkConnection: unchanged (null)
   = driveType: unchanged (null)
   = turntableOperation: unchanged (null)
   = speedsSupported: unchanged (null)
   = phonoPreampBuiltIn: unchanged (null)
   = cartridgeIncluded: unchanged (null)
   = usbDigitalOutput: unchanged (null)
   = voiceAssistant: unchanged (null)
   = multiroomSupport: unchanged (null)
   = bluetoothCodecs: unchanged (null)
   = finishColor: unchanged (null)
   ~ rackMountable19: null -> false
   = countryOfManufacture: unchanged (null)
   ~ price: 24900 -> {"min":249,"max":249,"currency":"USD"}
   💾 backed up prior filterAttributes -> /home/jan/work/sanglogium/sanity-cms/backups/backup_headphones_GPjMdcfFWZVrKyR2PB7D0Y_2026-09-14T10-50-47-092Z.json
   ✅ patched. rev: MzerujO1CrL1dzm03eQGXV

🎧 PATCH (WRITE) — xDuoo xDuoo XA-10 DAC/Headphone Amp (xMEqvkRBbdrlJXyFG8gbWv)

   Field diff (filterAttributes.*):
   = customerRating: unchanged (null)
   = awards: unchanged (null)
   = condition: unchanged (null)
   ~ inStock: true -> null
   = dealsDiscount: unchanged (null)
   = newArrival: unchanged (null)
   = deviceType: unchanged ("dac")
   ~ deviceConnectivity: null -> "wired-wireless"
   = formFactor: unchanged ("desktop")
   ~ amplification: "solid-state" -> null
   = dacIncluded: unchanged (true)
   ~ balancedOutput: false -> true
   = powerOutputPerChannelW: unchanged (null)
   = channelCount: unchanged (null)
   = phonoStageBuiltIn: unchanged (null)
   = trigger12v: unchanged (null)
   = remoteControlIncluded: unchanged (null)
   ~ inputs: ["usb"] -> ["usb","optical","coaxial","bluetooth"]
   ~ outputs: ["4.4mm"] -> null
   ~ maxSampleRateBitDepth: null -> "32-bit/768kHz"
   ~ dsdSupport: null -> "dsd256-plus"
   ~ hiResCertification: null -> ["mqa"]
   ~ dacChipsetFamily: null -> ["akm"]
   ~ streamingPlatformSupport: null -> []
   = networkConnection: unchanged (null)
   = driveType: unchanged (null)
   = turntableOperation: unchanged (null)
   = speedsSupported: unchanged (null)
   = phonoPreampBuiltIn: unchanged (null)
   = cartridgeIncluded: unchanged (null)
   = usbDigitalOutput: unchanged (null)
   ~ voiceAssistant: null -> []
   = multiroomSupport: unchanged (null)
   ~ bluetoothCodecs: null -> ["SBC","AAC","aptX","aptX HD","aptX LL","LDAC"]
   = finishColor: unchanged (null)
   ~ rackMountable19: null -> false
   = countryOfManufacture: unchanged (null)
   ~ price: 47900 -> {"min":479,"max":479,"currency":"USD"}
   💾 backed up prior filterAttributes -> /home/jan/work/sanglogium/sanity-cms/backups/backup_headphones_xMEqvkRBbdrlJXyFG8gbWv_2026-09-14T10-50-48-115Z.json
   ✅ patched. rev: Ch755lAE5GLsZ435CxblOO

🎧 PATCH (WRITE) — xDuoo xDuoo XD-05 BAL Balanced DAC/Amp (DZc43yHr6ydfgE7zB46Kfr)

   Field diff (filterAttributes.*):
   = customerRating: unchanged (null)
   = awards: unchanged (null)
   = condition: unchanged (null)
   ~ inStock: true -> null
   = dealsDiscount: unchanged (null)
   = newArrival: unchanged (null)
   ~ deviceType: "dac-amp-combo" -> "dac"
   ~ deviceConnectivity: null -> "wired-wireless"
   ~ formFactor: "desktop" -> "portable"
   ~ amplification: "solid-state" -> null
   = dacIncluded: unchanged (true)
   = balancedOutput: unchanged (true)
   = powerOutputPerChannelW: unchanged (null)
   = channelCount: unchanged (null)
   = phonoStageBuiltIn: unchanged (null)
   = trigger12v: unchanged (null)
   = remoteControlIncluded: unchanged (null)
   ~ inputs: ["usb","optical","coaxial"] -> ["rca","usb","optical","coaxial","aes-ebu"]
   ~ outputs: ["4.4mm"] -> null
   ~ maxSampleRateBitDepth: null -> "32-bit/768kHz"
   ~ dsdSupport: null -> "dsd256-plus"
   ~ hiResCertification: null -> []
   ~ dacChipsetFamily: null -> ["ess-sabre"]
   ~ streamingPlatformSupport: null -> []
   = networkConnection: unchanged (null)
   = driveType: unchanged (null)
   = turntableOperation: unchanged (null)
   = speedsSupported: unchanged (null)
   = phonoPreampBuiltIn: unchanged (null)
   = cartridgeIncluded: unchanged (null)
   = usbDigitalOutput: unchanged (null)
   ~ voiceAssistant: null -> []
   = multiroomSupport: unchanged (null)
   ~ bluetoothCodecs: null -> ["SBC","AAC","aptX","aptX HD","aptX LL","LDAC"]
   = finishColor: unchanged (null)
   ~ rackMountable19: null -> false
   = countryOfManufacture: unchanged (null)
   ~ price: 42900 -> {"min":429,"max":429,"currency":"USD"}
   💾 backed up prior filterAttributes -> /home/jan/work/sanglogium/sanity-cms/backups/backup_headphones_DZc43yHr6ydfgE7zB46Kfr_2026-09-14T10-50-49-114Z.json
   ✅ patched. rev: 7P2D00ai8KUgrZgiFcwtjr

🎧 PATCH (WRITE) — xDuoo xDuoo XD05 Pro (XD05Pro) Hard Nucleus Modular DAC/Amp (GPjMdcfFWZVrKyR2PB6DOw)

   Field diff (filterAttributes.*):
   = customerRating: unchanged (null)
   = awards: unchanged (null)
   = condition: unchanged (null)
   ~ inStock: true -> null
   = dealsDiscount: unchanged (null)
   = newArrival: unchanged (null)
   ~ deviceType: "dac-amp-combo" -> "dac"
   ~ deviceConnectivity: null -> "wired-wireless"
   ~ formFactor: "desktop" -> "portable"
   ~ amplification: "solid-state" -> null
   = dacIncluded: unchanged (true)
   ~ balancedOutput: false -> true
   = powerOutputPerChannelW: unchanged (null)
   = channelCount: unchanged (null)
   = phonoStageBuiltIn: unchanged (null)
   = trigger12v: unchanged (null)
   = remoteControlIncluded: unchanged (null)
   ~ inputs: ["usb"] -> ["usb","optical","coaxial","aes-ebu","bluetooth"]
   ~ outputs: ["4.4mm"] -> null
   ~ maxSampleRateBitDepth: null -> "32-bit/768kHz"
   ~ dsdSupport: null -> "dsd256-plus"
   ~ hiResCertification: null -> []
   ~ dacChipsetFamily: null -> ["ess-sabre"]
   ~ streamingPlatformSupport: null -> []
   = networkConnection: unchanged (null)
   = driveType: unchanged (null)
   = turntableOperation: unchanged (null)
   = speedsSupported: unchanged (null)
   = phonoPreampBuiltIn: unchanged (null)
   = cartridgeIncluded: unchanged (null)
   = usbDigitalOutput: unchanged (null)
   ~ voiceAssistant: null -> []
   = multiroomSupport: unchanged (null)
   ~ bluetoothCodecs: null -> ["SBC","AAC","aptX","aptX HD","aptX LL","LDAC"]
   = finishColor: unchanged (null)
   ~ rackMountable19: null -> false
   = countryOfManufacture: unchanged (null)
   ~ price: 79900 -> {"min":799,"max":799,"currency":"USD"}
   💾 backed up prior filterAttributes -> /home/jan/work/sanglogium/sanity-cms/backups/backup_headphones_GPjMdcfFWZVrKyR2PB6DOw_2026-09-14T10-50-50-146Z.json
   ✅ patched. rev: Ch755lAE5GLsZ435CxblZr

🎧 PATCH (WRITE) — Topping Topping A50 III Headphone Amplifier (n10eAegrGspodtsQvy4P4a)

   Field diff (filterAttributes.*):
   ~ deviceType: "headphone-amp" -> null
   ~ deviceConnectivity: null -> "wired"
   ~ amplification: "solid-state" -> null
   = powerOutputPerChannelW: unchanged (null)
   = channelCount: unchanged (null)
   ~ inputs: ["usb"] -> null
   ~ outputs: ["4.4mm"] -> null
   = phonoStageBuiltIn: unchanged (null)
   = trigger12v: unchanged (null)
   = remoteControlIncluded: unchanged (null)
   = maxSampleRateBitDepth: unchanged (null)
   = dsdSupport: unchanged (null)
   = hiResCertification: unchanged (null)
   = dacChipsetFamily: unchanged (null)
   = streamingPlatformSupport: unchanged (null)
   = networkConnection: unchanged (null)
   = driveType: unchanged (null)
   = turntableOperation: unchanged (null)
   = speedsSupported: unchanged (null)
   = phonoPreampBuiltIn: unchanged (null)
   = cartridgeIncluded: unchanged (null)
   = usbDigitalOutput: unchanged (null)
   = bluetoothCodecs: unchanged (null)
   = voiceAssistant: unchanged (null)
   = multiroomSupport: unchanged (null)
   ~ finishColor: null -> ["Black","Silver"]
   ~ rackMountable19: null -> false
   = countryOfManufacture: unchanged (null)
   ~ awards: null -> []
   💾 backed up prior filterAttributes -> /home/jan/work/sanglogium/sanity-cms/backups/backup_headphones_n10eAegrGspodtsQvy4P4a_2026-09-14T10-50-51-168Z.json
   ✅ patched. rev: MzerujO1CrL1dzm03eQHBr

🎧 PATCH (WRITE) — Topping TOPPING A70 Pro Fully Balanced Headphone Amplifier (DZc43yHr6ydfgE7zB42mdu)

   Field diff (filterAttributes.*):
   ~ deviceType: "headphone-amp" -> null
   ~ deviceConnectivity: null -> "wired"
   ~ amplification: "solid-state" -> null
   = powerOutputPerChannelW: unchanged (null)
   = channelCount: unchanged (null)
   ~ inputs: ["usb"] -> null
   ~ outputs: ["4.4mm"] -> null
   = phonoStageBuiltIn: unchanged (null)
   = trigger12v: unchanged (null)
   = remoteControlIncluded: unchanged (null)
   = maxSampleRateBitDepth: unchanged (null)
   = dsdSupport: unchanged (null)
   = hiResCertification: unchanged (null)
   = dacChipsetFamily: unchanged (null)
   = streamingPlatformSupport: unchanged (null)
   = networkConnection: unchanged (null)
   = driveType: unchanged (null)
   = turntableOperation: unchanged (null)
   = speedsSupported: unchanged (null)
   = phonoPreampBuiltIn: unchanged (null)
   = cartridgeIncluded: unchanged (null)
   = usbDigitalOutput: unchanged (null)
   = bluetoothCodecs: unchanged (null)
   = voiceAssistant: unchanged (null)
   = multiroomSupport: unchanged (null)
   ~ finishColor: null -> ["Black","Silver"]
   ~ rackMountable19: null -> false
   = countryOfManufacture: unchanged (null)
   ~ awards: null -> []
   💾 backed up prior filterAttributes -> /home/jan/work/sanglogium/sanity-cms/backups/backup_headphones_DZc43yHr6ydfgE7zB42mdu_2026-09-14T10-50-52-190Z.json
   ✅ patched. rev: 7P2D00ai8KUgrZgiFcwu4u

🎧 PATCH (WRITE) — Topping Topping A70 Pro Headphone Amplifier (n10eAegrGspodtsQvy4Z6W)

   Field diff (filterAttributes.*):
   ~ deviceType: "headphone-amp" -> null
   ~ deviceConnectivity: null -> "wired"
   ~ amplification: "solid-state" -> null
   = powerOutputPerChannelW: unchanged (null)
   = channelCount: unchanged (null)
   ~ inputs: ["usb"] -> null
   ~ outputs: ["4.4mm"] -> null
   = phonoStageBuiltIn: unchanged (null)
   = trigger12v: unchanged (null)
   = remoteControlIncluded: unchanged (null)
   = maxSampleRateBitDepth: unchanged (null)
   = dsdSupport: unchanged (null)
   = hiResCertification: unchanged (null)
   = dacChipsetFamily: unchanged (null)
   = streamingPlatformSupport: unchanged (null)
   = networkConnection: unchanged (null)
   = driveType: unchanged (null)
   = turntableOperation: unchanged (null)
   = speedsSupported: unchanged (null)
   = phonoPreampBuiltIn: unchanged (null)
   = cartridgeIncluded: unchanged (null)
   = usbDigitalOutput: unchanged (null)
   = bluetoothCodecs: unchanged (null)
   = voiceAssistant: unchanged (null)
   = multiroomSupport: unchanged (null)
   ~ finishColor: null -> ["Black","Silver"]
   ~ rackMountable19: null -> false
   = countryOfManufacture: unchanged (null)
   ~ awards: null -> []
   💾 backed up prior filterAttributes -> /home/jan/work/sanglogium/sanity-cms/backups/backup_headphones_n10eAegrGspodtsQvy4Z6W_2026-09-14T10-50-53-183Z.json
   ✅ patched. rev: Ch755lAE5GLsZ435CxblgE

🎧 PATCH (WRITE) — Topping TOPPING A90 Discrete Headphone Amp (GPjMdcfFWZVrKyR2PB71sA)

   Field diff (filterAttributes.*):
   ~ deviceType: "headphone-amp" -> null
   ~ deviceConnectivity: null -> "wired"
   ~ amplification: "solid-state" -> null
   = powerOutputPerChannelW: unchanged (null)
   = channelCount: unchanged (null)
   ~ inputs: ["usb"] -> null
   ~ outputs: ["4.4mm"] -> null
   = phonoStageBuiltIn: unchanged (null)
   = trigger12v: unchanged (null)
   = remoteControlIncluded: unchanged (null)
   = maxSampleRateBitDepth: unchanged (null)
   = dsdSupport: unchanged (null)
   = hiResCertification: unchanged (null)
   = dacChipsetFamily: unchanged (null)
   = streamingPlatformSupport: unchanged (null)
   = networkConnection: unchanged (null)
   = driveType: unchanged (null)
   = turntableOperation: unchanged (null)
   = speedsSupported: unchanged (null)
   = phonoPreampBuiltIn: unchanged (null)
   = cartridgeIncluded: unchanged (null)
   = usbDigitalOutput: unchanged (null)
   = bluetoothCodecs: unchanged (null)
   = voiceAssistant: unchanged (null)
   = multiroomSupport: unchanged (null)
   ~ finishColor: null -> ["Black","Silver"]
   ~ rackMountable19: null -> false
   = countryOfManufacture: unchanged (null)
   ~ awards: null -> []
   💾 backed up prior filterAttributes -> /home/jan/work/sanglogium/sanity-cms/backups/backup_headphones_GPjMdcfFWZVrKyR2PB71sA_2026-09-14T10-50-54-203Z.json
   ✅ patched. rev: 7P2D00ai8KUgrZgiFcwuBv

🎧 PATCH (WRITE) — Topping TOPPING D10s DAC (Digital-to-Analog Converter) (xMEqvkRBbdrlJXyFG8fdhP)

   Field diff (filterAttributes.*):
   = deviceType: unchanged ("dac")
   ~ deviceConnectivity: null -> "wired"
   ~ amplification: "solid-state" -> null
   = powerOutputPerChannelW: unchanged (null)
   = channelCount: unchanged (null)
   ~ inputs: ["usb"] -> ["usb","optical","coaxial"]
   ~ outputs: ["4.4mm"] -> null
   = phonoStageBuiltIn: unchanged (null)
   = trigger12v: unchanged (null)
   = remoteControlIncluded: unchanged (null)
   ~ maxSampleRateBitDepth: null -> "32-bit / 384 kHz"
   ~ dsdSupport: null -> "dsd256-plus"
   ~ hiResCertification: null -> ["hi-res-audio"]
   ~ dacChipsetFamily: null -> ["ess-sabre"]
   = streamingPlatformSupport: unchanged (null)
   = networkConnection: unchanged (null)
   = driveType: unchanged (null)
   = turntableOperation: unchanged (null)
   = speedsSupported: unchanged (null)
   = phonoPreampBuiltIn: unchanged (null)
   = cartridgeIncluded: unchanged (null)
   = usbDigitalOutput: unchanged (null)
   = bluetoothCodecs: unchanged (null)
   = voiceAssistant: unchanged (null)
   = multiroomSupport: unchanged (null)
   ~ finishColor: null -> ["Black","Silver"]
   ~ rackMountable19: null -> false
   = countryOfManufacture: unchanged (null)
   ~ awards: null -> []
   💾 backed up prior filterAttributes -> /home/jan/work/sanglogium/sanity-cms/backups/backup_headphones_xMEqvkRBbdrlJXyFG8fdhP_2026-09-14T10-50-55-228Z.json
   ✅ patched. rev: MzerujO1CrL1dzm03eQHhF

🎧 PATCH (WRITE) — Topping Topping D50 III DAC (MrEMtYwMtrFDGWmRnN8n4N)

   Field diff (filterAttributes.*):
   = deviceType: unchanged ("dac")
   ~ deviceConnectivity: null -> "wired-wireless"
   ~ amplification: "solid-state" -> null
   = powerOutputPerChannelW: unchanged (null)
   = channelCount: unchanged (null)
   ~ inputs: ["usb"] -> ["usb","optical","coaxial","bluetooth"]
   ~ outputs: ["4.4mm"] -> null
   = phonoStageBuiltIn: unchanged (null)
   = trigger12v: unchanged (null)
   = remoteControlIncluded: unchanged (null)
   ~ maxSampleRateBitDepth: null -> "32-bit / 768 kHz"
   ~ dsdSupport: null -> "dsd256-plus"
   ~ hiResCertification: null -> ["hi-res-audio"]
   ~ dacChipsetFamily: null -> ["ess-sabre"]
   = streamingPlatformSupport: unchanged (null)
   = networkConnection: unchanged (null)
   = driveType: unchanged (null)
   = turntableOperation: unchanged (null)
   = speedsSupported: unchanged (null)
   = phonoPreampBuiltIn: unchanged (null)
   = cartridgeIncluded: unchanged (null)
   = usbDigitalOutput: unchanged (null)
   ~ bluetoothCodecs: null -> ["LDAC","aptX HD","aptX Adaptive","aptX","AAC","SBC"]
   = voiceAssistant: unchanged (null)
   = multiroomSupport: unchanged (null)
   ~ finishColor: null -> ["Black","Silver"]
   ~ rackMountable19: null -> false
   = countryOfManufacture: unchanged (null)
   ~ awards: null -> []
   💾 backed up prior filterAttributes -> /home/jan/work/sanglogium/sanity-cms/backups/backup_headphones_MrEMtYwMtrFDGWmRnN8n4N_2026-09-14T10-50-56-291Z.json
   ✅ patched. rev: Ch755lAE5GLsZ435Cxblmb

🎧 PATCH (WRITE) — Topping Topping D70 Pro DAC (PHPYj28HJdPDHAaIBAGWYs)

   Field diff (filterAttributes.*):
   = deviceType: unchanged ("dac")
   ~ deviceConnectivity: null -> "wired-wireless"
   ~ amplification: "solid-state" -> null
   = powerOutputPerChannelW: unchanged (null)
   = channelCount: unchanged (null)
   ~ inputs: ["usb"] -> ["usb","optical","coaxial","bluetooth","aes-ebu"]
   ~ outputs: ["4.4mm"] -> null
   = phonoStageBuiltIn: unchanged (null)
   = trigger12v: unchanged (null)
   = remoteControlIncluded: unchanged (null)
   ~ maxSampleRateBitDepth: null -> "32-bit / 768 kHz"
   ~ dsdSupport: null -> "dsd256-plus"
   ~ hiResCertification: null -> ["hi-res-audio"]
   ~ dacChipsetFamily: null -> ["ess-sabre"]
   = streamingPlatformSupport: unchanged (null)
   = networkConnection: unchanged (null)
   = driveType: unchanged (null)
   = turntableOperation: unchanged (null)
   = speedsSupported: unchanged (null)
   = phonoPreampBuiltIn: unchanged (null)
   = cartridgeIncluded: unchanged (null)
   = usbDigitalOutput: unchanged (null)
   ~ bluetoothCodecs: null -> ["LDAC","aptX HD","aptX Adaptive","aptX","AAC","SBC"]
   = voiceAssistant: unchanged (null)
   = multiroomSupport: unchanged (null)
   ~ finishColor: null -> ["Black","Silver"]
   ~ rackMountable19: null -> false
   = countryOfManufacture: unchanged (null)
   ~ awards: null -> []
   💾 backed up prior filterAttributes -> /home/jan/work/sanglogium/sanity-cms/backups/backup_headphones_PHPYj28HJdPDHAaIBAGWYs_2026-09-14T10-50-57-335Z.json
   ✅ patched. rev: Ch755lAE5GLsZ435Cxblrh

🎧 PATCH (WRITE) — Topping Topping DX3 Pro+ Desktop DAC & Headphone Amplifier (moXlkADK7m1DHgGwWwEgal)

   Field diff (filterAttributes.*):
   = deviceType: unchanged ("dac")
   ~ deviceConnectivity: null -> "wired-wireless"
   ~ amplification: "solid-state" -> null
   = powerOutputPerChannelW: unchanged (null)
   = channelCount: unchanged (null)
   ~ inputs: ["usb"] -> ["usb","optical","coaxial","bluetooth"]
   ~ outputs: ["4.4mm"] -> null
   = phonoStageBuiltIn: unchanged (null)
   = trigger12v: unchanged (null)
   = remoteControlIncluded: unchanged (null)
   ~ maxSampleRateBitDepth: null -> "32-bit / 768 kHz"
   ~ dsdSupport: null -> "dsd256-plus"
   ~ hiResCertification: null -> ["hi-res-audio"]
   ~ dacChipsetFamily: null -> ["ess-sabre"]
   = streamingPlatformSupport: unchanged (null)
   = networkConnection: unchanged (null)
   = driveType: unchanged (null)
   = turntableOperation: unchanged (null)
   = speedsSupported: unchanged (null)
   = phonoPreampBuiltIn: unchanged (null)
   = cartridgeIncluded: unchanged (null)
   = usbDigitalOutput: unchanged (null)
   ~ bluetoothCodecs: null -> ["LDAC","aptX HD","aptX LL","aptX","SBC","AAC"]
   = voiceAssistant: unchanged (null)
   = multiroomSupport: unchanged (null)
   ~ finishColor: null -> ["Black","Silver"]
   ~ rackMountable19: null -> false
   = countryOfManufacture: unchanged (null)
   ~ awards: null -> []
   💾 backed up prior filterAttributes -> /home/jan/work/sanglogium/sanity-cms/backups/backup_headphones_moXlkADK7m1DHgGwWwEgal_2026-09-14T10-50-58-395Z.json
   ✅ patched. rev: Ch755lAE5GLsZ435CxblvW

🎧 PATCH (WRITE) — Topping TOPPING DX3 Pro+ Bluetooth DAC/Amp (GPjMdcfFWZVrKyR2PB4QYo)

   Field diff (filterAttributes.*):
   ~ deviceType: "dac-amp-combo" -> "dac"
   ~ deviceConnectivity: null -> "wired-wireless"
   ~ amplification: "solid-state" -> null
   = powerOutputPerChannelW: unchanged (null)
   = channelCount: unchanged (null)
   ~ inputs: ["bluetooth"] -> ["usb","optical","coaxial","bluetooth"]
   ~ outputs: ["4.4mm"] -> null
   = phonoStageBuiltIn: unchanged (null)
   = trigger12v: unchanged (null)
   = remoteControlIncluded: unchanged (null)
   ~ maxSampleRateBitDepth: null -> "32-bit / 768 kHz"
   ~ dsdSupport: null -> "dsd256-plus"
   ~ hiResCertification: null -> ["hi-res-audio"]
   ~ dacChipsetFamily: null -> ["ess-sabre"]
   = streamingPlatformSupport: unchanged (null)
   = networkConnection: unchanged (null)
   = driveType: unchanged (null)
   = turntableOperation: unchanged (null)
   = speedsSupported: unchanged (null)
   = phonoPreampBuiltIn: unchanged (null)
   = cartridgeIncluded: unchanged (null)
   = usbDigitalOutput: unchanged (null)
   ~ bluetoothCodecs: null -> ["LDAC","aptX HD","aptX LL","aptX","SBC","AAC"]
   = voiceAssistant: unchanged (null)
   = multiroomSupport: unchanged (null)
   ~ finishColor: null -> ["Black","Silver"]
   ~ rackMountable19: null -> false
   = countryOfManufacture: unchanged (null)
   ~ awards: null -> []
   💾 backed up prior filterAttributes -> /home/jan/work/sanglogium/sanity-cms/backups/backup_headphones_GPjMdcfFWZVrKyR2PB4QYo_2026-09-14T10-50-59-442Z.json
   ✅ patched. rev: 7P2D00ai8KUgrZgiFcwuLH

🎧 PATCH (WRITE) — Topping Topping DX3 Pro+ Desktop DAC & Headphone Amplifier (PHPYj28HJdPDHAaIBAGqx8)

   Field diff (filterAttributes.*):
   = deviceType: unchanged ("dac")
   ~ deviceConnectivity: null -> "wired-wireless"
   ~ amplification: "solid-state" -> null
   = powerOutputPerChannelW: unchanged (null)
   = channelCount: unchanged (null)
   ~ inputs: ["usb"] -> ["usb","optical","coaxial","bluetooth"]
   ~ outputs: ["4.4mm"] -> null
   = phonoStageBuiltIn: unchanged (null)
   = trigger12v: unchanged (null)
   = remoteControlIncluded: unchanged (null)
   ~ maxSampleRateBitDepth: null -> "32-bit / 768 kHz"
   ~ dsdSupport: null -> "dsd256-plus"
   ~ hiResCertification: null -> ["hi-res-audio"]
   ~ dacChipsetFamily: null -> ["ess-sabre"]
   = streamingPlatformSupport: unchanged (null)
   = networkConnection: unchanged (null)
   = driveType: unchanged (null)
   = turntableOperation: unchanged (null)
   = speedsSupported: unchanged (null)
   = phonoPreampBuiltIn: unchanged (null)
   = cartridgeIncluded: unchanged (null)
   = usbDigitalOutput: unchanged (null)
   ~ bluetoothCodecs: null -> ["LDAC","aptX HD","aptX LL","aptX","SBC","AAC"]
   = voiceAssistant: unchanged (null)
   = multiroomSupport: unchanged (null)
   ~ finishColor: null -> ["Black","Silver"]
   ~ rackMountable19: null -> false
   = countryOfManufacture: unchanged (null)
   ~ awards: null -> []
   💾 backed up prior filterAttributes -> /home/jan/work/sanglogium/sanity-cms/backups/backup_headphones_PHPYj28HJdPDHAaIBAGqx8_2026-09-14T10-51-00-515Z.json
   ✅ patched. rev: MzerujO1CrL1dzm03eQIZ3

🎧 PATCH (WRITE) — Topping Topping DX9 DAC, Headphone Amplifier and Pre-Amp (k27n1AQuIbSr5iozG1vToN)

   Field diff (filterAttributes.*):
   ~ deviceType: "headphone-amp" -> "dac"
   ~ deviceConnectivity: null -> "wired-wireless"
   ~ amplification: "solid-state" -> null
   = powerOutputPerChannelW: unchanged (null)
   = channelCount: unchanged (null)
   ~ inputs: ["usb"] -> ["usb","optical","coaxial","bluetooth","aes-ebu","i2s-iis"]
   ~ outputs: ["4.4mm"] -> null
   = phonoStageBuiltIn: unchanged (null)
   = trigger12v: unchanged (null)
   = remoteControlIncluded: unchanged (null)
   ~ maxSampleRateBitDepth: null -> "32-bit / 768 kHz"
   ~ dsdSupport: null -> "dsd256-plus"
   ~ hiResCertification: null -> ["hi-res-audio"]
   = dacChipsetFamily: unchanged (null)
   = streamingPlatformSupport: unchanged (null)
   = networkConnection: unchanged (null)
   = driveType: unchanged (null)
   = turntableOperation: unchanged (null)
   = speedsSupported: unchanged (null)
   = phonoPreampBuiltIn: unchanged (null)
   = cartridgeIncluded: unchanged (null)
   = usbDigitalOutput: unchanged (null)
   ~ bluetoothCodecs: null -> ["LDAC","aptX HD","aptX Adaptive","aptX","AAC","SBC"]
   = voiceAssistant: unchanged (null)
   = multiroomSupport: unchanged (null)
   ~ finishColor: null -> ["Black","Silver"]
   ~ rackMountable19: null -> false
   = countryOfManufacture: unchanged (null)
   ~ awards: null -> []
   💾 backed up prior filterAttributes -> /home/jan/work/sanglogium/sanity-cms/backups/backup_headphones_k27n1AQuIbSr5iozG1vToN_2026-09-14T10-51-01-490Z.json
   ✅ patched. rev: MzerujO1CrL1dzm03eQJin

🎧 PATCH (WRITE) — Topping Topping DX9 DAC, Headphone Amplifier and Pre-Amp (MrEMtYwMtrFDGWmRnN9RG0)

   Field diff (filterAttributes.*):
   = deviceType: unchanged ("dac")
   ~ deviceConnectivity: null -> "wired-wireless"
   ~ amplification: "solid-state" -> null
   = powerOutputPerChannelW: unchanged (null)
   = channelCount: unchanged (null)
   ~ inputs: ["usb"] -> ["usb","optical","coaxial","bluetooth","aes-ebu","i2s-iis"]
   ~ outputs: ["4.4mm"] -> null
   = phonoStageBuiltIn: unchanged (null)
   = trigger12v: unchanged (null)
   = remoteControlIncluded: unchanged (null)
   ~ maxSampleRateBitDepth: null -> "32-bit / 768 kHz"
   ~ dsdSupport: null -> "dsd256-plus"
   ~ hiResCertification: null -> ["hi-res-audio"]
   = dacChipsetFamily: unchanged (null)
   = streamingPlatformSupport: unchanged (null)
   = networkConnection: unchanged (null)
   = driveType: unchanged (null)
   = turntableOperation: unchanged (null)
   = speedsSupported: unchanged (null)
   = phonoPreampBuiltIn: unchanged (null)
   = cartridgeIncluded: unchanged (null)
   = usbDigitalOutput: unchanged (null)
   ~ bluetoothCodecs: null -> ["LDAC","aptX HD","aptX Adaptive","aptX","AAC","SBC"]
   = voiceAssistant: unchanged (null)
   = multiroomSupport: unchanged (null)
   ~ finishColor: null -> ["Black","Silver"]
   ~ rackMountable19: null -> false
   = countryOfManufacture: unchanged (null)
   ~ awards: null -> []
   💾 backed up prior filterAttributes -> /home/jan/work/sanglogium/sanity-cms/backups/backup_headphones_MrEMtYwMtrFDGWmRnN9RG0_2026-09-14T10-51-02-550Z.json
   ✅ patched. rev: 7P2D00ai8KUgrZgiFcwvTR

🎧 PATCH (WRITE) — Topping Topping E50 Desktop Digital to Analog Convertor (DAC) (MrEMtYwMtrFDGWmRnN8f2p)

   Field diff (filterAttributes.*):
   = deviceType: unchanged ("dac")
   ~ deviceConnectivity: null -> "wired"
   ~ amplification: "solid-state" -> null
   = powerOutputPerChannelW: unchanged (null)
   = channelCount: unchanged (null)
   ~ inputs: ["usb"] -> ["usb","optical","coaxial"]
   ~ outputs: ["4.4mm"] -> null
   = phonoStageBuiltIn: unchanged (null)
   = trigger12v: unchanged (null)
   = remoteControlIncluded: unchanged (null)
   ~ maxSampleRateBitDepth: null -> "32-bit / 768 kHz"
   ~ dsdSupport: null -> "dsd256-plus"
   ~ hiResCertification: null -> ["mqa","hi-res-audio"]
   ~ dacChipsetFamily: null -> ["ess-sabre"]
   = streamingPlatformSupport: unchanged (null)
   = networkConnection: unchanged (null)
   = driveType: unchanged (null)
   = turntableOperation: unchanged (null)
   = speedsSupported: unchanged (null)
   = phonoPreampBuiltIn: unchanged (null)
   = cartridgeIncluded: unchanged (null)
   = usbDigitalOutput: unchanged (null)
   = bluetoothCodecs: unchanged (null)
   = voiceAssistant: unchanged (null)
   = multiroomSupport: unchanged (null)
   ~ finishColor: null -> ["Black","Silver"]
   ~ rackMountable19: null -> false
   = countryOfManufacture: unchanged (null)
   ~ awards: null -> []
   💾 backed up prior filterAttributes -> /home/jan/work/sanglogium/sanity-cms/backups/backup_headphones_MrEMtYwMtrFDGWmRnN8f2p_2026-09-14T10-51-03-597Z.json
   ✅ patched. rev: Ch755lAE5GLsZ435CxbmXk

🎧 PATCH (WRITE) — Topping TOPPING E70 VELVET AK4499EX Desktop DAC (Digital-to-Analog-Convertor) (xMEqvkRBbdrlJXyFG8ffSP)

   Field diff (filterAttributes.*):
   = deviceType: unchanged ("dac")
   ~ deviceConnectivity: null -> "wired-wireless"
   ~ amplification: "solid-state" -> null
   = powerOutputPerChannelW: unchanged (null)
   = channelCount: unchanged (null)
   ~ inputs: ["usb"] -> ["usb","optical","coaxial","bluetooth"]
   ~ outputs: ["4.4mm"] -> null
   = phonoStageBuiltIn: unchanged (null)
   = trigger12v: unchanged (null)
   = remoteControlIncluded: unchanged (null)
   ~ maxSampleRateBitDepth: null -> "32-bit / 768 kHz"
   ~ dsdSupport: null -> "dsd256-plus"
   ~ hiResCertification: null -> ["hi-res-audio"]
   ~ dacChipsetFamily: null -> ["akm"]
   = streamingPlatformSupport: unchanged (null)
   = networkConnection: unchanged (null)
   = driveType: unchanged (null)
   = turntableOperation: unchanged (null)
   = speedsSupported: unchanged (null)
   = phonoPreampBuiltIn: unchanged (null)
   = cartridgeIncluded: unchanged (null)
   = usbDigitalOutput: unchanged (null)
   ~ bluetoothCodecs: null -> ["LDAC","aptX HD","aptX Adaptive","aptX","AAC","SBC"]
   = voiceAssistant: unchanged (null)
   = multiroomSupport: unchanged (null)
   ~ finishColor: null -> ["Black","Silver"]
   ~ rackMountable19: null -> false
   = countryOfManufacture: unchanged (null)
   ~ awards: null -> []
   💾 backed up prior filterAttributes -> /home/jan/work/sanglogium/sanity-cms/backups/backup_headphones_xMEqvkRBbdrlJXyFG8ffSP_2026-09-14T10-51-05-800Z.json
   ✅ patched. rev: 7P2D00ai8KUgrZgiFcwvcn

🎧 PATCH (WRITE) — Topping Topping G5 (k27n1AQuIbSr5iozG1vTDy)

   Field diff (filterAttributes.*):
   ~ deviceType: "dac-amp-combo" -> "dac"
   ~ deviceConnectivity: null -> "wired-wireless"
   ~ amplification: "solid-state" -> null
   = powerOutputPerChannelW: unchanged (null)
   = channelCount: unchanged (null)
   ~ inputs: ["usb"] -> ["usb","bluetooth","rca"]
   ~ outputs: ["4.4mm"] -> null
   = phonoStageBuiltIn: unchanged (null)
   = trigger12v: unchanged (null)
   = remoteControlIncluded: unchanged (null)
   ~ maxSampleRateBitDepth: null -> "32-bit / 768 kHz"
   ~ dsdSupport: null -> "dsd256-plus"
   ~ hiResCertification: null -> ["hi-res-audio"]
   ~ dacChipsetFamily: null -> ["ess-sabre"]
   = streamingPlatformSupport: unchanged (null)
   = networkConnection: unchanged (null)
   = driveType: unchanged (null)
   = turntableOperation: unchanged (null)
   = speedsSupported: unchanged (null)
   = phonoPreampBuiltIn: unchanged (null)
   = cartridgeIncluded: unchanged (null)
   = usbDigitalOutput: unchanged (null)
   ~ bluetoothCodecs: null -> ["LDAC","aptX HD","aptX Adaptive","aptX","AAC","SBC"]
   = voiceAssistant: unchanged (null)
   = multiroomSupport: unchanged (null)
   ~ finishColor: null -> ["Black","Silver"]
   ~ rackMountable19: null -> false
   = countryOfManufacture: unchanged (null)
   ~ awards: null -> []
   💾 backed up prior filterAttributes -> /home/jan/work/sanglogium/sanity-cms/backups/backup_headphones_k27n1AQuIbSr5iozG1vTDy_2026-09-14T10-51-06-873Z.json
   ✅ patched. rev: Ch755lAE5GLsZ435Cxbmcq

🎧 PATCH (WRITE) — Topping Topping L30 II (n10eAegrGspodtsQvy3fgK)

   Field diff (filterAttributes.*):
   ~ deviceType: "dac-amp-combo" -> null
   ~ deviceConnectivity: null -> "wired"
   ~ amplification: "solid-state" -> null
   = powerOutputPerChannelW: unchanged (null)
   = channelCount: unchanged (null)
   ~ inputs: ["usb"] -> null
   ~ outputs: ["4.4mm"] -> null
   = phonoStageBuiltIn: unchanged (null)
   = trigger12v: unchanged (null)
   = remoteControlIncluded: unchanged (null)
   = maxSampleRateBitDepth: unchanged (null)
   = dsdSupport: unchanged (null)
   = hiResCertification: unchanged (null)
   = dacChipsetFamily: unchanged (null)
   = streamingPlatformSupport: unchanged (null)
   = networkConnection: unchanged (null)
   = driveType: unchanged (null)
   = turntableOperation: unchanged (null)
   = speedsSupported: unchanged (null)
   = phonoPreampBuiltIn: unchanged (null)
   = cartridgeIncluded: unchanged (null)
   = usbDigitalOutput: unchanged (null)
   = bluetoothCodecs: unchanged (null)
   = voiceAssistant: unchanged (null)
   = multiroomSupport: unchanged (null)
   ~ finishColor: null -> ["Black","Silver"]
   ~ rackMountable19: null -> false
   = countryOfManufacture: unchanged (null)
   ~ awards: null -> []
   💾 backed up prior filterAttributes -> /home/jan/work/sanglogium/sanity-cms/backups/backup_headphones_n10eAegrGspodtsQvy3fgK_2026-09-14T10-51-07-891Z.json
   ✅ patched. rev: 7P2D00ai8KUgrZgiFcwvoU

🎧 PATCH (WRITE) — Topping Topping L50 Desktop Headphone Amplifier - Open Box (moXlkADK7m1DHgGwWwEdEz)

   Field diff (filterAttributes.*):
   ~ deviceType: "headphone-amp" -> null
   ~ deviceConnectivity: null -> "wired"
   ~ amplification: "solid-state" -> null
   = powerOutputPerChannelW: unchanged (null)
   = channelCount: unchanged (null)
   ~ inputs: ["usb"] -> null
   ~ outputs: ["4.4mm"] -> null
   = phonoStageBuiltIn: unchanged (null)
   = trigger12v: unchanged (null)
   = remoteControlIncluded: unchanged (null)
   = maxSampleRateBitDepth: unchanged (null)
   = dsdSupport: unchanged (null)
   = hiResCertification: unchanged (null)
   = dacChipsetFamily: unchanged (null)
   = streamingPlatformSupport: unchanged (null)
   = networkConnection: unchanged (null)
   = driveType: unchanged (null)
   = turntableOperation: unchanged (null)
   = speedsSupported: unchanged (null)
   = phonoPreampBuiltIn: unchanged (null)
   = cartridgeIncluded: unchanged (null)
   = usbDigitalOutput: unchanged (null)
   = bluetoothCodecs: unchanged (null)
   = voiceAssistant: unchanged (null)
   = multiroomSupport: unchanged (null)
   ~ finishColor: null -> ["Black","Silver"]
   ~ rackMountable19: null -> false
   = countryOfManufacture: unchanged (null)
   ~ awards: null -> []
   💾 backed up prior filterAttributes -> /home/jan/work/sanglogium/sanity-cms/backups/backup_headphones_moXlkADK7m1DHgGwWwEdEz_2026-09-14T10-51-08-919Z.json
   ✅ patched. rev: Ch755lAE5GLsZ435CxbmkU

🎧 PATCH (WRITE) — Topping TOPPING L50 Headphone Amp (DZc43yHr6ydfgE7zB42o6O)

   Field diff (filterAttributes.*):
   ~ deviceType: "headphone-amp" -> null
   ~ deviceConnectivity: null -> "wired"
   ~ amplification: "solid-state" -> null
   = powerOutputPerChannelW: unchanged (null)
   = channelCount: unchanged (null)
   ~ inputs: ["usb"] -> null
   ~ outputs: ["4.4mm"] -> null
   = phonoStageBuiltIn: unchanged (null)
   = trigger12v: unchanged (null)
   = remoteControlIncluded: unchanged (null)
   = maxSampleRateBitDepth: unchanged (null)
   = dsdSupport: unchanged (null)
   = hiResCertification: unchanged (null)
   = dacChipsetFamily: unchanged (null)
   = streamingPlatformSupport: unchanged (null)
   = networkConnection: unchanged (null)
   = driveType: unchanged (null)
   = turntableOperation: unchanged (null)
   = speedsSupported: unchanged (null)
   = phonoPreampBuiltIn: unchanged (null)
   = cartridgeIncluded: unchanged (null)
   = usbDigitalOutput: unchanged (null)
   = bluetoothCodecs: unchanged (null)
   = voiceAssistant: unchanged (null)
   = multiroomSupport: unchanged (null)
   ~ finishColor: null -> ["Black","Silver"]
   ~ rackMountable19: null -> false
   = countryOfManufacture: unchanged (null)
   ~ awards: null -> []
   💾 backed up prior filterAttributes -> /home/jan/work/sanglogium/sanity-cms/backups/backup_headphones_DZc43yHr6ydfgE7zB42o6O_2026-09-14T10-51-09-935Z.json
   ✅ patched. rev: 7P2D00ai8KUgrZgiFcwvxq

🎧 PATCH (WRITE) — Hifiman Hifiman EF400 Headphone Amplifier and DAC (moXlkADK7m1DHgGwWwESUS)

   Field diff (filterAttributes.*):
   ~ price: 39900 -> {"min":399,"max":399,"currency":"USD"}
   ~ customerRating: null -> 4.1
   ~ awards: null -> ["2022 VGP Gold Technology Award (Japan)"]
   ~ condition: null -> "new"
   = inStock: unchanged (true)
   ~ dealsDiscount: null -> "sale"
   = newArrival: unchanged (null)
   = deviceType: unchanged ("dac")
   ~ deviceConnectivity: null -> "wired"
   = formFactor: unchanged ("desktop")
   ~ amplification: "solid-state" -> null
   = dacIncluded: unchanged (true)
   ~ balancedOutput: false -> true
   = powerOutputPerChannelW: unchanged (null)
   = channelCount: unchanged (null)
   = phonoStageBuiltIn: unchanged (null)
   = trigger12v: unchanged (null)
   = remoteControlIncluded: unchanged (null)
   = inputs: unchanged (["usb"])
   ~ outputs: ["4.4mm"] -> null
   = maxSampleRateBitDepth: unchanged (null)
   = dsdSupport: unchanged (null)
   ~ hiResCertification: null -> []
   ~ dacChipsetFamily: null -> ["r2r-ladder"]
   ~ streamingPlatformSupport: null -> []
   ~ networkConnection: null -> []
   = driveType: unchanged (null)
   = turntableOperation: unchanged (null)
   = speedsSupported: unchanged (null)
   = phonoPreampBuiltIn: unchanged (null)
   = cartridgeIncluded: unchanged (null)
   = usbDigitalOutput: unchanged (null)
   = voiceAssistant: unchanged (null)
   = multiroomSupport: unchanged (null)
   = bluetoothCodecs: unchanged (null)
   = finishColor: unchanged (null)
   ~ rackMountable19: null -> false
   = countryOfManufacture: unchanged (null)
   💾 backed up prior filterAttributes -> /home/jan/work/sanglogium/sanity-cms/backups/backup_headphones_moXlkADK7m1DHgGwWwESUS_2026-09-14T10-51-10-957Z.json
   ✅ patched. rev: 7P2D00ai8KUgrZgiFcww4r

🎧 PATCH (WRITE) — Hifiman Hifiman EF499 Desktop DAC and Headphone Amplifier (MrEMtYwMtrFDGWmRnRIFQs)

   Field diff (filterAttributes.*):
   ~ price: 29900 -> {"min":299,"max":299,"currency":"USD"}
   = customerRating: unchanged (null)
   ~ awards: null -> []
   ~ condition: null -> "new"
   = inStock: unchanged (true)
   ~ dealsDiscount: null -> "none"
   = newArrival: unchanged (null)
   = deviceType: unchanged ("dac")
   ~ deviceConnectivity: null -> "wifi-networked"
   = formFactor: unchanged ("desktop")
   ~ amplification: "solid-state" -> null
   = dacIncluded: unchanged (true)
   ~ balancedOutput: false -> true
   = powerOutputPerChannelW: unchanged (null)
   = channelCount: unchanged (null)
   = phonoStageBuiltIn: unchanged (null)
   = trigger12v: unchanged (null)
   = remoteControlIncluded: unchanged (null)
   ~ inputs: ["usb"] -> ["usb","coaxial","ethernet-lan"]
   ~ outputs: ["4.4mm"] -> null
   ~ maxSampleRateBitDepth: null -> "24-bit/192kHz"
   ~ dsdSupport: null -> "dsd64"
   ~ hiResCertification: null -> []
   ~ dacChipsetFamily: null -> ["r2r-ladder"]
   ~ streamingPlatformSupport: null -> ["tidal-connect","dlna"]
   ~ networkConnection: null -> ["ethernet"]
   = driveType: unchanged (null)
   = turntableOperation: unchanged (null)
   = speedsSupported: unchanged (null)
   = phonoPreampBuiltIn: unchanged (null)
   = cartridgeIncluded: unchanged (null)
   = usbDigitalOutput: unchanged (null)
   = voiceAssistant: unchanged (null)
   ~ multiroomSupport: null -> false
   = bluetoothCodecs: unchanged (null)
   ~ finishColor: null -> ["Black"]
   ~ rackMountable19: null -> false
   = countryOfManufacture: unchanged (null)
   💾 backed up prior filterAttributes -> /home/jan/work/sanglogium/sanity-cms/backups/backup_headphones_MrEMtYwMtrFDGWmRnRIFQs_2026-09-14T10-51-11-990Z.json
   ✅ patched. rev: MzerujO1CrL1dzm03eQLSP

🎧 PATCH (WRITE) — Hifiman HIFIMAN EF600 Desktop R2R DAC/Amp (DZc43yHr6ydfgE7zB41lXz)

   Field diff (filterAttributes.*):
   ~ price: 64900 -> {"min":649,"max":649,"currency":"USD"}
   = customerRating: unchanged (null)
   ~ awards: null -> []
   ~ condition: null -> "new"
   = inStock: unchanged (true)
   ~ dealsDiscount: null -> "sale"
   = newArrival: unchanged (null)
   ~ deviceType: "dac-amp-combo" -> "dac"
   ~ deviceConnectivity: null -> "wired-wireless"
   = formFactor: unchanged ("desktop")
   ~ amplification: "solid-state" -> null
   = dacIncluded: unchanged (true)
   ~ balancedOutput: false -> true
   = powerOutputPerChannelW: unchanged (null)
   = channelCount: unchanged (null)
   = phonoStageBuiltIn: unchanged (null)
   = trigger12v: unchanged (null)
   = remoteControlIncluded: unchanged (null)
   ~ inputs: ["usb"] -> ["usb","coaxial","rca","xlr-balanced","bluetooth"]
   ~ outputs: ["4.4mm"] -> null
   = maxSampleRateBitDepth: unchanged (null)
   = dsdSupport: unchanged (null)
   ~ hiResCertification: null -> []
   ~ dacChipsetFamily: null -> ["r2r-ladder"]
   ~ streamingPlatformSupport: null -> []
   ~ networkConnection: null -> []
   = driveType: unchanged (null)
   = turntableOperation: unchanged (null)
   = speedsSupported: unchanged (null)
   = phonoPreampBuiltIn: unchanged (null)
   = cartridgeIncluded: unchanged (null)
   = usbDigitalOutput: unchanged (null)
   = voiceAssistant: unchanged (null)
   ~ multiroomSupport: null -> false
   ~ bluetoothCodecs: null -> ["sbc","aac","aptx","aptx-hd","ldac"]
   = finishColor: unchanged (null)
   ~ rackMountable19: null -> false
   = countryOfManufacture: unchanged (null)
   💾 backed up prior filterAttributes -> /home/jan/work/sanglogium/sanity-cms/backups/backup_headphones_DZc43yHr6ydfgE7zB41lXz_2026-09-14T10-51-13-036Z.json
   ✅ patched. rev: 7P2D00ai8KUgrZgiFcwwIt

🎧 PATCH (WRITE) — Hifiman Hifiman EF600 Headphone Amplifier and DAC (MrEMtYwMtrFDGWmRnRIIom)

   Field diff (filterAttributes.*):
   ~ price: 64900 -> {"min":649,"max":649,"currency":"USD"}
   = customerRating: unchanged (null)
   ~ awards: null -> []
   ~ condition: null -> "new"
   = inStock: unchanged (true)
   ~ dealsDiscount: null -> "sale"
   = newArrival: unchanged (null)
   = deviceType: unchanged ("dac")
   ~ deviceConnectivity: null -> "wired-wireless"
   = formFactor: unchanged ("desktop")
   ~ amplification: "solid-state" -> null
   = dacIncluded: unchanged (true)
   ~ balancedOutput: false -> true
   = powerOutputPerChannelW: unchanged (null)
   = channelCount: unchanged (null)
   = phonoStageBuiltIn: unchanged (null)
   = trigger12v: unchanged (null)
   = remoteControlIncluded: unchanged (null)
   ~ inputs: ["usb"] -> ["usb","coaxial","rca","xlr-balanced","bluetooth"]
   ~ outputs: ["4.4mm"] -> null
   = maxSampleRateBitDepth: unchanged (null)
   = dsdSupport: unchanged (null)
   ~ hiResCertification: null -> []
   ~ dacChipsetFamily: null -> ["r2r-ladder"]
   ~ streamingPlatformSupport: null -> []
   ~ networkConnection: null -> []
   = driveType: unchanged (null)
   = turntableOperation: unchanged (null)
   = speedsSupported: unchanged (null)
   = phonoPreampBuiltIn: unchanged (null)
   = cartridgeIncluded: unchanged (null)
   = usbDigitalOutput: unchanged (null)
   = voiceAssistant: unchanged (null)
   ~ multiroomSupport: null -> false
   ~ bluetoothCodecs: null -> ["sbc","aac","aptx","aptx-hd","ldac"]
   = finishColor: unchanged (null)
   ~ rackMountable19: null -> false
   = countryOfManufacture: unchanged (null)
   💾 backed up prior filterAttributes -> /home/jan/work/sanglogium/sanity-cms/backups/backup_headphones_MrEMtYwMtrFDGWmRnRIIom_2026-09-14T10-51-14-079Z.json
   ✅ patched. rev: Ch755lAE5GLsZ435Cxbmqr

🎧 PATCH (WRITE) — Hifiman Hifiman Prelude Headphone Amplifier (Pn6oyV4Ks5AcNbecjkV2A5)

   Field diff (filterAttributes.*):
   ~ price: 219900 -> {"min":2199,"max":2199,"currency":"USD"}
   = customerRating: unchanged (null)
   ~ awards: null -> []
   ~ condition: null -> "new"
   ~ inStock: true -> null
   ~ dealsDiscount: null -> "sale"
   = newArrival: unchanged (null)
   ~ deviceType: "headphone-amp" -> null
   ~ deviceConnectivity: null -> "wired"
   = formFactor: unchanged ("desktop")
   ~ amplification: "solid-state" -> null
   = dacIncluded: unchanged (false)
   ~ balancedOutput: false -> true
   = powerOutputPerChannelW: unchanged (null)
   = channelCount: unchanged (null)
   = phonoStageBuiltIn: unchanged (null)
   = trigger12v: unchanged (null)
   = remoteControlIncluded: unchanged (null)
   ~ inputs: ["usb"] -> null
   ~ outputs: ["4.4mm"] -> null
   = maxSampleRateBitDepth: unchanged (null)
   = dsdSupport: unchanged (null)
   = hiResCertification: unchanged (null)
   = dacChipsetFamily: unchanged (null)
   = streamingPlatformSupport: unchanged (null)
   = networkConnection: unchanged (null)
   = driveType: unchanged (null)
   = turntableOperation: unchanged (null)
   = speedsSupported: unchanged (null)
   = phonoPreampBuiltIn: unchanged (null)
   = cartridgeIncluded: unchanged (null)
   = usbDigitalOutput: unchanged (null)
   = voiceAssistant: unchanged (null)
   = multiroomSupport: unchanged (null)
   = bluetoothCodecs: unchanged (null)
   ~ finishColor: null -> ["Aluminum"]
   ~ rackMountable19: null -> false
   = countryOfManufacture: unchanged (null)
   💾 backed up prior filterAttributes -> /home/jan/work/sanglogium/sanity-cms/backups/backup_headphones_Pn6oyV4Ks5AcNbecjkV2A5_2026-09-14T10-51-15-128Z.json
   ✅ patched. rev: Ch755lAE5GLsZ435Cxbmug

🎧 PATCH (WRITE) — HiFi Rose HiFi Rose RD160 DAC (Silver) (ZuUKzmkqDyQwdcwhxlJkHG)

   Field diff (filterAttributes.*):
   ~ price: 529500 -> {"min":5295,"max":5295,"currency":"USD"}
   = customerRating: unchanged (null)
   = awards: unchanged (null)
   = condition: unchanged (null)
   = inStock: unchanged (false)
   = dealsDiscount: unchanged (null)
   = newArrival: unchanged (null)
   ~ deviceType: "network-streamer" -> "dac"
   ~ deviceConnectivity: null -> "wired"
   = formFactor: unchanged ("desktop")
   ~ amplification: "solid-state" -> null
   = dacIncluded: unchanged (true)
   ~ balancedOutput: false -> true
   = powerOutputPerChannelW: unchanged (null)
   = channelCount: unchanged (null)
   = phonoStageBuiltIn: unchanged (null)
   = trigger12v: unchanged (null)
   ~ remoteControlIncluded: null -> false
   ~ inputs: ["usb"] -> ["usb","optical","coaxial","i2s-iis","aes-ebu"]
   ~ outputs: ["4.4mm"] -> ["pre-out-rca","pre-out-xlr"]
   ~ maxSampleRateBitDepth: null -> "32-bit/768kHz"
   ~ dsdSupport: null -> "dsd256-plus"
   = hiResCertification: unchanged (null)
   ~ dacChipsetFamily: null -> "akm"
   = streamingPlatformSupport: unchanged (null)
   = networkConnection: unchanged (null)
   = driveType: unchanged (null)
   = turntableOperation: unchanged (null)
   = speedsSupported: unchanged (null)
   = phonoPreampBuiltIn: unchanged (null)
   = cartridgeIncluded: unchanged (null)
   = usbDigitalOutput: unchanged (null)
   = bluetoothCodecs: unchanged (null)
   = voiceAssistant: unchanged (null)
   = multiroomSupport: unchanged (null)
   ~ finishColor: null -> ["Silver","Black"]
   ~ rackMountable19: null -> false
   ~ countryOfManufacture: null -> "Republic of Korea"
   💾 backed up prior filterAttributes -> /home/jan/work/sanglogium/sanity-cms/backups/backup_headphones_ZuUKzmkqDyQwdcwhxlJkHG_2026-09-14T10-51-16-174Z.json
   ✅ patched. rev: 7P2D00ai8KUgrZgiFcwwUa

🎧 PATCH (WRITE) — HiFi Rose HiFi Rose RS150B Reference HiFi Network Streamer (Pn6oyV4Ks5AcNbecjh1b8Y)

   Field diff (filterAttributes.*):
   ~ price: 499500 -> {"min":4995,"max":4995,"currency":"USD"}
   = customerRating: unchanged (null)
   ~ awards: null -> ["Editor's Choice Award 2022","Editor's Choice Award 2024","EISA Award — High-End Music Player 2021–2022","Highly Commended","Five Stars — Recommended"]
   = condition: unchanged (null)
   = inStock: unchanged (true)
   = dealsDiscount: unchanged (null)
   = newArrival: unchanged (null)
   = deviceType: unchanged ("network-streamer")
   ~ deviceConnectivity: null -> "wired-wireless"
   = formFactor: unchanged ("desktop")
   ~ amplification: "solid-state" -> null
   = dacIncluded: unchanged (true)
   ~ balancedOutput: false -> true
   = powerOutputPerChannelW: unchanged (null)
   = channelCount: unchanged (null)
   = phonoStageBuiltIn: unchanged (null)
   = trigger12v: unchanged (null)
   ~ remoteControlIncluded: null -> true
   ~ inputs: ["usb"] -> ["optical","coaxial","rca","aes-ebu","hdmi-earc","usb"]
   ~ outputs: ["4.4mm"] -> ["pre-out-rca","pre-out-xlr"]
   ~ maxSampleRateBitDepth: null -> "32-bit/768kHz"
   ~ dsdSupport: null -> "dsd256-plus"
   ~ hiResCertification: null -> ["mqa","hi-res-audio"]
   ~ dacChipsetFamily: null -> "ess-sabre"
   ~ streamingPlatformSupport: null -> ["dlna","roon-ready"]
   ~ networkConnection: null -> ["wifi","ethernet"]
   = driveType: unchanged (null)
   = turntableOperation: unchanged (null)
   = speedsSupported: unchanged (null)
   = phonoPreampBuiltIn: unchanged (null)
   = cartridgeIncluded: unchanged (null)
   = usbDigitalOutput: unchanged (null)
   = bluetoothCodecs: unchanged (null)
   = voiceAssistant: unchanged (null)
   = multiroomSupport: unchanged (null)
   ~ finishColor: null -> ["Black","Silver"]
   ~ rackMountable19: null -> false
   ~ countryOfManufacture: null -> "South Korea"
   💾 backed up prior filterAttributes -> /home/jan/work/sanglogium/sanity-cms/backups/backup_headphones_Pn6oyV4Ks5AcNbecjh1b8Y_2026-09-14T10-51-17-426Z.json
   ✅ patched. rev: 7P2D00ai8KUgrZgiFcwwbb

🎧 PATCH (WRITE) — HiFi Rose HiFi Rose RS250A Network Streamer (k27n1AQuIbSr5iozG2j6zk)

   Field diff (filterAttributes.*):
   ~ price: 269500 -> {"min":2695,"max":2695,"currency":"USD"}
   = customerRating: unchanged (null)
   = awards: unchanged (null)
   = condition: unchanged (null)
   = inStock: unchanged (true)
   = dealsDiscount: unchanged (null)
   = newArrival: unchanged (null)
   = deviceType: unchanged ("network-streamer")
   ~ deviceConnectivity: null -> "wired-wireless"
   = formFactor: unchanged ("desktop")
   ~ amplification: "solid-state" -> null
   = dacIncluded: unchanged (true)
   = balancedOutput: unchanged (false)
   = powerOutputPerChannelW: unchanged (null)
   = channelCount: unchanged (null)
   = phonoStageBuiltIn: unchanged (null)
   = trigger12v: unchanged (null)
   ~ remoteControlIncluded: null -> true
   ~ inputs: ["usb"] -> ["rca","optical","coaxial","usb"]
   ~ outputs: ["4.4mm"] -> ["pre-out-rca","headphone-jack"]
   ~ maxSampleRateBitDepth: null -> "32-bit/768kHz"
   ~ dsdSupport: null -> "dsd256-plus"
   ~ hiResCertification: null -> ["mqa","hi-res-audio"]
   ~ dacChipsetFamily: null -> "ess-sabre"
   ~ streamingPlatformSupport: null -> ["dlna","roon-ready","spotify-connect"]
   ~ networkConnection: null -> ["wifi","ethernet"]
   = driveType: unchanged (null)
   = turntableOperation: unchanged (null)
   = speedsSupported: unchanged (null)
   = phonoPreampBuiltIn: unchanged (null)
   = cartridgeIncluded: unchanged (null)
   = usbDigitalOutput: unchanged (null)
   = bluetoothCodecs: unchanged (null)
   = voiceAssistant: unchanged (null)
   = multiroomSupport: unchanged (null)
   ~ finishColor: null -> ["Silver","Black"]
   ~ rackMountable19: null -> false
   ~ countryOfManufacture: null -> "Korea"
   💾 backed up prior filterAttributes -> /home/jan/work/sanglogium/sanity-cms/backups/backup_headphones_k27n1AQuIbSr5iozG2j6zk_2026-09-14T10-51-18-601Z.json
   ✅ patched. rev: 7P2D00ai8KUgrZgiFcwwkx

🎧 PATCH (WRITE) — HiFi Rose HiFi Rose RS520 Network Streamer & Integrated Amplifier (PHPYj28HJdPDHAaIBAL1Lw)

   Field diff (filterAttributes.*):
   ~ price: 369500 -> {"min":3695,"max":3695,"currency":"USD"}
   = customerRating: unchanged (null)
   ~ awards: null -> ["The Absolute Sound Buyer's Guide Pick 2024"]
   = condition: unchanged (null)
   = inStock: unchanged (true)
   = dealsDiscount: unchanged (null)
   = newArrival: unchanged (null)
   ~ deviceType: "network-streamer" -> "integrated-amplifier"
   ~ deviceConnectivity: null -> "wired-wireless"
   = formFactor: unchanged ("desktop")
   ~ amplification: "solid-state" -> "class-d"
   ~ dacIncluded: false -> true
   = balancedOutput: unchanged (false)
   ~ powerOutputPerChannelW: null -> 250
   ~ channelCount: null -> 2
   = phonoStageBuiltIn: unchanged (null)
   ~ trigger12v: null -> true
   ~ remoteControlIncluded: null -> true
   ~ inputs: ["usb"] -> ["optical","coaxial","rca","usb","hdmi-earc"]
   ~ outputs: ["4.4mm"] -> ["pre-out-rca","speaker-terminals"]
   ~ maxSampleRateBitDepth: null -> "32-bit/768kHz"
   ~ dsdSupport: null -> "dsd256-plus"
   ~ hiResCertification: null -> ["mqa","hi-res-audio"]
   ~ dacChipsetFamily: null -> "ess-sabre"
   ~ streamingPlatformSupport: null -> ["dlna","roon-ready","spotify-connect"]
   ~ networkConnection: null -> ["wifi","ethernet"]
   = driveType: unchanged (null)
   = turntableOperation: unchanged (null)
   = speedsSupported: unchanged (null)
   = phonoPreampBuiltIn: unchanged (null)
   = cartridgeIncluded: unchanged (null)
   = usbDigitalOutput: unchanged (null)
   = bluetoothCodecs: unchanged (null)
   = voiceAssistant: unchanged (null)
   = multiroomSupport: unchanged (null)
   ~ finishColor: null -> ["Silver","Black"]
   ~ rackMountable19: null -> false
   ~ countryOfManufacture: null -> "Republic of Korea"
   💾 backed up prior filterAttributes -> /home/jan/work/sanglogium/sanity-cms/backups/backup_headphones_PHPYj28HJdPDHAaIBAL1Lw_2026-09-14T10-51-19-609Z.json
   ✅ patched. rev: Ch755lAE5GLsZ435Cxbn13

🎧 PATCH (WRITE) — FiiO FiiO BTR11 Portable DAC and Headphone Amp (MrEMtYwMtrFDGWmRnN3Yzy)

   Field diff (filterAttributes.*):
   = deviceType: unchanged ("dac")
   ~ deviceConnectivity: null -> "bluetooth"
   = formFactor: unchanged ("portable")
   ~ amplification: "solid-state" -> null
   = dacIncluded: unchanged (true)
   = balancedOutput: unchanged (false)
   = powerOutputPerChannelW: unchanged (null)
   = channelCount: unchanged (null)
   = phonoStageBuiltIn: unchanged (null)
   = trigger12v: unchanged (null)
   = remoteControlIncluded: unchanged (null)
   ~ inputs: ["usb"] -> ["bluetooth"]
   ~ outputs: ["4.4mm"] -> ["headphone-jack"]
   = maxSampleRateBitDepth: unchanged (null)
   = dsdSupport: unchanged (null)
   = hiResCertification: unchanged (null)
   = dacChipsetFamily: unchanged (null)
   = streamingPlatformSupport: unchanged (null)
   = networkConnection: unchanged (null)
   = driveType: unchanged (null)
   = turntableOperation: unchanged (null)
   = speedsSupported: unchanged (null)
   = phonoPreampBuiltIn: unchanged (null)
   = cartridgeIncluded: unchanged (null)
   = usbDigitalOutput: unchanged (null)
   ~ bluetoothCodecs: null -> ["SBC","AAC","LDAC"]
   = voiceAssistant: unchanged (null)
   = multiroomSupport: unchanged (null)
   ~ finishColor: null -> ["Black","White"]
   ~ rackMountable19: null -> false
   ~ countryOfManufacture: null -> "China"
   = awards: unchanged (null)
   = customerRating: unchanged (null)
   = condition: unchanged (null)
   = dealsDiscount: unchanged (null)
   = newArrival: unchanged (null)
   💾 backed up prior filterAttributes -> /home/jan/work/sanglogium/sanity-cms/backups/backup_headphones_MrEMtYwMtrFDGWmRnN3Yzy_2026-09-14T10-51-20-653Z.json
   ✅ patched. rev: 7P2D00ai8KUgrZgiFcwwuJ

🎧 PATCH (WRITE) — FiiO FiiO BTR17 Bluetooth DAC And Headphone Amp (Pn6oyV4Ks5AcNbecjgp8X6)

   Field diff (filterAttributes.*):
   = deviceType: unchanged ("dac")
   ~ deviceConnectivity: null -> "wired-wireless"
   ~ formFactor: "desktop" -> "portable"
   ~ amplification: "solid-state" -> null
   = dacIncluded: unchanged (true)
   ~ balancedOutput: false -> true
   = powerOutputPerChannelW: unchanged (null)
   = channelCount: unchanged (null)
   = phonoStageBuiltIn: unchanged (null)
   = trigger12v: unchanged (null)
   = remoteControlIncluded: unchanged (null)
   ~ inputs: ["bluetooth"] -> ["bluetooth","usb"]
   ~ outputs: ["4.4mm"] -> ["headphone-jack","headphone-jack"]
   ~ maxSampleRateBitDepth: null -> "768kHz/32bit"
   ~ dsdSupport: null -> "dsd256-plus"
   ~ hiResCertification: null -> ["mqa"]
   ~ dacChipsetFamily: null -> ["ess-sabre"]
   = streamingPlatformSupport: unchanged (null)
   = networkConnection: unchanged (null)
   = driveType: unchanged (null)
   = turntableOperation: unchanged (null)
   = speedsSupported: unchanged (null)
   = phonoPreampBuiltIn: unchanged (null)
   = cartridgeIncluded: unchanged (null)
   = usbDigitalOutput: unchanged (null)
   ~ bluetoothCodecs: null -> ["SBC","AAC","aptX","aptX HD","aptX Adaptive","aptX Lossless","LDAC"]
   = voiceAssistant: unchanged (null)
   = multiroomSupport: unchanged (null)
   ~ finishColor: null -> ["Black","Blue"]
   ~ rackMountable19: null -> false
   ~ countryOfManufacture: null -> "China"
   = awards: unchanged (null)
   = customerRating: unchanged (null)
   = condition: unchanged (null)
   = dealsDiscount: unchanged (null)
   = newArrival: unchanged (null)
   💾 backed up prior filterAttributes -> /home/jan/work/sanglogium/sanity-cms/backups/backup_headphones_Pn6oyV4Ks5AcNbecjgp8X6_2026-09-14T10-51-21-664Z.json
   ✅ patched. rev: 7P2D00ai8KUgrZgiFcwx1K

🎧 PATCH (WRITE) — FiiO FiiO BTR17 Bluetooth USB DAC/Amp (DZc43yHr6ydfgE7zB3zokw)

   Field diff (filterAttributes.*):
   ~ deviceType: "dac-amp-combo" -> "dac"
   ~ deviceConnectivity: null -> "wired-wireless"
   ~ formFactor: "desktop" -> "portable"
   ~ amplification: "solid-state" -> null
   = dacIncluded: unchanged (true)
   ~ balancedOutput: false -> true
   = powerOutputPerChannelW: unchanged (null)
   = channelCount: unchanged (null)
   = phonoStageBuiltIn: unchanged (null)
   = trigger12v: unchanged (null)
   = remoteControlIncluded: unchanged (null)
   ~ inputs: ["bluetooth"] -> ["bluetooth","usb"]
   ~ outputs: ["4.4mm"] -> ["headphone-jack","headphone-jack"]
   ~ maxSampleRateBitDepth: null -> "768kHz/32bit"
   ~ dsdSupport: null -> "dsd256-plus"
   ~ hiResCertification: null -> ["mqa"]
   ~ dacChipsetFamily: null -> ["ess-sabre"]
   = streamingPlatformSupport: unchanged (null)
   = networkConnection: unchanged (null)
   = driveType: unchanged (null)
   = turntableOperation: unchanged (null)
   = speedsSupported: unchanged (null)
   = phonoPreampBuiltIn: unchanged (null)
   = cartridgeIncluded: unchanged (null)
   = usbDigitalOutput: unchanged (null)
   ~ bluetoothCodecs: null -> ["SBC","AAC","aptX","aptX HD","aptX Adaptive","aptX Lossless","LDAC"]
   = voiceAssistant: unchanged (null)
   = multiroomSupport: unchanged (null)
   ~ finishColor: null -> ["Black","Blue"]
   ~ rackMountable19: null -> false
   ~ countryOfManufacture: null -> "China"
   = awards: unchanged (null)
   = customerRating: unchanged (null)
   = condition: unchanged (null)
   = dealsDiscount: unchanged (null)
   = newArrival: unchanged (null)
   💾 backed up prior filterAttributes -> /home/jan/work/sanglogium/sanity-cms/backups/backup_headphones_DZc43yHr6ydfgE7zB3zokw_2026-09-14T10-51-22-678Z.json
   ✅ patched. rev: Ch755lAE5GLsZ435Cxbn69

🎧 PATCH (WRITE) — FiiO FiiO BTR7 Portable DAC and Headphone Amp (Pn6oyV4Ks5AcNbecjgpOZX)

   Field diff (filterAttributes.*):
   = deviceType: unchanged ("dac")
   ~ deviceConnectivity: null -> "wired-wireless"
   = formFactor: unchanged ("portable")
   ~ amplification: "solid-state" -> null
   = dacIncluded: unchanged (true)
   ~ balancedOutput: false -> true
   = powerOutputPerChannelW: unchanged (null)
   = channelCount: unchanged (null)
   = phonoStageBuiltIn: unchanged (null)
   = trigger12v: unchanged (null)
   = remoteControlIncluded: unchanged (null)
   ~ inputs: ["usb"] -> ["bluetooth","usb"]
   ~ outputs: ["4.4mm"] -> ["headphone-jack","headphone-jack"]
   ~ maxSampleRateBitDepth: null -> "384kHz/32bit"
   ~ dsdSupport: null -> "dsd256-plus"
   ~ hiResCertification: null -> ["mqa"]
   ~ dacChipsetFamily: null -> ["ess-sabre"]
   = streamingPlatformSupport: unchanged (null)
   = networkConnection: unchanged (null)
   = driveType: unchanged (null)
   = turntableOperation: unchanged (null)
   = speedsSupported: unchanged (null)
   = phonoPreampBuiltIn: unchanged (null)
   = cartridgeIncluded: unchanged (null)
   = usbDigitalOutput: unchanged (null)
   ~ bluetoothCodecs: null -> ["SBC","AAC","aptX","aptX HD","aptX Adaptive","aptX LL","LDAC"]
   = voiceAssistant: unchanged (null)
   = multiroomSupport: unchanged (null)
   ~ finishColor: null -> ["Black"]
   ~ rackMountable19: null -> false
   ~ countryOfManufacture: null -> "China"
   = awards: unchanged (null)
   = customerRating: unchanged (null)
   = condition: unchanged (null)
   = dealsDiscount: unchanged (null)
   = newArrival: unchanged (null)
   💾 backed up prior filterAttributes -> /home/jan/work/sanglogium/sanity-cms/backups/backup_headphones_Pn6oyV4Ks5AcNbecjgpOZX_2026-09-14T10-51-23-737Z.json
   ✅ patched. rev: Ch755lAE5GLsZ435Cxbn9y

🎧 PATCH (WRITE) — FiiO FiiO K11 R2R Balanced Desktop DAC/Amp (DZc43yHr6ydfgE7zB41PVg)

   Field diff (filterAttributes.*):
   ~ deviceType: "dac-amp-combo" -> "dac"
   ~ deviceConnectivity: null -> "wired"
   = formFactor: unchanged ("desktop")
   ~ amplification: "solid-state" -> null
   = dacIncluded: unchanged (true)
   ~ balancedOutput: false -> true
   = powerOutputPerChannelW: unchanged (null)
   = channelCount: unchanged (null)
   = phonoStageBuiltIn: unchanged (null)
   = trigger12v: unchanged (null)
   = remoteControlIncluded: unchanged (null)
   ~ inputs: ["usb"] -> ["usb","optical","coaxial"]
   ~ outputs: ["4.4mm"] -> ["headphone-jack","headphone-jack","pre-out-rca"]
   ~ maxSampleRateBitDepth: null -> "384kHz/32bit"
   ~ dsdSupport: null -> "dsd256-plus"
   = hiResCertification: unchanged (null)
   ~ dacChipsetFamily: null -> ["r2r-ladder"]
   = streamingPlatformSupport: unchanged (null)
   = networkConnection: unchanged (null)
   = driveType: unchanged (null)
   = turntableOperation: unchanged (null)
   = speedsSupported: unchanged (null)
   = phonoPreampBuiltIn: unchanged (null)
   = cartridgeIncluded: unchanged (null)
   = usbDigitalOutput: unchanged (null)
   = bluetoothCodecs: unchanged (null)
   = voiceAssistant: unchanged (null)
   = multiroomSupport: unchanged (null)
   ~ finishColor: null -> ["Black","Silver","Red","Titanium"]
   ~ rackMountable19: null -> false
   ~ countryOfManufacture: null -> "China"
   = awards: unchanged (null)
   = customerRating: unchanged (null)
   = condition: unchanged (null)
   = dealsDiscount: unchanged (null)
   = newArrival: unchanged (null)
   💾 backed up prior filterAttributes -> /home/jan/work/sanglogium/sanity-cms/backups/backup_headphones_DZc43yHr6ydfgE7zB41PVg_2026-09-14T10-51-24-726Z.json
   ✅ patched. rev: Ch755lAE5GLsZ435CxbnIt

🎧 PATCH (WRITE) — FiiO FiiO K13 R2R Desktop DAC/Amp (Apos Certified) (xMEqvkRBbdrlJXyFG8gRUZ)

   Field diff (filterAttributes.*):
   ~ deviceType: "dac-amp-combo" -> "dac"
   ~ deviceConnectivity: null -> "wired-wireless"
   = formFactor: unchanged ("desktop")
   ~ amplification: "solid-state" -> null
   = dacIncluded: unchanged (true)
   ~ balancedOutput: false -> true
   = powerOutputPerChannelW: unchanged (null)
   = channelCount: unchanged (null)
   = phonoStageBuiltIn: unchanged (null)
   = trigger12v: unchanged (null)
   = remoteControlIncluded: unchanged (null)
   ~ inputs: ["usb"] -> ["usb","optical","coaxial","bluetooth"]
   ~ outputs: ["4.4mm"] -> ["headphone-jack","headphone-jack","pre-out-rca","pre-out-xlr"]
   ~ maxSampleRateBitDepth: null -> "384kHz/32bit"
   ~ dsdSupport: null -> "dsd256-plus"
   = hiResCertification: unchanged (null)
   ~ dacChipsetFamily: null -> ["r2r-ladder"]
   = streamingPlatformSupport: unchanged (null)
   = networkConnection: unchanged (null)
   = driveType: unchanged (null)
   = turntableOperation: unchanged (null)
   = speedsSupported: unchanged (null)
   = phonoPreampBuiltIn: unchanged (null)
   = cartridgeIncluded: unchanged (null)
   = usbDigitalOutput: unchanged (null)
   ~ bluetoothCodecs: null -> ["SBC","AAC","LDAC"]
   = voiceAssistant: unchanged (null)
   = multiroomSupport: unchanged (null)
   ~ finishColor: null -> ["Black","Silver"]
   ~ rackMountable19: null -> false
   ~ countryOfManufacture: null -> "China"
   = awards: unchanged (null)
   = customerRating: unchanged (null)
   = condition: unchanged (null)
   = dealsDiscount: unchanged (null)
   = newArrival: unchanged (null)
   💾 backed up prior filterAttributes -> /home/jan/work/sanglogium/sanity-cms/backups/backup_headphones_xMEqvkRBbdrlJXyFG8gRUZ_2026-09-14T10-51-25-741Z.json
   ✅ patched. rev: MzerujO1CrL1dzm03eQMu5

🎧 PATCH (WRITE) — FiiO FiiO K13 R2R Desktop DAC/Amp (DZc43yHr6ydfgE7zB41Wo6)

   Field diff (filterAttributes.*):
   ~ deviceType: "dac-amp-combo" -> "dac"
   ~ deviceConnectivity: null -> "wired-wireless"
   = formFactor: unchanged ("desktop")
   ~ amplification: "solid-state" -> null
   = dacIncluded: unchanged (true)
   ~ balancedOutput: false -> true
   = powerOutputPerChannelW: unchanged (null)
   = channelCount: unchanged (null)
   = phonoStageBuiltIn: unchanged (null)
   = trigger12v: unchanged (null)
   = remoteControlIncluded: unchanged (null)
   ~ inputs: ["usb"] -> ["usb","optical","coaxial","bluetooth"]
   ~ outputs: ["4.4mm"] -> ["headphone-jack","headphone-jack","pre-out-rca","pre-out-xlr"]
   ~ maxSampleRateBitDepth: null -> "384kHz/32bit"
   ~ dsdSupport: null -> "dsd256-plus"
   = hiResCertification: unchanged (null)
   ~ dacChipsetFamily: null -> ["r2r-ladder"]
   = streamingPlatformSupport: unchanged (null)
   = networkConnection: unchanged (null)
   = driveType: unchanged (null)
   = turntableOperation: unchanged (null)
   = speedsSupported: unchanged (null)
   = phonoPreampBuiltIn: unchanged (null)
   = cartridgeIncluded: unchanged (null)
   = usbDigitalOutput: unchanged (null)
   ~ bluetoothCodecs: null -> ["SBC","AAC","LDAC"]
   = voiceAssistant: unchanged (null)
   = multiroomSupport: unchanged (null)
   ~ finishColor: null -> ["Black","Silver"]
   ~ rackMountable19: null -> false
   ~ countryOfManufacture: null -> "China"
   = awards: unchanged (null)
   = customerRating: unchanged (null)
   = condition: unchanged (null)
   = dealsDiscount: unchanged (null)
   = newArrival: unchanged (null)
   💾 backed up prior filterAttributes -> /home/jan/work/sanglogium/sanity-cms/backups/backup_headphones_DZc43yHr6ydfgE7zB41Wo6_2026-09-14T10-51-26-758Z.json
   ✅ patched. rev: Ch755lAE5GLsZ435CxbnUM

🎧 PATCH (WRITE) — FiiO FiiO K17 Desktop DAC/Amp (DZc43yHr6ydfgE7zB41fx8)

   Field diff (filterAttributes.*):
   ~ deviceType: "dac-amp-combo" -> "dac"
   ~ deviceConnectivity: null -> "wifi-networked"
   = formFactor: unchanged ("desktop")
   ~ amplification: "solid-state" -> null
   = dacIncluded: unchanged (true)
   ~ balancedOutput: false -> true
   = powerOutputPerChannelW: unchanged (null)
   = channelCount: unchanged (null)
   = phonoStageBuiltIn: unchanged (null)
   = trigger12v: unchanged (null)
   = remoteControlIncluded: unchanged (null)
   ~ inputs: ["usb"] -> ["usb","optical","coaxial","rca","xlr-balanced","bluetooth","ethernet-lan"]
   ~ outputs: ["4.4mm"] -> ["headphone-jack","headphone-jack","pre-out-rca","pre-out-xlr"]
   ~ maxSampleRateBitDepth: null -> "768kHz/32bit"
   ~ dsdSupport: null -> "dsd256-plus"
   ~ hiResCertification: null -> ["mqa"]
   ~ dacChipsetFamily: null -> ["akm"]
   ~ streamingPlatformSupport: null -> ["airplay2","roon-ready","dlna"]
   ~ networkConnection: null -> ["wifi","ethernet"]
   = driveType: unchanged (null)
   = turntableOperation: unchanged (null)
   = speedsSupported: unchanged (null)
   = phonoPreampBuiltIn: unchanged (null)
   = cartridgeIncluded: unchanged (null)
   = usbDigitalOutput: unchanged (null)
   ~ bluetoothCodecs: null -> ["SBC","AAC","aptX","aptX HD","aptX Adaptive","aptX LL","LDAC"]
   = voiceAssistant: unchanged (null)
   = multiroomSupport: unchanged (null)
   ~ finishColor: null -> ["Black","Silver"]
   ~ rackMountable19: null -> false
   ~ countryOfManufacture: null -> "China"
   = awards: unchanged (null)
   = customerRating: unchanged (null)
   = condition: unchanged (null)
   = dealsDiscount: unchanged (null)
   = newArrival: unchanged (null)
   💾 backed up prior filterAttributes -> /home/jan/work/sanglogium/sanity-cms/backups/backup_headphones_DZc43yHr6ydfgE7zB41fx8_2026-09-14T10-51-27-783Z.json
   ✅ patched. rev: MzerujO1CrL1dzm03eQNC1

🎧 PATCH (WRITE) — FiiO FiiO K7 Balanced Headphone DAC/Amp (DZc43yHr6ydfgE7zB40v3a)

   Field diff (filterAttributes.*):
   ~ deviceType: "dac-amp-combo" -> "dac"
   ~ deviceConnectivity: null -> "wired"
   = formFactor: unchanged ("desktop")
   ~ amplification: "solid-state" -> null
   = dacIncluded: unchanged (true)
   = balancedOutput: unchanged (true)
   = powerOutputPerChannelW: unchanged (null)
   = channelCount: unchanged (null)
   = phonoStageBuiltIn: unchanged (null)
   = trigger12v: unchanged (null)
   = remoteControlIncluded: unchanged (null)
   = inputs: unchanged (["usb","optical","coaxial","rca"])
   ~ outputs: ["6.35mm","4.4mm"] -> ["headphone-jack","headphone-jack","pre-out-rca"]
   ~ maxSampleRateBitDepth: null -> "384kHz/32bit"
   ~ dsdSupport: null -> "dsd256-plus"
   ~ hiResCertification: null -> ["hi-res-audio"]
   ~ dacChipsetFamily: null -> ["akm"]
   = streamingPlatformSupport: unchanged (null)
   = networkConnection: unchanged (null)
   = driveType: unchanged (null)
   = turntableOperation: unchanged (null)
   = speedsSupported: unchanged (null)
   = phonoPreampBuiltIn: unchanged (null)
   = cartridgeIncluded: unchanged (null)
   = usbDigitalOutput: unchanged (null)
   = bluetoothCodecs: unchanged (null)
   = voiceAssistant: unchanged (null)
   = multiroomSupport: unchanged (null)
   ~ finishColor: null -> ["Black"]
   ~ rackMountable19: null -> false
   ~ countryOfManufacture: null -> "China"
   = awards: unchanged (null)
   = customerRating: unchanged (null)
   = condition: unchanged (null)
   = dealsDiscount: unchanged (null)
   = newArrival: unchanged (null)
   💾 backed up prior filterAttributes -> /home/jan/work/sanglogium/sanity-cms/backups/backup_headphones_DZc43yHr6ydfgE7zB40v3a_2026-09-14T10-51-28-850Z.json
   ✅ patched. rev: 7P2D00ai8KUgrZgiFcwxm6

🎧 PATCH (WRITE) — FiiO FiiO KA11 Dongle DAC/Headphone Amplifier (xMEqvkRBbdrlJXyFG8l4SB)

   Field diff (filterAttributes.*):
   ~ deviceType: "dongle-dac" -> "dac"
   ~ deviceConnectivity: null -> "wired"
   = formFactor: unchanged ("dongle")
   ~ amplification: "solid-state" -> null
   = dacIncluded: unchanged (true)
   = balancedOutput: unchanged (false)
   = powerOutputPerChannelW: unchanged (null)
   = channelCount: unchanged (null)
   = phonoStageBuiltIn: unchanged (null)
   = trigger12v: unchanged (null)
   = remoteControlIncluded: unchanged (null)
   = inputs: unchanged (["usb"])
   ~ outputs: ["4.4mm"] -> ["headphone-jack"]
   ~ maxSampleRateBitDepth: null -> "384kHz/32bit"
   ~ dsdSupport: null -> "dsd256-plus"
   ~ hiResCertification: null -> ["hi-res-audio"]
   ~ dacChipsetFamily: null -> ["cirrus-logic"]
   = streamingPlatformSupport: unchanged (null)
   = networkConnection: unchanged (null)
   = driveType: unchanged (null)
   = turntableOperation: unchanged (null)
   = speedsSupported: unchanged (null)
   = phonoPreampBuiltIn: unchanged (null)
   = cartridgeIncluded: unchanged (null)
   = usbDigitalOutput: unchanged (null)
   = bluetoothCodecs: unchanged (null)
   = voiceAssistant: unchanged (null)
   = multiroomSupport: unchanged (null)
   ~ finishColor: null -> ["Midnight black","Sunrise silver"]
   ~ rackMountable19: null -> false
   ~ countryOfManufacture: null -> "China"
   = awards: unchanged (null)
   = customerRating: unchanged (null)
   = condition: unchanged (null)
   = dealsDiscount: unchanged (null)
   = newArrival: unchanged (null)
   💾 backed up prior filterAttributes -> /home/jan/work/sanglogium/sanity-cms/backups/backup_headphones_xMEqvkRBbdrlJXyFG8l4SB_2026-09-14T10-51-29-897Z.json
   ✅ patched. rev: 7P2D00ai8KUgrZgiFcwxt7

🎧 PATCH (WRITE) — FiiO FiiO M15S Portable Music Player (MrEMtYwMtrFDGWmRnKwOVD)

   Field diff (filterAttributes.*):
   ~ deviceType: "dap" -> null
   ~ deviceConnectivity: null -> "wifi-networked"
   = formFactor: unchanged ("portable")
   ~ amplification: "solid-state" -> null
   = dacIncluded: unchanged (true)
   ~ balancedOutput: false -> true
   = powerOutputPerChannelW: unchanged (null)
   = channelCount: unchanged (null)
   = phonoStageBuiltIn: unchanged (null)
   = trigger12v: unchanged (null)
   = remoteControlIncluded: unchanged (null)
   ~ inputs: ["usb"] -> ["usb","coaxial","bluetooth"]
   ~ outputs: ["4.4mm"] -> null
   ~ maxSampleRateBitDepth: null -> "384kHz/32bit"
   ~ dsdSupport: null -> "dsd256-plus"
   ~ hiResCertification: null -> ["mqa"]
   ~ dacChipsetFamily: null -> ["ess-sabre"]
   ~ streamingPlatformSupport: null -> ["airplay2","roon-ready","dlna"]
   ~ networkConnection: null -> ["wifi"]
   = driveType: unchanged (null)
   = turntableOperation: unchanged (null)
   = speedsSupported: unchanged (null)
   = phonoPreampBuiltIn: unchanged (null)
   = cartridgeIncluded: unchanged (null)
   = usbDigitalOutput: unchanged (null)
   ~ bluetoothCodecs: null -> ["SBC","AAC","aptX","aptX HD","aptX Adaptive","aptX LL","LDAC"]
   = voiceAssistant: unchanged (null)
   = multiroomSupport: unchanged (null)
   ~ finishColor: null -> ["Black"]
   ~ rackMountable19: null -> false
   ~ countryOfManufacture: null -> "China"
   = awards: unchanged (null)
   = customerRating: unchanged (null)
   = condition: unchanged (null)
   = dealsDiscount: unchanged (null)
   = newArrival: unchanged (null)
   💾 backed up prior filterAttributes -> /home/jan/work/sanglogium/sanity-cms/backups/backup_headphones_MrEMtYwMtrFDGWmRnKwOVD_2026-09-14T10-51-31-031Z.json
   ✅ patched. rev: MzerujO1CrL1dzm03eQNur

🎧 PATCH (WRITE) — FiiO FiiO M17 Portable Music Player (Pn6oyV4Ks5AcNbecjexfWP)

   Field diff (filterAttributes.*):
   ~ deviceType: "dap" -> null
   ~ deviceConnectivity: null -> "wifi-networked"
   = formFactor: unchanged ("portable")
   ~ amplification: "solid-state" -> null
   = dacIncluded: unchanged (true)
   ~ balancedOutput: false -> true
   = powerOutputPerChannelW: unchanged (null)
   = channelCount: unchanged (null)
   = phonoStageBuiltIn: unchanged (null)
   = trigger12v: unchanged (null)
   = remoteControlIncluded: unchanged (null)
   ~ inputs: ["usb"] -> ["usb","coaxial","bluetooth"]
   ~ outputs: ["4.4mm"] -> null
   ~ maxSampleRateBitDepth: null -> "768kHz/32bit"
   ~ dsdSupport: null -> "dsd256-plus"
   ~ hiResCertification: null -> ["mqa"]
   ~ dacChipsetFamily: null -> ["ess-sabre"]
   ~ streamingPlatformSupport: null -> ["airplay2","roon-ready","dlna"]
   ~ networkConnection: null -> ["wifi"]
   = driveType: unchanged (null)
   = turntableOperation: unchanged (null)
   = speedsSupported: unchanged (null)
   = phonoPreampBuiltIn: unchanged (null)
   = cartridgeIncluded: unchanged (null)
   = usbDigitalOutput: unchanged (null)
   ~ bluetoothCodecs: null -> ["SBC","AAC","aptX","aptX HD","aptX Adaptive","aptX LL","LDAC"]
   = voiceAssistant: unchanged (null)
   = multiroomSupport: unchanged (null)
   ~ finishColor: null -> ["Black"]
   ~ rackMountable19: null -> false
   ~ countryOfManufacture: null -> "China"
   = awards: unchanged (null)
   = customerRating: unchanged (null)
   = condition: unchanged (null)
   = dealsDiscount: unchanged (null)
   = newArrival: unchanged (null)
   💾 backed up prior filterAttributes -> /home/jan/work/sanglogium/sanity-cms/backups/backup_headphones_Pn6oyV4Ks5AcNbecjexfWP_2026-09-14T10-51-32-007Z.json
   ✅ patched. rev: MzerujO1CrL1dzm03eQOCn

🎧 PATCH (WRITE) — FiiO FiiO M21 Portable High-Res Lossless Music Player (GPjMdcfFWZVrKyR2PB9DqI)

   Field diff (filterAttributes.*):
   ~ deviceType: "dap" -> null
   ~ deviceConnectivity: null -> "wifi-networked"
   = formFactor: unchanged ("portable")
   ~ amplification: "solid-state" -> null
   = dacIncluded: unchanged (true)
   ~ balancedOutput: false -> true
   = powerOutputPerChannelW: unchanged (null)
   = channelCount: unchanged (null)
   = phonoStageBuiltIn: unchanged (null)
   = trigger12v: unchanged (null)
   = remoteControlIncluded: unchanged (null)
   ~ inputs: ["usb"] -> ["usb","bluetooth"]
   ~ outputs: ["4.4mm"] -> null
   ~ maxSampleRateBitDepth: null -> "768kHz/32bit"
   ~ dsdSupport: null -> "dsd256-plus"
   ~ hiResCertification: null -> ["mqa"]
   ~ dacChipsetFamily: null -> ["cirrus-logic"]
   ~ streamingPlatformSupport: null -> ["airplay2","roon-ready","dlna"]
   ~ networkConnection: null -> ["wifi"]
   = driveType: unchanged (null)
   = turntableOperation: unchanged (null)
   = speedsSupported: unchanged (null)
   = phonoPreampBuiltIn: unchanged (null)
   = cartridgeIncluded: unchanged (null)
   = usbDigitalOutput: unchanged (null)
   ~ bluetoothCodecs: null -> ["SBC","AAC","aptX","aptX HD","aptX Adaptive","LDAC"]
   = voiceAssistant: unchanged (null)
   = multiroomSupport: unchanged (null)
   ~ finishColor: null -> ["Titanium gold","Dark blue","Black"]
   ~ rackMountable19: null -> false
   ~ countryOfManufacture: null -> "China"
   = awards: unchanged (null)
   = customerRating: unchanged (null)
   = condition: unchanged (null)
   = dealsDiscount: unchanged (null)
   = newArrival: unchanged (null)
   💾 backed up prior filterAttributes -> /home/jan/work/sanglogium/sanity-cms/backups/backup_headphones_GPjMdcfFWZVrKyR2PB9DqI_2026-09-14T10-51-33-088Z.json
   ✅ patched. rev: MzerujO1CrL1dzm03eQOQF

🎧 PATCH (WRITE) — FiiO FiiO R7 DAC and Headphone Amp (PHPYj28HJdPDHAaIBAMKFk)

   Field diff (filterAttributes.*):
   = deviceType: unchanged ("dac")
   ~ deviceConnectivity: null -> "wifi-networked"
   = formFactor: unchanged ("desktop")
   ~ amplification: "solid-state" -> null
   = dacIncluded: unchanged (true)
   ~ balancedOutput: false -> true
   = powerOutputPerChannelW: unchanged (null)
   = channelCount: unchanged (null)
   = phonoStageBuiltIn: unchanged (null)
   = trigger12v: unchanged (null)
   = remoteControlIncluded: unchanged (null)
   ~ inputs: ["usb"] -> ["usb","optical","coaxial","bluetooth","ethernet-lan"]
   ~ outputs: ["4.4mm"] -> ["headphone-jack","headphone-jack","headphone-jack","pre-out-rca","pre-out-xlr"]
   ~ maxSampleRateBitDepth: null -> "768kHz/32bit"
   ~ dsdSupport: null -> "dsd256-plus"
   ~ hiResCertification: null -> ["mqa"]
   ~ dacChipsetFamily: null -> ["ess-sabre"]
   ~ streamingPlatformSupport: null -> ["airplay2","roon-ready","dlna"]
   ~ networkConnection: null -> ["wifi","ethernet"]
   = driveType: unchanged (null)
   = turntableOperation: unchanged (null)
   = speedsSupported: unchanged (null)
   = phonoPreampBuiltIn: unchanged (null)
   = cartridgeIncluded: unchanged (null)
   = usbDigitalOutput: unchanged (null)
   ~ bluetoothCodecs: null -> ["SBC","AAC","aptX","aptX HD","LDAC"]
   = voiceAssistant: unchanged (null)
   = multiroomSupport: unchanged (null)
   ~ finishColor: null -> ["Black","White"]
   ~ rackMountable19: null -> false
   ~ countryOfManufacture: null -> "China"
   = awards: unchanged (null)
   = customerRating: unchanged (null)
   = condition: unchanged (null)
   = dealsDiscount: unchanged (null)
   = newArrival: unchanged (null)
   💾 backed up prior filterAttributes -> /home/jan/work/sanglogium/sanity-cms/backups/backup_headphones_PHPYj28HJdPDHAaIBAMKFk_2026-09-14T10-51-34-176Z.json
   ✅ patched. rev: Ch755lAE5GLsZ435CxbnYB

🎧 PATCH (WRITE) — Ferrum Audio Ferrum Oor Desktop Headphone Amplifier (MrEMtYwMtrFDGWmRnRKsJY)

   Field diff (filterAttributes.*):
   = brand: unchanged (["ferrum-audio"])
   = customerRating: unchanged (null)
   ~ condition: null -> "new"
   ~ inStock: true -> null
   ~ dealsDiscount: null -> "none"
   ~ newArrival: null -> false
   ~ awards: null -> ["eisa-best-headphone-amplifier-2022-2023","headfonia-best-amplifier-2024-readers-choice"]
   ~ deviceType: "headphone-amp" -> null
   ~ deviceConnectivity: null -> "wired"
   = formFactor: unchanged ("desktop")
   = dacIncluded: unchanged (false)
   ~ balancedOutput: false -> true
   ~ amplification: "solid-state" -> null
   = powerOutputPerChannelW: unchanged (null)
   = channelCount: unchanged (null)
   ~ inputs: ["rca"] -> null
   ~ outputs: ["4-pin-xlr","6.35mm"] -> null
   = phonoStageBuiltIn: unchanged (null)
   = trigger12v: unchanged (null)
   = remoteControlIncluded: unchanged (null)
   = maxSampleRateBitDepth: unchanged (null)
   = dsdSupport: unchanged (null)
   = hiResCertification: unchanged (null)
   = dacChipsetFamily: unchanged (null)
   = streamingPlatformSupport: unchanged (null)
   = networkConnection: unchanged (null)
   = driveType: unchanged (null)
   = turntableOperation: unchanged (null)
   = speedsSupported: unchanged (null)
   = phonoPreampBuiltIn: unchanged (null)
   = cartridgeIncluded: unchanged (null)
   = usbDigitalOutput: unchanged (null)
   = bluetoothCodecs: unchanged (null)
   = voiceAssistant: unchanged (null)
   = multiroomSupport: unchanged (null)
   ~ finishColor: null -> ["black","rust"]
   ~ rackMountable19: null -> false
   ~ countryOfManufacture: null -> "Poland"
   💾 backed up prior filterAttributes -> /home/jan/work/sanglogium/sanity-cms/backups/backup_headphones_MrEMtYwMtrFDGWmRnRKsJY_2026-09-14T10-51-35-399Z.json
   ✅ patched. rev: MzerujO1CrL1dzm03eQOr9

🎧 PATCH (WRITE) — Ferrum Audio Ferrum WANDLA 2.0 DAC (Pn6oyV4Ks5AcNbecjguCqf)

   Field diff (filterAttributes.*):
   = brand: unchanged (["ferrum-audio"])
   = customerRating: unchanged (null)
   ~ condition: null -> "new"
   ~ inStock: true -> null
   ~ dealsDiscount: null -> "none"
   ~ newArrival: null -> false
   ~ awards: null -> ["hificlube-dac-of-the-year-2023","headphone-show-dac-of-the-year-2023","eisa-award"]
   = deviceType: unchanged ("dac")
   ~ deviceConnectivity: null -> "wired"
   = formFactor: unchanged ("desktop")
   = dacIncluded: unchanged (true)
   ~ balancedOutput: false -> true
   ~ amplification: "solid-state" -> null
   = powerOutputPerChannelW: unchanged (null)
   = channelCount: unchanged (null)
   ~ inputs: ["usb"] -> ["usb","optical","coaxial","aes-ebu","hdmi-earc","i2s-iis","rca"]
   ~ outputs: ["4.4mm"] -> null
   = phonoStageBuiltIn: unchanged (null)
   = trigger12v: unchanged (null)
   = remoteControlIncluded: unchanged (null)
   ~ maxSampleRateBitDepth: null -> "768 kHz / 32-bit"
   ~ dsdSupport: null -> "dsd256-plus"
   ~ hiResCertification: null -> ["mqa"]
   ~ dacChipsetFamily: null -> ["ess-sabre"]
   = streamingPlatformSupport: unchanged (null)
   = networkConnection: unchanged (null)
   = driveType: unchanged (null)
   = turntableOperation: unchanged (null)
   = speedsSupported: unchanged (null)
   = phonoPreampBuiltIn: unchanged (null)
   = cartridgeIncluded: unchanged (null)
   = usbDigitalOutput: unchanged (null)
   = bluetoothCodecs: unchanged (null)
   = voiceAssistant: unchanged (null)
   = multiroomSupport: unchanged (null)
   ~ finishColor: null -> ["black","rust"]
   ~ rackMountable19: null -> false
   ~ countryOfManufacture: null -> "Poland"
   💾 backed up prior filterAttributes -> /home/jan/work/sanglogium/sanity-cms/backups/backup_headphones_Pn6oyV4Ks5AcNbecjguCqf_2026-09-14T10-51-36-434Z.json
   ✅ patched. rev: Ch755lAE5GLsZ435Cxbnfp

🎧 PATCH (WRITE) — Ferrum Audio Ferrum WANDLA DAC - GoldenSound Edition (n10eAegrGspodtsQvy4b6u)

   Field diff (filterAttributes.*):
   = brand: unchanged (["ferrum-audio"])
   = customerRating: unchanged (null)
   ~ condition: null -> "new"
   ~ inStock: true -> null
   ~ dealsDiscount: null -> "none"
   ~ newArrival: null -> false
   ~ awards: null -> []
   = deviceType: unchanged ("dac")
   ~ deviceConnectivity: null -> "wired"
   = formFactor: unchanged ("desktop")
   = dacIncluded: unchanged (true)
   ~ balancedOutput: false -> true
   ~ amplification: "solid-state" -> null
   = powerOutputPerChannelW: unchanged (null)
   = channelCount: unchanged (null)
   ~ inputs: ["usb"] -> ["usb","optical","coaxial","aes-ebu","hdmi-earc","i2s-iis","rca"]
   ~ outputs: ["4.4mm"] -> null
   = phonoStageBuiltIn: unchanged (null)
   = trigger12v: unchanged (null)
   = remoteControlIncluded: unchanged (null)
   ~ maxSampleRateBitDepth: null -> "768 kHz / 32-bit"
   ~ dsdSupport: null -> "dsd256-plus"
   ~ hiResCertification: null -> []
   ~ dacChipsetFamily: null -> ["ess-sabre"]
   = streamingPlatformSupport: unchanged (null)
   = networkConnection: unchanged (null)
   = driveType: unchanged (null)
   = turntableOperation: unchanged (null)
   = speedsSupported: unchanged (null)
   = phonoPreampBuiltIn: unchanged (null)
   = cartridgeIncluded: unchanged (null)
   = usbDigitalOutput: unchanged (null)
   = bluetoothCodecs: unchanged (null)
   = voiceAssistant: unchanged (null)
   = multiroomSupport: unchanged (null)
   ~ finishColor: null -> ["black","rust"]
   ~ rackMountable19: null -> false
   ~ countryOfManufacture: null -> "Poland"
   💾 backed up prior filterAttributes -> /home/jan/work/sanglogium/sanity-cms/backups/backup_headphones_n10eAegrGspodtsQvy4b6u_2026-09-14T10-51-37-456Z.json
   ✅ patched. rev: Ch755lAE5GLsZ435Cxbnje

🎧 PATCH (WRITE) — Ferrum Audio Ferrum WANDLA HP DAC and Headphone Amplifier (Pn6oyV4Ks5AcNbecjkTlXf)

   Field diff (filterAttributes.*):
   = brand: unchanged (["ferrum-audio"])
   = customerRating: unchanged (null)
   ~ condition: null -> "new"
   = inStock: unchanged (true)
   ~ dealsDiscount: null -> "none"
   ~ newArrival: null -> false
   ~ awards: null -> []
   = deviceType: unchanged ("dac")
   ~ deviceConnectivity: null -> "wired"
   = formFactor: unchanged ("desktop")
   = dacIncluded: unchanged (true)
   ~ balancedOutput: false -> true
   ~ amplification: "solid-state" -> null
   = powerOutputPerChannelW: unchanged (null)
   = channelCount: unchanged (null)
   ~ inputs: ["usb"] -> ["usb","optical","coaxial","aes-ebu","hdmi-earc","i2s-iis","rca"]
   ~ outputs: ["4.4mm"] -> null
   = phonoStageBuiltIn: unchanged (null)
   = trigger12v: unchanged (null)
   = remoteControlIncluded: unchanged (null)
   ~ maxSampleRateBitDepth: null -> "768 kHz / 32-bit"
   ~ dsdSupport: null -> "dsd256-plus"
   ~ hiResCertification: null -> ["mqa"]
   ~ dacChipsetFamily: null -> ["ess-sabre"]
   = streamingPlatformSupport: unchanged (null)
   = networkConnection: unchanged (null)
   = driveType: unchanged (null)
   = turntableOperation: unchanged (null)
   = speedsSupported: unchanged (null)
   = phonoPreampBuiltIn: unchanged (null)
   = cartridgeIncluded: unchanged (null)
   = usbDigitalOutput: unchanged (null)
   = bluetoothCodecs: unchanged (null)
   = voiceAssistant: unchanged (null)
   = multiroomSupport: unchanged (null)
   ~ finishColor: null -> ["black","rust"]
   ~ rackMountable19: null -> false
   ~ countryOfManufacture: null -> "Poland"
   💾 backed up prior filterAttributes -> /home/jan/work/sanglogium/sanity-cms/backups/backup_headphones_Pn6oyV4Ks5AcNbecjkTlXf_2026-09-14T10-51-38-459Z.json
   ✅ patched. rev: MzerujO1CrL1dzm03eQPI3

🎧 PATCH (WRITE) — Eversolo Eversolo DAC-Z8 Desktop DAC and Amp (Pn6oyV4Ks5AcNbecjkThBz)

   Field diff (filterAttributes.*):
   ~ deviceType: "dac-amp-combo" -> "dac"
   ~ deviceConnectivity: null -> "wired-wireless"
   = formFactor: unchanged ("desktop")
   ~ amplification: "solid-state" -> null
   = powerOutputPerChannelW: unchanged (null)
   = channelCount: unchanged (null)
   = phonoStageBuiltIn: unchanged (null)
   = trigger12v: unchanged (null)
   = remoteControlIncluded: unchanged (null)
   = driveType: unchanged (null)
   = turntableOperation: unchanged (null)
   = speedsSupported: unchanged (null)
   = phonoPreampBuiltIn: unchanged (null)
   = cartridgeIncluded: unchanged (null)
   = usbDigitalOutput: unchanged (null)
   = voiceAssistant: unchanged (null)
   = multiroomSupport: unchanged (null)
   = countryOfManufacture: unchanged (null)
   = customerRating: unchanged (null)
   = condition: unchanged (null)
   = dealsDiscount: unchanged (null)
   = newArrival: unchanged (null)
   = dacIncluded: unchanged (true)
   ~ balancedOutput: false -> true
   ~ inputs: ["usb"] -> ["bluetooth","usb","optical","coaxial"]
   ~ outputs: ["4.4mm"] -> null
   ~ maxSampleRateBitDepth: null -> "DSD512, PCM 768 kHz 32-bit, MQA"
   ~ dsdSupport: null -> "dsd256-plus"
   ~ hiResCertification: null -> ["mqa"]
   ~ dacChipsetFamily: null -> ["ess-sabre"]
   = streamingPlatformSupport: unchanged (null)
   = networkConnection: unchanged (null)
   ~ bluetoothCodecs: null -> ["sbc","aac","aptx","aptx-hd","ldac"]
   = finishColor: unchanged (null)
   ~ rackMountable19: null -> false
   ~ awards: null -> []
   💾 backed up prior filterAttributes -> /home/jan/work/sanglogium/sanity-cms/backups/backup_headphones_Pn6oyV4Ks5AcNbecjkThBz_2026-09-14T10-51-39-478Z.json
   ✅ patched. rev: 7P2D00ai8KUgrZgiFcwyUX

🎧 PATCH (WRITE) — Eversolo Eversolo DMP-A6 Master Edition Streamer and DAC (MrEMtYwMtrFDGWmRnN8E5N)

   Field diff (filterAttributes.*):
   = deviceType: unchanged ("network-streamer")
   ~ deviceConnectivity: null -> "wifi-networked"
   = formFactor: unchanged ("desktop")
   ~ amplification: "solid-state" -> null
   = powerOutputPerChannelW: unchanged (null)
   = channelCount: unchanged (null)
   = phonoStageBuiltIn: unchanged (null)
   = trigger12v: unchanged (null)
   = remoteControlIncluded: unchanged (null)
   = driveType: unchanged (null)
   = turntableOperation: unchanged (null)
   = speedsSupported: unchanged (null)
   = phonoPreampBuiltIn: unchanged (null)
   = cartridgeIncluded: unchanged (null)
   = usbDigitalOutput: unchanged (null)
   = voiceAssistant: unchanged (null)
   = multiroomSupport: unchanged (null)
   = countryOfManufacture: unchanged (null)
   = customerRating: unchanged (null)
   = condition: unchanged (null)
   = dealsDiscount: unchanged (null)
   = newArrival: unchanged (null)
   = dacIncluded: unchanged (true)
   ~ balancedOutput: false -> true
   ~ inputs: ["usb"] -> ["usb","optical","coaxial","hdmi-earc","bluetooth","ethernet-lan"]
   ~ outputs: ["4.4mm"] -> null
   ~ maxSampleRateBitDepth: null -> "DSD512, PCM 768 kHz 32-bit, MQA"
   ~ dsdSupport: null -> "dsd256-plus"
   ~ hiResCertification: null -> ["mqa"]
   ~ dacChipsetFamily: null -> ["ess-sabre"]
   ~ streamingPlatformSupport: null -> ["roon-ready","dlna","tidal-connect"]
   ~ networkConnection: null -> ["wifi","ethernet"]
   ~ bluetoothCodecs: null -> ["sbc","aac"]
   ~ finishColor: null -> ["black","silver"]
   ~ rackMountable19: null -> false
   ~ awards: null -> []
   💾 backed up prior filterAttributes -> /home/jan/work/sanglogium/sanity-cms/backups/backup_headphones_MrEMtYwMtrFDGWmRnN8E5N_2026-09-14T10-51-40-496Z.json
   ✅ patched. rev: MzerujO1CrL1dzm03eQPZz

🎧 PATCH (WRITE) — Eversolo Eversolo DMP-A6 Streamer and DAC Gen 2 (Pn6oyV4Ks5AcNbecjgtLZ7)

   Field diff (filterAttributes.*):
   = deviceType: unchanged ("network-streamer")
   ~ deviceConnectivity: null -> "wifi-networked"
   = formFactor: unchanged ("desktop")
   ~ amplification: "solid-state" -> null
   = powerOutputPerChannelW: unchanged (null)
   = channelCount: unchanged (null)
   = phonoStageBuiltIn: unchanged (null)
   = trigger12v: unchanged (null)
   = remoteControlIncluded: unchanged (null)
   = driveType: unchanged (null)
   = turntableOperation: unchanged (null)
   = speedsSupported: unchanged (null)
   = phonoPreampBuiltIn: unchanged (null)
   = cartridgeIncluded: unchanged (null)
   = usbDigitalOutput: unchanged (null)
   = voiceAssistant: unchanged (null)
   = multiroomSupport: unchanged (null)
   = countryOfManufacture: unchanged (null)
   = customerRating: unchanged (null)
   = condition: unchanged (null)
   = dealsDiscount: unchanged (null)
   = newArrival: unchanged (null)
   = dacIncluded: unchanged (true)
   ~ balancedOutput: false -> true
   ~ inputs: ["usb"] -> ["usb","optical","coaxial","hdmi-earc","bluetooth","ethernet-lan"]
   ~ outputs: ["4.4mm"] -> null
   ~ maxSampleRateBitDepth: null -> "DSD512, PCM 768 kHz 32-bit, MQA"
   ~ dsdSupport: null -> "dsd256-plus"
   ~ hiResCertification: null -> ["mqa"]
   ~ dacChipsetFamily: null -> ["ess-sabre"]
   ~ streamingPlatformSupport: null -> ["roon-ready","dlna","tidal-connect"]
   ~ networkConnection: null -> ["wifi","ethernet"]
   ~ bluetoothCodecs: null -> ["sbc","aac"]
   = finishColor: unchanged (null)
   ~ rackMountable19: null -> false
   ~ awards: null -> []
   💾 backed up prior filterAttributes -> /home/jan/work/sanglogium/sanity-cms/backups/backup_headphones_Pn6oyV4Ks5AcNbecjgtLZ7_2026-09-14T10-51-41-540Z.json
   ✅ patched. rev: MzerujO1CrL1dzm03eQPrv

🎧 PATCH (WRITE) — Eversolo Eversolo DMP-A6 Streamer and DAC (n10eAegrGspodtsQw134Ce)

   Field diff (filterAttributes.*):
   = deviceType: unchanged ("network-streamer")
   ~ deviceConnectivity: null -> "wifi-networked"
   = formFactor: unchanged ("desktop")
   ~ amplification: "solid-state" -> null
   = powerOutputPerChannelW: unchanged (null)
   = channelCount: unchanged (null)
   = phonoStageBuiltIn: unchanged (null)
   = trigger12v: unchanged (null)
   = remoteControlIncluded: unchanged (null)
   = driveType: unchanged (null)
   = turntableOperation: unchanged (null)
   = speedsSupported: unchanged (null)
   = phonoPreampBuiltIn: unchanged (null)
   = cartridgeIncluded: unchanged (null)
   = usbDigitalOutput: unchanged (null)
   = voiceAssistant: unchanged (null)
   = multiroomSupport: unchanged (null)
   = countryOfManufacture: unchanged (null)
   = customerRating: unchanged (null)
   = condition: unchanged (null)
   = dealsDiscount: unchanged (null)
   = newArrival: unchanged (null)
   = dacIncluded: unchanged (true)
   ~ balancedOutput: false -> true
   ~ inputs: ["usb"] -> ["usb","optical","coaxial","bluetooth","ethernet-lan"]
   ~ outputs: ["4.4mm"] -> null
   ~ maxSampleRateBitDepth: null -> "DSD512, PCM 768 kHz 32-bit, MQA"
   ~ dsdSupport: null -> "dsd256-plus"
   ~ hiResCertification: null -> ["mqa"]
   ~ dacChipsetFamily: null -> ["ess-sabre"]
   ~ streamingPlatformSupport: null -> ["roon-ready","dlna","tidal-connect"]
   ~ networkConnection: null -> ["wifi","ethernet"]
   ~ bluetoothCodecs: null -> ["sbc","aac","aptx","aptx-hd","ldac"]
   = finishColor: unchanged (null)
   ~ rackMountable19: null -> false
   ~ awards: null -> []
   💾 backed up prior filterAttributes -> /home/jan/work/sanglogium/sanity-cms/backups/backup_headphones_n10eAegrGspodtsQw134Ce_2026-09-14T10-51-42-542Z.json
   ✅ patched. rev: 7P2D00ai8KUgrZgiFcwydt

🎧 PATCH (WRITE) — Eversolo Eversolo DMP-A8 All-In-One Streamer, DAC Amp, Preamp (n10eAegrGspodtsQw12tbj)

   Field diff (filterAttributes.*):
   ~ deviceType: "dac" -> "network-streamer"
   ~ deviceConnectivity: null -> "wifi-networked"
   = formFactor: unchanged ("desktop")
   ~ amplification: "solid-state" -> null
   = powerOutputPerChannelW: unchanged (null)
   = channelCount: unchanged (null)
   = phonoStageBuiltIn: unchanged (null)
   = trigger12v: unchanged (null)
   = remoteControlIncluded: unchanged (null)
   = driveType: unchanged (null)
   = turntableOperation: unchanged (null)
   = speedsSupported: unchanged (null)
   = phonoPreampBuiltIn: unchanged (null)
   = cartridgeIncluded: unchanged (null)
   = usbDigitalOutput: unchanged (null)
   = voiceAssistant: unchanged (null)
   = multiroomSupport: unchanged (null)
   = countryOfManufacture: unchanged (null)
   = customerRating: unchanged (null)
   = condition: unchanged (null)
   = dealsDiscount: unchanged (null)
   = newArrival: unchanged (null)
   = dacIncluded: unchanged (true)
   ~ balancedOutput: false -> true
   ~ inputs: ["usb"] -> ["usb","optical","coaxial","hdmi-earc","xlr-balanced","rca","bluetooth","ethernet-lan"]
   ~ outputs: ["4.4mm"] -> null
   ~ maxSampleRateBitDepth: null -> "DSD512, PCM 768 kHz 32-bit"
   ~ dsdSupport: null -> "dsd256-plus"
   ~ hiResCertification: null -> []
   ~ dacChipsetFamily: null -> ["akm"]
   ~ streamingPlatformSupport: null -> ["roon-ready","airplay2","dlna","tidal-connect"]
   ~ networkConnection: null -> ["wifi","ethernet"]
   ~ bluetoothCodecs: null -> ["sbc","aac","aptx","aptx-hd","ldac"]
   = finishColor: unchanged (null)
   ~ rackMountable19: null -> false
   ~ awards: null -> []
   💾 backed up prior filterAttributes -> /home/jan/work/sanglogium/sanity-cms/backups/backup_headphones_n10eAegrGspodtsQw12tbj_2026-09-14T10-51-43-617Z.json
   ✅ patched. rev: Ch755lAE5GLsZ435Cxbo0D

🎧 PATCH (WRITE) — Eversolo Eversolo DMP-A8 All-In-One Streamer, DAC, Preamp (MrEMtYwMtrFDGWmRnN82fv)

   Field diff (filterAttributes.*):
   = deviceType: unchanged ("network-streamer")
   ~ deviceConnectivity: null -> "wifi-networked"
   = formFactor: unchanged ("desktop")
   ~ amplification: "solid-state" -> null
   = powerOutputPerChannelW: unchanged (null)
   = channelCount: unchanged (null)
   = phonoStageBuiltIn: unchanged (null)
   = trigger12v: unchanged (null)
   = remoteControlIncluded: unchanged (null)
   = driveType: unchanged (null)
   = turntableOperation: unchanged (null)
   = speedsSupported: unchanged (null)
   = phonoPreampBuiltIn: unchanged (null)
   = cartridgeIncluded: unchanged (null)
   = usbDigitalOutput: unchanged (null)
   = voiceAssistant: unchanged (null)
   = multiroomSupport: unchanged (null)
   = countryOfManufacture: unchanged (null)
   = customerRating: unchanged (null)
   = condition: unchanged (null)
   = dealsDiscount: unchanged (null)
   = newArrival: unchanged (null)
   = dacIncluded: unchanged (true)
   ~ balancedOutput: false -> true
   ~ inputs: ["usb"] -> ["usb","optical","coaxial","hdmi-earc","xlr-balanced","rca","bluetooth","ethernet-lan"]
   ~ outputs: ["4.4mm"] -> null
   ~ maxSampleRateBitDepth: null -> "DSD512, PCM 768 kHz 32-bit"
   ~ dsdSupport: null -> "dsd256-plus"
   ~ hiResCertification: null -> []
   ~ dacChipsetFamily: null -> ["akm"]
   ~ streamingPlatformSupport: null -> ["roon-ready","airplay2","dlna","tidal-connect"]
   ~ networkConnection: null -> ["wifi","ethernet"]
   ~ bluetoothCodecs: null -> ["sbc","aac","aptx","aptx-hd","ldac"]
   = finishColor: unchanged (null)
   ~ rackMountable19: null -> false
   ~ awards: null -> []
   💾 backed up prior filterAttributes -> /home/jan/work/sanglogium/sanity-cms/backups/backup_headphones_MrEMtYwMtrFDGWmRnN82fv_2026-09-14T10-51-44-640Z.json
   ✅ patched. rev: Ch755lAE5GLsZ435Cxbo5J

🎧 PATCH (WRITE) — Eversolo Eversolo DMP-A8 Network Streamer with Built-In DAC (ZuUKzmkqDyQwdcwhxlJjyP)

   Field diff (filterAttributes.*):
   = deviceType: unchanged ("network-streamer")
   ~ deviceConnectivity: null -> "wifi-networked"
   = formFactor: unchanged ("desktop")
   ~ amplification: "solid-state" -> null
   = powerOutputPerChannelW: unchanged (null)
   = channelCount: unchanged (null)
   = phonoStageBuiltIn: unchanged (null)
   = trigger12v: unchanged (null)
   = remoteControlIncluded: unchanged (null)
   = driveType: unchanged (null)
   = turntableOperation: unchanged (null)
   = speedsSupported: unchanged (null)
   = phonoPreampBuiltIn: unchanged (null)
   = cartridgeIncluded: unchanged (null)
   = usbDigitalOutput: unchanged (null)
   = voiceAssistant: unchanged (null)
   = multiroomSupport: unchanged (null)
   = countryOfManufacture: unchanged (null)
   = customerRating: unchanged (null)
   = condition: unchanged (null)
   = dealsDiscount: unchanged (null)
   = newArrival: unchanged (null)
   = dacIncluded: unchanged (true)
   ~ balancedOutput: false -> true
   ~ inputs: ["usb"] -> ["usb","optical","coaxial","hdmi-earc","xlr-balanced","rca","bluetooth","ethernet-lan"]
   ~ outputs: ["4.4mm"] -> null
   ~ maxSampleRateBitDepth: null -> "DSD512, PCM 768 kHz 32-bit"
   ~ dsdSupport: null -> "dsd256-plus"
   ~ hiResCertification: null -> []
   ~ dacChipsetFamily: null -> ["akm"]
   ~ streamingPlatformSupport: null -> ["roon-ready","airplay2","dlna","tidal-connect"]
   ~ networkConnection: null -> ["wifi","ethernet"]
   ~ bluetoothCodecs: null -> ["sbc","aac","aptx","aptx-hd","ldac"]
   = finishColor: unchanged (null)
   ~ rackMountable19: null -> false
   ~ awards: null -> []
   💾 backed up prior filterAttributes -> /home/jan/work/sanglogium/sanity-cms/backups/backup_headphones_ZuUKzmkqDyQwdcwhxlJjyP_2026-09-14T10-51-45-703Z.json
   ✅ patched. rev: 7P2D00ai8KUgrZgiFcwyku

🎧 PATCH (WRITE) — AudioQuest AudioQuest DragonFly Cobalt USB DAC/Amp (moXlkADK7m1DHgGwWwEgQe)

   Field diff (filterAttributes.*):
   = brand: unchanged (["audioquest"])
   = customerRating: unchanged (null)
   ~ condition: null -> "new"
   = inStock: unchanged (true)
   ~ dealsDiscount: null -> "none"
   ~ newArrival: null -> false
   = awards: unchanged (null)
   ~ deviceType: "dac-amp-combo" -> "dac"
   ~ deviceConnectivity: null -> "wired"
   = formFactor: unchanged ("portable")
   = dacIncluded: unchanged (true)
   ~ balancedOutput: false -> null
   ~ amplification: "solid-state" -> null
   = powerOutputPerChannelW: unchanged (null)
   = channelCount: unchanged (null)
   = inputs: unchanged (["usb"])
   ~ outputs: ["4.4mm"] -> null
   = phonoStageBuiltIn: unchanged (null)
   = trigger12v: unchanged (null)
   = remoteControlIncluded: unchanged (null)
   ~ maxSampleRateBitDepth: null -> "24-bit / 96kHz"
   = dsdSupport: unchanged (null)
   ~ hiResCertification: null -> ["mqa"]
   ~ dacChipsetFamily: null -> ["ess-sabre"]
   = streamingPlatformSupport: unchanged (null)
   = networkConnection: unchanged (null)
   = driveType: unchanged (null)
   = turntableOperation: unchanged (null)
   = speedsSupported: unchanged (null)
   = phonoPreampBuiltIn: unchanged (null)
   = cartridgeIncluded: unchanged (null)
   = usbDigitalOutput: unchanged (null)
   = bluetoothCodecs: unchanged (null)
   = voiceAssistant: unchanged (null)
   = multiroomSupport: unchanged (null)
   = finishColor: unchanged (null)
   ~ rackMountable19: null -> false
   = countryOfManufacture: unchanged (null)
   💾 backed up prior filterAttributes -> /home/jan/work/sanglogium/sanity-cms/backups/backup_headphones_moXlkADK7m1DHgGwWwEgQe_2026-09-14T10-51-47-014Z.json
   ✅ patched. rev: 7P2D00ai8KUgrZgiFcwyuG

🎧 PATCH (WRITE) — AudioQuest AudioQuest JitterBug FMJ USB 2.0 Data & Power Noise Filter (k27n1AQuIbSr5iozG1vKge)

   Field diff (filterAttributes.*):
   = brand: unchanged (["audioquest"])
   = customerRating: unchanged (null)
   ~ condition: null -> "new"
   = inStock: unchanged (true)
   ~ dealsDiscount: null -> "none"
   ~ newArrival: null -> false
   = awards: unchanged (null)
   ~ deviceType: "dac-amp-combo" -> null
   ~ deviceConnectivity: null -> "wired"
   ~ formFactor: "portable" -> null
   ~ dacIncluded: true -> false
   ~ balancedOutput: false -> null
   ~ amplification: "solid-state" -> null
   = powerOutputPerChannelW: unchanged (null)
   = channelCount: unchanged (null)
   ~ inputs: ["usb"] -> null
   ~ outputs: ["4.4mm"] -> null
   = phonoStageBuiltIn: unchanged (null)
   = trigger12v: unchanged (null)
   = remoteControlIncluded: unchanged (null)
   = maxSampleRateBitDepth: unchanged (null)
   = dsdSupport: unchanged (null)
   = hiResCertification: unchanged (null)
   = dacChipsetFamily: unchanged (null)
   = streamingPlatformSupport: unchanged (null)
   = networkConnection: unchanged (null)
   = driveType: unchanged (null)
   = turntableOperation: unchanged (null)
   = speedsSupported: unchanged (null)
   = phonoPreampBuiltIn: unchanged (null)
   = cartridgeIncluded: unchanged (null)
   = usbDigitalOutput: unchanged (null)
   = bluetoothCodecs: unchanged (null)
   = voiceAssistant: unchanged (null)
   = multiroomSupport: unchanged (null)
   = finishColor: unchanged (null)
   ~ rackMountable19: null -> false
   ~ countryOfManufacture: null -> "USA"
   💾 backed up prior filterAttributes -> /home/jan/work/sanglogium/sanity-cms/backups/backup_headphones_k27n1AQuIbSr5iozG1vKge_2026-09-14T10-51-48-171Z.json
   ✅ patched. rev: 7P2D00ai8KUgrZgiFcwz3c

🎧 PATCH (WRITE) — Astell&Kern Astell&Kern A&norma SR35 | Digital Audio Player (PHPYj28HJdPDHAaIBANTBA)

   Field diff (filterAttributes.*):
   = brand: unchanged (["astell-and-kern"])
   = customerRating: unchanged (null)
   ~ awards: null -> []
   = condition: unchanged (null)
   = dealsDiscount: unchanged (null)
   = newArrival: unchanged (null)
   ~ deviceType: "dap" -> null
   ~ deviceConnectivity: null -> "wired-wireless"
   ~ formFactor: "desktop" -> "portable"
   = dacIncluded: unchanged (true)
   ~ balancedOutput: false -> true
   ~ amplification: "solid-state" -> null
   = powerOutputPerChannelW: unchanged (null)
   = channelCount: unchanged (null)
   ~ inputs: ["usb"] -> null
   ~ outputs: ["4.4mm"] -> null
   = phonoStageBuiltIn: unchanged (null)
   = trigger12v: unchanged (null)
   = remoteControlIncluded: unchanged (null)
   ~ maxSampleRateBitDepth: null -> "PCM 32-bit/384kHz; DSD256"
   ~ dsdSupport: null -> "dsd256-plus"
   ~ hiResCertification: null -> ["mqa"]
   ~ dacChipsetFamily: null -> ["cirrus-logic"]
   ~ streamingPlatformSupport: null -> ["roon-ready"]
   ~ networkConnection: null -> ["wifi"]
   = driveType: unchanged (null)
   = turntableOperation: unchanged (null)
   = speedsSupported: unchanged (null)
   = phonoPreampBuiltIn: unchanged (null)
   = cartridgeIncluded: unchanged (null)
   = usbDigitalOutput: unchanged (null)
   ~ bluetoothCodecs: null -> ["aptX HD","LDAC"]
   = voiceAssistant: unchanged (null)
   = multiroomSupport: unchanged (null)
   ~ finishColor: null -> ["charcoal-grey"]
   ~ rackMountable19: null -> false
   = countryOfManufacture: unchanged (null)
   💾 backed up prior filterAttributes -> /home/jan/work/sanglogium/sanity-cms/backups/backup_headphones_PHPYj28HJdPDHAaIBANTBA_2026-09-14T10-51-49-140Z.json
   ✅ patched. rev: MzerujO1CrL1dzm03eQQWH

🎧 PATCH (WRITE) — Astell&Kern Astell&Kern A&ultima SP3000M | Digital Audio Player (PHPYj28HJdPDHAaIBANGzM)

   Field diff (filterAttributes.*):
   = brand: unchanged (["astell-and-kern"])
   = customerRating: unchanged (null)
   ~ awards: null -> []
   = condition: unchanged (null)
   = dealsDiscount: unchanged (null)
   = newArrival: unchanged (null)
   ~ deviceType: "dap" -> null
   ~ deviceConnectivity: null -> "wired-wireless"
   ~ formFactor: "desktop" -> "portable"
   = dacIncluded: unchanged (true)
   ~ balancedOutput: false -> true
   ~ amplification: "solid-state" -> null
   = powerOutputPerChannelW: unchanged (null)
   = channelCount: unchanged (null)
   ~ inputs: ["usb"] -> null
   ~ outputs: ["4.4mm"] -> null
   = phonoStageBuiltIn: unchanged (null)
   = trigger12v: unchanged (null)
   = remoteControlIncluded: unchanged (null)
   ~ maxSampleRateBitDepth: null -> "PCM 32-bit/768kHz; DSD512"
   ~ dsdSupport: null -> "dsd256-plus"
   ~ hiResCertification: null -> []
   ~ dacChipsetFamily: null -> ["akm"]
   = streamingPlatformSupport: unchanged (null)
   ~ networkConnection: null -> ["wifi"]
   = driveType: unchanged (null)
   = turntableOperation: unchanged (null)
   = speedsSupported: unchanged (null)
   = phonoPreampBuiltIn: unchanged (null)
   = cartridgeIncluded: unchanged (null)
   = usbDigitalOutput: unchanged (null)
   ~ bluetoothCodecs: null -> ["aptX HD","LDAC"]
   = voiceAssistant: unchanged (null)
   = multiroomSupport: unchanged (null)
   ~ finishColor: null -> ["black"]
   ~ rackMountable19: null -> false
   = countryOfManufacture: unchanged (null)
   💾 backed up prior filterAttributes -> /home/jan/work/sanglogium/sanity-cms/backups/backup_headphones_PHPYj28HJdPDHAaIBANGzM_2026-09-14T10-51-50-154Z.json
   ✅ patched. rev: 7P2D00ai8KUgrZgiFcwzHe

🎧 PATCH (WRITE) — Astell&Kern Astell&Kern A&ultima SP3000T | Vacuum Tube Digital Audio Player (Pn6oyV4Ks5AcNbecjh4PL8)

   Field diff (filterAttributes.*):
   = brand: unchanged (["astell-and-kern"])
   = customerRating: unchanged (null)
   ~ awards: null -> []
   = condition: unchanged (null)
   = dealsDiscount: unchanged (null)
   = newArrival: unchanged (null)
   ~ deviceType: "dap" -> null
   ~ deviceConnectivity: null -> "wired-wireless"
   ~ formFactor: "desktop" -> "portable"
   = dacIncluded: unchanged (true)
   ~ balancedOutput: false -> true
   ~ amplification: "tube" -> null
   = powerOutputPerChannelW: unchanged (null)
   = channelCount: unchanged (null)
   ~ inputs: ["usb"] -> null
   ~ outputs: ["4.4mm"] -> null
   = phonoStageBuiltIn: unchanged (null)
   = trigger12v: unchanged (null)
   = remoteControlIncluded: unchanged (null)
   ~ maxSampleRateBitDepth: null -> "PCM 32-bit/768kHz; DSD512"
   ~ dsdSupport: null -> "dsd256-plus"
   ~ hiResCertification: null -> ["mqa"]
   ~ dacChipsetFamily: null -> ["akm"]
   = streamingPlatformSupport: unchanged (null)
   ~ networkConnection: null -> ["wifi"]
   = driveType: unchanged (null)
   = turntableOperation: unchanged (null)
   = speedsSupported: unchanged (null)
   = phonoPreampBuiltIn: unchanged (null)
   = cartridgeIncluded: unchanged (null)
   = usbDigitalOutput: unchanged (null)
   ~ bluetoothCodecs: null -> ["aptX HD","LDAC"]
   = voiceAssistant: unchanged (null)
   = multiroomSupport: unchanged (null)
   ~ finishColor: null -> ["black","silver"]
   ~ rackMountable19: null -> false
   = countryOfManufacture: unchanged (null)
   💾 backed up prior filterAttributes -> /home/jan/work/sanglogium/sanity-cms/backups/backup_headphones_Pn6oyV4Ks5AcNbecjh4PL8_2026-09-14T10-51-51-175Z.json
   ✅ patched. rev: MzerujO1CrL1dzm03eQQjj

🎧 PATCH (WRITE) — Astell&Kern Astell&Kern A&Ultima SP4000 | Digital Audio Player (MrEMtYwMtrFDGWmRnNKGX9)

   Field diff (filterAttributes.*):
   = brand: unchanged (["astell-and-kern"])
   = customerRating: unchanged (null)
   ~ awards: null -> []
   = condition: unchanged (null)
   = dealsDiscount: unchanged (null)
   = newArrival: unchanged (null)
   ~ deviceType: "dap" -> null
   ~ deviceConnectivity: null -> "wired-wireless"
   ~ formFactor: "desktop" -> "portable"
   = dacIncluded: unchanged (true)
   ~ balancedOutput: false -> true
   ~ amplification: "solid-state" -> null
   = powerOutputPerChannelW: unchanged (null)
   = channelCount: unchanged (null)
   ~ inputs: ["usb"] -> null
   ~ outputs: ["4.4mm"] -> null
   = phonoStageBuiltIn: unchanged (null)
   = trigger12v: unchanged (null)
   = remoteControlIncluded: unchanged (null)
   ~ maxSampleRateBitDepth: null -> "PCM 32-bit/768kHz; DSD512"
   ~ dsdSupport: null -> "dsd256-plus"
   ~ hiResCertification: null -> []
   ~ dacChipsetFamily: null -> ["akm"]
   = streamingPlatformSupport: unchanged (null)
   ~ networkConnection: null -> ["wifi"]
   = driveType: unchanged (null)
   = turntableOperation: unchanged (null)
   = speedsSupported: unchanged (null)
   = phonoPreampBuiltIn: unchanged (null)
   = cartridgeIncluded: unchanged (null)
   = usbDigitalOutput: unchanged (null)
   ~ bluetoothCodecs: null -> ["SBC","AAC","aptX HD","LDAC"]
   = voiceAssistant: unchanged (null)
   = multiroomSupport: unchanged (null)
   ~ finishColor: null -> ["black","silver"]
   ~ rackMountable19: null -> false
   = countryOfManufacture: unchanged (null)
   💾 backed up prior filterAttributes -> /home/jan/work/sanglogium/sanity-cms/backups/backup_headphones_MrEMtYwMtrFDGWmRnNKGX9_2026-09-14T10-51-52-209Z.json
   ✅ patched. rev: 7P2D00ai8KUgrZgiFcwzR0

🎧 PATCH (WRITE) — Astell&Kern Astell&Kern A&ultima SP4000T | Vacuum Tube Digital Audio Player (Pn6oyV4Ks5AcNbecjh3y6H)

   Field diff (filterAttributes.*):
   = brand: unchanged (["astell-and-kern"])
   = customerRating: unchanged (null)
   ~ awards: null -> []
   = condition: unchanged (null)
   = dealsDiscount: unchanged (null)
   = newArrival: unchanged (null)
   ~ deviceType: "dap" -> null
   ~ deviceConnectivity: null -> "wired-wireless"
   ~ formFactor: "desktop" -> "portable"
   = dacIncluded: unchanged (true)
   ~ balancedOutput: false -> true
   ~ amplification: "tube" -> null
   = powerOutputPerChannelW: unchanged (null)
   = channelCount: unchanged (null)
   ~ inputs: ["usb"] -> null
   ~ outputs: ["4.4mm"] -> null
   = phonoStageBuiltIn: unchanged (null)
   = trigger12v: unchanged (null)
   = remoteControlIncluded: unchanged (null)
   ~ maxSampleRateBitDepth: null -> "PCM 32-bit/768kHz; DSD512"
   ~ dsdSupport: null -> "dsd256-plus"
   ~ hiResCertification: null -> []
   ~ dacChipsetFamily: null -> ["akm"]
   = streamingPlatformSupport: unchanged (null)
   ~ networkConnection: null -> ["wifi"]
   = driveType: unchanged (null)
   = turntableOperation: unchanged (null)
   = speedsSupported: unchanged (null)
   = phonoPreampBuiltIn: unchanged (null)
   = cartridgeIncluded: unchanged (null)
   = usbDigitalOutput: unchanged (null)
   ~ bluetoothCodecs: null -> ["SBC","AAC","aptX HD","LDAC"]
   = voiceAssistant: unchanged (null)
   = multiroomSupport: unchanged (null)
   ~ finishColor: null -> ["silver","copper"]
   ~ rackMountable19: null -> false
   = countryOfManufacture: unchanged (null)
   💾 backed up prior filterAttributes -> /home/jan/work/sanglogium/sanity-cms/backups/backup_headphones_Pn6oyV4Ks5AcNbecjh3y6H_2026-09-14T10-51-53-217Z.json
   ✅ patched. rev: 7P2D00ai8KUgrZgiFcwzf2

🎧 PATCH (WRITE) — Astell&Kern Astell&Kern Acro CA1000T | Transportable Digital Audio Player (PHPYj28HJdPDHAaIBANaSM)

   Field diff (filterAttributes.*):
   = brand: unchanged (["astell-and-kern"])
   = customerRating: unchanged (null)
   ~ awards: null -> []
   = condition: unchanged (null)
   = dealsDiscount: unchanged (null)
   = newArrival: unchanged (null)
   ~ deviceType: "dap" -> null
   ~ deviceConnectivity: null -> "wired-wireless"
   = formFactor: unchanged ("desktop")
   = dacIncluded: unchanged (true)
   ~ balancedOutput: false -> true
   ~ amplification: "solid-state" -> null
   = powerOutputPerChannelW: unchanged (null)
   = channelCount: unchanged (null)
   ~ inputs: ["usb"] -> null
   ~ outputs: ["4.4mm"] -> null
   = phonoStageBuiltIn: unchanged (null)
   = trigger12v: unchanged (null)
   = remoteControlIncluded: unchanged (null)
   ~ maxSampleRateBitDepth: null -> "PCM 32-bit/768kHz; DSD512"
   ~ dsdSupport: null -> "dsd256-plus"
   ~ hiResCertification: null -> ["mqa"]
   ~ dacChipsetFamily: null -> ["ess-sabre"]
   ~ streamingPlatformSupport: null -> ["roon-ready"]
   ~ networkConnection: null -> ["wifi"]
   = driveType: unchanged (null)
   = turntableOperation: unchanged (null)
   = speedsSupported: unchanged (null)
   = phonoPreampBuiltIn: unchanged (null)
   = cartridgeIncluded: unchanged (null)
   = usbDigitalOutput: unchanged (null)
   ~ bluetoothCodecs: null -> ["aptX HD","LDAC"]
   = voiceAssistant: unchanged (null)
   = multiroomSupport: unchanged (null)
   ~ finishColor: null -> ["rich-gray"]
   ~ rackMountable19: null -> false
   = countryOfManufacture: unchanged (null)
   💾 backed up prior filterAttributes -> /home/jan/work/sanglogium/sanity-cms/backups/backup_headphones_PHPYj28HJdPDHAaIBANaSM_2026-09-14T10-51-54-230Z.json
   ✅ patched. rev: MzerujO1CrL1dzm03eQR1f

🎧 PATCH (WRITE) — Astell&Kern Astell&Kern AK HB1 | Portable Wired/Wireless Bluetooth DAC/Amp (MrEMtYwMtrFDGWmRnTCCwU)

   Field diff (filterAttributes.*):
   = brand: unchanged (["astell-and-kern"])
   = customerRating: unchanged (null)
   ~ awards: null -> []
   = condition: unchanged (null)
   = dealsDiscount: unchanged (null)
   = newArrival: unchanged (null)
   ~ deviceType: "dac-amp-combo" -> "dac"
   ~ deviceConnectivity: null -> "wired-wireless"
   = formFactor: unchanged ("portable")
   = dacIncluded: unchanged (true)
   ~ balancedOutput: false -> true
   ~ amplification: "solid-state" -> null
   = powerOutputPerChannelW: unchanged (null)
   = channelCount: unchanged (null)
   ~ inputs: ["bluetooth"] -> ["usb","bluetooth"]
   ~ outputs: ["4.4mm"] -> null
   = phonoStageBuiltIn: unchanged (null)
   = trigger12v: unchanged (null)
   = remoteControlIncluded: unchanged (null)
   ~ maxSampleRateBitDepth: null -> "PCM 32-bit/384kHz; DSD256"
   ~ dsdSupport: null -> "dsd256-plus"
   ~ hiResCertification: null -> ["mqa"]
   ~ dacChipsetFamily: null -> ["ess-sabre"]
   = streamingPlatformSupport: unchanged (null)
   = networkConnection: unchanged (null)
   = driveType: unchanged (null)
   = turntableOperation: unchanged (null)
   = speedsSupported: unchanged (null)
   = phonoPreampBuiltIn: unchanged (null)
   = cartridgeIncluded: unchanged (null)
   = usbDigitalOutput: unchanged (null)
   ~ bluetoothCodecs: null -> ["SBC","AAC","aptX","aptX HD","LDAC"]
   = voiceAssistant: unchanged (null)
   = multiroomSupport: unchanged (null)
   ~ finishColor: null -> ["shadow-black"]
   ~ rackMountable19: null -> false
   = countryOfManufacture: unchanged (null)
   💾 backed up prior filterAttributes -> /home/jan/work/sanglogium/sanity-cms/backups/backup_headphones_MrEMtYwMtrFDGWmRnTCCwU_2026-09-14T10-51-55-488Z.json
   ✅ patched. rev: 7P2D00ai8KUgrZgiFcwzoO

🎧 PATCH (WRITE) — Astell&Kern Astell&Kern AK HC4 | Portable DAC and Amp (PHPYj28HJdPDHAaIBDs9x8)

   Field diff (filterAttributes.*):
   = brand: unchanged (["astell-and-kern"])
   = customerRating: unchanged (null)
   ~ awards: null -> []
   = condition: unchanged (null)
   = dealsDiscount: unchanged (null)
   = newArrival: unchanged (null)
   ~ deviceType: "dac-amp-combo" -> "dac"
   ~ deviceConnectivity: null -> "wired"
   = formFactor: unchanged ("portable")
   = dacIncluded: unchanged (true)
   ~ balancedOutput: false -> true
   ~ amplification: "solid-state" -> null
   = powerOutputPerChannelW: unchanged (null)
   = channelCount: unchanged (null)
   = inputs: unchanged (["usb"])
   ~ outputs: ["4.4mm"] -> null
   = phonoStageBuiltIn: unchanged (null)
   = trigger12v: unchanged (null)
   = remoteControlIncluded: unchanged (null)
   ~ maxSampleRateBitDepth: null -> "PCM 32-bit/384kHz; DSD256"
   ~ dsdSupport: null -> "dsd256-plus"
   ~ hiResCertification: null -> []
   ~ dacChipsetFamily: null -> ["akm"]
   = streamingPlatformSupport: unchanged (null)
   = networkConnection: unchanged (null)
   = driveType: unchanged (null)
   = turntableOperation: unchanged (null)
   = speedsSupported: unchanged (null)
   = phonoPreampBuiltIn: unchanged (null)
   = cartridgeIncluded: unchanged (null)
   = usbDigitalOutput: unchanged (null)
   = bluetoothCodecs: unchanged (null)
   = voiceAssistant: unchanged (null)
   = multiroomSupport: unchanged (null)
   ~ finishColor: null -> ["aluminum"]
   ~ rackMountable19: null -> false
   = countryOfManufacture: unchanged (null)
   💾 backed up prior filterAttributes -> /home/jan/work/sanglogium/sanity-cms/backups/backup_headphones_PHPYj28HJdPDHAaIBDs9x8_2026-09-14T10-51-56-292Z.json
   ✅ patched. rev: MzerujO1CrL1dzm03eQRg1

🎧 PATCH (WRITE) — Astell&Kern Astell&Kern HC3 | Portable DAC and Amp (PHPYj28HJdPDHAaIBDs64e)

   Field diff (filterAttributes.*):
   = brand: unchanged (["astell-and-kern"])
   = customerRating: unchanged (null)
   ~ awards: null -> []
   = condition: unchanged (null)
   = dealsDiscount: unchanged (null)
   = newArrival: unchanged (null)
   ~ deviceType: "dac-amp-combo" -> "dac"
   ~ deviceConnectivity: null -> "wired"
   = formFactor: unchanged ("portable")
   = dacIncluded: unchanged (true)
   = balancedOutput: unchanged (false)
   ~ amplification: "solid-state" -> null
   = powerOutputPerChannelW: unchanged (null)
   = channelCount: unchanged (null)
   = inputs: unchanged (["usb"])
   ~ outputs: ["4.4mm"] -> null
   = phonoStageBuiltIn: unchanged (null)
   = trigger12v: unchanged (null)
   = remoteControlIncluded: unchanged (null)
   ~ maxSampleRateBitDepth: null -> "PCM 32-bit/384kHz; DSD256"
   ~ dsdSupport: null -> "dsd256-plus"
   ~ hiResCertification: null -> []
   ~ dacChipsetFamily: null -> ["ess-sabre"]
   = streamingPlatformSupport: unchanged (null)
   = networkConnection: unchanged (null)
   = driveType: unchanged (null)
   = turntableOperation: unchanged (null)
   = speedsSupported: unchanged (null)
   = phonoPreampBuiltIn: unchanged (null)
   = cartridgeIncluded: unchanged (null)
   = usbDigitalOutput: unchanged (null)
   = bluetoothCodecs: unchanged (null)
   = voiceAssistant: unchanged (null)
   = multiroomSupport: unchanged (null)
   ~ finishColor: null -> ["aluminum"]
   ~ rackMountable19: null -> false
   = countryOfManufacture: unchanged (null)
   💾 backed up prior filterAttributes -> /home/jan/work/sanglogium/sanity-cms/backups/backup_headphones_PHPYj28HJdPDHAaIBDs64e_2026-09-14T10-51-57-302Z.json
   ✅ patched. rev: MzerujO1CrL1dzm03eQS2R

🎧 PATCH (WRITE) — Astell&Kern Astell&Kern HC5 | Portable DAC and Amp (MrEMtYwMtrFDGWmRnTE4cB)

   Field diff (filterAttributes.*):
   = brand: unchanged (["astell-and-kern"])
   = customerRating: unchanged (null)
   ~ awards: null -> []
   = condition: unchanged (null)
   = dealsDiscount: unchanged (null)
   = newArrival: unchanged (null)
   ~ deviceType: "dac-amp-combo" -> "dac"
   ~ deviceConnectivity: null -> "wired"
   = formFactor: unchanged ("portable")
   = dacIncluded: unchanged (true)
   ~ balancedOutput: false -> true
   ~ amplification: "solid-state" -> null
   = powerOutputPerChannelW: unchanged (null)
   = channelCount: unchanged (null)
   = inputs: unchanged (["usb"])
   ~ outputs: ["4.4mm"] -> null
   = phonoStageBuiltIn: unchanged (null)
   = trigger12v: unchanged (null)
   = remoteControlIncluded: unchanged (null)
   ~ maxSampleRateBitDepth: null -> "PCM 32-bit/768kHz; DSD512"
   ~ dsdSupport: null -> "dsd256-plus"
   ~ hiResCertification: null -> []
   ~ dacChipsetFamily: null -> ["akm"]
   = streamingPlatformSupport: unchanged (null)
   = networkConnection: unchanged (null)
   = driveType: unchanged (null)
   = turntableOperation: unchanged (null)
   = speedsSupported: unchanged (null)
   = phonoPreampBuiltIn: unchanged (null)
   = cartridgeIncluded: unchanged (null)
   = usbDigitalOutput: unchanged (null)
   = bluetoothCodecs: unchanged (null)
   = voiceAssistant: unchanged (null)
   = multiroomSupport: unchanged (null)
   ~ finishColor: null -> ["aluminum"]
   ~ rackMountable19: null -> false
   = countryOfManufacture: unchanged (null)
   💾 backed up prior filterAttributes -> /home/jan/work/sanglogium/sanity-cms/backups/backup_headphones_MrEMtYwMtrFDGWmRnTE4cB_2026-09-14T10-51-58-362Z.json
   ✅ patched. rev: MzerujO1CrL1dzm03eQSKN

🎧 PATCH (WRITE) — Astell&Kern Astell&Kern PA10 Headphone Amplifier (MrEMtYwMtrFDGWmRnNGIa4)

   Field diff (filterAttributes.*):
   = brand: unchanged (["astell-and-kern"])
   = customerRating: unchanged (null)
   ~ awards: null -> []
   = condition: unchanged (null)
   = dealsDiscount: unchanged (null)
   = newArrival: unchanged (null)
   ~ deviceType: "headphone-amp" -> null
   ~ deviceConnectivity: null -> "wired"
   ~ formFactor: "desktop" -> "portable"
   = dacIncluded: unchanged (false)
   ~ balancedOutput: false -> true
   ~ amplification: "solid-state" -> null
   = powerOutputPerChannelW: unchanged (null)
   = channelCount: unchanged (null)
   ~ inputs: ["usb"] -> null
   ~ outputs: ["4.4mm"] -> null
   = phonoStageBuiltIn: unchanged (null)
   = trigger12v: unchanged (null)
   = remoteControlIncluded: unchanged (null)
   = maxSampleRateBitDepth: unchanged (null)
   = dsdSupport: unchanged (null)
   = hiResCertification: unchanged (null)
   = dacChipsetFamily: unchanged (null)
   = streamingPlatformSupport: unchanged (null)
   = networkConnection: unchanged (null)
   = driveType: unchanged (null)
   = turntableOperation: unchanged (null)
   = speedsSupported: unchanged (null)
   = phonoPreampBuiltIn: unchanged (null)
   = cartridgeIncluded: unchanged (null)
   = usbDigitalOutput: unchanged (null)
   = bluetoothCodecs: unchanged (null)
   = voiceAssistant: unchanged (null)
   = multiroomSupport: unchanged (null)
   ~ finishColor: null -> ["graphite-gray"]
   ~ rackMountable19: null -> false
   = countryOfManufacture: unchanged (null)
   💾 backed up prior filterAttributes -> /home/jan/work/sanglogium/sanity-cms/backups/backup_headphones_MrEMtYwMtrFDGWmRnNGIa4_2026-09-14T10-51-59-414Z.json
   ✅ patched. rev: 7P2D00ai8KUgrZgiFcx0GS

🎧 PATCH (WRITE) — Astell&Kern Astell&Kern PD10 | Digital Audio Player (Pn6oyV4Ks5AcNbecjh4ExH)

   Field diff (filterAttributes.*):
   = brand: unchanged (["astell-and-kern"])
   = customerRating: unchanged (null)
   ~ awards: null -> []
   = condition: unchanged (null)
   = dealsDiscount: unchanged (null)
   = newArrival: unchanged (null)
   ~ deviceType: "dap" -> null
   ~ deviceConnectivity: null -> "wired-wireless"
   ~ formFactor: "desktop" -> "portable"
   = dacIncluded: unchanged (true)
   ~ balancedOutput: false -> true
   ~ amplification: "solid-state" -> null
   = powerOutputPerChannelW: unchanged (null)
   = channelCount: unchanged (null)
   ~ inputs: ["usb"] -> null
   ~ outputs: ["4.4mm"] -> null
   = phonoStageBuiltIn: unchanged (null)
   = trigger12v: unchanged (null)
   = remoteControlIncluded: unchanged (null)
   ~ maxSampleRateBitDepth: null -> "PCM 32-bit/768kHz; DSD512"
   ~ dsdSupport: null -> "dsd256-plus"
   ~ hiResCertification: null -> []
   ~ dacChipsetFamily: null -> ["akm"]
   = streamingPlatformSupport: unchanged (null)
   ~ networkConnection: null -> ["wifi"]
   = driveType: unchanged (null)
   = turntableOperation: unchanged (null)
   = speedsSupported: unchanged (null)
   = phonoPreampBuiltIn: unchanged (null)
   = cartridgeIncluded: unchanged (null)
   = usbDigitalOutput: unchanged (null)
   ~ bluetoothCodecs: null -> ["SBC","AAC","aptX HD","LDAC"]
   = voiceAssistant: unchanged (null)
   = multiroomSupport: unchanged (null)
   ~ finishColor: null -> ["silver"]
   ~ rackMountable19: null -> false
   = countryOfManufacture: unchanged (null)
   💾 backed up prior filterAttributes -> /home/jan/work/sanglogium/sanity-cms/backups/backup_headphones_Pn6oyV4Ks5AcNbecjh4ExH_2026-09-14T10-52-00-484Z.json
   ✅ patched. rev: MzerujO1CrL1dzm03eQScJ

🎧 PATCH (WRITE) — Astell&Kern Astell&Kern PD20 | Digital Audio Player (MrEMtYwMtrFDGWmRnNK74C)

   Field diff (filterAttributes.*):
   = brand: unchanged (["astell-and-kern"])
   = customerRating: unchanged (null)
   ~ awards: null -> []
   = condition: unchanged (null)
   = dealsDiscount: unchanged (null)
   = newArrival: unchanged (null)
   ~ deviceType: "dap" -> null
   ~ deviceConnectivity: null -> "wired-wireless"
   ~ formFactor: "desktop" -> "portable"
   = dacIncluded: unchanged (true)
   ~ balancedOutput: false -> true
   ~ amplification: "solid-state" -> null
   = powerOutputPerChannelW: unchanged (null)
   = channelCount: unchanged (null)
   ~ inputs: ["usb"] -> null
   ~ outputs: ["4.4mm"] -> null
   = phonoStageBuiltIn: unchanged (null)
   = trigger12v: unchanged (null)
   = remoteControlIncluded: unchanged (null)
   ~ maxSampleRateBitDepth: null -> "PCM 32-bit/768kHz; DSD512"
   ~ dsdSupport: null -> "dsd256-plus"
   ~ hiResCertification: null -> []
   ~ dacChipsetFamily: null -> ["ess-sabre"]
   = streamingPlatformSupport: unchanged (null)
   ~ networkConnection: null -> ["wifi"]
   = driveType: unchanged (null)
   = turntableOperation: unchanged (null)
   = speedsSupported: unchanged (null)
   = phonoPreampBuiltIn: unchanged (null)
   = cartridgeIncluded: unchanged (null)
   = usbDigitalOutput: unchanged (null)
   ~ bluetoothCodecs: null -> ["SBC","AAC","aptX HD","LDAC"]
   = voiceAssistant: unchanged (null)
   = multiroomSupport: unchanged (null)
   ~ finishColor: null -> ["silver"]
   ~ rackMountable19: null -> false
   = countryOfManufacture: unchanged (null)
   💾 backed up prior filterAttributes -> /home/jan/work/sanglogium/sanity-cms/backups/backup_headphones_MrEMtYwMtrFDGWmRnNK74C_2026-09-14T10-52-02-250Z.json
   ✅ patched. rev: Ch755lAE5GLsZ435Cxbonu

🎧 PATCH (WRITE) — EarMen EarMen Angel Portable DAC and Headphone Amplifier (MrEMtYwMtrFDGWmRnNFt41)

   Field diff (filterAttributes.*):
   = customerRating: unchanged (null)
   ~ awards: null -> []
   = condition: unchanged (null)
   ~ inStock: true -> null
   = dealsDiscount: unchanged (null)
   = newArrival: unchanged (null)
   = deviceType: unchanged ("dac")
   ~ deviceConnectivity: null -> "wired"
   = formFactor: unchanged ("portable")
   = dacIncluded: unchanged (true)
   ~ balancedOutput: false -> true
   ~ amplification: "solid-state" -> null
   = powerOutputPerChannelW: unchanged (null)
   = channelCount: unchanged (null)
   ~ inputs: ["usb"] -> ["usb","optical","coaxial"]
   ~ outputs: ["4.4mm"] -> null
   = phonoStageBuiltIn: unchanged (null)
   = trigger12v: unchanged (null)
   = remoteControlIncluded: unchanged (null)
   ~ maxSampleRateBitDepth: null -> "32-bit/768kHz"
   ~ dsdSupport: null -> "dsd256-plus"
   ~ hiResCertification: null -> ["mqa"]
   ~ dacChipsetFamily: null -> ["ess-sabre"]
   = streamingPlatformSupport: unchanged (null)
   = networkConnection: unchanged (null)
   = driveType: unchanged (null)
   = turntableOperation: unchanged (null)
   = speedsSupported: unchanged (null)
   = phonoPreampBuiltIn: unchanged (null)
   = cartridgeIncluded: unchanged (null)
   = usbDigitalOutput: unchanged (null)
   = bluetoothCodecs: unchanged (null)
   = voiceAssistant: unchanged (null)
   = multiroomSupport: unchanged (null)
   = finishColor: unchanged (null)
   ~ rackMountable19: null -> false
   = countryOfManufacture: unchanged (null)
   💾 backed up prior filterAttributes -> /home/jan/work/sanglogium/sanity-cms/backups/backup_headphones_MrEMtYwMtrFDGWmRnNFt41_2026-09-14T10-54-09-936Z.json
   ✅ patched. rev: Ch755lAE5GLsZ435CxbssC

🎧 PATCH (WRITE) — EarMen EarMen Ch-Amp Headphone Amplifier - Open Box (Pn6oyV4Ks5AcNbecjkUefp)

   Field diff (filterAttributes.*):
   = customerRating: unchanged (null)
   ~ awards: null -> []
   ~ condition: null -> "open-box"
   ~ inStock: true -> null
   = dealsDiscount: unchanged (null)
   = newArrival: unchanged (null)
   ~ deviceType: "headphone-amp" -> "preamplifier"
   ~ deviceConnectivity: null -> "wired"
   = formFactor: unchanged ("desktop")
   = dacIncluded: unchanged (false)
   ~ balancedOutput: false -> true
   = amplification: unchanged ("solid-state")
   ~ powerOutputPerChannelW: null -> 3.8
   ~ channelCount: null -> ["2.0"]
   ~ inputs: ["usb"] -> ["rca","xlr-balanced"]
   ~ outputs: ["4.4mm"] -> ["headphone-jack","pre-out-rca"]
   ~ phonoStageBuiltIn: null -> "none"
   ~ trigger12v: null -> false
   ~ remoteControlIncluded: null -> true
   = maxSampleRateBitDepth: unchanged (null)
   = dsdSupport: unchanged (null)
   = hiResCertification: unchanged (null)
   = dacChipsetFamily: unchanged (null)
   = streamingPlatformSupport: unchanged (null)
   = networkConnection: unchanged (null)
   = driveType: unchanged (null)
   = turntableOperation: unchanged (null)
   = speedsSupported: unchanged (null)
   = phonoPreampBuiltIn: unchanged (null)
   = cartridgeIncluded: unchanged (null)
   = usbDigitalOutput: unchanged (null)
   = bluetoothCodecs: unchanged (null)
   = voiceAssistant: unchanged (null)
   = multiroomSupport: unchanged (null)
   = finishColor: unchanged (null)
   ~ rackMountable19: null -> false
   = countryOfManufacture: unchanged (null)
   💾 backed up prior filterAttributes -> /home/jan/work/sanglogium/sanity-cms/backups/backup_headphones_Pn6oyV4Ks5AcNbecjkUefp_2026-09-14T10-54-11-164Z.json
   ✅ patched. rev: MzerujO1CrL1dzm03eQk2v

🎧 PATCH (WRITE) — EarMen EarMen Colibri Portable DAC and Headphone Amplifier (k27n1AQuIbSr5iozG1vI8F)

   Field diff (filterAttributes.*):
   = customerRating: unchanged (null)
   ~ awards: null -> []
   = condition: unchanged (null)
   ~ inStock: true -> null
   = dealsDiscount: unchanged (null)
   = newArrival: unchanged (null)
   = deviceType: unchanged ("dac")
   ~ deviceConnectivity: null -> "wired"
   = formFactor: unchanged ("portable")
   = dacIncluded: unchanged (true)
   ~ balancedOutput: false -> true
   ~ amplification: "solid-state" -> null
   = powerOutputPerChannelW: unchanged (null)
   = channelCount: unchanged (null)
   = inputs: unchanged (["usb"])
   ~ outputs: ["4.4mm"] -> null
   = phonoStageBuiltIn: unchanged (null)
   = trigger12v: unchanged (null)
   = remoteControlIncluded: unchanged (null)
   ~ maxSampleRateBitDepth: null -> "32-bit/384kHz"
   ~ dsdSupport: null -> "dsd128"
   ~ hiResCertification: null -> ["mqa"]
   ~ dacChipsetFamily: null -> ["ess-sabre"]
   = streamingPlatformSupport: unchanged (null)
   = networkConnection: unchanged (null)
   = driveType: unchanged (null)
   = turntableOperation: unchanged (null)
   = speedsSupported: unchanged (null)
   = phonoPreampBuiltIn: unchanged (null)
   = cartridgeIncluded: unchanged (null)
   = usbDigitalOutput: unchanged (null)
   = bluetoothCodecs: unchanged (null)
   = voiceAssistant: unchanged (null)
   = multiroomSupport: unchanged (null)
   = finishColor: unchanged (null)
   ~ rackMountable19: null -> false
   ~ countryOfManufacture: null -> "Europe"
   💾 backed up prior filterAttributes -> /home/jan/work/sanglogium/sanity-cms/backups/backup_headphones_k27n1AQuIbSr5iozG1vI8F_2026-09-14T10-54-12-485Z.json
   ✅ patched. rev: MzerujO1CrL1dzm03eQkKr

🎧 PATCH (WRITE) — EarMen EarMen ST-Amp Fully Balanced DAC and Headphone Amplifier (Pn6oyV4Ks5AcNbecjkU57D)

   Field diff (filterAttributes.*):
   = customerRating: unchanged (null)
   ~ awards: null -> []
   = condition: unchanged (null)
   ~ inStock: true -> null
   = dealsDiscount: unchanged (null)
   = newArrival: unchanged (null)
   = deviceType: unchanged ("dac")
   ~ deviceConnectivity: null -> "wired"
   = formFactor: unchanged ("desktop")
   = dacIncluded: unchanged (true)
   = balancedOutput: unchanged (true)
   ~ amplification: "solid-state" -> null
   = powerOutputPerChannelW: unchanged (null)
   = channelCount: unchanged (null)
   ~ inputs: ["usb"] -> ["usb","rca","xlr-balanced"]
   ~ outputs: ["4.4mm"] -> null
   = phonoStageBuiltIn: unchanged (null)
   = trigger12v: unchanged (null)
   = remoteControlIncluded: unchanged (null)
   ~ maxSampleRateBitDepth: null -> "32-bit/384kHz"
   ~ dsdSupport: null -> "dsd128"
   = hiResCertification: unchanged (null)
   ~ dacChipsetFamily: null -> ["ess-sabre"]
   = streamingPlatformSupport: unchanged (null)
   = networkConnection: unchanged (null)
   = driveType: unchanged (null)
   = turntableOperation: unchanged (null)
   = speedsSupported: unchanged (null)
   = phonoPreampBuiltIn: unchanged (null)
   = cartridgeIncluded: unchanged (null)
   = usbDigitalOutput: unchanged (null)
   = bluetoothCodecs: unchanged (null)
   = voiceAssistant: unchanged (null)
   = multiroomSupport: unchanged (null)
   ~ finishColor: null -> ["Black"]
   ~ rackMountable19: null -> false
   = countryOfManufacture: unchanged (null)
   💾 backed up prior filterAttributes -> /home/jan/work/sanglogium/sanity-cms/backups/backup_headphones_Pn6oyV4Ks5AcNbecjkU57D_2026-09-14T10-54-13-704Z.json
   ✅ patched. rev: Ch755lAE5GLsZ435Cxbt17

🎧 PATCH (WRITE) — EarMen EarMen Tradutto Desktop DAC (moXlkADK7m1DHgGwWwETNc)

   Field diff (filterAttributes.*):
   = customerRating: unchanged (null)
   ~ awards: null -> []
   = condition: unchanged (null)
   ~ inStock: true -> null
   = dealsDiscount: unchanged (null)
   = newArrival: unchanged (null)
   = deviceType: unchanged ("dac")
   ~ deviceConnectivity: null -> "wired-wireless"
   = formFactor: unchanged ("desktop")
   = dacIncluded: unchanged (true)
   ~ balancedOutput: false -> true
   ~ amplification: "solid-state" -> null
   = powerOutputPerChannelW: unchanged (null)
   = channelCount: unchanged (null)
   ~ inputs: ["usb"] -> ["usb","optical","coaxial","bluetooth"]
   ~ outputs: ["4.4mm"] -> null
   = phonoStageBuiltIn: unchanged (null)
   = trigger12v: unchanged (null)
   = remoteControlIncluded: unchanged (null)
   ~ maxSampleRateBitDepth: null -> "32-bit/768kHz"
   ~ dsdSupport: null -> "dsd256-plus"
   ~ hiResCertification: null -> ["mqa"]
   ~ dacChipsetFamily: null -> ["ess-sabre"]
   = streamingPlatformSupport: unchanged (null)
   = networkConnection: unchanged (null)
   = driveType: unchanged (null)
   = turntableOperation: unchanged (null)
   = speedsSupported: unchanged (null)
   = phonoPreampBuiltIn: unchanged (null)
   = cartridgeIncluded: unchanged (null)
   = usbDigitalOutput: unchanged (null)
   ~ bluetoothCodecs: null -> ["AAC","SBC","aptX","aptX HD","aptX LL","LDAC"]
   = voiceAssistant: unchanged (null)
   ~ multiroomSupport: null -> false
   = finishColor: unchanged (null)
   ~ rackMountable19: null -> false
   = countryOfManufacture: unchanged (null)
   💾 backed up prior filterAttributes -> /home/jan/work/sanglogium/sanity-cms/backups/backup_headphones_moXlkADK7m1DHgGwWwETNc_2026-09-14T10-54-14-979Z.json
   ✅ patched. rev: Ch755lAE5GLsZ435Cxbt4w

🎧 PATCH (WRITE) — Chord Electronics Chord Electronics 2go (MrEMtYwMtrFDGWmRnN7qVp)

   Field diff (filterAttributes.*):
   = brand: unchanged (["chord-electronics"])
   = customerRating: unchanged (null)
   = condition: unchanged (null)
   ~ inStock: true -> null
   = dealsDiscount: unchanged (null)
   = newArrival: unchanged (null)
   ~ awards: null -> []
   ~ deviceType: "dac-amp-combo" -> "network-streamer"
   ~ deviceConnectivity: null -> "wifi-networked"
   ~ formFactor: "desktop" -> "portable"
   ~ amplification: "solid-state" -> null
   ~ dacIncluded: true -> false
   = balancedOutput: unchanged (false)
   = powerOutputPerChannelW: unchanged (null)
   = channelCount: unchanged (null)
   = phonoStageBuiltIn: unchanged (null)
   = trigger12v: unchanged (null)
   = remoteControlIncluded: unchanged (null)
   ~ inputs: ["usb"] -> ["ethernet-lan","bluetooth"]
   ~ outputs: ["4.4mm"] -> null
   ~ maxSampleRateBitDepth: null -> "44.1kHz – 768kHZ (16bit – 32bit)"
   ~ dsdSupport: null -> "dsd256-plus"
   ~ hiResCertification: null -> []
   ~ dacChipsetFamily: null -> []
   ~ streamingPlatformSupport: null -> ["dlna","roon-ready"]
   ~ networkConnection: null -> ["wifi","ethernet"]
   = driveType: unchanged (null)
   = turntableOperation: unchanged (null)
   = speedsSupported: unchanged (null)
   = phonoPreampBuiltIn: unchanged (null)
   = cartridgeIncluded: unchanged (null)
   = usbDigitalOutput: unchanged (null)
   = bluetoothCodecs: unchanged (null)
   = voiceAssistant: unchanged (null)
   = multiroomSupport: unchanged (null)
   = finishColor: unchanged (null)
   ~ rackMountable19: null -> false
   = countryOfManufacture: unchanged (null)
   💾 backed up prior filterAttributes -> /home/jan/work/sanglogium/sanity-cms/backups/backup_headphones_MrEMtYwMtrFDGWmRnN7qVp_2026-09-14T10-54-16-000Z.json
   ✅ patched. rev: MzerujO1CrL1dzm03eQl3h

🎧 PATCH (WRITE) — Chord Electronics Chord Electronics Alto Headphone Amplifier (PHPYj28HJdPDHAaIBCghLo)

   Field diff (filterAttributes.*):
   = brand: unchanged (["chord-electronics"])
   = customerRating: unchanged (null)
   = condition: unchanged (null)
   ~ inStock: true -> null
   = dealsDiscount: unchanged (null)
   = newArrival: unchanged (null)
   ~ awards: null -> []
   ~ deviceType: "headphone-amp" -> "integrated-amplifier"
   ~ deviceConnectivity: null -> "wired"
   = formFactor: unchanged ("desktop")
   = amplification: unchanged ("solid-state")
   = dacIncluded: unchanged (false)
   = balancedOutput: unchanged (false)
   ~ powerOutputPerChannelW: null -> 50
   ~ channelCount: null -> ["2.0"]
   ~ phonoStageBuiltIn: null -> "none"
   ~ trigger12v: null -> true
   ~ remoteControlIncluded: null -> false
   ~ inputs: ["usb"] -> ["rca","xlr-balanced"]
   ~ outputs: ["4.4mm"] -> ["headphone-jack","speaker-terminals"]
   = maxSampleRateBitDepth: unchanged (null)
   = dsdSupport: unchanged (null)
   = hiResCertification: unchanged (null)
   = dacChipsetFamily: unchanged (null)
   = streamingPlatformSupport: unchanged (null)
   = networkConnection: unchanged (null)
   = driveType: unchanged (null)
   = turntableOperation: unchanged (null)
   = speedsSupported: unchanged (null)
   = phonoPreampBuiltIn: unchanged (null)
   = cartridgeIncluded: unchanged (null)
   = usbDigitalOutput: unchanged (null)
   = bluetoothCodecs: unchanged (null)
   = voiceAssistant: unchanged (null)
   = multiroomSupport: unchanged (null)
   = finishColor: unchanged (null)
   ~ rackMountable19: null -> true
   = countryOfManufacture: unchanged (null)
   💾 backed up prior filterAttributes -> /home/jan/work/sanglogium/sanity-cms/backups/backup_headphones_PHPYj28HJdPDHAaIBCghLo_2026-09-14T10-54-17-677Z.json
   ✅ patched. rev: Ch755lAE5GLsZ435Cxbt8l

🎧 PATCH (WRITE) — Chord Electronics Chord Electronics Anni (PHPYj28HJdPDHAaIBCgaYO)

   Field diff (filterAttributes.*):
   = brand: unchanged (["chord-electronics"])
   = customerRating: unchanged (null)
   = condition: unchanged (null)
   ~ inStock: true -> null
   = dealsDiscount: unchanged (null)
   = newArrival: unchanged (null)
   ~ awards: null -> []
   ~ deviceType: "dac-amp-combo" -> "integrated-amplifier"
   ~ deviceConnectivity: null -> "wired"
   = formFactor: unchanged ("desktop")
   = amplification: unchanged ("solid-state")
   ~ dacIncluded: true -> false
   = balancedOutput: unchanged (false)
   ~ powerOutputPerChannelW: null -> 10
   ~ channelCount: null -> ["2.0"]
   ~ phonoStageBuiltIn: null -> "none"
   ~ trigger12v: null -> false
   ~ remoteControlIncluded: null -> false
   ~ inputs: ["usb"] -> ["rca"]
   ~ outputs: ["4.4mm"] -> ["headphone-jack","speaker-terminals"]
   = maxSampleRateBitDepth: unchanged (null)
   = dsdSupport: unchanged (null)
   = hiResCertification: unchanged (null)
   = dacChipsetFamily: unchanged (null)
   = streamingPlatformSupport: unchanged (null)
   = networkConnection: unchanged (null)
   = driveType: unchanged (null)
   = turntableOperation: unchanged (null)
   = speedsSupported: unchanged (null)
   = phonoPreampBuiltIn: unchanged (null)
   = cartridgeIncluded: unchanged (null)
   = usbDigitalOutput: unchanged (null)
   = bluetoothCodecs: unchanged (null)
   = voiceAssistant: unchanged (null)
   = multiroomSupport: unchanged (null)
   = finishColor: unchanged (null)
   ~ rackMountable19: null -> false
   = countryOfManufacture: unchanged (null)
   💾 backed up prior filterAttributes -> /home/jan/work/sanglogium/sanity-cms/backups/backup_headphones_PHPYj28HJdPDHAaIBCgaYO_2026-09-14T10-54-18-924Z.json
   ✅ patched. rev: Ch755lAE5GLsZ435CxbtCa

🎧 PATCH (WRITE) — Chord Electronics Chord Electronics Hugo 2 Portable DAC & Headphone Amplifier (n10eAegrGspodtsQvy4Nwc)

   Field diff (filterAttributes.*):
   = brand: unchanged (["chord-electronics"])
   = customerRating: unchanged (null)
   = condition: unchanged (null)
   ~ inStock: true -> null
   = dealsDiscount: unchanged (null)
   = newArrival: unchanged (null)
   ~ awards: null -> ["What Hi-Fi? Best DAC"]
   = deviceType: unchanged ("dac")
   ~ deviceConnectivity: null -> "wired-wireless"
   = formFactor: unchanged ("portable")
   ~ amplification: "solid-state" -> null
   = dacIncluded: unchanged (true)
   = balancedOutput: unchanged (false)
   = powerOutputPerChannelW: unchanged (null)
   = channelCount: unchanged (null)
   = phonoStageBuiltIn: unchanged (null)
   = trigger12v: unchanged (null)
   = remoteControlIncluded: unchanged (null)
   ~ inputs: ["usb"] -> ["usb","optical","coaxial","bluetooth"]
   ~ outputs: ["4.4mm"] -> null
   ~ maxSampleRateBitDepth: null -> "44.1kHz to 768Khz - 16bit to 32bit"
   ~ dsdSupport: null -> "dsd256-plus"
   ~ hiResCertification: null -> []
   = dacChipsetFamily: unchanged (null)
   ~ streamingPlatformSupport: null -> []
   ~ networkConnection: null -> []
   = driveType: unchanged (null)
   = turntableOperation: unchanged (null)
   = speedsSupported: unchanged (null)
   = phonoPreampBuiltIn: unchanged (null)
   = cartridgeIncluded: unchanged (null)
   = usbDigitalOutput: unchanged (null)
   ~ bluetoothCodecs: null -> ["aptX"]
   = voiceAssistant: unchanged (null)
   = multiroomSupport: unchanged (null)
   ~ finishColor: null -> ["Silver","Black"]
   ~ rackMountable19: null -> false
   ~ countryOfManufacture: null -> "England"
   💾 backed up prior filterAttributes -> /home/jan/work/sanglogium/sanity-cms/backups/backup_headphones_n10eAegrGspodtsQvy4Nwc_2026-09-14T10-54-20-062Z.json
   ✅ patched. rev: MzerujO1CrL1dzm03eQlZ5

🎧 PATCH (WRITE) — Chord Electronics Chord Electronics Hugo 2 Portable DAC & Headphone Amplifier (MrEMtYwMtrFDGWmRnN74UJ)

   Field diff (filterAttributes.*):
   = brand: unchanged (["chord-electronics"])
   = customerRating: unchanged (null)
   = condition: unchanged (null)
   ~ inStock: true -> null
   = dealsDiscount: unchanged (null)
   = newArrival: unchanged (null)
   ~ awards: null -> ["What Hi-Fi? Best DAC"]
   = deviceType: unchanged ("dac")
   ~ deviceConnectivity: null -> "wired-wireless"
   = formFactor: unchanged ("portable")
   ~ amplification: "solid-state" -> null
   = dacIncluded: unchanged (true)
   = balancedOutput: unchanged (false)
   = powerOutputPerChannelW: unchanged (null)
   = channelCount: unchanged (null)
   = phonoStageBuiltIn: unchanged (null)
   = trigger12v: unchanged (null)
   = remoteControlIncluded: unchanged (null)
   ~ inputs: ["usb"] -> ["usb","optical","coaxial","bluetooth"]
   ~ outputs: ["4.4mm"] -> null
   ~ maxSampleRateBitDepth: null -> "44.1kHz to 768Khz - 16bit to 32bit"
   ~ dsdSupport: null -> "dsd256-plus"
   ~ hiResCertification: null -> []
   = dacChipsetFamily: unchanged (null)
   ~ streamingPlatformSupport: null -> []
   ~ networkConnection: null -> []
   = driveType: unchanged (null)
   = turntableOperation: unchanged (null)
   = speedsSupported: unchanged (null)
   = phonoPreampBuiltIn: unchanged (null)
   = cartridgeIncluded: unchanged (null)
   = usbDigitalOutput: unchanged (null)
   ~ bluetoothCodecs: null -> ["aptX"]
   = voiceAssistant: unchanged (null)
   = multiroomSupport: unchanged (null)
   ~ finishColor: null -> ["Silver","Black"]
   ~ rackMountable19: null -> false
   ~ countryOfManufacture: null -> "England"
   💾 backed up prior filterAttributes -> /home/jan/work/sanglogium/sanity-cms/backups/backup_headphones_MrEMtYwMtrFDGWmRnN74UJ_2026-09-14T10-54-21-080Z.json
   ✅ patched. rev: Ch755lAE5GLsZ435CxbtGP

🎧 PATCH (WRITE) — Chord Electronics Chord Electronics Hugo TT2 - Open Box (Pn6oyV4Ks5AcNbecjkTTlM)

   Field diff (filterAttributes.*):
   = brand: unchanged (["chord-electronics"])
   = customerRating: unchanged (null)
   ~ condition: null -> "open-box"
   ~ inStock: true -> null
   = dealsDiscount: unchanged (null)
   = newArrival: unchanged (null)
   ~ awards: null -> []
   ~ deviceType: "dac-amp-combo" -> "dac"
   ~ deviceConnectivity: null -> "wired"
   = formFactor: unchanged ("desktop")
   ~ amplification: "solid-state" -> null
   = dacIncluded: unchanged (true)
   ~ balancedOutput: false -> true
   = powerOutputPerChannelW: unchanged (null)
   = channelCount: unchanged (null)
   = phonoStageBuiltIn: unchanged (null)
   = trigger12v: unchanged (null)
   = remoteControlIncluded: unchanged (null)
   ~ inputs: ["usb"] -> ["usb","optical","coaxial"]
   ~ outputs: ["4.4mm"] -> null
   ~ maxSampleRateBitDepth: null -> "768kHz 32-bit"
   ~ dsdSupport: null -> "dsd256-plus"
   ~ hiResCertification: null -> []
   = dacChipsetFamily: unchanged (null)
   ~ streamingPlatformSupport: null -> []
   ~ networkConnection: null -> []
   = driveType: unchanged (null)
   = turntableOperation: unchanged (null)
   = speedsSupported: unchanged (null)
   = phonoPreampBuiltIn: unchanged (null)
   = cartridgeIncluded: unchanged (null)
   = usbDigitalOutput: unchanged (null)
   = bluetoothCodecs: unchanged (null)
   = voiceAssistant: unchanged (null)
   = multiroomSupport: unchanged (null)
   ~ finishColor: null -> ["Silver","Black"]
   ~ rackMountable19: null -> false
   = countryOfManufacture: unchanged (null)
   💾 backed up prior filterAttributes -> /home/jan/work/sanglogium/sanity-cms/backups/backup_headphones_Pn6oyV4Ks5AcNbecjkTTlM_2026-09-14T10-54-22-118Z.json
   ✅ patched. rev: 7P2D00ai8KUgrZgiFcx8Dv

🎧 PATCH (WRITE) — Chord Electronics Chord Electronics Hugo TT2 (moXlkADK7m1DHgGwWwEfPD)

   Field diff (filterAttributes.*):
   = brand: unchanged (["chord-electronics"])
   = customerRating: unchanged (null)
   = condition: unchanged (null)
   ~ inStock: true -> null
   = dealsDiscount: unchanged (null)
   = newArrival: unchanged (null)
   ~ awards: null -> []
   ~ deviceType: "dac-amp-combo" -> "dac"
   ~ deviceConnectivity: null -> "wired"
   = formFactor: unchanged ("desktop")
   ~ amplification: "solid-state" -> null
   = dacIncluded: unchanged (true)
   ~ balancedOutput: false -> true
   = powerOutputPerChannelW: unchanged (null)
   = channelCount: unchanged (null)
   = phonoStageBuiltIn: unchanged (null)
   = trigger12v: unchanged (null)
   = remoteControlIncluded: unchanged (null)
   ~ inputs: ["usb"] -> ["usb","optical","coaxial"]
   ~ outputs: ["4.4mm"] -> null
   ~ maxSampleRateBitDepth: null -> "768kHz 32-bit"
   ~ dsdSupport: null -> "dsd256-plus"
   ~ hiResCertification: null -> []
   = dacChipsetFamily: unchanged (null)
   ~ streamingPlatformSupport: null -> []
   ~ networkConnection: null -> []
   = driveType: unchanged (null)
   = turntableOperation: unchanged (null)
   = speedsSupported: unchanged (null)
   = phonoPreampBuiltIn: unchanged (null)
   = cartridgeIncluded: unchanged (null)
   = usbDigitalOutput: unchanged (null)
   = bluetoothCodecs: unchanged (null)
   = voiceAssistant: unchanged (null)
   = multiroomSupport: unchanged (null)
   ~ finishColor: null -> ["Silver","Black"]
   ~ rackMountable19: null -> false
   = countryOfManufacture: unchanged (null)
   💾 backed up prior filterAttributes -> /home/jan/work/sanglogium/sanity-cms/backups/backup_headphones_moXlkADK7m1DHgGwWwEfPD_2026-09-14T10-54-23-137Z.json
   ✅ patched. rev: Ch755lAE5GLsZ435CxbtO3

🎧 PATCH (WRITE) — Chord Electronics Chord Electronics Mojo 2 Portable DAC and Headphone Amplifier (4.4mm) (Pn6oyV4Ks5AcNbecjgsEF8)

   Field diff (filterAttributes.*):
   = brand: unchanged (["chord-electronics"])
   = customerRating: unchanged (null)
   = condition: unchanged (null)
   ~ inStock: true -> null
   = dealsDiscount: unchanged (null)
   = newArrival: unchanged (null)
   ~ awards: null -> ["What Hi-Fi? Best DAC","What Hi-Fi? Product of the Year"]
   = deviceType: unchanged ("dac")
   ~ deviceConnectivity: null -> "wired"
   = formFactor: unchanged ("portable")
   ~ amplification: "solid-state" -> null
   = dacIncluded: unchanged (true)
   = balancedOutput: unchanged (false)
   = powerOutputPerChannelW: unchanged (null)
   = channelCount: unchanged (null)
   = phonoStageBuiltIn: unchanged (null)
   = trigger12v: unchanged (null)
   = remoteControlIncluded: unchanged (null)
   ~ inputs: ["usb"] -> ["usb","optical","coaxial"]
   ~ outputs: ["4.4mm"] -> null
   ~ maxSampleRateBitDepth: null -> "768 kHz 32-bit"
   ~ dsdSupport: null -> "dsd256-plus"
   ~ hiResCertification: null -> []
   = dacChipsetFamily: unchanged (null)
   ~ streamingPlatformSupport: null -> []
   ~ networkConnection: null -> []
   = driveType: unchanged (null)
   = turntableOperation: unchanged (null)
   = speedsSupported: unchanged (null)
   = phonoPreampBuiltIn: unchanged (null)
   = cartridgeIncluded: unchanged (null)
   = usbDigitalOutput: unchanged (null)
   = bluetoothCodecs: unchanged (null)
   = voiceAssistant: unchanged (null)
   = multiroomSupport: unchanged (null)
   = finishColor: unchanged (null)
   ~ rackMountable19: null -> false
   ~ countryOfManufacture: null -> "UK"
   💾 backed up prior filterAttributes -> /home/jan/work/sanglogium/sanity-cms/backups/backup_headphones_Pn6oyV4Ks5AcNbecjgsEF8_2026-09-14T10-54-24-209Z.json
   ✅ patched. rev: 7P2D00ai8KUgrZgiFcx8Rx

🎧 PATCH (WRITE) — Chord Electronics Chord Electronics Mojo 2 Portable DAC and Headphone Amplifier (n10eAegrGspodtsQvy4UmJ)

   Field diff (filterAttributes.*):
   = brand: unchanged (["chord-electronics"])
   = customerRating: unchanged (null)
   = condition: unchanged (null)
   ~ inStock: true -> null
   = dealsDiscount: unchanged (null)
   = newArrival: unchanged (null)
   ~ awards: null -> ["What Hi-Fi? Product of the Year"]
   = deviceType: unchanged ("dac")
   ~ deviceConnectivity: null -> "wired"
   = formFactor: unchanged ("portable")
   ~ amplification: "solid-state" -> null
   = dacIncluded: unchanged (true)
   = balancedOutput: unchanged (false)
   = powerOutputPerChannelW: unchanged (null)
   = channelCount: unchanged (null)
   = phonoStageBuiltIn: unchanged (null)
   = trigger12v: unchanged (null)
   = remoteControlIncluded: unchanged (null)
   ~ inputs: ["usb"] -> ["usb","optical","coaxial"]
   ~ outputs: ["4.4mm"] -> null
   ~ maxSampleRateBitDepth: null -> "768 kHz 32-bit"
   ~ dsdSupport: null -> "dsd256-plus"
   ~ hiResCertification: null -> []
   = dacChipsetFamily: unchanged (null)
   ~ streamingPlatformSupport: null -> []
   ~ networkConnection: null -> []
   = driveType: unchanged (null)
   = turntableOperation: unchanged (null)
   = speedsSupported: unchanged (null)
   = phonoPreampBuiltIn: unchanged (null)
   = cartridgeIncluded: unchanged (null)
   = usbDigitalOutput: unchanged (null)
   = bluetoothCodecs: unchanged (null)
   = voiceAssistant: unchanged (null)
   = multiroomSupport: unchanged (null)
   = finishColor: unchanged (null)
   ~ rackMountable19: null -> false
   ~ countryOfManufacture: null -> "UK"
   💾 backed up prior filterAttributes -> /home/jan/work/sanglogium/sanity-cms/backups/backup_headphones_n10eAegrGspodtsQvy4UmJ_2026-09-14T10-54-25-463Z.json
   ✅ patched. rev: MzerujO1CrL1dzm03eQlvV

🎧 PATCH (WRITE) — Chord Electronics Chord Electronics Poly V3 (moXlkADK7m1DHgGwWwzejm)

   Field diff (filterAttributes.*):
   = brand: unchanged (["chord-electronics"])
   = customerRating: unchanged (null)
   = condition: unchanged (null)
   ~ inStock: true -> null
   = dealsDiscount: unchanged (null)
   = newArrival: unchanged (null)
   ~ awards: null -> ["Gramophone Product of the Month"]
   ~ deviceType: "dac-amp-combo" -> "network-streamer"
   ~ deviceConnectivity: null -> "wifi-networked"
   = formFactor: unchanged ("portable")
   ~ amplification: "solid-state" -> null
   ~ dacIncluded: true -> false
   = balancedOutput: unchanged (false)
   = powerOutputPerChannelW: unchanged (null)
   = channelCount: unchanged (null)
   = phonoStageBuiltIn: unchanged (null)
   = trigger12v: unchanged (null)
   = remoteControlIncluded: unchanged (null)
   ~ inputs: ["usb"] -> ["bluetooth"]
   ~ outputs: ["4.4mm"] -> null
   ~ maxSampleRateBitDepth: null -> "768kHz"
   ~ dsdSupport: null -> "dsd256-plus"
   ~ hiResCertification: null -> []
   ~ dacChipsetFamily: null -> []
   ~ streamingPlatformSupport: null -> ["dlna","roon-ready"]
   ~ networkConnection: null -> ["wifi"]
   = driveType: unchanged (null)
   = turntableOperation: unchanged (null)
   = speedsSupported: unchanged (null)
   = phonoPreampBuiltIn: unchanged (null)
   = cartridgeIncluded: unchanged (null)
   = usbDigitalOutput: unchanged (null)
   = bluetoothCodecs: unchanged (null)
   = voiceAssistant: unchanged (null)
   = multiroomSupport: unchanged (null)
   ~ finishColor: null -> ["Black"]
   ~ rackMountable19: null -> false
   = countryOfManufacture: unchanged (null)
   💾 backed up prior filterAttributes -> /home/jan/work/sanglogium/sanity-cms/backups/backup_headphones_moXlkADK7m1DHgGwWwzejm_2026-09-14T10-54-26-714Z.json
   ✅ patched. rev: MzerujO1CrL1dzm03eQmDR

🎧 PATCH (WRITE) — Chord Electronics Chord Electronics Qutest (k27n1AQuIbSr5iozG1vMai)

   Field diff (filterAttributes.*):
   = brand: unchanged (["chord-electronics"])
   = customerRating: unchanged (null)
   = condition: unchanged (null)
   ~ inStock: true -> null
   = dealsDiscount: unchanged (null)
   = newArrival: unchanged (null)
   ~ awards: null -> ["What Hi-Fi? Best DAC"]
   ~ deviceType: "dac-amp-combo" -> "dac"
   ~ deviceConnectivity: null -> "wired"
   = formFactor: unchanged ("desktop")
   ~ amplification: "solid-state" -> null
   = dacIncluded: unchanged (true)
   = balancedOutput: unchanged (false)
   = powerOutputPerChannelW: unchanged (null)
   = channelCount: unchanged (null)
   = phonoStageBuiltIn: unchanged (null)
   = trigger12v: unchanged (null)
   = remoteControlIncluded: unchanged (null)
   ~ inputs: ["usb"] -> ["usb","optical","coaxial"]
   ~ outputs: ["4.4mm"] -> null
   ~ maxSampleRateBitDepth: null -> "44.1kHz to 768kHz - 16-bit to 32-bit"
   ~ dsdSupport: null -> "dsd256-plus"
   ~ hiResCertification: null -> []
   = dacChipsetFamily: unchanged (null)
   ~ streamingPlatformSupport: null -> []
   ~ networkConnection: null -> []
   = driveType: unchanged (null)
   = turntableOperation: unchanged (null)
   = speedsSupported: unchanged (null)
   = phonoPreampBuiltIn: unchanged (null)
   = cartridgeIncluded: unchanged (null)
   = usbDigitalOutput: unchanged (null)
   = bluetoothCodecs: unchanged (null)
   = voiceAssistant: unchanged (null)
   = multiroomSupport: unchanged (null)
   ~ finishColor: null -> ["Jett Black"]
   ~ rackMountable19: null -> false
   ~ countryOfManufacture: null -> "England"
   💾 backed up prior filterAttributes -> /home/jan/work/sanglogium/sanity-cms/backups/backup_headphones_k27n1AQuIbSr5iozG1vMai_2026-09-14T10-54-27-802Z.json
   ✅ patched. rev: Ch755lAE5GLsZ435CxbtUQ

🎧 PATCH (WRITE) — Aune Audio Aune Audio A17 Headphone Amplifier (PHPYj28HJdPDHAaIBChQCG)

   Field diff (filterAttributes.*):
   = brand: unchanged (["aune-audio"])
   = customerRating: unchanged (null)
   ~ condition: null -> "new"
   = inStock: unchanged (true)
   ~ dealsDiscount: null -> "none"
   ~ newArrival: null -> false
   = awards: unchanged (null)
   ~ deviceType: "headphone-amp" -> null
   ~ deviceConnectivity: null -> "wired"
   = formFactor: unchanged ("desktop")
   = dacIncluded: unchanged (false)
   ~ balancedOutput: false -> true
   = amplification: unchanged ("solid-state")
   = powerOutputPerChannelW: unchanged (null)
   = channelCount: unchanged (null)
   ~ phonoStageBuiltIn: null -> "none"
   ~ trigger12v: null -> false
   ~ remoteControlIncluded: null -> true
   ~ inputs: ["usb"] -> ["rca","xlr-balanced"]
   ~ outputs: ["4.4mm"] -> ["headphone-jack","pre-out-rca","pre-out-xlr"]
   = maxSampleRateBitDepth: unchanged (null)
   = dsdSupport: unchanged (null)
   = hiResCertification: unchanged (null)
   = dacChipsetFamily: unchanged (null)
   = streamingPlatformSupport: unchanged (null)
   = networkConnection: unchanged (null)
   = driveType: unchanged (null)
   = turntableOperation: unchanged (null)
   = speedsSupported: unchanged (null)
   = phonoPreampBuiltIn: unchanged (null)
   = cartridgeIncluded: unchanged (null)
   = usbDigitalOutput: unchanged (null)
   = bluetoothCodecs: unchanged (null)
   = voiceAssistant: unchanged (null)
   ~ multiroomSupport: null -> false
   = finishColor: unchanged (null)
   ~ rackMountable19: null -> false
   = countryOfManufacture: unchanged (null)
   💾 backed up prior filterAttributes -> /home/jan/work/sanglogium/sanity-cms/backups/backup_headphones_PHPYj28HJdPDHAaIBChQCG_2026-09-14T10-54-29-156Z.json
   ✅ patched. rev: Ch755lAE5GLsZ435CxbtYF

🎧 PATCH (WRITE) — Aune Audio Aune Audio BX2 Magnum Portable Headphone Amplifier (MrEMtYwMtrFDGWmRnRGpuU)

   Field diff (filterAttributes.*):
   = brand: unchanged (["aune-audio"])
   = customerRating: unchanged (null)
   ~ condition: null -> "new"
   = inStock: unchanged (true)
   ~ dealsDiscount: null -> "none"
   ~ newArrival: null -> false
   = awards: unchanged (null)
   ~ deviceType: "headphone-amp" -> null
   ~ deviceConnectivity: null -> "wired"
   = formFactor: unchanged ("portable")
   = dacIncluded: unchanged (false)
   ~ balancedOutput: false -> true
   ~ amplification: "solid-state" -> "hybrid"
   = powerOutputPerChannelW: unchanged (null)
   = channelCount: unchanged (null)
   ~ phonoStageBuiltIn: null -> "none"
   ~ trigger12v: null -> false
   ~ remoteControlIncluded: null -> false
   ~ inputs: ["rca"] -> ["rca","xlr-balanced"]
   ~ outputs: ["4.4mm"] -> ["headphone-jack"]
   = maxSampleRateBitDepth: unchanged (null)
   = dsdSupport: unchanged (null)
   ~ hiResCertification: null -> ["hi-res-audio"]
   = dacChipsetFamily: unchanged (null)
   = streamingPlatformSupport: unchanged (null)
   = networkConnection: unchanged (null)
   = driveType: unchanged (null)
   = turntableOperation: unchanged (null)
   = speedsSupported: unchanged (null)
   = phonoPreampBuiltIn: unchanged (null)
   = cartridgeIncluded: unchanged (null)
   = usbDigitalOutput: unchanged (null)
   = bluetoothCodecs: unchanged (null)
   = voiceAssistant: unchanged (null)
   ~ multiroomSupport: null -> false
   ~ finishColor: null -> ["black"]
   ~ rackMountable19: null -> false
   = countryOfManufacture: unchanged (null)
   💾 backed up prior filterAttributes -> /home/jan/work/sanglogium/sanity-cms/backups/backup_headphones_MrEMtYwMtrFDGWmRnRGpuU_2026-09-14T10-54-30-460Z.json
   ✅ patched. rev: 7P2D00ai8KUgrZgiFcx8wM

🎧 PATCH (WRITE) — Aune Audio Aune Audio N7 Headphone Amplifier (MrEMtYwMtrFDGWmRnRKRM6)

   Field diff (filterAttributes.*):
   = brand: unchanged (["aune-audio"])
   = customerRating: unchanged (null)
   ~ condition: null -> "new"
   = inStock: unchanged (true)
   ~ dealsDiscount: null -> "none"
   ~ newArrival: null -> false
   = awards: unchanged (null)
   ~ deviceType: "headphone-amp" -> null
   ~ deviceConnectivity: null -> "wired"
   = formFactor: unchanged ("desktop")
   = dacIncluded: unchanged (false)
   ~ balancedOutput: false -> true
   = amplification: unchanged ("solid-state")
   = powerOutputPerChannelW: unchanged (null)
   = channelCount: unchanged (null)
   ~ phonoStageBuiltIn: null -> "none"
   ~ trigger12v: null -> false
   ~ remoteControlIncluded: null -> true
   ~ inputs: ["usb"] -> ["rca","xlr-balanced"]
   ~ outputs: ["4.4mm"] -> ["headphone-jack","pre-out-rca","pre-out-xlr"]
   = maxSampleRateBitDepth: unchanged (null)
   = dsdSupport: unchanged (null)
   = hiResCertification: unchanged (null)
   = dacChipsetFamily: unchanged (null)
   = streamingPlatformSupport: unchanged (null)
   = networkConnection: unchanged (null)
   = driveType: unchanged (null)
   = turntableOperation: unchanged (null)
   = speedsSupported: unchanged (null)
   = phonoPreampBuiltIn: unchanged (null)
   = cartridgeIncluded: unchanged (null)
   = usbDigitalOutput: unchanged (null)
   = bluetoothCodecs: unchanged (null)
   = voiceAssistant: unchanged (null)
   ~ multiroomSupport: null -> false
   = finishColor: unchanged (null)
   ~ rackMountable19: null -> false
   ~ countryOfManufacture: null -> "China"
   💾 backed up prior filterAttributes -> /home/jan/work/sanglogium/sanity-cms/backups/backup_headphones_MrEMtYwMtrFDGWmRnRKRM6_2026-09-14T10-54-31-563Z.json
   ✅ patched. rev: Ch755lAE5GLsZ435CxbthA

🎧 PATCH (WRITE) — Aune Audio Aune Audio S17 Pro EVO Headphone Amplifier (PHPYj28HJdPDHAaIBChWTc)

   Field diff (filterAttributes.*):
   = brand: unchanged (["aune-audio"])
   = customerRating: unchanged (null)
   ~ condition: null -> "new"
   = inStock: unchanged (true)
   ~ dealsDiscount: null -> "none"
   ~ newArrival: null -> false
   = awards: unchanged (null)
   ~ deviceType: "headphone-amp" -> null
   ~ deviceConnectivity: null -> "wired"
   = formFactor: unchanged ("desktop")
   = dacIncluded: unchanged (false)
   ~ balancedOutput: false -> true
   = amplification: unchanged ("solid-state")
   = powerOutputPerChannelW: unchanged (null)
   = channelCount: unchanged (null)
   ~ phonoStageBuiltIn: null -> "none"
   ~ trigger12v: null -> false
   ~ remoteControlIncluded: null -> true
   ~ inputs: ["usb"] -> ["rca","xlr-balanced"]
   ~ outputs: ["4.4mm"] -> ["headphone-jack","pre-out-rca","pre-out-xlr"]
   = maxSampleRateBitDepth: unchanged (null)
   = dsdSupport: unchanged (null)
   = hiResCertification: unchanged (null)
   = dacChipsetFamily: unchanged (null)
   = streamingPlatformSupport: unchanged (null)
   = networkConnection: unchanged (null)
   = driveType: unchanged (null)
   = turntableOperation: unchanged (null)
   = speedsSupported: unchanged (null)
   = phonoPreampBuiltIn: unchanged (null)
   = cartridgeIncluded: unchanged (null)
   = usbDigitalOutput: unchanged (null)
   = bluetoothCodecs: unchanged (null)
   = voiceAssistant: unchanged (null)
   ~ multiroomSupport: null -> false
   ~ finishColor: null -> ["black"]
   ~ rackMountable19: null -> false
   ~ countryOfManufacture: null -> "China"
   💾 backed up prior filterAttributes -> /home/jan/work/sanglogium/sanity-cms/backups/backup_headphones_PHPYj28HJdPDHAaIBChWTc_2026-09-14T10-54-32-575Z.json
   ✅ patched. rev: Ch755lAE5GLsZ435CxbtmG

🎧 PATCH (WRITE) — Aune Audio Aune Audio YUKI Portable DAC and Headphone Amplifier (MrEMtYwMtrFDGWmRnRGtU3)

   Field diff (filterAttributes.*):
   = brand: unchanged (["aune-audio"])
   = customerRating: unchanged (null)
   ~ condition: null -> "new"
   = inStock: unchanged (true)
   ~ dealsDiscount: null -> "none"
   ~ newArrival: null -> false
   = awards: unchanged (null)
   = deviceType: unchanged ("dac")
   ~ deviceConnectivity: null -> "wired"
   ~ formFactor: "portable" -> "dongle"
   = dacIncluded: unchanged (true)
   ~ balancedOutput: false -> true
   ~ amplification: "solid-state" -> null
   = powerOutputPerChannelW: unchanged (null)
   = channelCount: unchanged (null)
   = phonoStageBuiltIn: unchanged (null)
   = trigger12v: unchanged (null)
   = remoteControlIncluded: unchanged (null)
   = inputs: unchanged (["usb"])
   ~ outputs: ["4.4mm"] -> null
   ~ maxSampleRateBitDepth: null -> "32-bit / 384 kHz"
   ~ dsdSupport: null -> "dsd256-plus"
   = hiResCertification: unchanged (null)
   ~ dacChipsetFamily: null -> ["cirrus-logic"]
   = streamingPlatformSupport: unchanged (null)
   = networkConnection: unchanged (null)
   = driveType: unchanged (null)
   = turntableOperation: unchanged (null)
   = speedsSupported: unchanged (null)
   = phonoPreampBuiltIn: unchanged (null)
   = cartridgeIncluded: unchanged (null)
   = usbDigitalOutput: unchanged (null)
   = bluetoothCodecs: unchanged (null)
   = voiceAssistant: unchanged (null)
   = multiroomSupport: unchanged (null)
   ~ finishColor: null -> ["white"]
   ~ rackMountable19: null -> false
   ~ countryOfManufacture: null -> "China"
   💾 backed up prior filterAttributes -> /home/jan/work/sanglogium/sanity-cms/backups/backup_headphones_MrEMtYwMtrFDGWmRnRGtU3_2026-09-14T10-54-33-624Z.json
   ✅ patched. rev: 7P2D00ai8KUgrZgiFcx9OQ

🎧 PATCH (WRITE) — Dekoni Audio Apos x Bob Ross Panoramic Scenic Keycaps (DZc43yHr6ydfgE7zB3xXvF)

   Field diff (filterAttributes.*):
   = customerRating: unchanged (null)
   ~ condition: null -> "new"
   = dealsDiscount: unchanged (null)
   = newArrival: unchanged (null)
   ~ awards: null -> []
   ~ accessoryType: "cable" -> null
   = compatibleProductType: unchanged (null)
   = cableFunction: unchanged (null)
   = connectorTermination: unchanged (null)
   = lengthM: unchanged (null)
   = conductorMaterial: unchanged (null)
   = balancedUnbalanced: unchanged (null)
   = furnitureType: unchanged (null)
   = material: unchanged (null)
   = adjustableHeight: unchanged (null)
   = weightCapacityKg: unchanged (null)
   = powerProductType: unchanged (null)
   = outletCount: unchanged (null)
   = powerConnectorType: unchanged (null)
   = cleaningProductType: unchanged (null)
   = formatCompatibility: unchanged (null)
   = partType: unchanged (null)
   ~ compatibility: ["MX switches"] -> null
   = adapterFunction: unchanged (null)
   = treatmentType: unchanged (null)
   = mounting: unchanged (null)
   💾 backed up prior filterAttributes -> /home/jan/work/sanglogium/sanity-cms/backups/backup_headphones_DZc43yHr6ydfgE7zB3xXvF_2026-09-14T10-56-41-597Z.json
   ✅ patched. rev: 7P2D00ai8KUgrZgiFcxK4H

🎧 PATCH (WRITE) — Dekoni Audio Apos x Community Druid R2R DAC (GPjMdcfFWZVrKyR2PB2gcY)

   Field diff (filterAttributes.*):
   = customerRating: unchanged (null)
   ~ condition: null -> "new"
   = dealsDiscount: unchanged (null)
   = newArrival: unchanged (null)
   ~ awards: null -> []
   ~ accessoryType: "cable" -> null
   = compatibleProductType: unchanged (null)
   = cableFunction: unchanged (null)
   = connectorTermination: unchanged (null)
   = lengthM: unchanged (null)
   = conductorMaterial: unchanged (null)
   = balancedUnbalanced: unchanged (null)
   = furnitureType: unchanged (null)
   = material: unchanged (null)
   = adjustableHeight: unchanged (null)
   = weightCapacityKg: unchanged (null)
   = powerProductType: unchanged (null)
   = outletCount: unchanged (null)
   = powerConnectorType: unchanged (null)
   = cleaningProductType: unchanged (null)
   = formatCompatibility: unchanged (null)
   = partType: unchanged (null)
   ~ compatibility: ["universal"] -> null
   = adapterFunction: unchanged (null)
   = treatmentType: unchanged (null)
   = mounting: unchanged (null)
   💾 backed up prior filterAttributes -> /home/jan/work/sanglogium/sanity-cms/backups/backup_headphones_GPjMdcfFWZVrKyR2PB2gcY_2026-09-14T10-56-42-928Z.json
   ✅ patched. rev: 7P2D00ai8KUgrZgiFcxKBI

🎧 PATCH (WRITE) — Dekoni Audio Apos x Community Gremlin Tube Amp (xMEqvkRBbdrlJXyFG8bEZj)

   Field diff (filterAttributes.*):
   = customerRating: unchanged (null)
   ~ condition: null -> "new"
   = dealsDiscount: unchanged (null)
   = newArrival: unchanged (null)
   ~ awards: null -> []
   ~ accessoryType: "cable" -> null
   = compatibleProductType: unchanged (null)
   = cableFunction: unchanged (null)
   = connectorTermination: unchanged (null)
   = lengthM: unchanged (null)
   = conductorMaterial: unchanged (null)
   = balancedUnbalanced: unchanged (null)
   = furnitureType: unchanged (null)
   = material: unchanged (null)
   = adjustableHeight: unchanged (null)
   = weightCapacityKg: unchanged (null)
   = powerProductType: unchanged (null)
   = outletCount: unchanged (null)
   = powerConnectorType: unchanged (null)
   = cleaningProductType: unchanged (null)
   = formatCompatibility: unchanged (null)
   = partType: unchanged (null)
   ~ compatibility: ["8-600Ω"] -> null
   = adapterFunction: unchanged (null)
   = treatmentType: unchanged (null)
   = mounting: unchanged (null)
   💾 backed up prior filterAttributes -> /home/jan/work/sanglogium/sanity-cms/backups/backup_headphones_xMEqvkRBbdrlJXyFG8bEZj_2026-09-14T10-56-44-118Z.json
   ✅ patched. rev: MzerujO1CrL1dzm03eR5Wd

🎧 PATCH (WRITE) — Dekoni Audio Apos x Community Rock Lobster IEMs (DZc43yHr6ydfgE7zB3xQZo)

   Field diff (filterAttributes.*):
   = customerRating: unchanged (null)
   ~ condition: null -> "new"
   = dealsDiscount: unchanged (null)
   = newArrival: unchanged (null)
   ~ awards: null -> []
   ~ accessoryType: "cable" -> null
   = compatibleProductType: unchanged (null)
   = cableFunction: unchanged (null)
   = connectorTermination: unchanged (null)
   = lengthM: unchanged (null)
   = conductorMaterial: unchanged (null)
   = balancedUnbalanced: unchanged (null)
   = furnitureType: unchanged (null)
   = material: unchanged (null)
   = adjustableHeight: unchanged (null)
   = weightCapacityKg: unchanged (null)
   = powerProductType: unchanged (null)
   = outletCount: unchanged (null)
   = powerConnectorType: unchanged (null)
   = cleaningProductType: unchanged (null)
   = formatCompatibility: unchanged (null)
   = partType: unchanged (null)
   ~ compatibility: ["universal"] -> null
   = adapterFunction: unchanged (null)
   = treatmentType: unchanged (null)
   = mounting: unchanged (null)
   💾 backed up prior filterAttributes -> /home/jan/work/sanglogium/sanity-cms/backups/backup_headphones_DZc43yHr6ydfgE7zB3xQZo_2026-09-14T10-56-45-559Z.json
   ✅ patched. rev: MzerujO1CrL1dzm03eR5k5

🎧 PATCH (WRITE) — Dekoni Audio Apos x Geshelli Merlin AKM Desktop DAC (xMEqvkRBbdrlJXyFG8bJ71)

   Field diff (filterAttributes.*):
   = customerRating: unchanged (null)
   ~ condition: null -> "new"
   = dealsDiscount: unchanged (null)
   = newArrival: unchanged (null)
   ~ awards: null -> []
   ~ accessoryType: "cable" -> null
   = compatibleProductType: unchanged (null)
   = cableFunction: unchanged (null)
   = connectorTermination: unchanged (null)
   = lengthM: unchanged (null)
   = conductorMaterial: unchanged (null)
   = balancedUnbalanced: unchanged (null)
   = furnitureType: unchanged (null)
   = material: unchanged (null)
   = adjustableHeight: unchanged (null)
   = weightCapacityKg: unchanged (null)
   = powerProductType: unchanged (null)
   = outletCount: unchanged (null)
   = powerConnectorType: unchanged (null)
   = cleaningProductType: unchanged (null)
   = formatCompatibility: unchanged (null)
   = partType: unchanged (null)
   ~ compatibility: ["universal"] -> null
   = adapterFunction: unchanged (null)
   = treatmentType: unchanged (null)
   = mounting: unchanged (null)
   💾 backed up prior filterAttributes -> /home/jan/work/sanglogium/sanity-cms/backups/backup_headphones_xMEqvkRBbdrlJXyFG8bJ71_2026-09-14T10-56-46-880Z.json
   ✅ patched. rev: MzerujO1CrL1dzm03eR5xX

🎧 PATCH (WRITE) — Dekoni Audio Apos x Z Reviews Magia Cable (GPjMdcfFWZVrKyR2PB2mFi)

   Field diff (filterAttributes.*):
   = customerRating: unchanged (null)
   ~ condition: null -> "new"
   = dealsDiscount: unchanged (null)
   = newArrival: unchanged (null)
   ~ awards: null -> []
   ~ accessoryType: "cable" -> "cables-interconnects"
   ~ compatibleProductType: null -> ["headphone"]
   = cableFunction: unchanged (null)
   = connectorTermination: unchanged (null)
   = lengthM: unchanged (null)
   = conductorMaterial: unchanged (null)
   = balancedUnbalanced: unchanged (null)
   = furnitureType: unchanged (null)
   = material: unchanged (null)
   = adjustableHeight: unchanged (null)
   = weightCapacityKg: unchanged (null)
   = powerProductType: unchanged (null)
   = outletCount: unchanged (null)
   = powerConnectorType: unchanged (null)
   = cleaningProductType: unchanged (null)
   = formatCompatibility: unchanged (null)
   = partType: unchanged (null)
   ~ compatibility: ["universal"] -> null
   = adapterFunction: unchanged (null)
   = treatmentType: unchanged (null)
   = mounting: unchanged (null)
   💾 backed up prior filterAttributes -> /home/jan/work/sanglogium/sanity-cms/backups/backup_headphones_GPjMdcfFWZVrKyR2PB2mFi_2026-09-14T10-56-48-162Z.json
   ✅ patched. rev: 7P2D00ai8KUgrZgiFcxKIJ

🎧 PATCH (WRITE) — Dekoni Audio Bob Ross Deskmat (GPjMdcfFWZVrKyR2PB2ogU)

   Field diff (filterAttributes.*):
   = customerRating: unchanged (null)
   ~ condition: null -> "new"
   = dealsDiscount: unchanged (null)
   = newArrival: unchanged (null)
   ~ awards: null -> []
   ~ accessoryType: "cable" -> null
   = compatibleProductType: unchanged (null)
   = cableFunction: unchanged (null)
   = connectorTermination: unchanged (null)
   = lengthM: unchanged (null)
   = conductorMaterial: unchanged (null)
   = balancedUnbalanced: unchanged (null)
   = furnitureType: unchanged (null)
   = material: unchanged (null)
   = adjustableHeight: unchanged (null)
   = weightCapacityKg: unchanged (null)
   = powerProductType: unchanged (null)
   = outletCount: unchanged (null)
   = powerConnectorType: unchanged (null)
   = cleaningProductType: unchanged (null)
   = formatCompatibility: unchanged (null)
   = partType: unchanged (null)
   ~ compatibility: ["universal"] -> null
   = adapterFunction: unchanged (null)
   = treatmentType: unchanged (null)
   = mounting: unchanged (null)
   💾 backed up prior filterAttributes -> /home/jan/work/sanglogium/sanity-cms/backups/backup_headphones_GPjMdcfFWZVrKyR2PB2ogU_2026-09-14T10-56-49-452Z.json
   ✅ patched. rev: MzerujO1CrL1dzm03eR6Az

🎧 PATCH (WRITE) — Dekoni Audio Dekoni Audio Balanced 4.4mm Cable for Sennheiser HD600 | Replacement Headphone Cable (PHPYj28HJdPDHAaIB6cVoW)

   Field diff (filterAttributes.*):
   = customerRating: unchanged (null)
   ~ condition: null -> "new"
   = dealsDiscount: unchanged (null)
   = newArrival: unchanged (null)
   ~ awards: null -> []
   ~ accessoryType: "cable" -> "cables-interconnects"
   ~ compatibleProductType: null -> ["headphone"]
   = cableFunction: unchanged (null)
   ~ connectorTermination: ["4.4mm-balanced"] -> ["4.4mm"]
   = lengthM: unchanged (null)
   = conductorMaterial: unchanged (null)
   ~ balancedUnbalanced: null -> "balanced"
   = furnitureType: unchanged (null)
   = material: unchanged (null)
   = adjustableHeight: unchanged (null)
   = weightCapacityKg: unchanged (null)
   = powerProductType: unchanged (null)
   = outletCount: unchanged (null)
   = powerConnectorType: unchanged (null)
   = cleaningProductType: unchanged (null)
   = formatCompatibility: unchanged (null)
   = partType: unchanged (null)
   ~ compatibility: ["universal"] -> null
   = adapterFunction: unchanged (null)
   = treatmentType: unchanged (null)
   = mounting: unchanged (null)
   💾 backed up prior filterAttributes -> /home/jan/work/sanglogium/sanity-cms/backups/backup_headphones_PHPYj28HJdPDHAaIB6cVoW_2026-09-14T10-56-50-753Z.json
   ✅ patched. rev: MzerujO1CrL1dzm03eR6XP

🎧 PATCH (WRITE) — Dekoni Audio Dekoni Audio Balanced XLR Cable for Sennheiser HD800 | Replacement Headphone Cable (Pn6oyV4Ks5AcNbecjbXY7s)

   Field diff (filterAttributes.*):
   = customerRating: unchanged (null)
   = condition: unchanged (null)
   = dealsDiscount: unchanged (null)
   = newArrival: unchanged (null)
   ~ awards: null -> []
   ~ accessoryType: "cable" -> "cables-interconnects"
   ~ compatibleProductType: null -> ["headphone"]
   = cableFunction: unchanged (null)
   ~ connectorTermination: ["4-pin-xlr"] -> null
   = lengthM: unchanged (null)
   ~ conductorMaterial: null -> "silver-plated-copper"
   ~ balancedUnbalanced: null -> "balanced"
   = furnitureType: unchanged (null)
   = material: unchanged (null)
   = adjustableHeight: unchanged (null)
   = weightCapacityKg: unchanged (null)
   = powerProductType: unchanged (null)
   = outletCount: unchanged (null)
   = powerConnectorType: unchanged (null)
   = cleaningProductType: unchanged (null)
   = formatCompatibility: unchanged (null)
   = partType: unchanged (null)
   ~ compatibility: ["universal"] -> null
   = adapterFunction: unchanged (null)
   = treatmentType: unchanged (null)
   = mounting: unchanged (null)
   💾 backed up prior filterAttributes -> /home/jan/work/sanglogium/sanity-cms/backups/backup_headphones_Pn6oyV4Ks5AcNbecjbXY7s_2026-09-14T10-56-52-148Z.json
   ✅ patched. rev: Ch755lAE5GLsZ435Cxbybh

🎧 PATCH (WRITE) — Dekoni Audio Dekoni Audio Choice Leather Earpads for Hifiman Sundara (prod-0b357ab1-22a)

   Field diff (filterAttributes.*):
   = customerRating: unchanged (null)
   ~ condition: null -> "new"
   = dealsDiscount: unchanged (null)
   = newArrival: unchanged (null)
   ~ awards: null -> []
   ~ accessoryType: "earpad" -> "replacement-parts"
   ~ compatibleProductType: null -> ["headphone"]
   = cableFunction: unchanged (null)
   = connectorTermination: unchanged (null)
   = lengthM: unchanged (null)
   = conductorMaterial: unchanged (null)
   = balancedUnbalanced: unchanged (null)
   = furnitureType: unchanged (null)
   = material: unchanged (null)
   = adjustableHeight: unchanged (null)
   = weightCapacityKg: unchanged (null)
   = powerProductType: unchanged (null)
   = outletCount: unchanged (null)
   = powerConnectorType: unchanged (null)
   = cleaningProductType: unchanged (null)
   = formatCompatibility: unchanged (null)
   ~ partType: null -> "ear-pads-cushions"
   ~ compatibility: ["universal"] -> ["Hifiman Sundara"]
   = adapterFunction: unchanged (null)
   = treatmentType: unchanged (null)
   = mounting: unchanged (null)
   💾 backed up prior filterAttributes -> /home/jan/work/sanglogium/sanity-cms/backups/backup_headphones_prod-0b357ab1-22a_2026-09-14T10-56-53-220Z.json
   ✅ patched. rev: MzerujO1CrL1dzm03eR6yJ

🎧 PATCH (WRITE) — Dekoni Audio Dekoni Audio Elite Fenestrated Sheepskin Pads for Sennheiser HD6XX (prod-5d5e5ef2-61e)

   Field diff (filterAttributes.*):
   = customerRating: unchanged (null)
   ~ condition: null -> "new"
   = dealsDiscount: unchanged (null)
   = newArrival: unchanged (null)
   ~ awards: null -> []
   ~ accessoryType: "earpad" -> "replacement-parts"
   ~ compatibleProductType: null -> ["headphone"]
   = cableFunction: unchanged (null)
   = connectorTermination: unchanged (null)
   = lengthM: unchanged (null)
   = conductorMaterial: unchanged (null)
   = balancedUnbalanced: unchanged (null)
   = furnitureType: unchanged (null)
   = material: unchanged (null)
   = adjustableHeight: unchanged (null)
   = weightCapacityKg: unchanged (null)
   = powerProductType: unchanged (null)
   = outletCount: unchanged (null)
   = powerConnectorType: unchanged (null)
   = cleaningProductType: unchanged (null)
   = formatCompatibility: unchanged (null)
   = partType: unchanged (null)
   ~ compatibility: ["universal"] -> ["Sennheiser HD6XX"]
   = adapterFunction: unchanged (null)
   = treatmentType: unchanged (null)
   = mounting: unchanged (null)
   💾 backed up prior filterAttributes -> /home/jan/work/sanglogium/sanity-cms/backups/backup_headphones_prod-5d5e5ef2-61e_2026-09-14T10-56-54-254Z.json
   ✅ patched. rev: MzerujO1CrL1dzm03eR7GF

🎧 PATCH (WRITE) — Dekoni Audio Dekoni Audio Elite Fenestrated Sheepskin Replacement Earpads for Sennheiser HD600 Headphones (Pair) (MrEMtYwMtrFDGWmRnQSZ1T)

   Field diff (filterAttributes.*):
   = customerRating: unchanged (null)
   ~ condition: null -> "new"
   = dealsDiscount: unchanged (null)
   = newArrival: unchanged (null)
   ~ awards: null -> []
   ~ accessoryType: "earpad" -> "replacement-parts"
   ~ compatibleProductType: null -> ["headphone"]
   = cableFunction: unchanged (null)
   = connectorTermination: unchanged (null)
   = lengthM: unchanged (null)
   = conductorMaterial: unchanged (null)
   = balancedUnbalanced: unchanged (null)
   = furnitureType: unchanged (null)
   = material: unchanged (null)
   = adjustableHeight: unchanged (null)
   = weightCapacityKg: unchanged (null)
   = powerProductType: unchanged (null)
   = outletCount: unchanged (null)
   = powerConnectorType: unchanged (null)
   = cleaningProductType: unchanged (null)
   = formatCompatibility: unchanged (null)
   ~ partType: null -> "ear-pads-cushions"
   ~ compatibility: ["universal"] -> ["Sennheiser HD600 offers a neutral reponse when compared to solid","Sennheiser HD600"]
   = adapterFunction: unchanged (null)
   = treatmentType: unchanged (null)
   = mounting: unchanged (null)
   💾 backed up prior filterAttributes -> /home/jan/work/sanglogium/sanity-cms/backups/backup_headphones_MrEMtYwMtrFDGWmRnQSZ1T_2026-09-14T10-56-55-531Z.json
   ✅ patched. rev: MzerujO1CrL1dzm03eR7YB

🎧 PATCH (WRITE) — Dekoni Audio Dekoni Audio Elite Sheepskin Ear Pads for Audeze LCD Series (3ue0Qq0vhQXjVDzPYWpU1M)

   Field diff (filterAttributes.*):
   = customerRating: unchanged (null)
   ~ condition: null -> "new"
   = dealsDiscount: unchanged (null)
   = newArrival: unchanged (null)
   ~ awards: null -> []
   ~ accessoryType: "earpad" -> "replacement-parts"
   ~ compatibleProductType: null -> ["headphone"]
   = cableFunction: unchanged (null)
   = connectorTermination: unchanged (null)
   = lengthM: unchanged (null)
   = conductorMaterial: unchanged (null)
   = balancedUnbalanced: unchanged (null)
   = furnitureType: unchanged (null)
   = material: unchanged (null)
   = adjustableHeight: unchanged (null)
   = weightCapacityKg: unchanged (null)
   = powerProductType: unchanged (null)
   = outletCount: unchanged (null)
   = powerConnectorType: unchanged (null)
   = cleaningProductType: unchanged (null)
   = formatCompatibility: unchanged (null)
   ~ partType: null -> "ear-pads-cushions"
   ~ compatibility: ["universal"] -> ["Audeze LCD-2","Audeze LCD-4","Audeze LCD-4Z","Audeze LCD-X","Audeze LCD-XC","Audeze LCD"]
   = adapterFunction: unchanged (null)
   = treatmentType: unchanged (null)
   = mounting: unchanged (null)
   💾 backed up prior filterAttributes -> /home/jan/work/sanglogium/sanity-cms/backups/backup_headphones_3ue0Qq0vhQXjVDzPYWpU1M_2026-09-14T10-56-56-549Z.json
   ✅ patched. rev: 7P2D00ai8KUgrZgiFcxKi2

🎧 PATCH (WRITE) — Dekoni Audio Dekoni Audio Elite Sheepskin Ear Pads for Focal (PHPYj28HJdPDHAaIBCC8aa)

   Field diff (filterAttributes.*):
   = customerRating: unchanged (null)
   ~ condition: null -> "new"
   = dealsDiscount: unchanged (null)
   = newArrival: unchanged (null)
   ~ awards: null -> []
   ~ accessoryType: "earpad" -> "replacement-parts"
   ~ compatibleProductType: null -> ["headphone"]
   = cableFunction: unchanged (null)
   = connectorTermination: unchanged (null)
   = lengthM: unchanged (null)
   = conductorMaterial: unchanged (null)
   = balancedUnbalanced: unchanged (null)
   = furnitureType: unchanged (null)
   = material: unchanged (null)
   = adjustableHeight: unchanged (null)
   = weightCapacityKg: unchanged (null)
   = powerProductType: unchanged (null)
   = outletCount: unchanged (null)
   = powerConnectorType: unchanged (null)
   = cleaningProductType: unchanged (null)
   = formatCompatibility: unchanged (null)
   ~ partType: null -> "ear-pads-cushions"
   ~ compatibility: ["universal"] -> null
   = adapterFunction: unchanged (null)
   = treatmentType: unchanged (null)
   = mounting: unchanged (null)
   💾 backed up prior filterAttributes -> /home/jan/work/sanglogium/sanity-cms/backups/backup_headphones_PHPYj28HJdPDHAaIBCC8aa_2026-09-14T10-56-57-838Z.json
   ✅ patched. rev: Ch755lAE5GLsZ435CxbyfW

🎧 PATCH (WRITE) — Dekoni Audio Dekoni Audio Elite Sheepskin Earpads For Hifiman Headphones (MrEMtYwMtrFDGWmRnQSU8H)

   Field diff (filterAttributes.*):
   = customerRating: unchanged (null)
   ~ condition: null -> "new"
   = dealsDiscount: unchanged (null)
   = newArrival: unchanged (null)
   ~ awards: null -> []
   ~ accessoryType: "earpad" -> "replacement-parts"
   ~ compatibleProductType: null -> ["headphone"]
   = cableFunction: unchanged (null)
   = connectorTermination: unchanged (null)
   = lengthM: unchanged (null)
   = conductorMaterial: unchanged (null)
   = balancedUnbalanced: unchanged (null)
   = furnitureType: unchanged (null)
   = material: unchanged (null)
   = adjustableHeight: unchanged (null)
   = weightCapacityKg: unchanged (null)
   = powerProductType: unchanged (null)
   = outletCount: unchanged (null)
   = powerConnectorType: unchanged (null)
   = cleaningProductType: unchanged (null)
   = formatCompatibility: unchanged (null)
   ~ partType: null -> "ear-pads-cushions"
   ~ compatibility: ["universal"] -> ["Hifiman HE from Hifiman"]
   = adapterFunction: unchanged (null)
   = treatmentType: unchanged (null)
   = mounting: unchanged (null)
   💾 backed up prior filterAttributes -> /home/jan/work/sanglogium/sanity-cms/backups/backup_headphones_MrEMtYwMtrFDGWmRnQSU8H_2026-09-14T10-56-59-239Z.json
   ✅ patched. rev: MzerujO1CrL1dzm03eR7z5

🎧 PATCH (WRITE) — Dekoni Audio Dekoni Audio Ensemble 1/4" 52" Braided Cable with 3.5mm Headphone Connectors (Pn6oyV4Ks5AcNbecjkZxOh)

   Field diff (filterAttributes.*):
   = customerRating: unchanged (null)
   ~ condition: null -> "new"
   = dealsDiscount: unchanged (null)
   = newArrival: unchanged (null)
   ~ awards: null -> []
   ~ accessoryType: "cable" -> "cables-interconnects"
   ~ compatibleProductType: null -> ["headphone"]
   = cableFunction: unchanged (null)
   = connectorTermination: unchanged (["3.5mm"])
   ~ lengthM: null -> 0.1
   = conductorMaterial: unchanged (null)
   = balancedUnbalanced: unchanged (null)
   = furnitureType: unchanged (null)
   = material: unchanged (null)
   = adjustableHeight: unchanged (null)
   = weightCapacityKg: unchanged (null)
   = powerProductType: unchanged (null)
   = outletCount: unchanged (null)
   = powerConnectorType: unchanged (null)
   = cleaningProductType: unchanged (null)
   = formatCompatibility: unchanged (null)
   = partType: unchanged (null)
   ~ compatibility: ["universal"] -> null
   = adapterFunction: unchanged (null)
   = treatmentType: unchanged (null)
   = mounting: unchanged (null)
   💾 backed up prior filterAttributes -> /home/jan/work/sanglogium/sanity-cms/backups/backup_headphones_Pn6oyV4Ks5AcNbecjkZxOh_2026-09-14T10-57-00-515Z.json
   ✅ patched. rev: 7P2D00ai8KUgrZgiFcxKtj

🎧 PATCH (WRITE) — Dekoni Audio Dekoni Audio Ensemble 1/4" 52" Braided Cable with 4-pin Mini XLR Headphone Connectors (Pn6oyV4Ks5AcNbecjkZ7Mg)

   Field diff (filterAttributes.*):
   = customerRating: unchanged (null)
   ~ condition: null -> "new"
   = dealsDiscount: unchanged (null)
   = newArrival: unchanged (null)
   ~ awards: null -> []
   ~ accessoryType: "cable" -> "cables-interconnects"
   ~ compatibleProductType: null -> ["headphone"]
   = cableFunction: unchanged (null)
   ~ connectorTermination: ["4-pin-xlr"] -> null
   ~ lengthM: null -> 0.1
   = conductorMaterial: unchanged (null)
   ~ balancedUnbalanced: null -> "balanced"
   = furnitureType: unchanged (null)
   = material: unchanged (null)
   = adjustableHeight: unchanged (null)
   = weightCapacityKg: unchanged (null)
   = powerProductType: unchanged (null)
   = outletCount: unchanged (null)
   = powerConnectorType: unchanged (null)
   = cleaningProductType: unchanged (null)
   = formatCompatibility: unchanged (null)
   = partType: unchanged (null)
   ~ compatibility: ["universal"] -> null
   = adapterFunction: unchanged (null)
   = treatmentType: unchanged (null)
   = mounting: unchanged (null)
   💾 backed up prior filterAttributes -> /home/jan/work/sanglogium/sanity-cms/backups/backup_headphones_Pn6oyV4Ks5AcNbecjkZ7Mg_2026-09-14T10-57-01-602Z.json
   ✅ patched. rev: 7P2D00ai8KUgrZgiFcxL0k

🎧 PATCH (WRITE) — Dekoni Audio Dekoni Audio Ensemble 1/4" 52" Braided Cable with HD600 Headphone Connectors (PHPYj28HJdPDHAaIBCiv48)

   Field diff (filterAttributes.*):
   = customerRating: unchanged (null)
   ~ condition: null -> "new"
   = dealsDiscount: unchanged (null)
   = newArrival: unchanged (null)
   ~ awards: null -> []
   ~ accessoryType: "cable" -> "cables-interconnects"
   ~ compatibleProductType: null -> ["headphone"]
   = cableFunction: unchanged (null)
   ~ connectorTermination: ["3.5mm","6.35mm","4.4mm-balanced"] -> null
   ~ lengthM: null -> 0.1
   = conductorMaterial: unchanged (null)
   = balancedUnbalanced: unchanged (null)
   = furnitureType: unchanged (null)
   = material: unchanged (null)
   = adjustableHeight: unchanged (null)
   = weightCapacityKg: unchanged (null)
   = powerProductType: unchanged (null)
   = outletCount: unchanged (null)
   = powerConnectorType: unchanged (null)
   = cleaningProductType: unchanged (null)
   = formatCompatibility: unchanged (null)
   = partType: unchanged (null)
   ~ compatibility: ["universal"] -> null
   = adapterFunction: unchanged (null)
   = treatmentType: unchanged (null)
   = mounting: unchanged (null)
   💾 backed up prior filterAttributes -> /home/jan/work/sanglogium/sanity-cms/backups/backup_headphones_PHPYj28HJdPDHAaIBCiv48_2026-09-14T10-57-02-668Z.json
   ✅ patched. rev: 7P2D00ai8KUgrZgiFcxL7l

🎧 PATCH (WRITE) — Dekoni Audio Dekoni Audio Ensemble 1/4" 52" Nylon Wrapped Cable with 3.5mm Headphone Connectors (Pn6oyV4Ks5AcNbecjkZ5FD)

   Field diff (filterAttributes.*):
   = customerRating: unchanged (null)
   ~ condition: null -> "new"
   = dealsDiscount: unchanged (null)
   = newArrival: unchanged (null)
   ~ awards: null -> []
   ~ accessoryType: "cable" -> "cables-interconnects"
   ~ compatibleProductType: null -> ["headphone"]
   = cableFunction: unchanged (null)
   = connectorTermination: unchanged (["3.5mm"])
   ~ lengthM: null -> 0.1
   = conductorMaterial: unchanged (null)
   = balancedUnbalanced: unchanged (null)
   = furnitureType: unchanged (null)
   = material: unchanged (null)
   = adjustableHeight: unchanged (null)
   = weightCapacityKg: unchanged (null)
   = powerProductType: unchanged (null)
   = outletCount: unchanged (null)
   = powerConnectorType: unchanged (null)
   = cleaningProductType: unchanged (null)
   = formatCompatibility: unchanged (null)
   = partType: unchanged (null)
   ~ compatibility: ["universal"] -> null
   = adapterFunction: unchanged (null)
   = treatmentType: unchanged (null)
   = mounting: unchanged (null)
   💾 backed up prior filterAttributes -> /home/jan/work/sanglogium/sanity-cms/backups/backup_headphones_Pn6oyV4Ks5AcNbecjkZ5FD_2026-09-14T10-57-03-932Z.json
   ✅ patched. rev: 7P2D00ai8KUgrZgiFcxLJS

🎧 PATCH (WRITE) — Dekoni Audio Dekoni Audio Ensemble 1/4" 52" Nylon Wrapped Cable with HD600 Headphone Connectors (Pn6oyV4Ks5AcNbecjkZ08L)

   Field diff (filterAttributes.*):
   = customerRating: unchanged (null)
   ~ condition: null -> "new"
   = dealsDiscount: unchanged (null)
   = newArrival: unchanged (null)
   ~ awards: null -> []
   ~ accessoryType: "cable" -> "cables-interconnects"
   ~ compatibleProductType: null -> ["headphone"]
   = cableFunction: unchanged (null)
   ~ connectorTermination: ["3.5mm","6.35mm","4.4mm-balanced"] -> null
   ~ lengthM: null -> 0.1
   = conductorMaterial: unchanged (null)
   = balancedUnbalanced: unchanged (null)
   = furnitureType: unchanged (null)
   = material: unchanged (null)
   = adjustableHeight: unchanged (null)
   = weightCapacityKg: unchanged (null)
   = powerProductType: unchanged (null)
   = outletCount: unchanged (null)
   = powerConnectorType: unchanged (null)
   = cleaningProductType: unchanged (null)
   = formatCompatibility: unchanged (null)
   = partType: unchanged (null)
   ~ compatibility: ["universal"] -> null
   = adapterFunction: unchanged (null)
   = treatmentType: unchanged (null)
   = mounting: unchanged (null)
   💾 backed up prior filterAttributes -> /home/jan/work/sanglogium/sanity-cms/backups/backup_headphones_Pn6oyV4Ks5AcNbecjkZ08L_2026-09-14T10-57-04-938Z.json
   ✅ patched. rev: Ch755lAE5GLsZ435CxbyjL

🎧 PATCH (WRITE) — Dekoni Audio Dekoni Audio Ensemble 1/4" 64" Braided Cable with 3.5mm Headphone Connectors (PHPYj28HJdPDHAaIBCioiC)

   Field diff (filterAttributes.*):
   = customerRating: unchanged (null)
   ~ condition: null -> "new"
   = dealsDiscount: unchanged (null)
   = newArrival: unchanged (null)
   ~ awards: null -> []
   ~ accessoryType: "cable" -> "cables-interconnects"
   ~ compatibleProductType: null -> ["headphone"]
   = cableFunction: unchanged (null)
   = connectorTermination: unchanged (["3.5mm"])
   ~ lengthM: null -> 0.1
   = conductorMaterial: unchanged (null)
   = balancedUnbalanced: unchanged (null)
   = furnitureType: unchanged (null)
   = material: unchanged (null)
   = adjustableHeight: unchanged (null)
   = weightCapacityKg: unchanged (null)
   = powerProductType: unchanged (null)
   = outletCount: unchanged (null)
   = powerConnectorType: unchanged (null)
   = cleaningProductType: unchanged (null)
   = formatCompatibility: unchanged (null)
   = partType: unchanged (null)
   ~ compatibility: ["universal"] -> null
   = adapterFunction: unchanged (null)
   = treatmentType: unchanged (null)
   = mounting: unchanged (null)
   💾 backed up prior filterAttributes -> /home/jan/work/sanglogium/sanity-cms/backups/backup_headphones_PHPYj28HJdPDHAaIBCioiC_2026-09-14T10-57-05-937Z.json
   ✅ patched. rev: MzerujO1CrL1dzm03eR8Pz

🎧 PATCH (WRITE) — Dekoni Audio Dekoni Audio Ensemble 1/4" 64" Braided Cable with HD600 Headphone Connectors (PHPYj28HJdPDHAaIBCk4Vc)

   Field diff (filterAttributes.*):
   = customerRating: unchanged (null)
   ~ condition: null -> "new"
   = dealsDiscount: unchanged (null)
   = newArrival: unchanged (null)
   ~ awards: null -> []
   ~ accessoryType: "cable" -> "cables-interconnects"
   ~ compatibleProductType: null -> ["headphone"]
   = cableFunction: unchanged (null)
   ~ connectorTermination: ["3.5mm","6.35mm","4.4mm-balanced"] -> null
   ~ lengthM: null -> 0.1
   = conductorMaterial: unchanged (null)
   = balancedUnbalanced: unchanged (null)
   = furnitureType: unchanged (null)
   = material: unchanged (null)
   = adjustableHeight: unchanged (null)
   = weightCapacityKg: unchanged (null)
   = powerProductType: unchanged (null)
   = outletCount: unchanged (null)
   = powerConnectorType: unchanged (null)
   = cleaningProductType: unchanged (null)
   = formatCompatibility: unchanged (null)
   = partType: unchanged (null)
   ~ compatibility: ["universal"] -> null
   = adapterFunction: unchanged (null)
   = treatmentType: unchanged (null)
   = mounting: unchanged (null)
   💾 backed up prior filterAttributes -> /home/jan/work/sanglogium/sanity-cms/backups/backup_headphones_PHPYj28HJdPDHAaIBCk4Vc_2026-09-14T10-57-06-955Z.json
   ✅ patched. rev: Ch755lAE5GLsZ435CxbynA

🎧 PATCH (WRITE) — Dekoni Audio Dekoni Audio Ensemble 1/4" 64" Braided Cable with Single 3pin XLR Headphone Connector (MrEMtYwMtrFDGWmRnROsH1)

   Field diff (filterAttributes.*):
   = customerRating: unchanged (null)
   ~ condition: null -> "new"
   = dealsDiscount: unchanged (null)
   = newArrival: unchanged (null)
   ~ awards: null -> []
   ~ accessoryType: "cable" -> "cables-interconnects"
   ~ compatibleProductType: null -> ["headphone"]
   = cableFunction: unchanged (null)
   ~ connectorTermination: ["4-pin-xlr"] -> null
   ~ lengthM: null -> 0.1
   = conductorMaterial: unchanged (null)
   ~ balancedUnbalanced: null -> "balanced"
   = furnitureType: unchanged (null)
   = material: unchanged (null)
   = adjustableHeight: unchanged (null)
   = weightCapacityKg: unchanged (null)
   = powerProductType: unchanged (null)
   = outletCount: unchanged (null)
   = powerConnectorType: unchanged (null)
   = cleaningProductType: unchanged (null)
   = formatCompatibility: unchanged (null)
   = partType: unchanged (null)
   ~ compatibility: ["universal"] -> null
   = adapterFunction: unchanged (null)
   = treatmentType: unchanged (null)
   = mounting: unchanged (null)
   💾 backed up prior filterAttributes -> /home/jan/work/sanglogium/sanity-cms/backups/backup_headphones_MrEMtYwMtrFDGWmRnROsH1_2026-09-14T10-57-07-978Z.json
   ✅ patched. rev: MzerujO1CrL1dzm03eR8mP

🎧 PATCH (WRITE) — Dekoni Audio Dekoni Audio Ensemble 1/4" 64" Nylon Jacket Cable with ATHM Headphone Connector (MrEMtYwMtrFDGWmRnROj7V)

   Field diff (filterAttributes.*):
   = customerRating: unchanged (null)
   ~ condition: null -> "new"
   = dealsDiscount: unchanged (null)
   = newArrival: unchanged (null)
   ~ awards: null -> []
   ~ accessoryType: "cable" -> "cables-interconnects"
   ~ compatibleProductType: null -> ["headphone"]
   = cableFunction: unchanged (null)
   ~ connectorTermination: ["3.5mm","6.35mm","4.4mm-balanced"] -> null
   ~ lengthM: null -> 0.1
   = conductorMaterial: unchanged (null)
   = balancedUnbalanced: unchanged (null)
   = furnitureType: unchanged (null)
   = material: unchanged (null)
   = adjustableHeight: unchanged (null)
   = weightCapacityKg: unchanged (null)
   = powerProductType: unchanged (null)
   = outletCount: unchanged (null)
   = powerConnectorType: unchanged (null)
   = cleaningProductType: unchanged (null)
   = formatCompatibility: unchanged (null)
   = partType: unchanged (null)
   ~ compatibility: ["universal"] -> null
   = adapterFunction: unchanged (null)
   = treatmentType: unchanged (null)
   = mounting: unchanged (null)
   💾 backed up prior filterAttributes -> /home/jan/work/sanglogium/sanity-cms/backups/backup_headphones_MrEMtYwMtrFDGWmRnROj7V_2026-09-14T10-57-09-042Z.json
   ✅ patched. rev: Ch755lAE5GLsZ435Cxbyuo

🎧 PATCH (WRITE) — Dekoni Audio Dekoni Audio Ensemble 1/4" 64" Nylon Wrapped Cable with HD600 Headphone Connectors (MrEMtYwMtrFDGWmRnRMrRo)

   Field diff (filterAttributes.*):
   = customerRating: unchanged (null)
   ~ condition: null -> "new"
   = dealsDiscount: unchanged (null)
   = newArrival: unchanged (null)
   ~ awards: null -> []
   ~ accessoryType: "cable" -> "cables-interconnects"
   ~ compatibleProductType: null -> ["headphone"]
   = cableFunction: unchanged (null)
   ~ connectorTermination: ["3.5mm","6.35mm","4.4mm-balanced"] -> null
   ~ lengthM: null -> 0.1
   = conductorMaterial: unchanged (null)
   = balancedUnbalanced: unchanged (null)
   = furnitureType: unchanged (null)
   = material: unchanged (null)
   = adjustableHeight: unchanged (null)
   = weightCapacityKg: unchanged (null)
   = powerProductType: unchanged (null)
   = outletCount: unchanged (null)
   = powerConnectorType: unchanged (null)
   = cleaningProductType: unchanged (null)
   = formatCompatibility: unchanged (null)
   = partType: unchanged (null)
   ~ compatibility: ["universal"] -> null
   = adapterFunction: unchanged (null)
   = treatmentType: unchanged (null)
   = mounting: unchanged (null)
   💾 backed up prior filterAttributes -> /home/jan/work/sanglogium/sanity-cms/backups/backup_headphones_MrEMtYwMtrFDGWmRnRMrRo_2026-09-14T10-57-10-064Z.json
   ✅ patched. rev: Ch755lAE5GLsZ435Cxbyyd

🎧 PATCH (WRITE) — Dekoni Audio Dekoni Audio Ensemble 1/4" 64" PCUHD Cable with 4-pin Mini XLR Headphone Connectors (PHPYj28HJdPDHAaIBCjTtu)

   Field diff (filterAttributes.*):
   = customerRating: unchanged (null)
   ~ condition: null -> "new"
   = dealsDiscount: unchanged (null)
   = newArrival: unchanged (null)
   ~ awards: null -> []
   ~ accessoryType: "cable" -> "cables-interconnects"
   ~ compatibleProductType: null -> ["headphone"]
   = cableFunction: unchanged (null)
   ~ connectorTermination: ["4-pin-xlr"] -> null
   ~ lengthM: null -> 0.1
   ~ conductorMaterial: null -> "copper-ofc"
   = balancedUnbalanced: unchanged (null)
   = furnitureType: unchanged (null)
   = material: unchanged (null)
   = adjustableHeight: unchanged (null)
   = weightCapacityKg: unchanged (null)
   = powerProductType: unchanged (null)
   = outletCount: unchanged (null)
   = powerConnectorType: unchanged (null)
   = cleaningProductType: unchanged (null)
   = formatCompatibility: unchanged (null)
   = partType: unchanged (null)
   ~ compatibility: ["universal"] -> null
   = adapterFunction: unchanged (null)
   = treatmentType: unchanged (null)
   = mounting: unchanged (null)
   💾 backed up prior filterAttributes -> /home/jan/work/sanglogium/sanity-cms/backups/backup_headphones_PHPYj28HJdPDHAaIBCjTtu_2026-09-14T10-57-11-126Z.json
   ✅ patched. rev: Ch755lAE5GLsZ435Cxbz3j

🎧 PATCH (WRITE) — Dekoni Audio Dekoni Audio Ensemble 1/8" 64" Braided Cable with 3.5mm Headphone Connectors (Pn6oyV4Ks5AcNbecjkYFoH)

   Field diff (filterAttributes.*):
   = customerRating: unchanged (null)
   ~ condition: null -> "new"
   = dealsDiscount: unchanged (null)
   = newArrival: unchanged (null)
   ~ awards: null -> []
   ~ accessoryType: "cable" -> "cables-interconnects"
   ~ compatibleProductType: null -> ["headphone"]
   = cableFunction: unchanged (null)
   = connectorTermination: unchanged (["3.5mm"])
   ~ lengthM: null -> 0.2
   ~ conductorMaterial: null -> "silver-plated-copper"
   = balancedUnbalanced: unchanged (null)
   = furnitureType: unchanged (null)
   = material: unchanged (null)
   = adjustableHeight: unchanged (null)
   = weightCapacityKg: unchanged (null)
   = powerProductType: unchanged (null)
   = outletCount: unchanged (null)
   = powerConnectorType: unchanged (null)
   = cleaningProductType: unchanged (null)
   = formatCompatibility: unchanged (null)
   = partType: unchanged (null)
   ~ compatibility: ["universal"] -> null
   = adapterFunction: unchanged (null)
   = treatmentType: unchanged (null)
   = mounting: unchanged (null)
   💾 backed up prior filterAttributes -> /home/jan/work/sanglogium/sanity-cms/backups/backup_headphones_Pn6oyV4Ks5AcNbecjkYFoH_2026-09-14T10-57-12-181Z.json
   ✅ patched. rev: Ch755lAE5GLsZ435CxbzA6

🎧 PATCH (WRITE) — Dekoni Audio Dekoni Audio Ensemble 1/8" 64" Braided Cable with HD600 Headphone Connectors (Pn6oyV4Ks5AcNbecjkXZj9)

   Field diff (filterAttributes.*):
   = customerRating: unchanged (null)
   ~ condition: null -> "new"
   = dealsDiscount: unchanged (null)
   = newArrival: unchanged (null)
   ~ awards: null -> []
   ~ accessoryType: "cable" -> "cables-interconnects"
   ~ compatibleProductType: null -> ["headphone"]
   = cableFunction: unchanged (null)
   ~ connectorTermination: ["3.5mm","6.35mm","4.4mm-balanced"] -> null
   ~ lengthM: null -> 0.2
   = conductorMaterial: unchanged (null)
   = balancedUnbalanced: unchanged (null)
   = furnitureType: unchanged (null)
   = material: unchanged (null)
   = adjustableHeight: unchanged (null)
   = weightCapacityKg: unchanged (null)
   = powerProductType: unchanged (null)
   = outletCount: unchanged (null)
   = powerConnectorType: unchanged (null)
   = cleaningProductType: unchanged (null)
   = formatCompatibility: unchanged (null)
   = partType: unchanged (null)
   ~ compatibility: ["universal"] -> null
   = adapterFunction: unchanged (null)
   = treatmentType: unchanged (null)
   = mounting: unchanged (null)
   💾 backed up prior filterAttributes -> /home/jan/work/sanglogium/sanity-cms/backups/backup_headphones_Pn6oyV4Ks5AcNbecjkXZj9_2026-09-14T10-57-13-241Z.json
   ✅ patched. rev: MzerujO1CrL1dzm03eR9eD

🎧 PATCH (WRITE) — Dekoni Audio Dekoni Audio Ensemble 1/8" 64" Nylon Jacket Cable with 3.5mm Headphone Connectors (Pn6oyV4Ks5AcNbecjkZv3k)

   Field diff (filterAttributes.*):
   = customerRating: unchanged (null)
   ~ condition: null -> "new"
   = dealsDiscount: unchanged (null)
   = newArrival: unchanged (null)
   ~ awards: null -> []
   ~ accessoryType: "cable" -> "cables-interconnects"
   ~ compatibleProductType: null -> ["headphone"]
   = cableFunction: unchanged (null)
   = connectorTermination: unchanged (["3.5mm"])
   ~ lengthM: null -> 0.2
   = conductorMaterial: unchanged (null)
   = balancedUnbalanced: unchanged (null)
   = furnitureType: unchanged (null)
   = material: unchanged (null)
   = adjustableHeight: unchanged (null)
   = weightCapacityKg: unchanged (null)
   = powerProductType: unchanged (null)
   = outletCount: unchanged (null)
   = powerConnectorType: unchanged (null)
   = cleaningProductType: unchanged (null)
   = formatCompatibility: unchanged (null)
   = partType: unchanged (null)
   ~ compatibility: ["universal"] -> null
   = adapterFunction: unchanged (null)
   = treatmentType: unchanged (null)
   = mounting: unchanged (null)
   💾 backed up prior filterAttributes -> /home/jan/work/sanglogium/sanity-cms/backups/backup_headphones_Pn6oyV4Ks5AcNbecjkZv3k_2026-09-14T10-57-14-509Z.json
   ✅ patched. rev: Ch755lAE5GLsZ435CxbzFC

🎧 PATCH (WRITE) — Dekoni Audio Dekoni Audio Ensemble 1/8" 64" Nylon Jacket Cable with 4-pin Mini XLR Headphone Connectors (MrEMtYwMtrFDGWmRnROOcQ)

   Field diff (filterAttributes.*):
   = customerRating: unchanged (null)
   ~ condition: null -> "new"
   = dealsDiscount: unchanged (null)
   = newArrival: unchanged (null)
   ~ awards: null -> []
   ~ accessoryType: "cable" -> "cables-interconnects"
   ~ compatibleProductType: null -> ["headphone"]
   = cableFunction: unchanged (null)
   ~ connectorTermination: ["4-pin-xlr"] -> null
   ~ lengthM: null -> 0.2
   = conductorMaterial: unchanged (null)
   = balancedUnbalanced: unchanged (null)
   = furnitureType: unchanged (null)
   = material: unchanged (null)
   = adjustableHeight: unchanged (null)
   = weightCapacityKg: unchanged (null)
   = powerProductType: unchanged (null)
   = outletCount: unchanged (null)
   = powerConnectorType: unchanged (null)
   = cleaningProductType: unchanged (null)
   = formatCompatibility: unchanged (null)
   = partType: unchanged (null)
   ~ compatibility: ["universal"] -> null
   = adapterFunction: unchanged (null)
   = treatmentType: unchanged (null)
   = mounting: unchanged (null)
   💾 backed up prior filterAttributes -> /home/jan/work/sanglogium/sanity-cms/backups/backup_headphones_MrEMtYwMtrFDGWmRnROOcQ_2026-09-14T10-57-15-539Z.json
   ✅ patched. rev: Ch755lAE5GLsZ435CxbzMq

🎧 PATCH (WRITE) — Dekoni Audio Dekoni Audio Ensemble 1/8" 64" Nylon Jacket Cable with ATHM Headphone Connector (PHPYj28HJdPDHAaIBCk9ZO)

   Field diff (filterAttributes.*):
   = customerRating: unchanged (null)
   ~ condition: null -> "new"
   = dealsDiscount: unchanged (null)
   = newArrival: unchanged (null)
   ~ awards: null -> []
   ~ accessoryType: "cable" -> "cables-interconnects"
   ~ compatibleProductType: null -> ["headphone"]
   = cableFunction: unchanged (null)
   ~ connectorTermination: ["3.5mm","6.35mm","4.4mm-balanced"] -> null
   ~ lengthM: null -> 0.2
   = conductorMaterial: unchanged (null)
   = balancedUnbalanced: unchanged (null)
   = furnitureType: unchanged (null)
   = material: unchanged (null)
   = adjustableHeight: unchanged (null)
   = weightCapacityKg: unchanged (null)
   = powerProductType: unchanged (null)
   = outletCount: unchanged (null)
   = powerConnectorType: unchanged (null)
   = cleaningProductType: unchanged (null)
   = formatCompatibility: unchanged (null)
   = partType: unchanged (null)
   ~ compatibility: ["universal"] -> null
   = adapterFunction: unchanged (null)
   = treatmentType: unchanged (null)
   = mounting: unchanged (null)
   💾 backed up prior filterAttributes -> /home/jan/work/sanglogium/sanity-cms/backups/backup_headphones_PHPYj28HJdPDHAaIBCk9ZO_2026-09-14T10-57-16-539Z.json
   ✅ patched. rev: MzerujO1CrL1dzm03eR9rf

🎧 PATCH (WRITE) — Dekoni Audio Dekoni Audio Ensemble 1/8" 64" Nylon Jacket Cable with HD600 Headphone Connectors (PHPYj28HJdPDHAaIBCiXro)

   Field diff (filterAttributes.*):
   = customerRating: unchanged (null)
   ~ condition: null -> "new"
   = dealsDiscount: unchanged (null)
   = newArrival: unchanged (null)
   ~ awards: null -> []
   ~ accessoryType: "cable" -> "cables-interconnects"
   ~ compatibleProductType: null -> ["headphone"]
   = cableFunction: unchanged (null)
   ~ connectorTermination: ["3.5mm","6.35mm","4.4mm-balanced"] -> null
   ~ lengthM: null -> 0.2
   = conductorMaterial: unchanged (null)
   = balancedUnbalanced: unchanged (null)
   = furnitureType: unchanged (null)
   = material: unchanged (null)
   = adjustableHeight: unchanged (null)
   = weightCapacityKg: unchanged (null)
   = powerProductType: unchanged (null)
   = outletCount: unchanged (null)
   = powerConnectorType: unchanged (null)
   = cleaningProductType: unchanged (null)
   = formatCompatibility: unchanged (null)
   = partType: unchanged (null)
   ~ compatibility: ["universal"] -> null
   = adapterFunction: unchanged (null)
   = treatmentType: unchanged (null)
   = mounting: unchanged (null)
   💾 backed up prior filterAttributes -> /home/jan/work/sanglogium/sanity-cms/backups/backup_headphones_PHPYj28HJdPDHAaIBCiXro_2026-09-14T10-57-17-559Z.json
   ✅ patched. rev: Ch755lAE5GLsZ435CxbzTD

🎧 PATCH (WRITE) — Dekoni Audio Dekoni Audio Ensemble 4.4mm 52" Braided Cable with 3.5mm Headphone Connectors (PHPYj28HJdPDHAaIBCiFsQ)

   Field diff (filterAttributes.*):
   = customerRating: unchanged (null)
   ~ condition: null -> "new"
   = dealsDiscount: unchanged (null)
   = newArrival: unchanged (null)
   ~ awards: null -> []
   ~ accessoryType: "cable" -> "cables-interconnects"
   ~ compatibleProductType: null -> ["headphone"]
   = cableFunction: unchanged (null)
   ~ connectorTermination: ["3.5mm","4.4mm-balanced"] -> ["4.4mm","3.5mm"]
   ~ lengthM: null -> 1.32
   = conductorMaterial: unchanged (null)
   ~ balancedUnbalanced: null -> "balanced"
   = furnitureType: unchanged (null)
   = material: unchanged (null)
   = adjustableHeight: unchanged (null)
   = weightCapacityKg: unchanged (null)
   = powerProductType: unchanged (null)
   = outletCount: unchanged (null)
   = powerConnectorType: unchanged (null)
   = cleaningProductType: unchanged (null)
   = formatCompatibility: unchanged (null)
   = partType: unchanged (null)
   ~ compatibility: ["universal"] -> null
   = adapterFunction: unchanged (null)
   = treatmentType: unchanged (null)
   = mounting: unchanged (null)
   💾 backed up prior filterAttributes -> /home/jan/work/sanglogium/sanity-cms/backups/backup_headphones_PHPYj28HJdPDHAaIBCiFsQ_2026-09-14T10-57-18-580Z.json
   ✅ patched. rev: 7P2D00ai8KUgrZgiFcxM4E

🎧 PATCH (WRITE) — Dekoni Audio Dekoni Audio Ensemble 4.4mm 52" Braided Cable with 4-pin Mini XLR Headphone Connectors (Pn6oyV4Ks5AcNbecjkXxA2)

   Field diff (filterAttributes.*):
   = customerRating: unchanged (null)
   ~ condition: null -> "new"
   = dealsDiscount: unchanged (null)
   = newArrival: unchanged (null)
   ~ awards: null -> []
   ~ accessoryType: "cable" -> "cables-interconnects"
   ~ compatibleProductType: null -> ["headphone"]
   = cableFunction: unchanged (null)
   ~ connectorTermination: ["4.4mm-balanced","4-pin-xlr"] -> ["4.4mm","4-pin-mini-xlr"]
   ~ lengthM: null -> 1.32
   = conductorMaterial: unchanged (null)
   ~ balancedUnbalanced: null -> "balanced"
   = furnitureType: unchanged (null)
   = material: unchanged (null)
   = adjustableHeight: unchanged (null)
   = weightCapacityKg: unchanged (null)
   = powerProductType: unchanged (null)
   = outletCount: unchanged (null)
   = powerConnectorType: unchanged (null)
   = cleaningProductType: unchanged (null)
   = formatCompatibility: unchanged (null)
   = partType: unchanged (null)
   ~ compatibility: ["universal"] -> null
   = adapterFunction: unchanged (null)
   = treatmentType: unchanged (null)
   = mounting: unchanged (null)
   💾 backed up prior filterAttributes -> /home/jan/work/sanglogium/sanity-cms/backups/backup_headphones_Pn6oyV4Ks5AcNbecjkXxA2_2026-09-14T10-57-19-889Z.json
   ✅ patched. rev: MzerujO1CrL1dzm03eRA57

🎧 PATCH (WRITE) — Dekoni Audio Dekoni Audio Ensemble 4.4mm 52" Braided Cable with HD600 Headphone Connectors (MrEMtYwMtrFDGWmRnRMEGN)

   Field diff (filterAttributes.*):
   = customerRating: unchanged (null)
   ~ condition: null -> "new"
   = dealsDiscount: unchanged (null)
   = newArrival: unchanged (null)
   ~ awards: null -> []
   ~ accessoryType: "cable" -> "cables-interconnects"
   ~ compatibleProductType: null -> ["headphone"]
   = cableFunction: unchanged (null)
   ~ connectorTermination: ["4.4mm-balanced"] -> ["4.4mm"]
   ~ lengthM: null -> 1.32
   = conductorMaterial: unchanged (null)
   ~ balancedUnbalanced: null -> "balanced"
   = furnitureType: unchanged (null)
   = material: unchanged (null)
   = adjustableHeight: unchanged (null)
   = weightCapacityKg: unchanged (null)
   = powerProductType: unchanged (null)
   = outletCount: unchanged (null)
   = powerConnectorType: unchanged (null)
   = cleaningProductType: unchanged (null)
   = formatCompatibility: unchanged (null)
   = partType: unchanged (null)
   ~ compatibility: ["universal"] -> null
   = adapterFunction: unchanged (null)
   = treatmentType: unchanged (null)
   = mounting: unchanged (null)
   💾 backed up prior filterAttributes -> /home/jan/work/sanglogium/sanity-cms/backups/backup_headphones_MrEMtYwMtrFDGWmRnRMEGN_2026-09-14T10-57-21-171Z.json
   ✅ patched. rev: 7P2D00ai8KUgrZgiFcxMBF

🎧 PATCH (WRITE) — Dekoni Audio Dekoni Audio Ensemble 4.4mm 52" Nylon Wrapped Cable with 4-pin Mini XLR Headphone Connectors (PHPYj28HJdPDHAaIBCk0IW)

   Field diff (filterAttributes.*):
   = customerRating: unchanged (null)
   ~ condition: null -> "new"
   = dealsDiscount: unchanged (null)
   = newArrival: unchanged (null)
   ~ awards: null -> []
   ~ accessoryType: "cable" -> "cables-interconnects"
   ~ compatibleProductType: null -> ["headphone"]
   = cableFunction: unchanged (null)
   ~ connectorTermination: ["4.4mm-balanced","4-pin-xlr"] -> ["4.4mm","4-pin-mini-xlr"]
   ~ lengthM: null -> 1.32
   = conductorMaterial: unchanged (null)
   ~ balancedUnbalanced: null -> "balanced"
   = furnitureType: unchanged (null)
   = material: unchanged (null)
   = adjustableHeight: unchanged (null)
   = weightCapacityKg: unchanged (null)
   = powerProductType: unchanged (null)
   = outletCount: unchanged (null)
   = powerConnectorType: unchanged (null)
   = cleaningProductType: unchanged (null)
   = formatCompatibility: unchanged (null)
   = partType: unchanged (null)
   ~ compatibility: ["universal"] -> null
   = adapterFunction: unchanged (null)
   = treatmentType: unchanged (null)
   = mounting: unchanged (null)
   💾 backed up prior filterAttributes -> /home/jan/work/sanglogium/sanity-cms/backups/backup_headphones_PHPYj28HJdPDHAaIBCk0IW_2026-09-14T10-57-22-222Z.json
   ✅ patched. rev: 7P2D00ai8KUgrZgiFcxMIG

🎧 PATCH (WRITE) — Dekoni Audio Dekoni Audio Ensemble 4.4mm 52" Nylon Wrapped Cable with HD600 Headphone Connectors (PHPYj28HJdPDHAaIBCiKGy)

   Field diff (filterAttributes.*):
   = customerRating: unchanged (null)
   ~ condition: null -> "new"
   = dealsDiscount: unchanged (null)
   = newArrival: unchanged (null)
   ~ awards: null -> []
   ~ accessoryType: "cable" -> "cables-interconnects"
   ~ compatibleProductType: null -> ["headphone"]
   = cableFunction: unchanged (null)
   ~ connectorTermination: ["4.4mm-balanced"] -> ["4.4mm"]
   ~ lengthM: null -> 1.32
   = conductorMaterial: unchanged (null)
   ~ balancedUnbalanced: null -> "balanced"
   = furnitureType: unchanged (null)
   = material: unchanged (null)
   = adjustableHeight: unchanged (null)
   = weightCapacityKg: unchanged (null)
   = powerProductType: unchanged (null)
   = outletCount: unchanged (null)
   = powerConnectorType: unchanged (null)
   = cleaningProductType: unchanged (null)
   = formatCompatibility: unchanged (null)
   = partType: unchanged (null)
   ~ compatibility: ["universal"] -> null
   = adapterFunction: unchanged (null)
   = treatmentType: unchanged (null)
   = mounting: unchanged (null)
   💾 backed up prior filterAttributes -> /home/jan/work/sanglogium/sanity-cms/backups/backup_headphones_PHPYj28HJdPDHAaIBCiKGy_2026-09-14T10-57-23-285Z.json
   ✅ patched. rev: MzerujO1CrL1dzm03eRAez

🎧 PATCH (WRITE) — Dekoni Audio Dekoni Audio Ensemble 4.4mm 64" Braided Cable with 3.5mm Headphone Connectors (DraufLIOgnzQlqrObMwKGy)

   Field diff (filterAttributes.*):
   = customerRating: unchanged (null)
   ~ condition: null -> "new"
   = dealsDiscount: unchanged (null)
   = newArrival: unchanged (null)
   ~ awards: null -> []
   ~ accessoryType: "cable" -> "cables-interconnects"
   ~ compatibleProductType: null -> ["headphone"]
   = cableFunction: unchanged (null)
   ~ connectorTermination: ["3.5mm","4.4mm-balanced"] -> ["4.4mm","3.5mm"]
   ~ lengthM: null -> 1.63
   = conductorMaterial: unchanged (null)
   ~ balancedUnbalanced: null -> "balanced"
   = furnitureType: unchanged (null)
   = material: unchanged (null)
   = adjustableHeight: unchanged (null)
   = weightCapacityKg: unchanged (null)
   = powerProductType: unchanged (null)
   = outletCount: unchanged (null)
   = powerConnectorType: unchanged (null)
   = cleaningProductType: unchanged (null)
   = formatCompatibility: unchanged (null)
   = partType: unchanged (null)
   ~ compatibility: ["universal"] -> null
   = adapterFunction: unchanged (null)
   = treatmentType: unchanged (null)
   = mounting: unchanged (null)
   💾 backed up prior filterAttributes -> /home/jan/work/sanglogium/sanity-cms/backups/backup_headphones_DraufLIOgnzQlqrObMwKGy_2026-09-14T10-57-24-318Z.json
   ✅ patched. rev: MzerujO1CrL1dzm03eRAsR

🎧 PATCH (WRITE) — Dekoni Audio Dekoni Audio Ensemble 4.4mm 64" Braided Cable with 4-pin Mini XLR Headphone Connectors (Pn6oyV4Ks5AcNbecjkWvRG)

   Field diff (filterAttributes.*):
   = customerRating: unchanged (null)
   ~ condition: null -> "new"
   = dealsDiscount: unchanged (null)
   = newArrival: unchanged (null)
   ~ awards: null -> []
   ~ accessoryType: "cable" -> "cables-interconnects"
   ~ compatibleProductType: null -> ["headphone"]
   = cableFunction: unchanged (null)
   ~ connectorTermination: ["4.4mm-balanced","4-pin-xlr"] -> ["4.4mm","4-pin-mini-xlr"]
   ~ lengthM: null -> 1.63
   = conductorMaterial: unchanged (null)
   ~ balancedUnbalanced: null -> "balanced"
   = furnitureType: unchanged (null)
   = material: unchanged (null)
   = adjustableHeight: unchanged (null)
   = weightCapacityKg: unchanged (null)
   = powerProductType: unchanged (null)
   = outletCount: unchanged (null)
   = powerConnectorType: unchanged (null)
   = cleaningProductType: unchanged (null)
   = formatCompatibility: unchanged (null)
   = partType: unchanged (null)
   ~ compatibility: ["universal"] -> null
   = adapterFunction: unchanged (null)
   = treatmentType: unchanged (null)
   = mounting: unchanged (null)
   💾 backed up prior filterAttributes -> /home/jan/work/sanglogium/sanity-cms/backups/backup_headphones_Pn6oyV4Ks5AcNbecjkWvRG_2026-09-14T10-57-25-359Z.json
   ✅ patched. rev: 7P2D00ai8KUgrZgiFcxMPH

🎧 PATCH (WRITE) — Dekoni Audio Dekoni Audio Ensemble 4.4mm 64" Braided Cable with HD600 Headphone Connectors (MrEMtYwMtrFDGWmRnROEm9)

   Field diff (filterAttributes.*):
   = customerRating: unchanged (null)
   ~ condition: null -> "new"
   = dealsDiscount: unchanged (null)
   = newArrival: unchanged (null)
   ~ awards: null -> []
   ~ accessoryType: "cable" -> "cables-interconnects"
   ~ compatibleProductType: null -> ["headphone"]
   = cableFunction: unchanged (null)
   ~ connectorTermination: ["4.4mm-balanced"] -> ["4.4mm"]
   ~ lengthM: null -> 1.63
   = conductorMaterial: unchanged (null)
   ~ balancedUnbalanced: null -> "balanced"
   = furnitureType: unchanged (null)
   = material: unchanged (null)
   = adjustableHeight: unchanged (null)
   = weightCapacityKg: unchanged (null)
   = powerProductType: unchanged (null)
   = outletCount: unchanged (null)
   = powerConnectorType: unchanged (null)
   = cleaningProductType: unchanged (null)
   = formatCompatibility: unchanged (null)
   = partType: unchanged (null)
   ~ compatibility: ["universal"] -> null
   = adapterFunction: unchanged (null)
   = treatmentType: unchanged (null)
   = mounting: unchanged (null)
   💾 backed up prior filterAttributes -> /home/jan/work/sanglogium/sanity-cms/backups/backup_headphones_MrEMtYwMtrFDGWmRnROEm9_2026-09-14T10-57-26-420Z.json
   ✅ patched. rev: Ch755lAE5GLsZ435Cxbzsh

🎧 PATCH (WRITE) — Dekoni Audio Dekoni Audio Ensemble 4.4mm 64" Nylon Wrapped Cable with 3.5mm Headphone Connectors (Pn6oyV4Ks5AcNbecjkYRpG)

   Field diff (filterAttributes.*):
   = customerRating: unchanged (null)
   ~ condition: null -> "new"
   = dealsDiscount: unchanged (null)
   = newArrival: unchanged (null)
   ~ awards: null -> []
   ~ accessoryType: "cable" -> "cables-interconnects"
   ~ compatibleProductType: null -> ["headphone"]
   = cableFunction: unchanged (null)
   ~ connectorTermination: ["3.5mm","4.4mm-balanced"] -> ["4.4mm","3.5mm"]
   ~ lengthM: null -> 1.63
   = conductorMaterial: unchanged (null)
   ~ balancedUnbalanced: null -> "balanced"
   = furnitureType: unchanged (null)
   = material: unchanged (null)
   = adjustableHeight: unchanged (null)
   = weightCapacityKg: unchanged (null)
   = powerProductType: unchanged (null)
   = outletCount: unchanged (null)
   = powerConnectorType: unchanged (null)
   = cleaningProductType: unchanged (null)
   = formatCompatibility: unchanged (null)
   = partType: unchanged (null)
   ~ compatibility: ["universal"] -> null
   = adapterFunction: unchanged (null)
   = treatmentType: unchanged (null)
   = mounting: unchanged (null)
   💾 backed up prior filterAttributes -> /home/jan/work/sanglogium/sanity-cms/backups/backup_headphones_Pn6oyV4Ks5AcNbecjkYRpG_2026-09-14T10-57-27-449Z.json
   ✅ patched. rev: 7P2D00ai8KUgrZgiFcxMdJ

🎧 PATCH (WRITE) — Dekoni Audio Dekoni Audio Ensemble 4.4mm 64" Nylon Wrapped Cable with HD600 Headphone Connectors (MrEMtYwMtrFDGWmRnRPD5X)

   Field diff (filterAttributes.*):
   = customerRating: unchanged (null)
   ~ condition: null -> "new"
   = dealsDiscount: unchanged (null)
   = newArrival: unchanged (null)
   ~ awards: null -> []
   ~ accessoryType: "cable" -> "cables-interconnects"
   ~ compatibleProductType: null -> ["headphone"]
   = cableFunction: unchanged (null)
   ~ connectorTermination: ["4.4mm-balanced"] -> ["4.4mm"]
   ~ lengthM: null -> 1.63
   = conductorMaterial: unchanged (null)
   ~ balancedUnbalanced: null -> "balanced"
   = furnitureType: unchanged (null)
   = material: unchanged (null)
   = adjustableHeight: unchanged (null)
   = weightCapacityKg: unchanged (null)
   = powerProductType: unchanged (null)
   = outletCount: unchanged (null)
   = powerConnectorType: unchanged (null)
   = cleaningProductType: unchanged (null)
   = formatCompatibility: unchanged (null)
   = partType: unchanged (null)
   ~ compatibility: ["universal"] -> null
   = adapterFunction: unchanged (null)
   = treatmentType: unchanged (null)
   = mounting: unchanged (null)
   💾 backed up prior filterAttributes -> /home/jan/work/sanglogium/sanity-cms/backups/backup_headphones_MrEMtYwMtrFDGWmRnRPD5X_2026-09-14T10-57-29-467Z.json
   ✅ patched. rev: Ch755lAE5GLsZ435Cxc00L

🎧 PATCH (WRITE) — Dekoni Audio Dekoni Audio Ensemble 4-Pin XLR 52" PCUHD Cable with 2 Pin Utopia Lemo Headphone Connectors (PHPYj28HJdPDHAaIBCjeeO)

   Field diff (filterAttributes.*):
   = customerRating: unchanged (null)
   ~ condition: null -> "new"
   = dealsDiscount: unchanged (null)
   = newArrival: unchanged (null)
   ~ awards: null -> []
   ~ accessoryType: "cable" -> "cables-interconnects"
   ~ compatibleProductType: null -> ["headphone"]
   = cableFunction: unchanged (null)
   ~ connectorTermination: ["4-pin-xlr"] -> ["xlr"]
   ~ lengthM: null -> 1.32
   ~ conductorMaterial: null -> "copper-ofc"
   ~ balancedUnbalanced: null -> "balanced"
   = furnitureType: unchanged (null)
   = material: unchanged (null)
   = adjustableHeight: unchanged (null)
   = weightCapacityKg: unchanged (null)
   = powerProductType: unchanged (null)
   = outletCount: unchanged (null)
   = powerConnectorType: unchanged (null)
   = cleaningProductType: unchanged (null)
   = formatCompatibility: unchanged (null)
   = partType: unchanged (null)
   ~ compatibility: ["universal"] -> null
   = adapterFunction: unchanged (null)
   = treatmentType: unchanged (null)
   = mounting: unchanged (null)
   💾 backed up prior filterAttributes -> /home/jan/work/sanglogium/sanity-cms/backups/backup_headphones_PHPYj28HJdPDHAaIBCjeeO_2026-09-14T10-57-30-562Z.json
   ✅ patched. rev: Ch755lAE5GLsZ435Cxc06i

🎧 PATCH (WRITE) — Dekoni Audio Dekoni Audio Ensemble 4-Pin XLR 52" PCUHD Cable with 4-pin Mini XLR Headphone Connectors (Pn6oyV4Ks5AcNbecjkYeAT)

   Field diff (filterAttributes.*):
   = customerRating: unchanged (null)
   ~ condition: null -> "new"
   = dealsDiscount: unchanged (null)
   = newArrival: unchanged (null)
   ~ awards: null -> []
   ~ accessoryType: "cable" -> "cables-interconnects"
   ~ compatibleProductType: null -> ["headphone"]
   = cableFunction: unchanged (null)
   ~ connectorTermination: ["4-pin-xlr"] -> ["xlr","4-pin-mini-xlr"]
   ~ lengthM: null -> 1.32
   ~ conductorMaterial: null -> "copper-ofc"
   ~ balancedUnbalanced: null -> "balanced"
   = furnitureType: unchanged (null)
   = material: unchanged (null)
   = adjustableHeight: unchanged (null)
   = weightCapacityKg: unchanged (null)
   = powerProductType: unchanged (null)
   = outletCount: unchanged (null)
   = powerConnectorType: unchanged (null)
   = cleaningProductType: unchanged (null)
   = formatCompatibility: unchanged (null)
   = partType: unchanged (null)
   ~ compatibility: ["universal"] -> null
   = adapterFunction: unchanged (null)
   = treatmentType: unchanged (null)
   = mounting: unchanged (null)
   💾 backed up prior filterAttributes -> /home/jan/work/sanglogium/sanity-cms/backups/backup_headphones_Pn6oyV4Ks5AcNbecjkYeAT_2026-09-14T10-57-31-778Z.json
   ✅ patched. rev: MzerujO1CrL1dzm03eRBbH

🎧 PATCH (WRITE) — Dekoni Audio Dekoni Audio Ensemble 4-Pin XLR 64" Braided Cable Cable with 3.5mm Headphone Connectors (MrEMtYwMtrFDGWmRnRNW0l)

   Field diff (filterAttributes.*):
   = customerRating: unchanged (null)
   ~ condition: null -> "new"
   = dealsDiscount: unchanged (null)
   = newArrival: unchanged (null)
   ~ awards: null -> []
   ~ accessoryType: "cable" -> "cables-interconnects"
   ~ compatibleProductType: null -> ["headphone"]
   = cableFunction: unchanged (null)
   ~ connectorTermination: ["3.5mm","4-pin-xlr"] -> ["xlr","3.5mm"]
   ~ lengthM: null -> 1.63
   = conductorMaterial: unchanged (null)
   ~ balancedUnbalanced: null -> "balanced"
   = furnitureType: unchanged (null)
   = material: unchanged (null)
   = adjustableHeight: unchanged (null)
   = weightCapacityKg: unchanged (null)
   = powerProductType: unchanged (null)
   = outletCount: unchanged (null)
   = powerConnectorType: unchanged (null)
   = cleaningProductType: unchanged (null)
   = formatCompatibility: unchanged (null)
   = partType: unchanged (null)
   ~ compatibility: ["universal"] -> null
   = adapterFunction: unchanged (null)
   = treatmentType: unchanged (null)
   = mounting: unchanged (null)
   💾 backed up prior filterAttributes -> /home/jan/work/sanglogium/sanity-cms/backups/backup_headphones_MrEMtYwMtrFDGWmRnRNW0l_2026-09-14T10-57-32-763Z.json
   ✅ patched. rev: MzerujO1CrL1dzm03eRBxh

🎧 PATCH (WRITE) — Dekoni Audio Dekoni Audio Ensemble 4-Pin XLR 64" Braided Cable Cable with HD600 Headphone Connectors (MrEMtYwMtrFDGWmRnRPAdw)

   Field diff (filterAttributes.*):
   = customerRating: unchanged (null)
   ~ condition: null -> "new"
   = dealsDiscount: unchanged (null)
   = newArrival: unchanged (null)
   ~ awards: null -> []
   ~ accessoryType: "cable" -> "cables-interconnects"
   ~ compatibleProductType: null -> ["headphone"]
   = cableFunction: unchanged (null)
   ~ connectorTermination: ["4-pin-xlr"] -> ["xlr"]
   ~ lengthM: null -> 1.63
   = conductorMaterial: unchanged (null)
   ~ balancedUnbalanced: null -> "balanced"
   = furnitureType: unchanged (null)
   = material: unchanged (null)
   = adjustableHeight: unchanged (null)
   = weightCapacityKg: unchanged (null)
   = powerProductType: unchanged (null)
   = outletCount: unchanged (null)
   = powerConnectorType: unchanged (null)
   = cleaningProductType: unchanged (null)
   = formatCompatibility: unchanged (null)
   = partType: unchanged (null)
   ~ compatibility: ["universal"] -> null
   = adapterFunction: unchanged (null)
   = treatmentType: unchanged (null)
   = mounting: unchanged (null)
   💾 backed up prior filterAttributes -> /home/jan/work/sanglogium/sanity-cms/backups/backup_headphones_MrEMtYwMtrFDGWmRnRPAdw_2026-09-14T10-57-33-779Z.json
   ✅ patched. rev: 7P2D00ai8KUgrZgiFcxN7i

🎧 PATCH (WRITE) — Dekoni Audio Dekoni Audio Ensemble 64" 4.4 + Mini XLR Blue Nylon Woven Jacket (PHPYj28HJdPDHAaIBCk6T0)

   Field diff (filterAttributes.*):
   = customerRating: unchanged (null)
   ~ condition: null -> "new"
   = dealsDiscount: unchanged (null)
   = newArrival: unchanged (null)
   ~ awards: null -> []
   ~ accessoryType: "cable" -> "cables-interconnects"
   ~ compatibleProductType: null -> ["headphone"]
   = cableFunction: unchanged (null)
   ~ connectorTermination: ["4-pin-xlr"] -> null
   ~ lengthM: null -> 1.63
   = conductorMaterial: unchanged (null)
   ~ balancedUnbalanced: null -> "balanced"
   = furnitureType: unchanged (null)
   = material: unchanged (null)
   = adjustableHeight: unchanged (null)
   = weightCapacityKg: unchanged (null)
   = powerProductType: unchanged (null)
   = outletCount: unchanged (null)
   = powerConnectorType: unchanged (null)
   = cleaningProductType: unchanged (null)
   = formatCompatibility: unchanged (null)
   = partType: unchanged (null)
   ~ compatibility: ["universal"] -> null
   = adapterFunction: unchanged (null)
   = treatmentType: unchanged (null)
   = mounting: unchanged (null)
   💾 backed up prior filterAttributes -> /home/jan/work/sanglogium/sanity-cms/backups/backup_headphones_PHPYj28HJdPDHAaIBCk6T0_2026-09-14T10-57-34-821Z.json
   ✅ patched. rev: 7P2D00ai8KUgrZgiFcxNH4

🎧 PATCH (WRITE) — Dekoni Audio Dekoni Audio Ensemble Post-Split Nylon Wrapped Cable with Single 3-pin Mini XLR (Pn6oyV4Ks5AcNbecjkXHP8)

   Field diff (filterAttributes.*):
   = customerRating: unchanged (null)
   ~ condition: null -> "new"
   = dealsDiscount: unchanged (null)
   = newArrival: unchanged (null)
   ~ awards: null -> []
   ~ accessoryType: "cable" -> "cables-interconnects"
   ~ compatibleProductType: null -> ["headphone"]
   = cableFunction: unchanged (null)
   ~ connectorTermination: ["4-pin-xlr"] -> null
   = lengthM: unchanged (null)
   = conductorMaterial: unchanged (null)
   = balancedUnbalanced: unchanged (null)
   = furnitureType: unchanged (null)
   = material: unchanged (null)
   = adjustableHeight: unchanged (null)
   = weightCapacityKg: unchanged (null)
   = powerProductType: unchanged (null)
   = outletCount: unchanged (null)
   = powerConnectorType: unchanged (null)
   = cleaningProductType: unchanged (null)
   = formatCompatibility: unchanged (null)
   = partType: unchanged (null)
   ~ compatibility: ["universal"] -> null
   = adapterFunction: unchanged (null)
   = treatmentType: unchanged (null)
   = mounting: unchanged (null)
   💾 backed up prior filterAttributes -> /home/jan/work/sanglogium/sanity-cms/backups/backup_headphones_Pn6oyV4Ks5AcNbecjkXHP8_2026-09-14T10-57-35-825Z.json
   ✅ patched. rev: 7P2D00ai8KUgrZgiFcxNQQ

🎧 PATCH (WRITE) — Dekoni Audio Dekoni Audio Ensemble Presplit PCUHD Twisted Cable with 6.35mm Unbalanced Connector (52") (MrEMtYwMtrFDGWmRnRM6g2)

   Field diff (filterAttributes.*):
   = customerRating: unchanged (null)
   ~ condition: null -> "new"
   = dealsDiscount: unchanged (null)
   = newArrival: unchanged (null)
   ~ awards: null -> []
   ~ accessoryType: "cable" -> "cables-interconnects"
   ~ compatibleProductType: null -> ["headphone"]
   = cableFunction: unchanged (null)
   = connectorTermination: unchanged (["6.35mm"])
   ~ lengthM: null -> 1.32
   ~ conductorMaterial: null -> "copper-ofc"
   ~ balancedUnbalanced: null -> "unbalanced"
   = furnitureType: unchanged (null)
   = material: unchanged (null)
   = adjustableHeight: unchanged (null)
   = weightCapacityKg: unchanged (null)
   = powerProductType: unchanged (null)
   = outletCount: unchanged (null)
   = powerConnectorType: unchanged (null)
   = cleaningProductType: unchanged (null)
   = formatCompatibility: unchanged (null)
   = partType: unchanged (null)
   ~ compatibility: ["universal"] -> null
   = adapterFunction: unchanged (null)
   = treatmentType: unchanged (null)
   = mounting: unchanged (null)
   💾 backed up prior filterAttributes -> /home/jan/work/sanglogium/sanity-cms/backups/backup_headphones_MrEMtYwMtrFDGWmRnRM6g2_2026-09-14T10-57-36-868Z.json
   ✅ patched. rev: 7P2D00ai8KUgrZgiFcxNeS

🎧 PATCH (WRITE) — Dekoni Audio Dekoni Audio EPZ-ARYA-FNSK Replacement Ear Pads for HiFiMan Arya Headphones Elite Fenestrated Sheepskin (xMEqvkRBbdrlJXyFG8b45F)

   Field diff (filterAttributes.*):
   = customerRating: unchanged (null)
   ~ condition: null -> "new"
   = dealsDiscount: unchanged (null)
   = newArrival: unchanged (null)
   ~ awards: null -> []
   ~ accessoryType: "earpad" -> "replacement-parts"
   ~ compatibleProductType: null -> ["headphone"]
   = cableFunction: unchanged (null)
   = connectorTermination: unchanged (null)
   = lengthM: unchanged (null)
   = conductorMaterial: unchanged (null)
   = balancedUnbalanced: unchanged (null)
   = furnitureType: unchanged (null)
   = material: unchanged (null)
   = adjustableHeight: unchanged (null)
   = weightCapacityKg: unchanged (null)
   = powerProductType: unchanged (null)
   = outletCount: unchanged (null)
   = powerConnectorType: unchanged (null)
   = cleaningProductType: unchanged (null)
   = formatCompatibility: unchanged (null)
   ~ partType: null -> "ear-pads-cushions"
   ~ compatibility: ["HiFiMan Arya","Arya Stealth Magnet","Ananda (wired)","Edition X V2","HE1000 V2/SE","Jade II electrostatic"] -> ["HiFiMan Arya","HiFiMan Arya Stealth Magnet","HiFiMan Ananda","HiFiMan Edition X V2","HiFiMan HE1000 V2/SE","HiFiMan Slow-rebound","HiFiMan ~136 × 101 × 28 mm","HiFiMan ~85 × 55 mm","HiFiMan Compatibility","HiFiMan Arya Stealth","HiFiMan HE1000 V2","HiFiMan HE1000 SE"]
   = adapterFunction: unchanged (null)
   = treatmentType: unchanged (null)
   = mounting: unchanged (null)
   💾 backed up prior filterAttributes -> /home/jan/work/sanglogium/sanity-cms/backups/backup_headphones_xMEqvkRBbdrlJXyFG8b45F_2026-09-14T10-57-37-915Z.json
   ✅ patched. rev: MzerujO1CrL1dzm03eREdb

🎧 PATCH (WRITE) — Dekoni Audio Dekoni Audio EPZ-DT78990-ELVL Replacement Ear Pads for Beyerdynamic DT and AKG K Series Elite Velour (DZc43yHr6ydfgE7zB3yCRg)

   Field diff (filterAttributes.*):
   = customerRating: unchanged (null)
   ~ condition: null -> "new"
   = dealsDiscount: unchanged (null)
   = newArrival: unchanged (null)
   ~ awards: null -> []
   ~ accessoryType: "earpad" -> "replacement-parts"
   ~ compatibleProductType: null -> ["headphone"]
   = cableFunction: unchanged (null)
   = connectorTermination: unchanged (null)
   = lengthM: unchanged (null)
   = conductorMaterial: unchanged (null)
   = balancedUnbalanced: unchanged (null)
   = furnitureType: unchanged (null)
   = material: unchanged (null)
   = adjustableHeight: unchanged (null)
   = weightCapacityKg: unchanged (null)
   = powerProductType: unchanged (null)
   = outletCount: unchanged (null)
   = powerConnectorType: unchanged (null)
   = cleaningProductType: unchanged (null)
   = formatCompatibility: unchanged (null)
   ~ partType: null -> "ear-pads-cushions"
   ~ compatibility: ["universal"] -> ["Beyerdynamic ~106 mm","Beyerdynamic High-density","Beyerdynamic High-thread-count","Beyerdynamic Mounting system","Beyerdynamic Compatibility diameter","Beyerdynamic Pad depth","Beyerdynamic Approximately 27 mm ring","Beyerdynamic DT","AKG K"]
   = adapterFunction: unchanged (null)
   = treatmentType: unchanged (null)
   = mounting: unchanged (null)
   💾 backed up prior filterAttributes -> /home/jan/work/sanglogium/sanity-cms/backups/backup_headphones_DZc43yHr6ydfgE7zB3yCRg_2026-09-14T10-57-39-177Z.json
   ✅ patched. rev: 7P2D00ai8KUgrZgiFcxNq9

🎧 PATCH (WRITE) — Dekoni Audio Dekoni Audio EPZ-FOCAL-SK Replacement Ear Pads for Focal Headphones Elite Sheepskin (GPjMdcfFWZVrKyR2PB3KgM)

   Field diff (filterAttributes.*):
   = customerRating: unchanged (null)
   ~ condition: null -> "new"
   = dealsDiscount: unchanged (null)
   = newArrival: unchanged (null)
   ~ awards: null -> []
   ~ accessoryType: "earpad" -> "replacement-parts"
   ~ compatibleProductType: null -> ["headphone"]
   = cableFunction: unchanged (null)
   = connectorTermination: unchanged (null)
   = lengthM: unchanged (null)
   = conductorMaterial: unchanged (null)
   = balancedUnbalanced: unchanged (null)
   = furnitureType: unchanged (null)
   = material: unchanged (null)
   = adjustableHeight: unchanged (null)
   = weightCapacityKg: unchanged (null)
   = powerProductType: unchanged (null)
   = outletCount: unchanged (null)
   = powerConnectorType: unchanged (null)
   = cleaningProductType: unchanged (null)
   = formatCompatibility: unchanged (null)
   ~ partType: null -> "ear-pads-cushions"
   ~ compatibility: ["universal"] -> ["FOCAL Genuine","FOCAL Slow-rebound","FOCAL Approximately 102 mm diameter × 24 mm depth","FOCAL Roughly 62 × 48 mm","FOCAL audiophiles using Focal like Clear","FOCAL Elex","FOCAL Stellia","FOCAL Utopia"]
   = adapterFunction: unchanged (null)
   = treatmentType: unchanged (null)
   = mounting: unchanged (null)
   💾 backed up prior filterAttributes -> /home/jan/work/sanglogium/sanity-cms/backups/backup_headphones_GPjMdcfFWZVrKyR2PB3KgM_2026-09-14T10-57-40-449Z.json
   ✅ patched. rev: Ch755lAE5GLsZ435Cxc0NH

🎧 PATCH (WRITE) — Dekoni Audio Dekoni Audio EPZ-FOCAL-STELLIA Replacement Ear Pads for Focal Headphones (DZc43yHr6ydfgE7zB3yFnn)

   Field diff (filterAttributes.*):
   = customerRating: unchanged (null)
   ~ condition: null -> "new"
   = dealsDiscount: unchanged (null)
   = newArrival: unchanged (null)
   ~ awards: null -> []
   ~ accessoryType: "earpad" -> "replacement-parts"
   ~ compatibleProductType: null -> ["headphone"]
   = cableFunction: unchanged (null)
   = connectorTermination: unchanged (null)
   = lengthM: unchanged (null)
   = conductorMaterial: unchanged (null)
   = balancedUnbalanced: unchanged (null)
   = furnitureType: unchanged (null)
   = material: unchanged (null)
   = adjustableHeight: unchanged (null)
   = weightCapacityKg: unchanged (null)
   = powerProductType: unchanged (null)
   = outletCount: unchanged (null)
   = powerConnectorType: unchanged (null)
   = cleaningProductType: unchanged (null)
   = formatCompatibility: unchanged (null)
   ~ partType: null -> "ear-pads-cushions"
   ~ compatibility: ["universal"] -> ["FOCAL Foam","FOCAL ~102 mm diameter × 24 mm depth","FOCAL ~62 × 48 mm","FOCAL Weight","FOCAL ~6.4 oz","FOCAL Price","FOCAL US $99.99"]
   = adapterFunction: unchanged (null)
   = treatmentType: unchanged (null)
   = mounting: unchanged (null)
   💾 backed up prior filterAttributes -> /home/jan/work/sanglogium/sanity-cms/backups/backup_headphones_DZc43yHr6ydfgE7zB3yFnn_2026-09-14T10-57-41-610Z.json
   ✅ patched. rev: MzerujO1CrL1dzm03eRFHx

🎧 PATCH (WRITE) — Dekoni Audio Dekoni Audio EPZ-HD600-FNSK Replacement Ear Pads for Sennheiser HD600 Series Headphones Elite Fenestrated Sheepskin (xMEqvkRBbdrlJXyFG8b7UD)

   Field diff (filterAttributes.*):
   = customerRating: unchanged (null)
   ~ condition: null -> "new"
   = dealsDiscount: unchanged (null)
   = newArrival: unchanged (null)
   ~ awards: null -> []
   ~ accessoryType: "earpad" -> "replacement-parts"
   ~ compatibleProductType: null -> ["headphone"]
   = cableFunction: unchanged (null)
   = connectorTermination: unchanged (null)
   = lengthM: unchanged (null)
   = conductorMaterial: unchanged (null)
   = balancedUnbalanced: unchanged (null)
   = furnitureType: unchanged (null)
   = material: unchanged (null)
   = adjustableHeight: unchanged (null)
   = weightCapacityKg: unchanged (null)
   = powerProductType: unchanged (null)
   = outletCount: unchanged (null)
   = powerConnectorType: unchanged (null)
   = cleaningProductType: unchanged (null)
   = formatCompatibility: unchanged (null)
   ~ partType: null -> "ear-pads-cushions"
   ~ compatibility: ["universal"] -> ["Sennheiser Genuine perforated","Sennheiser Slow-rebound","Sennheiser Internal","Sennheiser Approx. 65 × 44 mm (H × W) to large ear shapes","Sennheiser ~107 × 84 × 28 mm","Sennheiser open-back like HD600","Sennheiser HD600-650","Sennheiser 660S","Sennheiser HD600-6XX","Sennheiser HD600"]
   = adapterFunction: unchanged (null)
   = treatmentType: unchanged (null)
   = mounting: unchanged (null)
   💾 backed up prior filterAttributes -> /home/jan/work/sanglogium/sanity-cms/backups/backup_headphones_xMEqvkRBbdrlJXyFG8b7UD_2026-09-14T10-57-42-747Z.json
   ✅ patched. rev: MzerujO1CrL1dzm03eRFnL

🎧 PATCH (WRITE) — Dekoni Audio Dekoni Audio EPZ-HD600-HYB Replacement Ear Pads for Sennheiser HD600 Series Headphones Elite Hybrid (GPjMdcfFWZVrKyR2PB3Hrm)

   Field diff (filterAttributes.*):
   = customerRating: unchanged (null)
   ~ condition: null -> "new"
   = dealsDiscount: unchanged (null)
   = newArrival: unchanged (null)
   ~ awards: null -> []
   ~ accessoryType: "earpad" -> "replacement-parts"
   ~ compatibleProductType: null -> ["headphone"]
   = cableFunction: unchanged (null)
   = connectorTermination: unchanged (null)
   = lengthM: unchanged (null)
   = conductorMaterial: unchanged (null)
   = balancedUnbalanced: unchanged (null)
   = furnitureType: unchanged (null)
   = material: unchanged (null)
   = adjustableHeight: unchanged (null)
   = weightCapacityKg: unchanged (null)
   = powerProductType: unchanged (null)
   = outletCount: unchanged (null)
   = powerConnectorType: unchanged (null)
   = cleaningProductType: unchanged (null)
   = formatCompatibility: unchanged (null)
   ~ partType: null -> "ear-pads-cushions"
   ~ compatibility: ["HD 58X","HD 600","650","660","660S","6XX"] -> ["Sennheiser Specifications","Sennheiser Approx.","Sennheiser 107 × 84 × 28 mm","Sennheiser internal ~65 × 44 mm","Sennheiser Compatible","Sennheiser HD 58X","Sennheiser HD 600","Sennheiser HD-650","Sennheiser HD-660","Sennheiser 660S","Sennheiser HD-6XX"]
   = adapterFunction: unchanged (null)
   = treatmentType: unchanged (null)
   = mounting: unchanged (null)
   💾 backed up prior filterAttributes -> /home/jan/work/sanglogium/sanity-cms/backups/backup_headphones_GPjMdcfFWZVrKyR2PB3Hrm_2026-09-14T10-57-43-917Z.json
   ✅ patched. rev: Ch755lAE5GLsZ435Cxc0R6

🎧 PATCH (WRITE) — Dekoni Audio Dekoni Audio EPZ-HD800-ELVL Replacement Ear Pads for Sennheiser HD800 and HD800S Elite Velour (DZc43yHr6ydfgE7zB3xGkY)

   Field diff (filterAttributes.*):
   = customerRating: unchanged (null)
   ~ condition: null -> "new"
   = dealsDiscount: unchanged (null)
   = newArrival: unchanged (null)
   ~ awards: null -> []
   ~ accessoryType: "earpad" -> "replacement-parts"
   ~ compatibleProductType: null -> ["headphone"]
   = cableFunction: unchanged (null)
   = connectorTermination: unchanged (null)
   = lengthM: unchanged (null)
   = conductorMaterial: unchanged (null)
   = balancedUnbalanced: unchanged (null)
   = furnitureType: unchanged (null)
   = material: unchanged (null)
   = adjustableHeight: unchanged (null)
   = weightCapacityKg: unchanged (null)
   = powerProductType: unchanged (null)
   = outletCount: unchanged (null)
   = powerConnectorType: unchanged (null)
   = cleaningProductType: unchanged (null)
   = formatCompatibility: unchanged (null)
   ~ partType: null -> "ear-pads-cushions"
   ~ compatibility: ["Sennheiser HD 800 and HD 800S"] -> ["Sennheiser HD 800","Sennheiser HD 800S","Sennheiser Compatibility","Sennheiser 124 mm × 107 mm × 25 mm","Sennheiser 76 mm × 62 mm"]
   = adapterFunction: unchanged (null)
   = treatmentType: unchanged (null)
   = mounting: unchanged (null)
   💾 backed up prior filterAttributes -> /home/jan/work/sanglogium/sanity-cms/backups/backup_headphones_DZc43yHr6ydfgE7zB3xGkY_2026-09-14T10-57-45-277Z.json
   ✅ patched. rev: MzerujO1CrL1dzm03eRGIj

🎧 PATCH (WRITE) — Dekoni Audio Dekoni Audio ETZ-GEMINI Premium Memory Foam Isolation Earphone Tips Gemini 3mm (xMEqvkRBbdrlJXyFG8djHj)

   Field diff (filterAttributes.*):
   = customerRating: unchanged (null)
   ~ condition: null -> "new"
   = dealsDiscount: unchanged (null)
   = newArrival: unchanged (null)
   ~ awards: null -> []
   ~ accessoryType: "eartip" -> "replacement-parts"
   ~ compatibleProductType: null -> ["headphone"]
   = cableFunction: unchanged (null)
   = connectorTermination: unchanged (null)
   = lengthM: unchanged (null)
   = conductorMaterial: unchanged (null)
   = balancedUnbalanced: unchanged (null)
   = furnitureType: unchanged (null)
   = material: unchanged (null)
   = adjustableHeight: unchanged (null)
   = weightCapacityKg: unchanged (null)
   = powerProductType: unchanged (null)
   = outletCount: unchanged (null)
   = powerConnectorType: unchanged (null)
   = cleaningProductType: unchanged (null)
   = formatCompatibility: unchanged (null)
   ~ partType: null -> "ear-tips"
   ~ compatibility: ["universal"] -> ["11.2 mm (S) / 13 mm (M) / 14 mm","Pack size","3 pairs","Klipsch"]
   = adapterFunction: unchanged (null)
   = treatmentType: unchanged (null)
   = mounting: unchanged (null)
   💾 backed up prior filterAttributes -> /home/jan/work/sanglogium/sanity-cms/backups/backup_headphones_xMEqvkRBbdrlJXyFG8djHj_2026-09-14T10-57-46-536Z.json
   ✅ patched. rev: Ch755lAE5GLsZ435Cxc0Uv

🎧 PATCH (WRITE) — Dekoni Audio Dekoni Audio ETZ-MERCURY Premium Memory Foam Isolation Earphone Tips Mercury 4.9mm (DZc43yHr6ydfgE7zB3zLuN)

   Field diff (filterAttributes.*):
   = customerRating: unchanged (null)
   ~ condition: null -> "new"
   = dealsDiscount: unchanged (null)
   = newArrival: unchanged (null)
   ~ awards: null -> []
   ~ accessoryType: "eartip" -> "replacement-parts"
   ~ compatibleProductType: null -> ["headphone"]
   = cableFunction: unchanged (null)
   = connectorTermination: unchanged (null)
   = lengthM: unchanged (null)
   = conductorMaterial: unchanged (null)
   = balancedUnbalanced: unchanged (null)
   = furnitureType: unchanged (null)
   = material: unchanged (null)
   = adjustableHeight: unchanged (null)
   = weightCapacityKg: unchanged (null)
   = powerProductType: unchanged (null)
   = outletCount: unchanged (null)
   = powerConnectorType: unchanged (null)
   = cleaningProductType: unchanged (null)
   = formatCompatibility: unchanged (null)
   ~ partType: null -> "ear-tips"
   ~ compatibility: ["universal"] -> ["Tube","4.9 mm bore","11.2 mm","13 mm","14 mm"]
   = adapterFunction: unchanged (null)
   = treatmentType: unchanged (null)
   = mounting: unchanged (null)
   💾 backed up prior filterAttributes -> /home/jan/work/sanglogium/sanity-cms/backups/backup_headphones_DZc43yHr6ydfgE7zB3zLuN_2026-09-14T10-57-47-539Z.json
   ✅ patched. rev: Ch755lAE5GLsZ435Cxc0Yk

🎧 PATCH (WRITE) — Dekoni Audio Dekoni Audio ETZ-TWS Premium Memory Foam Isolation Earphone Tips True Wireless (DZc43yHr6ydfgE7zB3zNex)

   Field diff (filterAttributes.*):
   = customerRating: unchanged (null)
   ~ condition: null -> "new"
   = dealsDiscount: unchanged (null)
   = newArrival: unchanged (null)
   ~ awards: null -> []
   ~ accessoryType: "eartip" -> "replacement-parts"
   ~ compatibleProductType: null -> ["headphone"]
   = cableFunction: unchanged (null)
   = connectorTermination: unchanged (null)
   = lengthM: unchanged (null)
   = conductorMaterial: unchanged (null)
   = balancedUnbalanced: unchanged (null)
   = furnitureType: unchanged (null)
   = material: unchanged (null)
   = adjustableHeight: unchanged (null)
   = weightCapacityKg: unchanged (null)
   = powerProductType: unchanged (null)
   = outletCount: unchanged (null)
   = powerConnectorType: unchanged (null)
   = cleaningProductType: unchanged (null)
   = formatCompatibility: unchanged (null)
   ~ partType: null -> "ear-tips"
   ~ compatibility: ["universal"] -> ["High-density","10.5 mm","12.5 mm","13.4 mm"]
   = adapterFunction: unchanged (null)
   = treatmentType: unchanged (null)
   = mounting: unchanged (null)
   💾 backed up prior filterAttributes -> /home/jan/work/sanglogium/sanity-cms/backups/backup_headphones_DZc43yHr6ydfgE7zB3zNex_2026-09-14T10-57-48-549Z.json
   ✅ patched. rev: 7P2D00ai8KUgrZgiFcxO4B

🎧 PATCH (WRITE) — Dekoni Audio Dekoni Audio Headphone Cleaning Kit with Cleaning Spray and Cloth (0IQ2UjkdXJma4iOcjodsEt)

   Field diff (filterAttributes.*):
   = customerRating: unchanged (null)
   ~ condition: null -> "new"
   = dealsDiscount: unchanged (null)
   = newArrival: unchanged (null)
   ~ awards: null -> []
   ~ accessoryType: "cable" -> "cleaning-maintenance"
   ~ compatibleProductType: null -> ["headphone"]
   = cableFunction: unchanged (null)
   = connectorTermination: unchanged (null)
   = lengthM: unchanged (null)
   = conductorMaterial: unchanged (null)
   = balancedUnbalanced: unchanged (null)
   = furnitureType: unchanged (null)
   = material: unchanged (null)
   = adjustableHeight: unchanged (null)
   = weightCapacityKg: unchanged (null)
   = powerProductType: unchanged (null)
   = outletCount: unchanged (null)
   = powerConnectorType: unchanged (null)
   = cleaningProductType: unchanged (null)
   = formatCompatibility: unchanged (null)
   = partType: unchanged (null)
   ~ compatibility: ["universal"] -> null
   = adapterFunction: unchanged (null)
   = treatmentType: unchanged (null)
   = mounting: unchanged (null)
   💾 backed up prior filterAttributes -> /home/jan/work/sanglogium/sanity-cms/backups/backup_headphones_0IQ2UjkdXJma4iOcjodsEt_2026-09-14T10-57-49-655Z.json
   ✅ patched. rev: 7P2D00ai8KUgrZgiFcxOFs

🎧 PATCH (WRITE) — Dekoni Audio Dekoni Audio Headphone Savior - Universal Headphone Carrying Case (fisKNZUL2oYuqkoQMV1sFV)

   Field diff (filterAttributes.*):
   = customerRating: unchanged (null)
   ~ condition: null -> "new"
   = dealsDiscount: unchanged (null)
   = newArrival: unchanged (null)
   ~ awards: null -> []
   ~ accessoryType: "case" -> "cases-storage"
   ~ compatibleProductType: null -> ["headphone"]
   = cableFunction: unchanged (null)
   = connectorTermination: unchanged (null)
   = lengthM: unchanged (null)
   = conductorMaterial: unchanged (null)
   = balancedUnbalanced: unchanged (null)
   = furnitureType: unchanged (null)
   = material: unchanged (null)
   = adjustableHeight: unchanged (null)
   = weightCapacityKg: unchanged (null)
   = powerProductType: unchanged (null)
   = outletCount: unchanged (null)
   = powerConnectorType: unchanged (null)
   = cleaningProductType: unchanged (null)
   = formatCompatibility: unchanged (null)
   = partType: unchanged (null)
   ~ compatibility: ["universal"] -> null
   = adapterFunction: unchanged (null)
   = treatmentType: unchanged (null)
   = mounting: unchanged (null)
   💾 backed up prior filterAttributes -> /home/jan/work/sanglogium/sanity-cms/backups/backup_headphones_fisKNZUL2oYuqkoQMV1sFV_2026-09-14T10-57-50-585Z.json
   ✅ patched. rev: MzerujO1CrL1dzm03eRGWB

🎧 PATCH (WRITE) — Dekoni Audio Dekoni Audio Memory Foam Upgrade Ear Pads for Sony Z1R Headphones Elite Sheepskin (Pn6oyV4Ks5AcNbecjkS947)

   Field diff (filterAttributes.*):
   = customerRating: unchanged (null)
   ~ condition: null -> "new"
   = dealsDiscount: unchanged (null)
   = newArrival: unchanged (null)
   ~ awards: null -> []
   ~ accessoryType: "earpad" -> "replacement-parts"
   ~ compatibleProductType: null -> ["headphone"]
   = cableFunction: unchanged (null)
   = connectorTermination: unchanged (null)
   = lengthM: unchanged (null)
   = conductorMaterial: unchanged (null)
   = balancedUnbalanced: unchanged (null)
   = furnitureType: unchanged (null)
   = material: unchanged (null)
   = adjustableHeight: unchanged (null)
   = weightCapacityKg: unchanged (null)
   = powerProductType: unchanged (null)
   = outletCount: unchanged (null)
   = powerConnectorType: unchanged (null)
   = cleaningProductType: unchanged (null)
   = formatCompatibility: unchanged (null)
   ~ partType: null -> "ear-pads-cushions"
   ~ compatibility: ["universal"] -> ["Sony Z1R Sony MDR-Z1R represents pinnacle audio excellence","Sony Z1R"]
   = adapterFunction: unchanged (null)
   = treatmentType: unchanged (null)
   = mounting: unchanged (null)
   💾 backed up prior filterAttributes -> /home/jan/work/sanglogium/sanity-cms/backups/backup_headphones_Pn6oyV4Ks5AcNbecjkS947_2026-09-14T10-57-51-707Z.json
   ✅ patched. rev: Ch755lAE5GLsZ435Cxc0ml

🎧 PATCH (WRITE) — Dekoni Audio Dekoni Audio Omega Headphone Stand | Headphone Stand (PHPYj28HJdPDHAaIB6FFOI)

   Field diff (filterAttributes.*):
   = customerRating: unchanged (null)
   ~ condition: null -> "new"
   = dealsDiscount: unchanged (null)
   = newArrival: unchanged (null)
   ~ awards: null -> []
   ~ accessoryType: "stand" -> "stands-isolation"
   ~ compatibleProductType: null -> ["headphone"]
   = cableFunction: unchanged (null)
   = connectorTermination: unchanged (null)
   = lengthM: unchanged (null)
   = conductorMaterial: unchanged (null)
   = balancedUnbalanced: unchanged (null)
   = furnitureType: unchanged (null)
   = material: unchanged (null)
   = adjustableHeight: unchanged (null)
   = weightCapacityKg: unchanged (null)
   = powerProductType: unchanged (null)
   = outletCount: unchanged (null)
   = powerConnectorType: unchanged (null)
   = cleaningProductType: unchanged (null)
   = formatCompatibility: unchanged (null)
   = partType: unchanged (null)
   ~ compatibility: ["universal"] -> null
   = adapterFunction: unchanged (null)
   = treatmentType: unchanged (null)
   = mounting: unchanged (null)
   💾 backed up prior filterAttributes -> /home/jan/work/sanglogium/sanity-cms/backups/backup_headphones_PHPYj28HJdPDHAaIB6FFOI_2026-09-14T10-57-52-625Z.json
   ✅ patched. rev: Ch755lAE5GLsZ435Cxc0vg

🎧 PATCH (WRITE) — Dekoni Audio Dekoni Audio Protective Headphone Travel Pouch (prod-4717de40-092)

   Field diff (filterAttributes.*):
   = customerRating: unchanged (null)
   ~ condition: null -> "new"
   = dealsDiscount: unchanged (null)
   = newArrival: unchanged (null)
   ~ awards: null -> []
   ~ accessoryType: "cable" -> null
   = compatibleProductType: unchanged (null)
   = cableFunction: unchanged (null)
   = connectorTermination: unchanged (null)
   = lengthM: unchanged (null)
   = conductorMaterial: unchanged (null)
   = balancedUnbalanced: unchanged (null)
   = furnitureType: unchanged (null)
   = material: unchanged (null)
   = adjustableHeight: unchanged (null)
   = weightCapacityKg: unchanged (null)
   = powerProductType: unchanged (null)
   = outletCount: unchanged (null)
   = powerConnectorType: unchanged (null)
   = cleaningProductType: unchanged (null)
   = formatCompatibility: unchanged (null)
   = partType: unchanged (null)
   ~ compatibility: ["universal"] -> null
   = adapterFunction: unchanged (null)
   = treatmentType: unchanged (null)
   = mounting: unchanged (null)
   💾 backed up prior filterAttributes -> /home/jan/work/sanglogium/sanity-cms/backups/backup_headphones_prod-4717de40-092_2026-09-14T10-57-53-647Z.json
   ✅ patched. rev: 7P2D00ai8KUgrZgiFcxOPE

🎧 PATCH (WRITE) — Dekoni Audio Dekoni Audio Replacement Earpads for Focal Bathys, Bathys MG, Hadenys, Azurys, Lensys (MrEMtYwMtrFDGWmRnQSWCY)

   Field diff (filterAttributes.*):
   = customerRating: unchanged (null)
   = condition: unchanged (null)
   = dealsDiscount: unchanged (null)
   = newArrival: unchanged (null)
   ~ awards: null -> []
   ~ accessoryType: "earpad" -> "replacement-parts"
   ~ compatibleProductType: null -> ["headphone"]
   = cableFunction: unchanged (null)
   = connectorTermination: unchanged (null)
   = lengthM: unchanged (null)
   = conductorMaterial: unchanged (null)
   = balancedUnbalanced: unchanged (null)
   = furnitureType: unchanged (null)
   = material: unchanged (null)
   = adjustableHeight: unchanged (null)
   = weightCapacityKg: unchanged (null)
   = powerProductType: unchanged (null)
   = outletCount: unchanged (null)
   = powerConnectorType: unchanged (null)
   = cleaningProductType: unchanged (null)
   = formatCompatibility: unchanged (null)
   ~ partType: null -> "ear-pads-cushions"
   ~ compatibility: ["universal"] -> ["Focal a perfect on Focal Bathys","Focal Hadenys","Focal Azurys","Focal Bathys","Focal Bathys MG","Focal Lensys"]
   = adapterFunction: unchanged (null)
   = treatmentType: unchanged (null)
   = mounting: unchanged (null)
   💾 backed up prior filterAttributes -> /home/jan/work/sanglogium/sanity-cms/backups/backup_headphones_MrEMtYwMtrFDGWmRnQSWCY_2026-09-14T10-57-54-664Z.json
   ✅ patched. rev: Ch755lAE5GLsZ435Cxc123

🎧 PATCH (WRITE) — Dekoni Audio Dekoni Audio Savior v2 | Universal Headphone Carrying Case (Pn6oyV4Ks5AcNbecjjlbsh)

   Field diff (filterAttributes.*):
   = customerRating: unchanged (null)
   ~ condition: null -> "new"
   = dealsDiscount: unchanged (null)
   = newArrival: unchanged (null)
   ~ awards: null -> []
   ~ accessoryType: "case" -> "cases-storage"
   ~ compatibleProductType: null -> ["headphone"]
   = cableFunction: unchanged (null)
   = connectorTermination: unchanged (null)
   = lengthM: unchanged (null)
   = conductorMaterial: unchanged (null)
   = balancedUnbalanced: unchanged (null)
   = furnitureType: unchanged (null)
   = material: unchanged (null)
   = adjustableHeight: unchanged (null)
   = weightCapacityKg: unchanged (null)
   = powerProductType: unchanged (null)
   = outletCount: unchanged (null)
   = powerConnectorType: unchanged (null)
   = cleaningProductType: unchanged (null)
   = formatCompatibility: unchanged (null)
   = partType: unchanged (null)
   ~ compatibility: ["universal"] -> null
   = adapterFunction: unchanged (null)
   = treatmentType: unchanged (null)
   = mounting: unchanged (null)
   💾 backed up prior filterAttributes -> /home/jan/work/sanglogium/sanity-cms/backups/backup_headphones_Pn6oyV4Ks5AcNbecjjlbsh_2026-09-14T10-57-55-713Z.json
   ✅ patched. rev: MzerujO1CrL1dzm03eRGjd

🎧 PATCH (WRITE) — Dekoni Audio Dekoni Audio The Mercury Premium Memory Foam Isolation Earphone Tips, Black, 4.9mm, 3-Pack (MrEMtYwMtrFDGWmRnQSjcO)

   Field diff (filterAttributes.*):
   = customerRating: unchanged (null)
   ~ condition: null -> "new"
   = dealsDiscount: unchanged (null)
   = newArrival: unchanged (null)
   ~ awards: null -> []
   ~ accessoryType: "eartip" -> "replacement-parts"
   ~ compatibleProductType: null -> ["headphone"]
   = cableFunction: unchanged (null)
   = connectorTermination: unchanged (null)
   = lengthM: unchanged (null)
   = conductorMaterial: unchanged (null)
   = balancedUnbalanced: unchanged (null)
   = furnitureType: unchanged (null)
   = material: unchanged (null)
   = adjustableHeight: unchanged (null)
   = weightCapacityKg: unchanged (null)
   = powerProductType: unchanged (null)
   = outletCount: unchanged (null)
   = powerConnectorType: unchanged (null)
   = cleaningProductType: unchanged (null)
   = formatCompatibility: unchanged (null)
   ~ partType: null -> "ear-tips"
   ~ compatibility: ["universal"] -> null
   = adapterFunction: unchanged (null)
   = treatmentType: unchanged (null)
   = mounting: unchanged (null)
   💾 backed up prior filterAttributes -> /home/jan/work/sanglogium/sanity-cms/backups/backup_headphones_MrEMtYwMtrFDGWmRnQSjcO_2026-09-14T10-57-56-809Z.json
   ✅ patched. rev: MzerujO1CrL1dzm03eRGx5

🎧 PATCH (WRITE) — Dekoni Audio Dekoni Audio x SKB Headphone Hero Heavy Duty Travel Case (fisKNZUL2oYuqkoQMV23hL)

   Field diff (filterAttributes.*):
   = customerRating: unchanged (null)
   ~ condition: null -> "new"
   = dealsDiscount: unchanged (null)
   = newArrival: unchanged (null)
   ~ awards: null -> []
   ~ accessoryType: "case" -> "cases-storage"
   ~ compatibleProductType: null -> ["headphone"]
   = cableFunction: unchanged (null)
   = connectorTermination: unchanged (null)
   = lengthM: unchanged (null)
   = conductorMaterial: unchanged (null)
   = balancedUnbalanced: unchanged (null)
   = furnitureType: unchanged (null)
   = material: unchanged (null)
   = adjustableHeight: unchanged (null)
   = weightCapacityKg: unchanged (null)
   = powerProductType: unchanged (null)
   = outletCount: unchanged (null)
   = powerConnectorType: unchanged (null)
   = cleaningProductType: unchanged (null)
   = formatCompatibility: unchanged (null)
   = partType: unchanged (null)
   ~ compatibility: ["universal"] -> null
   = adapterFunction: unchanged (null)
   = treatmentType: unchanged (null)
   = mounting: unchanged (null)
   💾 backed up prior filterAttributes -> /home/jan/work/sanglogium/sanity-cms/backups/backup_headphones_fisKNZUL2oYuqkoQMV23hL_2026-09-14T10-57-57-823Z.json
   ✅ patched. rev: 7P2D00ai8KUgrZgiFcxOWF

🎧 PATCH (WRITE) — Dekoni Audio Ear Pads for Audeze LCD Series Headphones - Fits variants of LCD-2, LCD-3, LCD-4, LCD-X (0IQ2UjkdXJma4iOcjobwvF)

   Field diff (filterAttributes.*):
   = customerRating: unchanged (null)
   = condition: unchanged (null)
   = dealsDiscount: unchanged (null)
   = newArrival: unchanged (null)
   ~ awards: null -> []
   ~ accessoryType: "earpad" -> "replacement-parts"
   ~ compatibleProductType: null -> ["headphone"]
   = cableFunction: unchanged (null)
   = connectorTermination: unchanged (null)
   = lengthM: unchanged (null)
   = conductorMaterial: unchanged (null)
   = balancedUnbalanced: unchanged (null)
   = furnitureType: unchanged (null)
   = material: unchanged (null)
   = adjustableHeight: unchanged (null)
   = weightCapacityKg: unchanged (null)
   = powerProductType: unchanged (null)
   = outletCount: unchanged (null)
   = powerConnectorType: unchanged (null)
   = cleaningProductType: unchanged (null)
   = formatCompatibility: unchanged (null)
   ~ partType: null -> "ear-pads-cushions"
   ~ compatibility: ["universal"] -> ["Audeze LCD-2","Audeze LCD-3","Audeze LCD-4","Audeze LCD-4Z","Audeze LCD-MX4","Audeze LCD-X"]
   = adapterFunction: unchanged (null)
   = treatmentType: unchanged (null)
   = mounting: unchanged (null)
   💾 backed up prior filterAttributes -> /home/jan/work/sanglogium/sanity-cms/backups/backup_headphones_0IQ2UjkdXJma4iOcjobwvF_2026-09-14T10-57-58-944Z.json
   ✅ patched. rev: 7P2D00ai8KUgrZgiFcxOdG

🎧 PATCH (WRITE) — Dekoni Audio Earpads for AKG K601, K701, and More (PHPYj28HJdPDHAaIBCeJDc)

   Field diff (filterAttributes.*):
   = customerRating: unchanged (null)
   = condition: unchanged (null)
   = dealsDiscount: unchanged (null)
   = newArrival: unchanged (null)
   ~ awards: null -> []
   ~ accessoryType: "earpad" -> "replacement-parts"
   ~ compatibleProductType: null -> ["headphone"]
   = cableFunction: unchanged (null)
   = connectorTermination: unchanged (null)
   = lengthM: unchanged (null)
   = conductorMaterial: unchanged (null)
   = balancedUnbalanced: unchanged (null)
   = furnitureType: unchanged (null)
   = material: unchanged (null)
   = adjustableHeight: unchanged (null)
   = weightCapacityKg: unchanged (null)
   = powerProductType: unchanged (null)
   = outletCount: unchanged (null)
   = powerConnectorType: unchanged (null)
   = cleaningProductType: unchanged (null)
   = formatCompatibility: unchanged (null)
   ~ partType: null -> "ear-pads-cushions"
   ~ compatibility: ["universal"] -> ["AKG K601","AKG K701"]
   = adapterFunction: unchanged (null)
   = treatmentType: unchanged (null)
   = mounting: unchanged (null)
   💾 backed up prior filterAttributes -> /home/jan/work/sanglogium/sanity-cms/backups/backup_headphones_PHPYj28HJdPDHAaIBCeJDc_2026-09-14T10-58-00-210Z.json
   ✅ patched. rev: Ch755lAE5GLsZ435Cxc19h

🎧 PATCH (WRITE) — Dekoni Audio Earpads for Sony WH1000XM4 ANC Headphones (PHPYj28HJdPDHAaIBCeUBq)

   Field diff (filterAttributes.*):
   = customerRating: unchanged (null)
   = condition: unchanged (null)
   = dealsDiscount: unchanged (null)
   = newArrival: unchanged (null)
   ~ awards: null -> []
   ~ accessoryType: "earpad" -> "replacement-parts"
   ~ compatibleProductType: null -> ["headphone"]
   = cableFunction: unchanged (null)
   = connectorTermination: unchanged (null)
   = lengthM: unchanged (null)
   = conductorMaterial: unchanged (null)
   = balancedUnbalanced: unchanged (null)
   = furnitureType: unchanged (null)
   = material: unchanged (null)
   = adjustableHeight: unchanged (null)
   = weightCapacityKg: unchanged (null)
   = powerProductType: unchanged (null)
   = outletCount: unchanged (null)
   = powerConnectorType: unchanged (null)
   = cleaningProductType: unchanged (null)
   = formatCompatibility: unchanged (null)
   ~ partType: null -> "ear-pads-cushions"
   ~ compatibility: ["universal"] -> ["Sony WH1000XM4"]
   = adapterFunction: unchanged (null)
   = treatmentType: unchanged (null)
   = mounting: unchanged (null)
   💾 backed up prior filterAttributes -> /home/jan/work/sanglogium/sanity-cms/backups/backup_headphones_PHPYj28HJdPDHAaIBCeUBq_2026-09-14T10-58-01-175Z.json
   ✅ patched. rev: MzerujO1CrL1dzm03eRHJV

🎧 PATCH (WRITE) — Dekoni Audio ErgoDox 76 "Hot Dox" V2 Mechanical Keyboard (DZc43yHr6ydfgE7zB3xWAf)

   Field diff (filterAttributes.*):
   = customerRating: unchanged (null)
   ~ condition: null -> "new"
   = dealsDiscount: unchanged (null)
   = newArrival: unchanged (null)
   ~ awards: null -> []
   ~ accessoryType: "cable" -> null
   = compatibleProductType: unchanged (null)
   = cableFunction: unchanged (null)
   = connectorTermination: unchanged (null)
   ~ lengthM: null -> 1.93
   = conductorMaterial: unchanged (null)
   = balancedUnbalanced: unchanged (null)
   = furnitureType: unchanged (null)
   = material: unchanged (null)
   = adjustableHeight: unchanged (null)
   = weightCapacityKg: unchanged (null)
   = powerProductType: unchanged (null)
   = outletCount: unchanged (null)
   = powerConnectorType: unchanged (null)
   = cleaningProductType: unchanged (null)
   = formatCompatibility: unchanged (null)
   = partType: unchanged (null)
   ~ compatibility: ["universal"] -> null
   = adapterFunction: unchanged (null)
   = treatmentType: unchanged (null)
   = mounting: unchanged (null)
   💾 backed up prior filterAttributes -> /home/jan/work/sanglogium/sanity-cms/backups/backup_headphones_DZc43yHr6ydfgE7zB3xWAf_2026-09-14T10-58-02-198Z.json
   ✅ patched. rev: Ch755lAE5GLsZ435Cxc1DW

🎧 PATCH (WRITE) — Dekoni Audio Linus Tech Tips Keycaps (DZc43yHr6ydfgE7zB3xYMO)

   Field diff (filterAttributes.*):
   = customerRating: unchanged (null)
   ~ condition: null -> "new"
   = dealsDiscount: unchanged (null)
   = newArrival: unchanged (null)
   ~ awards: null -> []
   ~ accessoryType: "eartip" -> null
   = compatibleProductType: unchanged (null)
   = cableFunction: unchanged (null)
   = connectorTermination: unchanged (null)
   = lengthM: unchanged (null)
   = conductorMaterial: unchanged (null)
   = balancedUnbalanced: unchanged (null)
   = furnitureType: unchanged (null)
   = material: unchanged (null)
   = adjustableHeight: unchanged (null)
   = weightCapacityKg: unchanged (null)
   = powerProductType: unchanged (null)
   = outletCount: unchanged (null)
   = powerConnectorType: unchanged (null)
   = cleaningProductType: unchanged (null)
   = formatCompatibility: unchanged (null)
   = partType: unchanged (null)
   ~ compatibility: ["Full-size","TKL","WhiteFox Eclipse"] -> null
   = adapterFunction: unchanged (null)
   = treatmentType: unchanged (null)
   = mounting: unchanged (null)
   💾 backed up prior filterAttributes -> /home/jan/work/sanglogium/sanity-cms/backups/backup_headphones_DZc43yHr6ydfgE7zB3xYMO_2026-09-14T10-58-03-222Z.json
   ✅ patched. rev: Ch755lAE5GLsZ435Cxc1HL

🎧 PATCH (WRITE) — Dekoni Audio Memory Foam Earphone Tips for the Apple Airpods Pro 3 (GjMaRFaHMVTsBoyxtAc2eL)

   Field diff (filterAttributes.*):
   = customerRating: unchanged (null)
   ~ condition: null -> "new"
   = dealsDiscount: unchanged (null)
   = newArrival: unchanged (null)
   ~ awards: null -> []
   ~ accessoryType: "eartip" -> "replacement-parts"
   ~ compatibleProductType: null -> ["headphone"]
   = cableFunction: unchanged (null)
   = connectorTermination: unchanged (null)
   = lengthM: unchanged (null)
   = conductorMaterial: unchanged (null)
   = balancedUnbalanced: unchanged (null)
   = furnitureType: unchanged (null)
   = material: unchanged (null)
   = adjustableHeight: unchanged (null)
   = weightCapacityKg: unchanged (null)
   = powerProductType: unchanged (null)
   = outletCount: unchanged (null)
   = powerConnectorType: unchanged (null)
   = cleaningProductType: unchanged (null)
   = formatCompatibility: unchanged (null)
   ~ partType: null -> "ear-tips"
   ~ compatibility: ["universal"] -> ["Apple Airpods Pro 3"]
   = adapterFunction: unchanged (null)
   = treatmentType: unchanged (null)
   = mounting: unchanged (null)
   💾 backed up prior filterAttributes -> /home/jan/work/sanglogium/sanity-cms/backups/backup_headphones_GjMaRFaHMVTsBoyxtAc2eL_2026-09-14T10-58-04-269Z.json
   ✅ patched. rev: 7P2D00ai8KUgrZgiFcxOrI

🎧 PATCH (WRITE) — Dekoni Audio Memory Foam Earphone Tips for the Apple Airpods Pro & Airpods Pro 2 (fisKNZUL2oYuqkoQMUzrVJ)

   Field diff (filterAttributes.*):
   = customerRating: unchanged (null)
   ~ condition: null -> "new"
   = dealsDiscount: unchanged (null)
   = newArrival: unchanged (null)
   ~ awards: null -> []
   ~ accessoryType: "eartip" -> "replacement-parts"
   ~ compatibleProductType: null -> ["headphone"]
   = cableFunction: unchanged (null)
   = connectorTermination: unchanged (null)
   = lengthM: unchanged (null)
   = conductorMaterial: unchanged (null)
   = balancedUnbalanced: unchanged (null)
   = furnitureType: unchanged (null)
   = material: unchanged (null)
   = adjustableHeight: unchanged (null)
   = weightCapacityKg: unchanged (null)
   = powerProductType: unchanged (null)
   = outletCount: unchanged (null)
   = powerConnectorType: unchanged (null)
   = cleaningProductType: unchanged (null)
   = formatCompatibility: unchanged (null)
   ~ partType: null -> "ear-tips"
   ~ compatibility: ["universal"] -> ["both AirPods Pro","AirPods Pro 2"]
   = adapterFunction: unchanged (null)
   = treatmentType: unchanged (null)
   = mounting: unchanged (null)
   💾 backed up prior filterAttributes -> /home/jan/work/sanglogium/sanity-cms/backups/backup_headphones_fisKNZUL2oYuqkoQMUzrVJ_2026-09-14T10-58-05-246Z.json
   ✅ patched. rev: 7P2D00ai8KUgrZgiFcxP5K

🎧 PATCH (WRITE) — Dekoni Audio Memory Foam IEM Tips Black - Samsung Galaxy Buds Pro (fisKNZUL2oYuqkoQMV1Bkp)

   Field diff (filterAttributes.*):
   = customerRating: unchanged (null)
   ~ condition: null -> "new"
   = dealsDiscount: unchanged (null)
   = newArrival: unchanged (null)
   ~ awards: null -> []
   ~ accessoryType: "eartip" -> null
   = compatibleProductType: unchanged (null)
   = cableFunction: unchanged (null)
   = connectorTermination: unchanged (null)
   = lengthM: unchanged (null)
   = conductorMaterial: unchanged (null)
   = balancedUnbalanced: unchanged (null)
   = furnitureType: unchanged (null)
   = material: unchanged (null)
   = adjustableHeight: unchanged (null)
   = weightCapacityKg: unchanged (null)
   = powerProductType: unchanged (null)
   = outletCount: unchanged (null)
   = powerConnectorType: unchanged (null)
   = cleaningProductType: unchanged (null)
   = formatCompatibility: unchanged (null)
   = partType: unchanged (null)
   ~ compatibility: ["universal"] -> null
   = adapterFunction: unchanged (null)
   = treatmentType: unchanged (null)
   = mounting: unchanged (null)
   💾 backed up prior filterAttributes -> /home/jan/work/sanglogium/sanity-cms/backups/backup_headphones_fisKNZUL2oYuqkoQMV1Bkp_2026-09-14T10-58-06-258Z.json
   ✅ patched. rev: MzerujO1CrL1dzm03eRHkP

🎧 PATCH (WRITE) — Dekoni Audio Memory Foam Isolation Earphone Tips Black 4.9mm Mercury (0IQ2UjkdXJma4iOcjodDq5)

   Field diff (filterAttributes.*):
   = customerRating: unchanged (null)
   ~ condition: null -> "new"
   = dealsDiscount: unchanged (null)
   = newArrival: unchanged (null)
   ~ awards: null -> []
   ~ accessoryType: "eartip" -> "replacement-parts"
   ~ compatibleProductType: null -> ["headphone"]
   = cableFunction: unchanged (null)
   = connectorTermination: unchanged (null)
   = lengthM: unchanged (null)
   = conductorMaterial: unchanged (null)
   = balancedUnbalanced: unchanged (null)
   = furnitureType: unchanged (null)
   = material: unchanged (null)
   = adjustableHeight: unchanged (null)
   = weightCapacityKg: unchanged (null)
   = powerProductType: unchanged (null)
   = outletCount: unchanged (null)
   = powerConnectorType: unchanged (null)
   = cleaningProductType: unchanged (null)
   = formatCompatibility: unchanged (null)
   ~ partType: null -> "ear-tips"
   ~ compatibility: ["universal"] -> null
   = adapterFunction: unchanged (null)
   = treatmentType: unchanged (null)
   = mounting: unchanged (null)
   💾 backed up prior filterAttributes -> /home/jan/work/sanglogium/sanity-cms/backups/backup_headphones_0IQ2UjkdXJma4iOcjodDq5_2026-09-14T10-58-07-399Z.json
   ✅ patched. rev: Ch755lAE5GLsZ435Cxc1Ni

🎧 PATCH (WRITE) — Dekoni Audio Memory Foam Isolation Earphone Tips Black - Gemini 3mm (FfAIr0MG25AzkX2gQHNAYN)

   Field diff (filterAttributes.*):
   = customerRating: unchanged (null)
   ~ condition: null -> "new"
   = dealsDiscount: unchanged (null)
   = newArrival: unchanged (null)
   ~ awards: null -> []
   ~ accessoryType: "eartip" -> "replacement-parts"
   ~ compatibleProductType: null -> ["headphone"]
   = cableFunction: unchanged (null)
   = connectorTermination: unchanged (null)
   = lengthM: unchanged (null)
   = conductorMaterial: unchanged (null)
   = balancedUnbalanced: unchanged (null)
   = furnitureType: unchanged (null)
   = material: unchanged (null)
   = adjustableHeight: unchanged (null)
   = weightCapacityKg: unchanged (null)
   = powerProductType: unchanged (null)
   = outletCount: unchanged (null)
   = powerConnectorType: unchanged (null)
   = cleaningProductType: unchanged (null)
   = formatCompatibility: unchanged (null)
   ~ partType: null -> "ear-tips"
   ~ compatibility: ["universal"] -> null
   = adapterFunction: unchanged (null)
   = treatmentType: unchanged (null)
   = mounting: unchanged (null)
   💾 backed up prior filterAttributes -> /home/jan/work/sanglogium/sanity-cms/backups/backup_headphones_FfAIr0MG25AzkX2gQHNAYN_2026-09-14T10-58-08-627Z.json
   ✅ patched. rev: 7P2D00ai8KUgrZgiFcxPEg

🎧 PATCH (WRITE) — Dekoni Audio Memory Foam Isolation Earphone Tips Black - Samsung Galaxy Buds2 Pro (0IQ2UjkdXJma4iOcjodeA0)

   Field diff (filterAttributes.*):
   = customerRating: unchanged (null)
   ~ condition: null -> "new"
   = dealsDiscount: unchanged (null)
   = newArrival: unchanged (null)
   ~ awards: null -> []
   ~ accessoryType: "eartip" -> "replacement-parts"
   ~ compatibleProductType: null -> ["headphone"]
   = cableFunction: unchanged (null)
   = connectorTermination: unchanged (null)
   = lengthM: unchanged (null)
   = conductorMaterial: unchanged (null)
   = balancedUnbalanced: unchanged (null)
   = furnitureType: unchanged (null)
   = material: unchanged (null)
   = adjustableHeight: unchanged (null)
   = weightCapacityKg: unchanged (null)
   = powerProductType: unchanged (null)
   = outletCount: unchanged (null)
   = powerConnectorType: unchanged (null)
   = cleaningProductType: unchanged (null)
   = formatCompatibility: unchanged (null)
   ~ partType: null -> "ear-tips"
   ~ compatibility: ["universal"] -> ["Samsung Galaxy Buds2 ProIntroducing Dekoni Bulletz"]
   = adapterFunction: unchanged (null)
   = treatmentType: unchanged (null)
   = mounting: unchanged (null)
   💾 backed up prior filterAttributes -> /home/jan/work/sanglogium/sanity-cms/backups/backup_headphones_0IQ2UjkdXJma4iOcjodeA0_2026-09-14T10-58-09-886Z.json
   ✅ patched. rev: Ch755lAE5GLsZ435Cxc1RX

🎧 PATCH (WRITE) — Dekoni Audio Premium Headphone & Earbud Cleaning Wipes – Anti-Static & Alcohol-Free (fisKNZUL2oYuqkoQMV1aTj)

   Field diff (filterAttributes.*):
   = customerRating: unchanged (null)
   ~ condition: null -> "new"
   = dealsDiscount: unchanged (null)
   = newArrival: unchanged (null)
   ~ awards: null -> []
   ~ accessoryType: "cable" -> "cleaning-maintenance"
   ~ compatibleProductType: null -> ["headphone"]
   = cableFunction: unchanged (null)
   = connectorTermination: unchanged (null)
   = lengthM: unchanged (null)
   = conductorMaterial: unchanged (null)
   = balancedUnbalanced: unchanged (null)
   = furnitureType: unchanged (null)
   = material: unchanged (null)
   = adjustableHeight: unchanged (null)
   = weightCapacityKg: unchanged (null)
   = powerProductType: unchanged (null)
   = outletCount: unchanged (null)
   = powerConnectorType: unchanged (null)
   = cleaningProductType: unchanged (null)
   = formatCompatibility: unchanged (null)
   = partType: unchanged (null)
   ~ compatibility: ["universal"] -> null
   = adapterFunction: unchanged (null)
   = treatmentType: unchanged (null)
   = mounting: unchanged (null)
   💾 backed up prior filterAttributes -> /home/jan/work/sanglogium/sanity-cms/backups/backup_headphones_fisKNZUL2oYuqkoQMV1aTj_2026-09-14T10-58-11-153Z.json
   ✅ patched. rev: MzerujO1CrL1dzm03eRIu9

🎧 PATCH (WRITE) — Dekoni Audio Premium Memory Foam Isolation Earphone Tips Black - True Wireless (GjMaRFaHMVTsBoyxtAc5GA)

   Field diff (filterAttributes.*):
   = customerRating: unchanged (null)
   ~ condition: null -> "new"
   = dealsDiscount: unchanged (null)
   = newArrival: unchanged (null)
   ~ awards: null -> []
   ~ accessoryType: "eartip" -> "replacement-parts"
   ~ compatibleProductType: null -> ["headphone"]
   = cableFunction: unchanged (null)
   = connectorTermination: unchanged (null)
   = lengthM: unchanged (null)
   = conductorMaterial: unchanged (null)
   = balancedUnbalanced: unchanged (null)
   = furnitureType: unchanged (null)
   = material: unchanged (null)
   = adjustableHeight: unchanged (null)
   = weightCapacityKg: unchanged (null)
   = powerProductType: unchanged (null)
   = outletCount: unchanged (null)
   = powerConnectorType: unchanged (null)
   = cleaningProductType: unchanged (null)
   = formatCompatibility: unchanged (null)
   ~ partType: null -> "ear-tips"
   ~ compatibility: ["universal"] -> null
   = adapterFunction: unchanged (null)
   = treatmentType: unchanged (null)
   = mounting: unchanged (null)
   💾 backed up prior filterAttributes -> /home/jan/work/sanglogium/sanity-cms/backups/backup_headphones_GjMaRFaHMVTsBoyxtAc5GA_2026-09-14T10-58-12-460Z.json
   ✅ patched. rev: MzerujO1CrL1dzm03eRJ7b

🎧 PATCH (WRITE) — Dekoni Audio Replacement Adhesive Rings for Dekoni Audio LCD Series Earpads - One Pair (PHPYj28HJdPDHAaIBCdwl6)

   Field diff (filterAttributes.*):
   = customerRating: unchanged (null)
   ~ condition: null -> "new"
   = dealsDiscount: unchanged (null)
   = newArrival: unchanged (null)
   ~ awards: null -> []
   ~ accessoryType: "earpad" -> "replacement-parts"
   ~ compatibleProductType: null -> ["headphone"]
   = cableFunction: unchanged (null)
   = connectorTermination: unchanged (null)
   = lengthM: unchanged (null)
   = conductorMaterial: unchanged (null)
   = balancedUnbalanced: unchanged (null)
   = furnitureType: unchanged (null)
   = material: unchanged (null)
   = adjustableHeight: unchanged (null)
   = weightCapacityKg: unchanged (null)
   = powerProductType: unchanged (null)
   = outletCount: unchanged (null)
   = powerConnectorType: unchanged (null)
   = cleaningProductType: unchanged (null)
   = formatCompatibility: unchanged (null)
   ~ partType: null -> "ear-pads-cushions"
   ~ compatibility: ["universal"] -> ["LCD-2","LCD-3","LCD-4","LCD-X","Dekoni Audio LCD Earpads"]
   = adapterFunction: unchanged (null)
   = treatmentType: unchanged (null)
   = mounting: unchanged (null)
   💾 backed up prior filterAttributes -> /home/jan/work/sanglogium/sanity-cms/backups/backup_headphones_PHPYj28HJdPDHAaIBCdwl6_2026-09-14T10-58-13-738Z.json
   ✅ patched. rev: 7P2D00ai8KUgrZgiFcxPXO

🎧 PATCH (WRITE) — Dekoni Audio Replacement Earpads for AKG K371 Headphones (PHPYj28HJdPDHAaIBCeaXm)

   Field diff (filterAttributes.*):
   = customerRating: unchanged (null)
   = condition: unchanged (null)
   = dealsDiscount: unchanged (null)
   = newArrival: unchanged (null)
   ~ awards: null -> []
   ~ accessoryType: "earpad" -> "replacement-parts"
   ~ compatibleProductType: null -> ["headphone"]
   = cableFunction: unchanged (null)
   = connectorTermination: unchanged (null)
   = lengthM: unchanged (null)
   = conductorMaterial: unchanged (null)
   = balancedUnbalanced: unchanged (null)
   = furnitureType: unchanged (null)
   = material: unchanged (null)
   = adjustableHeight: unchanged (null)
   = weightCapacityKg: unchanged (null)
   = powerProductType: unchanged (null)
   = outletCount: unchanged (null)
   = powerConnectorType: unchanged (null)
   = cleaningProductType: unchanged (null)
   = formatCompatibility: unchanged (null)
   ~ partType: null -> "ear-pads-cushions"
   ~ compatibility: ["universal"] -> ["AKG K371"]
   = adapterFunction: unchanged (null)
   = treatmentType: unchanged (null)
   = mounting: unchanged (null)
   💾 backed up prior filterAttributes -> /home/jan/work/sanglogium/sanity-cms/backups/backup_headphones_PHPYj28HJdPDHAaIBCeaXm_2026-09-14T10-58-14-976Z.json
   ✅ patched. rev: MzerujO1CrL1dzm03eRJL3

🎧 PATCH (WRITE) — Dekoni Audio Replacement Earpads for Audeze Maxwell 2 Gaming Headphone (PHPYj28HJdPDHAaIBCejqw)

   Field diff (filterAttributes.*):
   = customerRating: unchanged (null)
   ~ condition: null -> "new"
   = dealsDiscount: unchanged (null)
   = newArrival: unchanged (null)
   ~ awards: null -> []
   ~ accessoryType: "earpad" -> "replacement-parts"
   ~ compatibleProductType: null -> ["headphone"]
   = cableFunction: unchanged (null)
   = connectorTermination: unchanged (null)
   = lengthM: unchanged (null)
   = conductorMaterial: unchanged (null)
   = balancedUnbalanced: unchanged (null)
   = furnitureType: unchanged (null)
   = material: unchanged (null)
   = adjustableHeight: unchanged (null)
   = weightCapacityKg: unchanged (null)
   = powerProductType: unchanged (null)
   = outletCount: unchanged (null)
   = powerConnectorType: unchanged (null)
   = cleaningProductType: unchanged (null)
   = formatCompatibility: unchanged (null)
   ~ partType: null -> "ear-pads-cushions"
   ~ compatibility: ["universal"] -> ["Audeze Maxwell","Audeze Maxwell 2"]
   = adapterFunction: unchanged (null)
   = treatmentType: unchanged (null)
   = mounting: unchanged (null)
   💾 backed up prior filterAttributes -> /home/jan/work/sanglogium/sanity-cms/backups/backup_headphones_PHPYj28HJdPDHAaIBCejqw_2026-09-14T10-58-15-977Z.json
   ✅ patched. rev: 7P2D00ai8KUgrZgiFcxPeP

🎧 PATCH (WRITE) — Dekoni Audio Replacement Earpads for Audeze Maxwell Gaming Headphone (fisKNZUL2oYuqkoQMUzDT3)

   Field diff (filterAttributes.*):
   = customerRating: unchanged (null)
   = condition: unchanged (null)
   = dealsDiscount: unchanged (null)
   = newArrival: unchanged (null)
   ~ awards: null -> []
   ~ accessoryType: "earpad" -> "replacement-parts"
   ~ compatibleProductType: null -> ["headphone"]
   = cableFunction: unchanged (null)
   = connectorTermination: unchanged (null)
   = lengthM: unchanged (null)
   = conductorMaterial: unchanged (null)
   = balancedUnbalanced: unchanged (null)
   = furnitureType: unchanged (null)
   = material: unchanged (null)
   = adjustableHeight: unchanged (null)
   = weightCapacityKg: unchanged (null)
   = powerProductType: unchanged (null)
   = outletCount: unchanged (null)
   = powerConnectorType: unchanged (null)
   = cleaningProductType: unchanged (null)
   = formatCompatibility: unchanged (null)
   ~ partType: null -> "ear-pads-cushions"
   ~ compatibility: ["universal"] -> ["Audeze Maxwell","Audeze will not Audeze Maxwell Generation 2"]
   = adapterFunction: unchanged (null)
   = treatmentType: unchanged (null)
   = mounting: unchanged (null)
   💾 backed up prior filterAttributes -> /home/jan/work/sanglogium/sanity-cms/backups/backup_headphones_fisKNZUL2oYuqkoQMUzDT3_2026-09-14T10-58-16-993Z.json
   ✅ patched. rev: MzerujO1CrL1dzm03eRJYV

🎧 PATCH (WRITE) — Dekoni Audio Replacement Earpads for Audio Technica ATH-AD Series Open Back Audiophile Headphones - Elite Velour (Pn6oyV4Ks5AcNbecjkSCNk)

   Field diff (filterAttributes.*):
   = customerRating: unchanged (null)
   = condition: unchanged (null)
   = dealsDiscount: unchanged (null)
   = newArrival: unchanged (null)
   ~ awards: null -> []
   ~ accessoryType: "earpad" -> "replacement-parts"
   ~ compatibleProductType: null -> ["headphone"]
   = cableFunction: unchanged (null)
   = connectorTermination: unchanged (null)
   = lengthM: unchanged (null)
   = conductorMaterial: unchanged (null)
   = balancedUnbalanced: unchanged (null)
   = furnitureType: unchanged (null)
   = material: unchanged (null)
   = adjustableHeight: unchanged (null)
   = weightCapacityKg: unchanged (null)
   = powerProductType: unchanged (null)
   = outletCount: unchanged (null)
   = powerConnectorType: unchanged (null)
   = cleaningProductType: unchanged (null)
   = formatCompatibility: unchanged (null)
   ~ partType: null -> "ear-pads-cushions"
   ~ compatibility: ["universal"] -> ["Audio Technica ATH-AD SeriesUnlock full potential your Audio Technica open-back with Dekoni Audio's","Audio Technica ATH-AD"]
   = adapterFunction: unchanged (null)
   = treatmentType: unchanged (null)
   = mounting: unchanged (null)
   💾 backed up prior filterAttributes -> /home/jan/work/sanglogium/sanity-cms/backups/backup_headphones_Pn6oyV4Ks5AcNbecjkSCNk_2026-09-14T10-58-18-010Z.json
   ✅ patched. rev: MzerujO1CrL1dzm03eRJlx

🎧 PATCH (WRITE) — Dekoni Audio Replacement Earpads for Beyerdynamic DT700/900 Pro X Headphones (MrEMtYwMtrFDGWmRnRGU5m)

   Field diff (filterAttributes.*):
   = customerRating: unchanged (null)
   = condition: unchanged (null)
   = dealsDiscount: unchanged (null)
   = newArrival: unchanged (null)
   ~ awards: null -> []
   ~ accessoryType: "earpad" -> "replacement-parts"
   ~ compatibleProductType: null -> ["headphone"]
   = cableFunction: unchanged (null)
   = connectorTermination: unchanged (null)
   = lengthM: unchanged (null)
   = conductorMaterial: unchanged (null)
   = balancedUnbalanced: unchanged (null)
   = furnitureType: unchanged (null)
   = material: unchanged (null)
   = adjustableHeight: unchanged (null)
   = weightCapacityKg: unchanged (null)
   = powerProductType: unchanged (null)
   = outletCount: unchanged (null)
   = powerConnectorType: unchanged (null)
   = cleaningProductType: unchanged (null)
   = formatCompatibility: unchanged (null)
   ~ partType: null -> "ear-pads-cushions"
   ~ compatibility: ["universal"] -> ["Beyerdynamic DT700/900 Pro X"]
   = adapterFunction: unchanged (null)
   = treatmentType: unchanged (null)
   = mounting: unchanged (null)
   💾 backed up prior filterAttributes -> /home/jan/work/sanglogium/sanity-cms/backups/backup_headphones_MrEMtYwMtrFDGWmRnRGU5m_2026-09-14T10-58-19-017Z.json
   ✅ patched. rev: 7P2D00ai8KUgrZgiFcxPsR

🎧 PATCH (WRITE) — Dekoni Audio Replacement Earpads for Bose Quiet Comfort Noise Cancelling Headphones (PHPYj28HJdPDHAaIBCeGGO)

   Field diff (filterAttributes.*):
   = customerRating: unchanged (null)
   = condition: unchanged (null)
   = dealsDiscount: unchanged (null)
   = newArrival: unchanged (null)
   ~ awards: null -> []
   ~ accessoryType: "earpad" -> "replacement-parts"
   ~ compatibleProductType: null -> ["headphone"]
   = cableFunction: unchanged (null)
   = connectorTermination: unchanged (null)
   = lengthM: unchanged (null)
   = conductorMaterial: unchanged (null)
   = balancedUnbalanced: unchanged (null)
   = furnitureType: unchanged (null)
   = material: unchanged (null)
   = adjustableHeight: unchanged (null)
   = weightCapacityKg: unchanged (null)
   = powerProductType: unchanged (null)
   = outletCount: unchanged (null)
   = powerConnectorType: unchanged (null)
   = cleaningProductType: unchanged (null)
   = formatCompatibility: unchanged (null)
   ~ partType: null -> "ear-pads-cushions"
   ~ compatibility: ["universal"] -> ["Bose Quiet"]
   = adapterFunction: unchanged (null)
   = treatmentType: unchanged (null)
   = mounting: unchanged (null)
   💾 backed up prior filterAttributes -> /home/jan/work/sanglogium/sanity-cms/backups/backup_headphones_PHPYj28HJdPDHAaIBCeGGO_2026-09-14T10-58-20-036Z.json
   ✅ patched. rev: 7P2D00ai8KUgrZgiFcxPzS

🎧 PATCH (WRITE) — Dekoni Audio Replacement Earpads for Dan Clark Audio Aeon 2 - Elite Sheepskin (Pn6oyV4Ks5AcNbecjkRkNh)

   Field diff (filterAttributes.*):
   = customerRating: unchanged (null)
   = condition: unchanged (null)
   = dealsDiscount: unchanged (null)
   = newArrival: unchanged (null)
   ~ awards: null -> []
   ~ accessoryType: "earpad" -> "replacement-parts"
   ~ compatibleProductType: null -> ["headphone"]
   = cableFunction: unchanged (null)
   = connectorTermination: unchanged (null)
   = lengthM: unchanged (null)
   = conductorMaterial: unchanged (null)
   = balancedUnbalanced: unchanged (null)
   = furnitureType: unchanged (null)
   = material: unchanged (null)
   = adjustableHeight: unchanged (null)
   = weightCapacityKg: unchanged (null)
   = powerProductType: unchanged (null)
   = outletCount: unchanged (null)
   = powerConnectorType: unchanged (null)
   = cleaningProductType: unchanged (null)
   = formatCompatibility: unchanged (null)
   ~ partType: null -> "ear-pads-cushions"
   ~ compatibility: ["universal"] -> ["Dan Clark Audio Aeon 2"]
   = adapterFunction: unchanged (null)
   = treatmentType: unchanged (null)
   = mounting: unchanged (null)
   💾 backed up prior filterAttributes -> /home/jan/work/sanglogium/sanity-cms/backups/backup_headphones_Pn6oyV4Ks5AcNbecjkRkNh_2026-09-14T10-58-21-279Z.json
   ✅ patched. rev: MzerujO1CrL1dzm03eRKCr

🎧 PATCH (WRITE) — Dekoni Audio Replacement Earpads for Focal Headphones - Stellia, Radiante, Utopia, Clear, ClearMG, Celestee (0IQ2UjkdXJma4iOcjocCJs)

   Field diff (filterAttributes.*):
   = customerRating: unchanged (null)
   = condition: unchanged (null)
   = dealsDiscount: unchanged (null)
   = newArrival: unchanged (null)
   ~ awards: null -> []
   ~ accessoryType: "earpad" -> "replacement-parts"
   ~ compatibleProductType: null -> ["headphone"]
   = cableFunction: unchanged (null)
   = connectorTermination: unchanged (null)
   = lengthM: unchanged (null)
   = conductorMaterial: unchanged (null)
   = balancedUnbalanced: unchanged (null)
   = furnitureType: unchanged (null)
   = material: unchanged (null)
   = adjustableHeight: unchanged (null)
   = weightCapacityKg: unchanged (null)
   = powerProductType: unchanged (null)
   = outletCount: unchanged (null)
   = powerConnectorType: unchanged (null)
   = cleaningProductType: unchanged (null)
   = formatCompatibility: unchanged (null)
   ~ partType: null -> "ear-pads-cushions"
   ~ compatibility: ["universal"] -> ["Focal Stellia","Focal Utopia","Focal Clear","Focal ClearMG","Focal Celestee","Focal Radiante"]
   = adapterFunction: unchanged (null)
   = treatmentType: unchanged (null)
   = mounting: unchanged (null)
   💾 backed up prior filterAttributes -> /home/jan/work/sanglogium/sanity-cms/backups/backup_headphones_0IQ2UjkdXJma4iOcjocCJs_2026-09-14T10-58-22-486Z.json
   ✅ patched. rev: 7P2D00ai8KUgrZgiFcxQB9

🎧 PATCH (WRITE) — Dekoni Audio Replacement Earpads for Fostex TH and Denon AH, and X00 Series Headphones (MrEMtYwMtrFDGWmRnRF4hA)

   Field diff (filterAttributes.*):
   = customerRating: unchanged (null)
   = condition: unchanged (null)
   = dealsDiscount: unchanged (null)
   = newArrival: unchanged (null)
   ~ awards: null -> []
   ~ accessoryType: "earpad" -> "replacement-parts"
   ~ compatibleProductType: null -> ["headphone"]
   = cableFunction: unchanged (null)
   = connectorTermination: unchanged (null)
   = lengthM: unchanged (null)
   = conductorMaterial: unchanged (null)
   = balancedUnbalanced: unchanged (null)
   = furnitureType: unchanged (null)
   = material: unchanged (null)
   = adjustableHeight: unchanged (null)
   = weightCapacityKg: unchanged (null)
   = powerProductType: unchanged (null)
   = outletCount: unchanged (null)
   = powerConnectorType: unchanged (null)
   = cleaningProductType: unchanged (null)
   = formatCompatibility: unchanged (null)
   ~ partType: null -> "ear-pads-cushions"
   ~ compatibility: ["universal"] -> ["Fostex TH (TH900","Fostex TH500RP","Fostex T5)","Denon AH (AH-D2000","Denon AH-D5000","Denon AH-D7000)","Fostex TH","Denon AH","Denon X00"]
   = adapterFunction: unchanged (null)
   = treatmentType: unchanged (null)
   = mounting: unchanged (null)
   💾 backed up prior filterAttributes -> /home/jan/work/sanglogium/sanity-cms/backups/backup_headphones_MrEMtYwMtrFDGWmRnRF4hA_2026-09-14T10-58-23-749Z.json
   ✅ patched. rev: MzerujO1CrL1dzm03eRKUn

🎧 PATCH (WRITE) — Dekoni Audio Replacement Earpads for Grado Headphones (fisKNZUL2oYuqkoQMUz9XB)

   Field diff (filterAttributes.*):
   = customerRating: unchanged (null)
   = condition: unchanged (null)
   = dealsDiscount: unchanged (null)
   = newArrival: unchanged (null)
   ~ awards: null -> []
   ~ accessoryType: "earpad" -> "replacement-parts"
   ~ compatibleProductType: null -> ["headphone"]
   = cableFunction: unchanged (null)
   = connectorTermination: unchanged (null)
   = lengthM: unchanged (null)
   = conductorMaterial: unchanged (null)
   = balancedUnbalanced: unchanged (null)
   = furnitureType: unchanged (null)
   = material: unchanged (null)
   = adjustableHeight: unchanged (null)
   = weightCapacityKg: unchanged (null)
   = powerProductType: unchanged (null)
   = outletCount: unchanged (null)
   = powerConnectorType: unchanged (null)
   = cleaningProductType: unchanged (null)
   = formatCompatibility: unchanged (null)
   ~ partType: null -> "ear-pads-cushions"
   ~ compatibility: ["universal"] -> ["Grado GS","Grado PS","Grado RS including GS1000","Grado GS2000","Grado GS3000","Grado PS1000","Grado PS2000","Grado PS500","Grado RS1","Grado RS2","Grado SR125"]
   = adapterFunction: unchanged (null)
   = treatmentType: unchanged (null)
   = mounting: unchanged (null)
   💾 backed up prior filterAttributes -> /home/jan/work/sanglogium/sanity-cms/backups/backup_headphones_fisKNZUL2oYuqkoQMUz9XB_2026-09-14T10-58-25-012Z.json
   ✅ patched. rev: 7P2D00ai8KUgrZgiFcxQIA

🎧 PATCH (WRITE) — Dekoni Audio Replacement Earpads for HiFiMan Arya (fisKNZUL2oYuqkoQMUyapt)

   Field diff (filterAttributes.*):
   = customerRating: unchanged (null)
   = condition: unchanged (null)
   = dealsDiscount: unchanged (null)
   = newArrival: unchanged (null)
   ~ awards: null -> []
   ~ accessoryType: "earpad" -> "replacement-parts"
   ~ compatibleProductType: null -> ["headphone"]
   = cableFunction: unchanged (null)
   = connectorTermination: unchanged (null)
   = lengthM: unchanged (null)
   = conductorMaterial: unchanged (null)
   = balancedUnbalanced: unchanged (null)
   = furnitureType: unchanged (null)
   = material: unchanged (null)
   = adjustableHeight: unchanged (null)
   = weightCapacityKg: unchanged (null)
   = powerProductType: unchanged (null)
   = outletCount: unchanged (null)
   = powerConnectorType: unchanged (null)
   = cleaningProductType: unchanged (null)
   = formatCompatibility: unchanged (null)
   ~ partType: null -> "ear-pads-cushions"
   ~ compatibility: ["universal"] -> ["HiFiMan Arya"]
   = adapterFunction: unchanged (null)
   = treatmentType: unchanged (null)
   = mounting: unchanged (null)
   💾 backed up prior filterAttributes -> /home/jan/work/sanglogium/sanity-cms/backups/backup_headphones_fisKNZUL2oYuqkoQMUyapt_2026-09-14T10-58-26-177Z.json
   ✅ patched. rev: Ch755lAE5GLsZ435Cxc1oT

🎧 PATCH (WRITE) — Dekoni Audio Replacement Earpads for HiFiMan HE Series Headphones and More (fisKNZUL2oYuqkoQMUyQ9x)

   Field diff (filterAttributes.*):
   = customerRating: unchanged (null)
   = condition: unchanged (null)
   = dealsDiscount: unchanged (null)
   = newArrival: unchanged (null)
   ~ awards: null -> []
   ~ accessoryType: "earpad" -> "replacement-parts"
   ~ compatibleProductType: null -> ["headphone"]
   = cableFunction: unchanged (null)
   = connectorTermination: unchanged (null)
   = lengthM: unchanged (null)
   = conductorMaterial: unchanged (null)
   = balancedUnbalanced: unchanged (null)
   = furnitureType: unchanged (null)
   = material: unchanged (null)
   = adjustableHeight: unchanged (null)
   = weightCapacityKg: unchanged (null)
   = powerProductType: unchanged (null)
   = outletCount: unchanged (null)
   = powerConnectorType: unchanged (null)
   = cleaningProductType: unchanged (null)
   = formatCompatibility: unchanged (null)
   ~ partType: null -> "ear-pads-cushions"
   ~ compatibility: ["universal"] -> ["HiFiMan seamless compatibility with HE400","HiFiMan HE400i","HiFiMan HE400SE","HiFiMan HE4XX","HiFiMan HE500","HiFiMan HE560","HiFiMan HE6","HiFiMan Sundara","HiFiMan HE5","HiFiMan HE"]
   = adapterFunction: unchanged (null)
   = treatmentType: unchanged (null)
   = mounting: unchanged (null)
   💾 backed up prior filterAttributes -> /home/jan/work/sanglogium/sanity-cms/backups/backup_headphones_fisKNZUL2oYuqkoQMUyQ9x_2026-09-14T10-58-27-219Z.json
   ✅ patched. rev: Ch755lAE5GLsZ435Cxc1sI

🎧 PATCH (WRITE) — Dekoni Audio Replacement Earpads for Philips Fidelio X2 Headphones (GjMaRFaHMVTsBoyxtAbjW4)

   Field diff (filterAttributes.*):
   = customerRating: unchanged (null)
   = condition: unchanged (null)
   = dealsDiscount: unchanged (null)
   = newArrival: unchanged (null)
   ~ awards: null -> []
   ~ accessoryType: "earpad" -> "replacement-parts"
   ~ compatibleProductType: null -> ["headphone"]
   = cableFunction: unchanged (null)
   = connectorTermination: unchanged (null)
   = lengthM: unchanged (null)
   = conductorMaterial: unchanged (null)
   = balancedUnbalanced: unchanged (null)
   = furnitureType: unchanged (null)
   = material: unchanged (null)
   = adjustableHeight: unchanged (null)
   = weightCapacityKg: unchanged (null)
   = powerProductType: unchanged (null)
   = outletCount: unchanged (null)
   = powerConnectorType: unchanged (null)
   = cleaningProductType: unchanged (null)
   = formatCompatibility: unchanged (null)
   ~ partType: null -> "ear-pads-cushions"
   ~ compatibility: ["universal"] -> ["Philips Fidelio X2","Philips X2HR","Philips X3"]
   = adapterFunction: unchanged (null)
   = treatmentType: unchanged (null)
   = mounting: unchanged (null)
   💾 backed up prior filterAttributes -> /home/jan/work/sanglogium/sanity-cms/backups/backup_headphones_GjMaRFaHMVTsBoyxtAbjW4_2026-09-14T10-58-28-290Z.json
   ✅ patched. rev: MzerujO1CrL1dzm03eRKvh

🎧 PATCH (WRITE) — Dekoni Audio Replacement Earpads for Sennheiser HD598/599, HD620S, PC37X, PC38X Headphones (GjMaRFaHMVTsBoyxtAbg96)

   Field diff (filterAttributes.*):
   = customerRating: unchanged (null)
   = condition: unchanged (null)
   = dealsDiscount: unchanged (null)
   = newArrival: unchanged (null)
   ~ awards: null -> []
   ~ accessoryType: "earpad" -> "replacement-parts"
   ~ compatibleProductType: null -> ["headphone"]
   = cableFunction: unchanged (null)
   = connectorTermination: unchanged (null)
   = lengthM: unchanged (null)
   = conductorMaterial: unchanged (null)
   = balancedUnbalanced: unchanged (null)
   = furnitureType: unchanged (null)
   = material: unchanged (null)
   = adjustableHeight: unchanged (null)
   = weightCapacityKg: unchanged (null)
   = powerProductType: unchanged (null)
   = outletCount: unchanged (null)
   = powerConnectorType: unchanged (null)
   = cleaningProductType: unchanged (null)
   = formatCompatibility: unchanged (null)
   ~ partType: null -> "ear-pads-cushions"
   ~ compatibility: ["universal"] -> ["Sennheiser HD598","Sennheiser HD599","Sennheiser HD620S","Sennheiser PC37X","Sennheiser PC38X","Sennheiser HD598/599"]
   = adapterFunction: unchanged (null)
   = treatmentType: unchanged (null)
   = mounting: unchanged (null)
   💾 backed up prior filterAttributes -> /home/jan/work/sanglogium/sanity-cms/backups/backup_headphones_GjMaRFaHMVTsBoyxtAbg96_2026-09-14T10-58-29-310Z.json
   ✅ patched. rev: Ch755lAE5GLsZ435Cxc1w7

🎧 PATCH (WRITE) — Dekoni Audio Replacement Earpads for Sennheiser HD600 / HD650 / HD6XX / HD58X / HD660S and More (GjMaRFaHMVTsBoyxtAbOBS)

   Field diff (filterAttributes.*):
   = customerRating: unchanged (null)
   = condition: unchanged (null)
   = dealsDiscount: unchanged (null)
   = newArrival: unchanged (null)
   ~ awards: null -> []
   ~ accessoryType: "earpad" -> "replacement-parts"
   ~ compatibleProductType: null -> ["headphone"]
   = cableFunction: unchanged (null)
   = connectorTermination: unchanged (null)
   = lengthM: unchanged (null)
   = conductorMaterial: unchanged (null)
   = balancedUnbalanced: unchanged (null)
   = furnitureType: unchanged (null)
   = material: unchanged (null)
   = adjustableHeight: unchanged (null)
   = weightCapacityKg: unchanged (null)
   = powerProductType: unchanged (null)
   = outletCount: unchanged (null)
   = powerConnectorType: unchanged (null)
   = cleaningProductType: unchanged (null)
   = formatCompatibility: unchanged (null)
   ~ partType: null -> "ear-pads-cushions"
   ~ compatibility: ["universal"] -> ["Sennheiser your legendary Sennheiser HD600 with Dekoni's","Sennheiser HD600 / HD650 / HD6XX / HD58X / HD660S"]
   = adapterFunction: unchanged (null)
   = treatmentType: unchanged (null)
   = mounting: unchanged (null)
   💾 backed up prior filterAttributes -> /home/jan/work/sanglogium/sanity-cms/backups/backup_headphones_GjMaRFaHMVTsBoyxtAbOBS_2026-09-14T10-58-30-372Z.json
   ✅ patched. rev: Ch755lAE5GLsZ435Cxc23l

🎧 PATCH (WRITE) — Dekoni Audio Replacement Earpads for Sennheiser HD800 Series Headphones (GjMaRFaHMVTsBoyxtAbaVy)

   Field diff (filterAttributes.*):
   = customerRating: unchanged (null)
   = condition: unchanged (null)
   = dealsDiscount: unchanged (null)
   = newArrival: unchanged (null)
   ~ awards: null -> []
   ~ accessoryType: "earpad" -> "replacement-parts"
   ~ compatibleProductType: null -> ["headphone"]
   = cableFunction: unchanged (null)
   = connectorTermination: unchanged (null)
   = lengthM: unchanged (null)
   = conductorMaterial: unchanged (null)
   = balancedUnbalanced: unchanged (null)
   = furnitureType: unchanged (null)
   = material: unchanged (null)
   = adjustableHeight: unchanged (null)
   = weightCapacityKg: unchanged (null)
   = powerProductType: unchanged (null)
   = outletCount: unchanged (null)
   = powerConnectorType: unchanged (null)
   = cleaningProductType: unchanged (null)
   = formatCompatibility: unchanged (null)
   ~ partType: null -> "ear-pads-cushions"
   ~ compatibility: ["universal"] -> ["Sennheiser HD800","Sennheiser HD800S","Sennheiser HD8XX"]
   = adapterFunction: unchanged (null)
   = treatmentType: unchanged (null)
   = mounting: unchanged (null)
   💾 backed up prior filterAttributes -> /home/jan/work/sanglogium/sanity-cms/backups/backup_headphones_GjMaRFaHMVTsBoyxtAbaVy_2026-09-14T10-58-31-611Z.json
   ✅ patched. rev: Ch755lAE5GLsZ435Cxc2BP

🎧 PATCH (WRITE) — Dekoni Audio Replacement Earpads for Sennheiser Momentum 4 Headphones (MrEMtYwMtrFDGWmRnRG143)

   Field diff (filterAttributes.*):
   = customerRating: unchanged (null)
   = condition: unchanged (null)
   = dealsDiscount: unchanged (null)
   = newArrival: unchanged (null)
   ~ awards: null -> []
   ~ accessoryType: "earpad" -> "replacement-parts"
   ~ compatibleProductType: null -> ["headphone"]
   = cableFunction: unchanged (null)
   = connectorTermination: unchanged (null)
   = lengthM: unchanged (null)
   = conductorMaterial: unchanged (null)
   = balancedUnbalanced: unchanged (null)
   = furnitureType: unchanged (null)
   = material: unchanged (null)
   = adjustableHeight: unchanged (null)
   = weightCapacityKg: unchanged (null)
   = powerProductType: unchanged (null)
   = outletCount: unchanged (null)
   = powerConnectorType: unchanged (null)
   = cleaningProductType: unchanged (null)
   = formatCompatibility: unchanged (null)
   ~ partType: null -> "ear-pads-cushions"
   ~ compatibility: ["universal"] -> ["Sennheiser Momentum 4"]
   = adapterFunction: unchanged (null)
   = treatmentType: unchanged (null)
   = mounting: unchanged (null)
   💾 backed up prior filterAttributes -> /home/jan/work/sanglogium/sanity-cms/backups/backup_headphones_MrEMtYwMtrFDGWmRnRG143_2026-09-14T10-58-32-632Z.json
   ✅ patched. rev: 7P2D00ai8KUgrZgiFcxQht

🎧 PATCH (WRITE) — Dekoni Audio Replacement Earpads for Sony WH1000Xm3 Headphones (MrEMtYwMtrFDGWmRnRFJcI)

   Field diff (filterAttributes.*):
   = customerRating: unchanged (null)
   = condition: unchanged (null)
   = dealsDiscount: unchanged (null)
   = newArrival: unchanged (null)
   ~ awards: null -> []
   ~ accessoryType: "earpad" -> "replacement-parts"
   ~ compatibleProductType: null -> ["headphone"]
   = cableFunction: unchanged (null)
   = connectorTermination: unchanged (null)
   = lengthM: unchanged (null)
   = conductorMaterial: unchanged (null)
   = balancedUnbalanced: unchanged (null)
   = furnitureType: unchanged (null)
   = material: unchanged (null)
   = adjustableHeight: unchanged (null)
   = weightCapacityKg: unchanged (null)
   = powerProductType: unchanged (null)
   = outletCount: unchanged (null)
   = powerConnectorType: unchanged (null)
   = cleaningProductType: unchanged (null)
   = formatCompatibility: unchanged (null)
   ~ partType: null -> "ear-pads-cushions"
   ~ compatibility: ["universal"] -> ["Sony WH1000Xm3"]
   = adapterFunction: unchanged (null)
   = treatmentType: unchanged (null)
   = mounting: unchanged (null)
   💾 backed up prior filterAttributes -> /home/jan/work/sanglogium/sanity-cms/backups/backup_headphones_MrEMtYwMtrFDGWmRnRFJcI_2026-09-14T10-58-33-641Z.json
   ✅ patched. rev: MzerujO1CrL1dzm03eRLR5

🎧 PATCH (WRITE) — Dekoni Audio Replacement Earpads for Sony WH1000Xm5 Headphones (PHPYj28HJdPDHAaIBCeREc)

   Field diff (filterAttributes.*):
   = customerRating: unchanged (null)
   = condition: unchanged (null)
   = dealsDiscount: unchanged (null)
   = newArrival: unchanged (null)
   ~ awards: null -> []
   ~ accessoryType: "earpad" -> "replacement-parts"
   ~ compatibleProductType: null -> ["headphone"]
   = cableFunction: unchanged (null)
   = connectorTermination: unchanged (null)
   = lengthM: unchanged (null)
   = conductorMaterial: unchanged (null)
   = balancedUnbalanced: unchanged (null)
   = furnitureType: unchanged (null)
   = material: unchanged (null)
   = adjustableHeight: unchanged (null)
   = weightCapacityKg: unchanged (null)
   = powerProductType: unchanged (null)
   = outletCount: unchanged (null)
   = powerConnectorType: unchanged (null)
   = cleaningProductType: unchanged (null)
   = formatCompatibility: unchanged (null)
   ~ partType: null -> "ear-pads-cushions"
   ~ compatibility: ["universal"] -> ["Sony WH1000Xm5"]
   = adapterFunction: unchanged (null)
   = treatmentType: unchanged (null)
   = mounting: unchanged (null)
   💾 backed up prior filterAttributes -> /home/jan/work/sanglogium/sanity-cms/backups/backup_headphones_PHPYj28HJdPDHAaIBCeREc_2026-09-14T10-58-34-661Z.json
   ✅ patched. rev: 7P2D00ai8KUgrZgiFcxQta

🎧 PATCH (WRITE) — Dekoni Audio Replacement Earpads for Sony WH1000Xm6 Headphones (PHPYj28HJdPDHAaIBCedwU)

   Field diff (filterAttributes.*):
   = customerRating: unchanged (null)
   ~ condition: null -> "new"
   = dealsDiscount: unchanged (null)
   = newArrival: unchanged (null)
   ~ awards: null -> []
   ~ accessoryType: "earpad" -> "replacement-parts"
   ~ compatibleProductType: null -> ["headphone"]
   = cableFunction: unchanged (null)
   = connectorTermination: unchanged (null)
   = lengthM: unchanged (null)
   = conductorMaterial: unchanged (null)
   = balancedUnbalanced: unchanged (null)
   = furnitureType: unchanged (null)
   = material: unchanged (null)
   = adjustableHeight: unchanged (null)
   = weightCapacityKg: unchanged (null)
   = powerProductType: unchanged (null)
   = outletCount: unchanged (null)
   = powerConnectorType: unchanged (null)
   = cleaningProductType: unchanged (null)
   = formatCompatibility: unchanged (null)
   ~ partType: null -> "ear-pads-cushions"
   ~ compatibility: ["universal"] -> ["Sony WH-1000XM6 Sony WH-1000XM6 sets standard for noise-canceling","Sony WH1000Xm6"]
   = adapterFunction: unchanged (null)
   = treatmentType: unchanged (null)
   = mounting: unchanged (null)
   💾 backed up prior filterAttributes -> /home/jan/work/sanglogium/sanity-cms/backups/backup_headphones_PHPYj28HJdPDHAaIBCedwU_2026-09-14T10-58-35-754Z.json
   ✅ patched. rev: Ch755lAE5GLsZ435Cxc2Ry

🎧 PATCH (WRITE) — Dekoni Audio Replacement Earpads for the Fostex T20RP, T40RP, T50RP Series Headphones (Pn6oyV4Ks5AcNbecjkRXld)

   Field diff (filterAttributes.*):
   = customerRating: unchanged (null)
   = condition: unchanged (null)
   = dealsDiscount: unchanged (null)
   = newArrival: unchanged (null)
   ~ awards: null -> []
   ~ accessoryType: "earpad" -> "replacement-parts"
   ~ compatibleProductType: null -> ["headphone"]
   = cableFunction: unchanged (null)
   = connectorTermination: unchanged (null)
   = lengthM: unchanged (null)
   = conductorMaterial: unchanged (null)
   = balancedUnbalanced: unchanged (null)
   = furnitureType: unchanged (null)
   = material: unchanged (null)
   = adjustableHeight: unchanged (null)
   = weightCapacityKg: unchanged (null)
   = powerProductType: unchanged (null)
   = outletCount: unchanged (null)
   = powerConnectorType: unchanged (null)
   = cleaningProductType: unchanged (null)
   = formatCompatibility: unchanged (null)
   ~ partType: null -> "ear-pads-cushions"
   ~ compatibility: ["universal"] -> ["Fostex T20RP","Fostex T40RP","Fostex T50RP"]
   = adapterFunction: unchanged (null)
   = treatmentType: unchanged (null)
   = mounting: unchanged (null)
   💾 backed up prior filterAttributes -> /home/jan/work/sanglogium/sanity-cms/backups/backup_headphones_Pn6oyV4Ks5AcNbecjkRXld_2026-09-14T10-58-36-778Z.json
   ✅ patched. rev: 7P2D00ai8KUgrZgiFcxR2w

🎧 PATCH (WRITE) — Dekoni Audio RO75 Compact Keyboard (GPjMdcfFWZVrKyR2PB2rna)

   Field diff (filterAttributes.*):
   = customerRating: unchanged (null)
   ~ condition: null -> "new"
   = dealsDiscount: unchanged (null)
   = newArrival: unchanged (null)
   ~ awards: null -> []
   ~ accessoryType: "cable" -> null
   = compatibleProductType: unchanged (null)
   = cableFunction: unchanged (null)
   = connectorTermination: unchanged (null)
   = lengthM: unchanged (null)
   = conductorMaterial: unchanged (null)
   = balancedUnbalanced: unchanged (null)
   = furnitureType: unchanged (null)
   = material: unchanged (null)
   = adjustableHeight: unchanged (null)
   = weightCapacityKg: unchanged (null)
   = powerProductType: unchanged (null)
   = outletCount: unchanged (null)
   = powerConnectorType: unchanged (null)
   = cleaningProductType: unchanged (null)
   = formatCompatibility: unchanged (null)
   = partType: unchanged (null)
   ~ compatibility: ["RO75 Tri-mode CNC Aluminum Keyboard","Silver: CNC Black PC Space Gray/ Black/ Ivory White/ Red: FR4 with flex cuts"] -> null
   = adapterFunction: unchanged (null)
   = treatmentType: unchanged (null)
   = mounting: unchanged (null)
   💾 backed up prior filterAttributes -> /home/jan/work/sanglogium/sanity-cms/backups/backup_headphones_GPjMdcfFWZVrKyR2PB2rna_2026-09-14T10-58-38-023Z.json
   ✅ patched. rev: Ch755lAE5GLsZ435Cxc2Zc

🎧 PATCH (WRITE) — Dekoni Audio SJY Horizon Closed Carbon Planar Magnetic Headphones (GPjMdcfFWZVrKyR2PB2jje)

   Field diff (filterAttributes.*):
   = customerRating: unchanged (null)
   ~ condition: null -> "new"
   = dealsDiscount: unchanged (null)
   = newArrival: unchanged (null)
   ~ awards: null -> []
   ~ accessoryType: "cable" -> null
   = compatibleProductType: unchanged (null)
   = cableFunction: unchanged (null)
   = connectorTermination: unchanged (null)
   = lengthM: unchanged (null)
   = conductorMaterial: unchanged (null)
   = balancedUnbalanced: unchanged (null)
   = furnitureType: unchanged (null)
   = material: unchanged (null)
   = adjustableHeight: unchanged (null)
   = weightCapacityKg: unchanged (null)
   = powerProductType: unchanged (null)
   = outletCount: unchanged (null)
   = powerConnectorType: unchanged (null)
   = cleaningProductType: unchanged (null)
   = formatCompatibility: unchanged (null)
   = partType: unchanged (null)
   ~ compatibility: ["universal"] -> null
   = adapterFunction: unchanged (null)
   = treatmentType: unchanged (null)
   = mounting: unchanged (null)
   💾 backed up prior filterAttributes -> /home/jan/work/sanglogium/sanity-cms/backups/backup_headphones_GPjMdcfFWZVrKyR2PB2jje_2026-09-14T10-58-39-303Z.json
   ✅ patched. rev: MzerujO1CrL1dzm03eRQdv

🎧 PATCH (WRITE) — Dekoni Audio Standard Size Oval Replacement Earpads for Studio Monitor Headphones and Communication Headsets - Audio Technica, Sony, and More (h2HZXAdWspjApNB9KwbQYY)

   Field diff (filterAttributes.*):
   = customerRating: unchanged (null)
   = condition: unchanged (null)
   = dealsDiscount: unchanged (null)
   = newArrival: unchanged (null)
   ~ awards: null -> []
   ~ accessoryType: "earpad" -> "replacement-parts"
   ~ compatibleProductType: null -> ["headphone"]
   = cableFunction: unchanged (null)
   = connectorTermination: unchanged (null)
   = lengthM: unchanged (null)
   = conductorMaterial: unchanged (null)
   = balancedUnbalanced: unchanged (null)
   = furnitureType: unchanged (null)
   = material: unchanged (null)
   = adjustableHeight: unchanged (null)
   = weightCapacityKg: unchanged (null)
   = powerProductType: unchanged (null)
   = outletCount: unchanged (null)
   = powerConnectorType: unchanged (null)
   = cleaningProductType: unchanged (null)
   = formatCompatibility: unchanged (null)
   ~ partType: null -> "ear-pads-cushions"
   ~ compatibility: ["universal"] -> null
   = adapterFunction: unchanged (null)
   = treatmentType: unchanged (null)
   = mounting: unchanged (null)
   💾 backed up prior filterAttributes -> /home/jan/work/sanglogium/sanity-cms/backups/backup_headphones_h2HZXAdWspjApNB9KwbQYY_2026-09-14T10-58-40-642Z.json
   ✅ patched. rev: MzerujO1CrL1dzm03eRQvr

🎧 PATCH (WRITE) — Dekoni Audio Universal Fit 100mm Replacement Earpads (Fits Beyerdynamic, AKG & More) (fisKNZUL2oYuqkoQMUyJYb)

   Field diff (filterAttributes.*):
   = customerRating: unchanged (null)
   = condition: unchanged (null)
   = dealsDiscount: unchanged (null)
   = newArrival: unchanged (null)
   ~ awards: null -> []
   ~ accessoryType: "earpad" -> "replacement-parts"
   ~ compatibleProductType: null -> ["headphone"]
   = cableFunction: unchanged (null)
   = connectorTermination: unchanged (null)
   = lengthM: unchanged (null)
   = conductorMaterial: unchanged (null)
   = balancedUnbalanced: unchanged (null)
   = furnitureType: unchanged (null)
   = material: unchanged (null)
   = adjustableHeight: unchanged (null)
   = weightCapacityKg: unchanged (null)
   = powerProductType: unchanged (null)
   = outletCount: unchanged (null)
   = powerConnectorType: unchanged (null)
   = cleaningProductType: unchanged (null)
   = formatCompatibility: unchanged (null)
   ~ partType: null -> "ear-pads-cushions"
   ~ compatibility: ["universal"] -> ["Beyerdynamic Professional HeadphonesRefresh your audio experience with Dekoni Audio's universal 100mm"]
   = adapterFunction: unchanged (null)
   = treatmentType: unchanged (null)
   = mounting: unchanged (null)
   💾 backed up prior filterAttributes -> /home/jan/work/sanglogium/sanity-cms/backups/backup_headphones_fisKNZUL2oYuqkoQMUyJYb_2026-09-14T10-58-41-884Z.json
   ✅ patched. rev: MzerujO1CrL1dzm03eRR9J

🎧 PATCH (WRITE) — Burson Audio Burson Audio Composer 3X Performance DAC - Open Box (PHPYj28HJdPDHAaIBCfbSC)

   Field diff (filterAttributes.*):
   = brand: unchanged (["burson-audio"])
   = price: unchanged (89900)
   ~ customerRating: null -> 4
   ~ condition: null -> "open-box"
   = inStock: unchanged (true)
   ~ dealsDiscount: null -> "none"
   ~ newArrival: null -> false
   = awards: unchanged (null)
   = deviceType: unchanged ("dac")
   ~ deviceConnectivity: null -> "wired"
   = formFactor: unchanged ("desktop")
   = amplification: unchanged ("solid-state")
   = dacIncluded: unchanged (true)
   ~ balancedOutput: false -> null
   = powerOutputPerChannelW: unchanged (null)
   = channelCount: unchanged (null)
   ~ inputs: ["usb"] -> ["usb","bluetooth"]
   ~ outputs: ["4.4mm"] -> null
   = phonoStageBuiltIn: unchanged (null)
   = trigger12v: unchanged (null)
   ~ remoteControlIncluded: null -> false
   ~ maxSampleRateBitDepth: null -> "768 kHz"
   ~ dsdSupport: null -> "dsd256-plus"
   = hiResCertification: unchanged (null)
   ~ dacChipsetFamily: null -> ["ess-sabre"]
   = streamingPlatformSupport: unchanged (null)
   = networkConnection: unchanged (null)
   = driveType: unchanged (null)
   = turntableOperation: unchanged (null)
   = speedsSupported: unchanged (null)
   = phonoPreampBuiltIn: unchanged (null)
   = cartridgeIncluded: unchanged (null)
   = usbDigitalOutput: unchanged (null)
   ~ bluetoothCodecs: null -> ["aptx-hd"]
   = voiceAssistant: unchanged (null)
   = multiroomSupport: unchanged (null)
   = finishColor: unchanged (null)
   ~ rackMountable19: null -> false
   = countryOfManufacture: unchanged (null)
   💾 backed up prior filterAttributes -> /home/jan/work/sanglogium/sanity-cms/backups/backup_headphones_PHPYj28HJdPDHAaIBCfbSC_2026-09-14T11-11-03-960Z.json
   ✅ patched. rev: zDJarnvq2QjrVWJbUauOV5

🎧 PATCH (WRITE) — Burson Audio Burson Audio Composer 3X Performance DAC (k27n1AQuIbSr5iozG1vPcd)

   Field diff (filterAttributes.*):
   = brand: unchanged (["burson-audio"])
   = price: unchanged (91500)
   ~ customerRating: null -> 4.3
   ~ condition: null -> "new"
   = inStock: unchanged (true)
   ~ dealsDiscount: null -> "none"
   ~ newArrival: null -> false
   = awards: unchanged (null)
   = deviceType: unchanged ("dac")
   ~ deviceConnectivity: null -> "wired"
   = formFactor: unchanged ("desktop")
   = amplification: unchanged ("solid-state")
   = dacIncluded: unchanged (true)
   ~ balancedOutput: false -> null
   = powerOutputPerChannelW: unchanged (null)
   = channelCount: unchanged (null)
   ~ inputs: ["usb"] -> ["usb","bluetooth"]
   ~ outputs: ["4.4mm"] -> null
   = phonoStageBuiltIn: unchanged (null)
   = trigger12v: unchanged (null)
   ~ remoteControlIncluded: null -> false
   ~ maxSampleRateBitDepth: null -> "768 kHz"
   ~ dsdSupport: null -> "dsd256-plus"
   = hiResCertification: unchanged (null)
   ~ dacChipsetFamily: null -> ["ess-sabre"]
   = streamingPlatformSupport: unchanged (null)
   = networkConnection: unchanged (null)
   = driveType: unchanged (null)
   = turntableOperation: unchanged (null)
   = speedsSupported: unchanged (null)
   = phonoPreampBuiltIn: unchanged (null)
   = cartridgeIncluded: unchanged (null)
   = usbDigitalOutput: unchanged (null)
   ~ bluetoothCodecs: null -> ["aptx-hd"]
   = voiceAssistant: unchanged (null)
   = multiroomSupport: unchanged (null)
   = finishColor: unchanged (null)
   ~ rackMountable19: null -> false
   = countryOfManufacture: unchanged (null)
   💾 backed up prior filterAttributes -> /home/jan/work/sanglogium/sanity-cms/backups/backup_headphones_k27n1AQuIbSr5iozG1vPcd_2026-09-14T11-11-05-490Z.json
   ✅ patched. rev: DE7q4q517EcCNrf7OPaylP

🎧 PATCH (WRITE) — Burson Audio Burson Audio Conductor 3 GT (Pn6oyV4Ks5AcNbecjkTGp4)

   Field diff (filterAttributes.*):
   = brand: unchanged (["burson-audio"])
   = price: unchanged (179900)
   = customerRating: unchanged (null)
   ~ condition: null -> "new"
   = inStock: unchanged (true)
   ~ dealsDiscount: null -> "none"
   ~ newArrival: null -> false
   = awards: unchanged (null)
   ~ deviceType: "dac-amp-combo" -> "dac"
   ~ deviceConnectivity: null -> "wired"
   = formFactor: unchanged ("desktop")
   = amplification: unchanged ("solid-state")
   = dacIncluded: unchanged (true)
   ~ balancedOutput: false -> true
   = powerOutputPerChannelW: unchanged (null)
   = channelCount: unchanged (null)
   ~ inputs: ["rca","usb","optical","bluetooth"] -> ["usb","optical","rca","bluetooth"]
   ~ outputs: ["4.4mm"] -> ["pre-out-rca","subwoofer-out","headphone-jack"]
   = phonoStageBuiltIn: unchanged (null)
   = trigger12v: unchanged (null)
   ~ remoteControlIncluded: null -> true
   ~ maxSampleRateBitDepth: null -> "32-bit / 768 kHz"
   ~ dsdSupport: null -> "dsd256-plus"
   = hiResCertification: unchanged (null)
   = dacChipsetFamily: unchanged (null)
   = streamingPlatformSupport: unchanged (null)
   = networkConnection: unchanged (null)
   = driveType: unchanged (null)
   = turntableOperation: unchanged (null)
   = speedsSupported: unchanged (null)
   = phonoPreampBuiltIn: unchanged (null)
   = cartridgeIncluded: unchanged (null)
   = usbDigitalOutput: unchanged (null)
   ~ bluetoothCodecs: null -> ["aptx-hd","ldac"]
   = voiceAssistant: unchanged (null)
   = multiroomSupport: unchanged (null)
   = finishColor: unchanged (null)
   ~ rackMountable19: null -> false
   = countryOfManufacture: unchanged (null)
   💾 backed up prior filterAttributes -> /home/jan/work/sanglogium/sanity-cms/backups/backup_headphones_Pn6oyV4Ks5AcNbecjkTGp4_2026-09-14T11-11-06-518Z.json
   ✅ patched. rev: DE7q4q517EcCNrf7OPb0Mt

🎧 PATCH (WRITE) — Burson Audio Burson Audio Conductor 3x Grand Tourer Desktop DAC & Amp (moXlkADK7m1DHgGwWwEdNG)

   Field diff (filterAttributes.*):
   = brand: unchanged (["burson-audio"])
   = price: unchanged (299900)
   ~ customerRating: null -> 4.3
   ~ condition: null -> "new"
   = inStock: unchanged (true)
   ~ dealsDiscount: null -> "none"
   ~ newArrival: null -> false
   = awards: unchanged (null)
   ~ deviceType: "dac-amp-combo" -> "dac"
   ~ deviceConnectivity: null -> "wired"
   = formFactor: unchanged ("desktop")
   = amplification: unchanged ("solid-state")
   = dacIncluded: unchanged (true)
   = balancedOutput: unchanged (false)
   = powerOutputPerChannelW: unchanged (null)
   = channelCount: unchanged (null)
   ~ inputs: ["usb"] -> ["usb","bluetooth"]
   ~ outputs: ["4.4mm"] -> null
   = phonoStageBuiltIn: unchanged (null)
   = trigger12v: unchanged (null)
   ~ remoteControlIncluded: null -> false
   ~ maxSampleRateBitDepth: null -> "32-bit / 768 kHz"
   ~ dsdSupport: null -> "dsd256-plus"
   = hiResCertification: unchanged (null)
   ~ dacChipsetFamily: null -> ["ess-sabre"]
   = streamingPlatformSupport: unchanged (null)
   = networkConnection: unchanged (null)
   = driveType: unchanged (null)
   = turntableOperation: unchanged (null)
   = speedsSupported: unchanged (null)
   = phonoPreampBuiltIn: unchanged (null)
   = cartridgeIncluded: unchanged (null)
   = usbDigitalOutput: unchanged (null)
   ~ bluetoothCodecs: null -> ["aptx-hd","ldac"]
   = voiceAssistant: unchanged (null)
   = multiroomSupport: unchanged (null)
   = finishColor: unchanged (null)
   ~ rackMountable19: null -> false
   = countryOfManufacture: unchanged (null)
   💾 backed up prior filterAttributes -> /home/jan/work/sanglogium/sanity-cms/backups/backup_headphones_moXlkADK7m1DHgGwWwEdNG_2026-09-14T11-11-07-540Z.json
   ✅ patched. rev: meSxs4Qz3A09YiBBbnbbP0

🎧 PATCH (WRITE) — Burson Audio Burson Audio Conductor 3x Grand Tourer Desktop DAC & Amp (Pn6oyV4Ks5AcNbecjkT8mA)

   Field diff (filterAttributes.*):
   = brand: unchanged (["burson-audio"])
   = price: unchanged (299900)
   ~ customerRating: null -> 4.3
   ~ condition: null -> "new"
   = inStock: unchanged (true)
   ~ dealsDiscount: null -> "none"
   ~ newArrival: null -> false
   = awards: unchanged (null)
   ~ deviceType: "dac-amp-combo" -> "dac"
   ~ deviceConnectivity: null -> "wired"
   = formFactor: unchanged ("desktop")
   = amplification: unchanged ("solid-state")
   = dacIncluded: unchanged (true)
   = balancedOutput: unchanged (false)
   = powerOutputPerChannelW: unchanged (null)
   = channelCount: unchanged (null)
   ~ inputs: ["usb"] -> ["usb","bluetooth"]
   ~ outputs: ["4.4mm"] -> null
   = phonoStageBuiltIn: unchanged (null)
   = trigger12v: unchanged (null)
   ~ remoteControlIncluded: null -> false
   ~ maxSampleRateBitDepth: null -> "32-bit / 768 kHz"
   ~ dsdSupport: null -> "dsd256-plus"
   = hiResCertification: unchanged (null)
   ~ dacChipsetFamily: null -> ["ess-sabre"]
   = streamingPlatformSupport: unchanged (null)
   = networkConnection: unchanged (null)
   = driveType: unchanged (null)
   = turntableOperation: unchanged (null)
   = speedsSupported: unchanged (null)
   = phonoPreampBuiltIn: unchanged (null)
   = cartridgeIncluded: unchanged (null)
   = usbDigitalOutput: unchanged (null)
   ~ bluetoothCodecs: null -> ["aptx-hd","ldac"]
   = voiceAssistant: unchanged (null)
   = multiroomSupport: unchanged (null)
   = finishColor: unchanged (null)
   ~ rackMountable19: null -> false
   = countryOfManufacture: unchanged (null)
   💾 backed up prior filterAttributes -> /home/jan/work/sanglogium/sanity-cms/backups/backup_headphones_Pn6oyV4Ks5AcNbecjkT8mA_2026-09-14T11-11-08-699Z.json
   ✅ patched. rev: meSxs4Qz3A09YiBBbnbbf8

🎧 PATCH (WRITE) — Burson Audio Burson Audio Conductor 3x Performance - Open Box (Pn6oyV4Ks5AcNbecjkTAjW)

   Field diff (filterAttributes.*):
   = brand: unchanged (["burson-audio"])
   = price: unchanged (89900)
   ~ customerRating: null -> 5
   ~ condition: null -> "open-box"
   = inStock: unchanged (true)
   ~ dealsDiscount: null -> "none"
   ~ newArrival: null -> false
   = awards: unchanged (null)
   ~ deviceType: "dac-amp-combo" -> "dac"
   ~ deviceConnectivity: null -> "wired"
   = formFactor: unchanged ("desktop")
   = amplification: unchanged ("solid-state")
   = dacIncluded: unchanged (true)
   = balancedOutput: unchanged (false)
   = powerOutputPerChannelW: unchanged (null)
   = channelCount: unchanged (null)
   ~ inputs: ["usb"] -> ["usb","bluetooth"]
   ~ outputs: ["4.4mm"] -> null
   = phonoStageBuiltIn: unchanged (null)
   = trigger12v: unchanged (null)
   ~ remoteControlIncluded: null -> false
   = maxSampleRateBitDepth: unchanged (null)
   ~ dsdSupport: null -> "dsd256-plus"
   = hiResCertification: unchanged (null)
   ~ dacChipsetFamily: null -> ["ess-sabre"]
   = streamingPlatformSupport: unchanged (null)
   = networkConnection: unchanged (null)
   = driveType: unchanged (null)
   = turntableOperation: unchanged (null)
   = speedsSupported: unchanged (null)
   = phonoPreampBuiltIn: unchanged (null)
   = cartridgeIncluded: unchanged (null)
   = usbDigitalOutput: unchanged (null)
   ~ bluetoothCodecs: null -> ["aptx-hd"]
   = voiceAssistant: unchanged (null)
   = multiroomSupport: unchanged (null)
   ~ finishColor: null -> ["space-grey"]
   ~ rackMountable19: null -> false
   = countryOfManufacture: unchanged (null)
   💾 backed up prior filterAttributes -> /home/jan/work/sanglogium/sanity-cms/backups/backup_headphones_Pn6oyV4Ks5AcNbecjkTAjW_2026-09-14T11-11-10-054Z.json
   ✅ patched. rev: DE7q4q517EcCNrf7OPb1Ad

🎧 PATCH (WRITE) — Burson Audio Burson Audio Funk Amplifier - Open Box (k27n1AQuIbSr5iozG1vJMz)

   Field diff (filterAttributes.*):
   = brand: unchanged (["burson-audio"])
   = price: unchanged (46900)
   = customerRating: unchanged (null)
   ~ condition: null -> "open-box"
   = inStock: unchanged (true)
   ~ dealsDiscount: null -> "none"
   ~ newArrival: null -> false
   ~ awards: null -> ["Product of the Year - Headfonia"]
   ~ deviceType: "headphone-amp" -> "integrated-amplifier"
   ~ deviceConnectivity: null -> "wired"
   = formFactor: unchanged ("desktop")
   = amplification: unchanged ("solid-state")
   = dacIncluded: unchanged (false)
   ~ balancedOutput: false -> null
   ~ powerOutputPerChannelW: null -> 45
   = channelCount: unchanged (null)
   ~ inputs: ["usb"] -> ["rca"]
   ~ outputs: ["4.4mm"] -> ["speaker-terminals","headphone-jack"]
   = phonoStageBuiltIn: unchanged (null)
   = trigger12v: unchanged (null)
   ~ remoteControlIncluded: null -> false
   = maxSampleRateBitDepth: unchanged (null)
   = dsdSupport: unchanged (null)
   = hiResCertification: unchanged (null)
   = dacChipsetFamily: unchanged (null)
   = streamingPlatformSupport: unchanged (null)
   = networkConnection: unchanged (null)
   = driveType: unchanged (null)
   = turntableOperation: unchanged (null)
   = speedsSupported: unchanged (null)
   = phonoPreampBuiltIn: unchanged (null)
   = cartridgeIncluded: unchanged (null)
   = usbDigitalOutput: unchanged (null)
   = bluetoothCodecs: unchanged (null)
   = voiceAssistant: unchanged (null)
   = multiroomSupport: unchanged (null)
   = finishColor: unchanged (null)
   ~ rackMountable19: null -> false
   = countryOfManufacture: unchanged (null)
   💾 backed up prior filterAttributes -> /home/jan/work/sanglogium/sanity-cms/backups/backup_headphones_k27n1AQuIbSr5iozG1vJMz_2026-09-14T11-11-11-337Z.json
   ✅ patched. rev: meSxs4Qz3A09YiBBbnbc4w

🎧 PATCH (WRITE) — Burson Audio Burson Audio Playmate 2 (PHPYj28HJdPDHAaIBAHGKa)

   Field diff (filterAttributes.*):
   = brand: unchanged (["burson-audio"])
   = price: unchanged (54400)
   ~ customerRating: null -> 4.8
   ~ condition: null -> "new"
   = inStock: unchanged (true)
   ~ dealsDiscount: null -> "none"
   ~ newArrival: null -> false
   = awards: unchanged (null)
   ~ deviceType: "dac-amp-combo" -> "dac"
   ~ deviceConnectivity: null -> "wired"
   = formFactor: unchanged ("desktop")
   = amplification: unchanged ("solid-state")
   = dacIncluded: unchanged (true)
   = balancedOutput: unchanged (false)
   = powerOutputPerChannelW: unchanged (null)
   = channelCount: unchanged (null)
   ~ inputs: ["usb"] -> ["usb","optical"]
   ~ outputs: ["4.4mm"] -> null
   = phonoStageBuiltIn: unchanged (null)
   = trigger12v: unchanged (null)
   ~ remoteControlIncluded: null -> false
   = maxSampleRateBitDepth: unchanged (null)
   ~ dsdSupport: null -> "dsd256-plus"
   = hiResCertification: unchanged (null)
   ~ dacChipsetFamily: null -> ["ess-sabre"]
   = streamingPlatformSupport: unchanged (null)
   = networkConnection: unchanged (null)
   = driveType: unchanged (null)
   = turntableOperation: unchanged (null)
   = speedsSupported: unchanged (null)
   = phonoPreampBuiltIn: unchanged (null)
   = cartridgeIncluded: unchanged (null)
   = usbDigitalOutput: unchanged (null)
   = bluetoothCodecs: unchanged (null)
   = voiceAssistant: unchanged (null)
   = multiroomSupport: unchanged (null)
   = finishColor: unchanged (null)
   ~ rackMountable19: null -> false
   = countryOfManufacture: unchanged (null)
   💾 backed up prior filterAttributes -> /home/jan/work/sanglogium/sanity-cms/backups/backup_headphones_PHPYj28HJdPDHAaIBAHGKa_2026-09-14T11-11-12-603Z.json
   ✅ patched. rev: meSxs4Qz3A09YiBBbnbcHq

🎧 PATCH (WRITE) — Burson Audio Burson Audio Soloist 3x Grand Tourer (k27n1AQuIbSr5iozG1vOH0)

   Field diff (filterAttributes.*):
   = brand: unchanged (["burson-audio"])
   = price: unchanged (199900)
   ~ customerRating: null -> 5
   ~ condition: null -> "new"
   = inStock: unchanged (true)
   ~ dealsDiscount: null -> "none"
   ~ newArrival: null -> false
   = awards: unchanged (null)
   ~ deviceType: "dac-amp-combo" -> null
   ~ deviceConnectivity: null -> "wired"
   = formFactor: unchanged ("desktop")
   = amplification: unchanged ("solid-state")
   ~ dacIncluded: true -> false
   ~ balancedOutput: false -> true
   = powerOutputPerChannelW: unchanged (null)
   = channelCount: unchanged (null)
   ~ inputs: ["usb"] -> ["rca","xlr-balanced"]
   ~ outputs: ["4.4mm"] -> ["pre-out-xlr","pre-out-rca","subwoofer-out","headphone-jack"]
   = phonoStageBuiltIn: unchanged (null)
   = trigger12v: unchanged (null)
   ~ remoteControlIncluded: null -> true
   = maxSampleRateBitDepth: unchanged (null)
   = dsdSupport: unchanged (null)
   = hiResCertification: unchanged (null)
   = dacChipsetFamily: unchanged (null)
   = streamingPlatformSupport: unchanged (null)
   = networkConnection: unchanged (null)
   = driveType: unchanged (null)
   = turntableOperation: unchanged (null)
   = speedsSupported: unchanged (null)
   = phonoPreampBuiltIn: unchanged (null)
   = cartridgeIncluded: unchanged (null)
   = usbDigitalOutput: unchanged (null)
   = bluetoothCodecs: unchanged (null)
   = voiceAssistant: unchanged (null)
   = multiroomSupport: unchanged (null)
   = finishColor: unchanged (null)
   ~ rackMountable19: null -> false
   = countryOfManufacture: unchanged (null)
   💾 backed up prior filterAttributes -> /home/jan/work/sanglogium/sanity-cms/backups/backup_headphones_k27n1AQuIbSr5iozG1vOH0_2026-09-14T11-11-13-633Z.json
   ✅ patched. rev: meSxs4Qz3A09YiBBbnbcXy

🎧 PATCH (WRITE) — Burson Audio Burson Audio Soloist Voyager (n10eAegrGspodtsQvy4Rpc)

   Field diff (filterAttributes.*):
   = brand: unchanged (["burson-audio"])
   = price: unchanged (349900)
   = customerRating: unchanged (null)
   ~ condition: null -> "new"
   = inStock: unchanged (true)
   ~ dealsDiscount: null -> "none"
   ~ newArrival: null -> false
   ~ awards: null -> ["The Ear Editor's Choice Award","Soundnews Gold Award"]
   ~ deviceType: "dac-amp-combo" -> null
   ~ deviceConnectivity: null -> "wired"
   = formFactor: unchanged ("desktop")
   = amplification: unchanged ("solid-state")
   ~ dacIncluded: true -> false
   ~ balancedOutput: false -> true
   = powerOutputPerChannelW: unchanged (null)
   = channelCount: unchanged (null)
   ~ inputs: ["usb"] -> ["rca","xlr-balanced"]
   ~ outputs: ["4.4mm"] -> ["pre-out-xlr","pre-out-rca","subwoofer-out","headphone-jack"]
   = phonoStageBuiltIn: unchanged (null)
   = trigger12v: unchanged (null)
   ~ remoteControlIncluded: null -> true
   = maxSampleRateBitDepth: unchanged (null)
   = dsdSupport: unchanged (null)
   = hiResCertification: unchanged (null)
   = dacChipsetFamily: unchanged (null)
   = streamingPlatformSupport: unchanged (null)
   = networkConnection: unchanged (null)
   = driveType: unchanged (null)
   = turntableOperation: unchanged (null)
   = speedsSupported: unchanged (null)
   = phonoPreampBuiltIn: unchanged (null)
   = cartridgeIncluded: unchanged (null)
   = usbDigitalOutput: unchanged (null)
   = bluetoothCodecs: unchanged (null)
   = voiceAssistant: unchanged (null)
   = multiroomSupport: unchanged (null)
   ~ finishColor: null -> ["copper-gold","space-grey"]
   ~ rackMountable19: null -> false
   = countryOfManufacture: unchanged (null)
   💾 backed up prior filterAttributes -> /home/jan/work/sanglogium/sanity-cms/backups/backup_headphones_n10eAegrGspodtsQvy4Rpc_2026-09-14T11-11-14-630Z.json
   ✅ patched. rev: meSxs4Qz3A09YiBBbnbcks

🎧 PATCH (WRITE) — Burson Audio Burson Audio Timekeeper 3i Reference Integrated Amp & DAC (Pn6oyV4Ks5AcNbecjkTEhb)

   Field diff (filterAttributes.*):
   = brand: unchanged (["burson-audio"])
   = price: unchanged (195200)
   = customerRating: unchanged (null)
   ~ condition: null -> "new"
   = inStock: unchanged (true)
   ~ dealsDiscount: null -> "none"
   ~ newArrival: null -> false
   = awards: unchanged (null)
   ~ deviceType: "dac" -> "integrated-amplifier"
   ~ deviceConnectivity: null -> "wired"
   = formFactor: unchanged ("desktop")
   = amplification: unchanged ("solid-state")
   = dacIncluded: unchanged (true)
   = balancedOutput: unchanged (false)
   ~ powerOutputPerChannelW: null -> 100
   = channelCount: unchanged (null)
   ~ inputs: ["usb"] -> ["usb","optical","rca","bluetooth"]
   ~ outputs: ["4.4mm"] -> ["pre-out-rca","headphone-jack"]
   = phonoStageBuiltIn: unchanged (null)
   = trigger12v: unchanged (null)
   ~ remoteControlIncluded: null -> true
   ~ maxSampleRateBitDepth: null -> "768 kHz"
   ~ dsdSupport: null -> "dsd256-plus"
   = hiResCertification: unchanged (null)
   ~ dacChipsetFamily: null -> ["ess-sabre"]
   = streamingPlatformSupport: unchanged (null)
   = networkConnection: unchanged (null)
   = driveType: unchanged (null)
   = turntableOperation: unchanged (null)
   = speedsSupported: unchanged (null)
   = phonoPreampBuiltIn: unchanged (null)
   = cartridgeIncluded: unchanged (null)
   = usbDigitalOutput: unchanged (null)
   ~ bluetoothCodecs: null -> ["aptx-hd"]
   = voiceAssistant: unchanged (null)
   = multiroomSupport: unchanged (null)
   = finishColor: unchanged (null)
   ~ rackMountable19: null -> false
   = countryOfManufacture: unchanged (null)
   💾 backed up prior filterAttributes -> /home/jan/work/sanglogium/sanity-cms/backups/backup_headphones_Pn6oyV4Ks5AcNbecjkTEhb_2026-09-14T11-11-15-663Z.json
   ✅ patched. rev: zDJarnvq2QjrVWJbUauPCR

🎧 PATCH (WRITE) — Burson Audio Burson Conductor 3 Reference (moXlkADK7m1DHgGwWwESiF)

   Field diff (filterAttributes.*):
   = brand: unchanged (["burson-audio"])
   = price: unchanged (139500)
   ~ customerRating: null -> 5
   ~ condition: null -> "new"
   = inStock: unchanged (true)
   ~ dealsDiscount: null -> "none"
   ~ newArrival: null -> false
   = awards: unchanged (null)
   ~ deviceType: "dac-amp-combo" -> "dac"
   ~ deviceConnectivity: null -> "wired"
   = formFactor: unchanged ("desktop")
   = amplification: unchanged ("solid-state")
   = dacIncluded: unchanged (true)
   = balancedOutput: unchanged (false)
   = powerOutputPerChannelW: unchanged (null)
   = channelCount: unchanged (null)
   ~ inputs: ["usb"] -> ["usb","bluetooth"]
   ~ outputs: ["4.4mm"] -> null
   = phonoStageBuiltIn: unchanged (null)
   = trigger12v: unchanged (null)
   ~ remoteControlIncluded: null -> false
   = maxSampleRateBitDepth: unchanged (null)
   ~ dsdSupport: null -> "dsd256-plus"
   = hiResCertification: unchanged (null)
   ~ dacChipsetFamily: null -> ["ess-sabre"]
   = streamingPlatformSupport: unchanged (null)
   = networkConnection: unchanged (null)
   = driveType: unchanged (null)
   = turntableOperation: unchanged (null)
   = speedsSupported: unchanged (null)
   = phonoPreampBuiltIn: unchanged (null)
   = cartridgeIncluded: unchanged (null)
   = usbDigitalOutput: unchanged (null)
   ~ bluetoothCodecs: null -> ["aptx-hd"]
   = voiceAssistant: unchanged (null)
   = multiroomSupport: unchanged (null)
   ~ finishColor: null -> ["space-grey"]
   ~ rackMountable19: null -> false
   = countryOfManufacture: unchanged (null)
   💾 backed up prior filterAttributes -> /home/jan/work/sanglogium/sanity-cms/backups/backup_headphones_moXlkADK7m1DHgGwWwESiF_2026-09-14T11-11-16-682Z.json
   ✅ patched. rev: zDJarnvq2QjrVWJbUauPUV

🎧 PATCH (WRITE) — Burson Audio Burson Playmate 3 Class-A Headphone Amp/ Pre-Amp/ DAC (GPjMdcfFWZVrKyR2PB6zec)

   Field diff (filterAttributes.*):
   = brand: unchanged (["burson-audio"])
   = price: unchanged (59900)
   = customerRating: unchanged (null)
   ~ condition: null -> "new"
   = inStock: unchanged (true)
   ~ dealsDiscount: null -> "none"
   ~ newArrival: null -> false
   = awards: unchanged (null)
   = deviceType: unchanged ("dac")
   ~ deviceConnectivity: null -> "wired"
   = formFactor: unchanged ("desktop")
   = amplification: unchanged ("solid-state")
   = dacIncluded: unchanged (true)
   = balancedOutput: unchanged (false)
   = powerOutputPerChannelW: unchanged (null)
   = channelCount: unchanged (null)
   ~ inputs: ["usb"] -> ["usb","optical"]
   ~ outputs: ["4.4mm"] -> ["headphone-jack","pre-out-rca"]
   = phonoStageBuiltIn: unchanged (null)
   = trigger12v: unchanged (null)
   ~ remoteControlIncluded: null -> false
   ~ maxSampleRateBitDepth: null -> "768 kHz"
   ~ dsdSupport: null -> "dsd256-plus"
   = hiResCertification: unchanged (null)
   ~ dacChipsetFamily: null -> ["ess-sabre"]
   ~ streamingPlatformSupport: null -> ["roon-ready"]
   = networkConnection: unchanged (null)
   = driveType: unchanged (null)
   = turntableOperation: unchanged (null)
   = speedsSupported: unchanged (null)
   = phonoPreampBuiltIn: unchanged (null)
   = cartridgeIncluded: unchanged (null)
   = usbDigitalOutput: unchanged (null)
   = bluetoothCodecs: unchanged (null)
   = voiceAssistant: unchanged (null)
   = multiroomSupport: unchanged (null)
   = finishColor: unchanged (null)
   ~ rackMountable19: null -> false
   = countryOfManufacture: unchanged (null)
   💾 backed up prior filterAttributes -> /home/jan/work/sanglogium/sanity-cms/backups/backup_headphones_GPjMdcfFWZVrKyR2PB6zec_2026-09-14T11-11-17-741Z.json
   ✅ patched. rev: DE7q4q517EcCNrf7OPb1uE

🎧 PATCH (WRITE) — Burson Audio Burson Soloist 3X Performance (k27n1AQuIbSr5iozG1vSJt)

   Field diff (filterAttributes.*):
   = brand: unchanged (["burson-audio"])
   = price: unchanged (114400)
   ~ customerRating: null -> 4.9
   ~ condition: null -> "new"
   = inStock: unchanged (true)
   ~ dealsDiscount: null -> "none"
   ~ newArrival: null -> false
   = awards: unchanged (null)
   ~ deviceType: "dac-amp-combo" -> null
   ~ deviceConnectivity: null -> "wired"
   = formFactor: unchanged ("desktop")
   = amplification: unchanged ("solid-state")
   ~ dacIncluded: true -> false
   ~ balancedOutput: false -> true
   = powerOutputPerChannelW: unchanged (null)
   = channelCount: unchanged (null)
   ~ inputs: ["usb"] -> null
   ~ outputs: ["4.4mm"] -> null
   = phonoStageBuiltIn: unchanged (null)
   = trigger12v: unchanged (null)
   ~ remoteControlIncluded: null -> false
   = maxSampleRateBitDepth: unchanged (null)
   = dsdSupport: unchanged (null)
   = hiResCertification: unchanged (null)
   = dacChipsetFamily: unchanged (null)
   = streamingPlatformSupport: unchanged (null)
   = networkConnection: unchanged (null)
   = driveType: unchanged (null)
   = turntableOperation: unchanged (null)
   = speedsSupported: unchanged (null)
   = phonoPreampBuiltIn: unchanged (null)
   = cartridgeIncluded: unchanged (null)
   = usbDigitalOutput: unchanged (null)
   = bluetoothCodecs: unchanged (null)
   = voiceAssistant: unchanged (null)
   = multiroomSupport: unchanged (null)
   = finishColor: unchanged (null)
   ~ rackMountable19: null -> false
   = countryOfManufacture: unchanged (null)
   💾 backed up prior filterAttributes -> /home/jan/work/sanglogium/sanity-cms/backups/backup_headphones_k27n1AQuIbSr5iozG1vSJt_2026-09-14T11-11-18-845Z.json
   ✅ patched. rev: zDJarnvq2QjrVWJbUauQJ5

🎧 PATCH (WRITE) — Burson Audio Burson SOLOIST STELLAR 8W XLR Class-A Headphone / Pre Amp (DZc43yHr6ydfgE7zB43FOR)

   Field diff (filterAttributes.*):
   = brand: unchanged (["burson-audio"])
   = price: unchanged (149900)
   = customerRating: unchanged (null)
   ~ condition: null -> "new"
   = inStock: unchanged (true)
   ~ dealsDiscount: null -> "none"
   ~ newArrival: null -> false
   = awards: unchanged (null)
   ~ deviceType: "headphone-amp" -> null
   ~ deviceConnectivity: null -> "wired"
   = formFactor: unchanged ("desktop")
   = amplification: unchanged ("solid-state")
   = dacIncluded: unchanged (false)
   ~ balancedOutput: false -> true
   = powerOutputPerChannelW: unchanged (null)
   = channelCount: unchanged (null)
   ~ inputs: ["usb"] -> null
   ~ outputs: ["4-pin-xlr"] -> null
   = phonoStageBuiltIn: unchanged (null)
   = trigger12v: unchanged (null)
   ~ remoteControlIncluded: null -> false
   = maxSampleRateBitDepth: unchanged (null)
   = dsdSupport: unchanged (null)
   = hiResCertification: unchanged (null)
   = dacChipsetFamily: unchanged (null)
   = streamingPlatformSupport: unchanged (null)
   = networkConnection: unchanged (null)
   = driveType: unchanged (null)
   = turntableOperation: unchanged (null)
   = speedsSupported: unchanged (null)
   = phonoPreampBuiltIn: unchanged (null)
   = cartridgeIncluded: unchanged (null)
   = usbDigitalOutput: unchanged (null)
   = bluetoothCodecs: unchanged (null)
   = voiceAssistant: unchanged (null)
   = multiroomSupport: unchanged (null)
   = finishColor: unchanged (null)
   ~ rackMountable19: null -> false
   = countryOfManufacture: unchanged (null)
   💾 backed up prior filterAttributes -> /home/jan/work/sanglogium/sanity-cms/backups/backup_headphones_DZc43yHr6ydfgE7zB43FOR_2026-09-14T11-11-19-842Z.json
   ✅ patched. rev: DE7q4q517EcCNrf7OPb2m7

🎧 PATCH (WRITE) — Burson Audio Burson Soloist Voyager Flagship Class-A Headphone Amplifier (xMEqvkRBbdrlJXyFG8i3hZ)

   Field diff (filterAttributes.*):
   = brand: unchanged (["burson-audio"])
   = price: unchanged (349900)
   = customerRating: unchanged (null)
   ~ condition: null -> "new"
   = inStock: unchanged (true)
   ~ dealsDiscount: null -> "none"
   ~ newArrival: null -> false
   ~ awards: null -> ["The Ear Editor's Choice Award","Soundnews Gold Award"]
   ~ deviceType: "headphone-amp" -> null
   ~ deviceConnectivity: null -> "wired"
   = formFactor: unchanged ("desktop")
   = amplification: unchanged ("solid-state")
   = dacIncluded: unchanged (false)
   ~ balancedOutput: false -> true
   = powerOutputPerChannelW: unchanged (null)
   = channelCount: unchanged (null)
   ~ inputs: ["rca"] -> ["rca","xlr-balanced"]
   ~ outputs: ["6.35mm"] -> ["pre-out-xlr","pre-out-rca","subwoofer-out","headphone-jack"]
   = phonoStageBuiltIn: unchanged (null)
   = trigger12v: unchanged (null)
   ~ remoteControlIncluded: null -> true
   = maxSampleRateBitDepth: unchanged (null)
   = dsdSupport: unchanged (null)
   = hiResCertification: unchanged (null)
   = dacChipsetFamily: unchanged (null)
   = streamingPlatformSupport: unchanged (null)
   = networkConnection: unchanged (null)
   = driveType: unchanged (null)
   = turntableOperation: unchanged (null)
   = speedsSupported: unchanged (null)
   = phonoPreampBuiltIn: unchanged (null)
   = cartridgeIncluded: unchanged (null)
   = usbDigitalOutput: unchanged (null)
   = bluetoothCodecs: unchanged (null)
   = voiceAssistant: unchanged (null)
   = multiroomSupport: unchanged (null)
   ~ finishColor: null -> ["copper-gold","space-grey"]
   ~ rackMountable19: null -> false
   = countryOfManufacture: unchanged (null)
   💾 backed up prior filterAttributes -> /home/jan/work/sanglogium/sanity-cms/backups/backup_headphones_xMEqvkRBbdrlJXyFG8i3hZ_2026-09-14T11-11-20-902Z.json
   ✅ patched. rev: DE7q4q517EcCNrf7OPb3JH

🎧 PATCH (WRITE) — Sony Sony WF-G700N INZONE Buds Truly Wireless Noise Cancelling Earbud Bundle with gSport Case (Black) (dLGDVDmEEI2lV8CArIgSA0)

   Field diff (filterAttributes.*):
   = wearingStyle: unchanged (["in-ear"])
   = acousticDesign: unchanged (["closed-back"])
   = fitType: unchanged ("universal")
   = connectivity: unchanged ("true-wireless")
   = portable: unchanged (true)
   = driverType: unchanged (["dynamic"])
   ~ freqResponseHz: {"max":20000,"min":20} -> {"min":20,"max":20000}
   = cableTermination: unchanged (["usb-c"])
   = detachableCable: unchanged (false)
   = microphone: unchanged (true)
   = foldable: unchanged (false)
   = ipxRating: unchanged ("none")
   = bluetoothCodecs: unchanged (["LC3"])
   = anc: unchanged ("anc")
   ~ batteryLifeHours: {"ancOff":24,"ancOn":18} -> {"ancOn":18,"ancOff":24}
   = soundSignature: unchanged ("Warm")
   💾 backed up prior filterAttributes -> /home/jan/work/sanglogium/sanity-cms/backups/backup_headphones_dLGDVDmEEI2lV8CArIgSA0_2026-09-14T21-50-17-847Z.json
   ✅ patched. rev: DE7q4q517EcCNrf7ORGVPc

🎧 PATCH (WRITE) — Sony Sony Linkbuds Fit Truly Wireless Noise Cancelling Earbuds (White) (ZuUKzmkqDyQwdcwhxwQLK7)

   Field diff (filterAttributes.*):
   = wearingStyle: unchanged (["in-ear"])
   = acousticDesign: unchanged (["closed-back"])
   = fitType: unchanged ("universal")
   = connectivity: unchanged ("true-wireless")
   = portable: unchanged (true)
   = driverType: unchanged (["dynamic"])
   ~ freqResponseHz: {"max":40000,"min":20} -> {"min":20,"max":40000}
   = cableTermination: unchanged (["usb-c"])
   = detachableCable: unchanged (false)
   = microphone: unchanged (true)
   = foldable: unchanged (false)
   = ipxRating: unchanged ("none")
   = bluetoothCodecs: unchanged (["SBC","AAC","LDAC","LC3"])
   = anc: unchanged ("anc")
   ~ batteryLifeHours: {"ancOff":8,"ancOn":5.5} -> {"ancOn":5.5,"ancOff":8}
   = soundSignature: unchanged (null)
   💾 backed up prior filterAttributes -> /home/jan/work/sanglogium/sanity-cms/backups/backup_headphones_ZuUKzmkqDyQwdcwhxwQLK7_2026-09-14T21-50-19-297Z.json
   ✅ patched. rev: meSxs4Qz3A09YiBBbovdlq

🎧 PATCH (WRITE) — Sony Sony WFL910 Linkbuds Truly Wireless Earbuds (Black) (drafts.dLGDVDmEEI2lV8CArIgVky)

   Field diff (filterAttributes.*):
   ~ wearingStyle: "in-ear" -> ["in-ear"]
   ~ acousticDesign: ["closed-back"] -> ["semi-open"]
   ~ fitType: null -> "universal"
   ~ connectivity: "wireless" -> "true-wireless"
   ~ portable: null -> true
   ~ driverType: "dynamic" -> ["dynamic"]
   ~ freqResponseHz: null -> {"min":20,"max":20000}
   ~ cableTermination: ["mmcx"] -> ["usb-c"]
   ~ detachableCable: null -> false
   ~ microphone: false -> true
   ~ foldable: null -> false
   ~ ipxRating: null -> "none"
   ~ bluetoothCodecs: null -> ["SBC","AAC","LC3"]
   ~ anc: "passive" -> "none"
   ~ batteryLifeHours: null -> {"ancOn":null,"ancOff":8}
   = soundSignature: unchanged (null)
   💾 backed up prior filterAttributes -> /home/jan/work/sanglogium/sanity-cms/backups/backup_headphones_drafts.dLGDVDmEEI2lV8CArIgVky_2026-09-14T21-50-20-390Z.json
   ✅ patched. rev: meSxs4Qz3A09YiBBbove1y

🎧 PATCH (WRITE) — Sony Sony WFL910 Linkbuds Truly Wireless Earbuds (Black) (dLGDVDmEEI2lV8CArIgVky)

   Field diff (filterAttributes.*):
   = wearingStyle: unchanged (["in-ear"])
   = acousticDesign: unchanged (["semi-open"])
   = fitType: unchanged ("universal")
   = connectivity: unchanged ("true-wireless")
   = portable: unchanged (true)
   = driverType: unchanged (["dynamic"])
   ~ freqResponseHz: {"max":20000,"min":20} -> {"min":20,"max":20000}
   = cableTermination: unchanged (["usb-c"])
   = detachableCable: unchanged (false)
   = microphone: unchanged (true)
   = foldable: unchanged (false)
   = ipxRating: unchanged ("none")
   = bluetoothCodecs: unchanged (["SBC","AAC","LC3"])
   = anc: unchanged ("none")
   ~ batteryLifeHours: {"ancOff":8,"ancOn":null} -> {"ancOn":null,"ancOff":8}
   = soundSignature: unchanged (null)
   💾 backed up prior filterAttributes -> /home/jan/work/sanglogium/sanity-cms/backups/backup_headphones_dLGDVDmEEI2lV8CArIgVky_2026-09-14T21-50-21-406Z.json
   ✅ patched. rev: DE7q4q517EcCNrf7ORGW0v

🎧 PATCH (WRITE) — Sony Sony LinkBuds Truly Wireless Earbuds (k27n1AQuIbSr5iozG2itJe)

   Field diff (filterAttributes.*):
   = wearingStyle: unchanged (["in-ear"])
   = acousticDesign: unchanged (["semi-open"])
   = fitType: unchanged ("universal")
   = connectivity: unchanged ("true-wireless")
   = portable: unchanged (true)
   = driverType: unchanged (["dynamic"])
   ~ freqResponseHz: {"max":20000,"min":20} -> {"min":20,"max":20000}
   = cableTermination: unchanged (["usb-c"])
   = detachableCable: unchanged (false)
   = microphone: unchanged (true)
   = foldable: unchanged (false)
   = ipxRating: unchanged ("none")
   = bluetoothCodecs: unchanged (["SBC","AAC"])
   = anc: unchanged ("none")
   ~ batteryLifeHours: {"ancOff":5.5,"ancOn":null} -> {"ancOn":null,"ancOff":5.5}
   = soundSignature: unchanged (null)
   💾 backed up prior filterAttributes -> /home/jan/work/sanglogium/sanity-cms/backups/backup_headphones_k27n1AQuIbSr5iozG2itJe_2026-09-14T21-50-22-409Z.json
   ✅ patched. rev: zDJarnvq2QjrVWJbUcNS7z

🎧 PATCH (WRITE) — Sony Sony WF-1000XM5 Wireless Noise Cancelling In-Ear Headphone Bundle with gSport Hardshell Case (Black) (ZuUKzmkqDyQwdcwhxl99sR)

   Field diff (filterAttributes.*):
   = wearingStyle: unchanged (["in-ear"])
   = acousticDesign: unchanged (["closed-back"])
   = fitType: unchanged ("universal")
   = connectivity: unchanged ("true-wireless")
   = portable: unchanged (true)
   = driverType: unchanged (["dynamic"])
   ~ freqResponseHz: {"max":40000,"min":20} -> {"min":20,"max":40000}
   = cableTermination: unchanged (["usb-c"])
   = detachableCable: unchanged (false)
   = microphone: unchanged (true)
   = foldable: unchanged (false)
   = ipxRating: unchanged ("IPX4")
   = bluetoothCodecs: unchanged (["SBC","AAC","LDAC","LC3"])
   = anc: unchanged ("anc")
   ~ batteryLifeHours: {"ancOff":12,"ancOn":8} -> {"ancOn":8,"ancOff":12}
   = soundSignature: unchanged ("Warm")
   💾 backed up prior filterAttributes -> /home/jan/work/sanglogium/sanity-cms/backups/backup_headphones_ZuUKzmkqDyQwdcwhxl99sR_2026-09-14T21-50-23-434Z.json
   ✅ patched. rev: zDJarnvq2QjrVWJbUcNSIp

🎧 PATCH (WRITE) — Sony Sony WF-1000XM5 Wireless Noise Cancelling In-Ear Headphone Bundle with gSport Hardshell Case (Silver) (ZuUKzmkqDyQwdcwhxwQPfT)

   Field diff (filterAttributes.*):
   = wearingStyle: unchanged (["in-ear"])
   = acousticDesign: unchanged (["closed-back"])
   = fitType: unchanged ("universal")
   = connectivity: unchanged ("true-wireless")
   = portable: unchanged (true)
   = driverType: unchanged (["dynamic"])
   ~ freqResponseHz: {"max":40000,"min":20} -> {"min":20,"max":40000}
   = cableTermination: unchanged (["usb-c"])
   = detachableCable: unchanged (false)
   = microphone: unchanged (true)
   = foldable: unchanged (false)
   = ipxRating: unchanged ("IPX4")
   = bluetoothCodecs: unchanged (["SBC","AAC","LDAC","LC3"])
   = anc: unchanged ("anc")
   ~ batteryLifeHours: {"ancOff":12,"ancOn":8} -> {"ancOn":8,"ancOff":12}
   = soundSignature: unchanged ("Warm")
   💾 backed up prior filterAttributes -> /home/jan/work/sanglogium/sanity-cms/backups/backup_headphones_ZuUKzmkqDyQwdcwhxwQPfT_2026-09-14T21-50-24-465Z.json
   ✅ patched. rev: meSxs4Qz3A09YiBBboveLK

🎧 PATCH (WRITE) — Sony Sony WF-1000XM5 Wireless In-Ear Headphones (n10eAegrGspodtsQw12meG)

   Field diff (filterAttributes.*):
   = wearingStyle: unchanged (["in-ear"])
   = acousticDesign: unchanged (["closed-back"])
   = fitType: unchanged ("universal")
   = connectivity: unchanged ("true-wireless")
   = portable: unchanged (true)
   = driverType: unchanged (["dynamic"])
   ~ freqResponseHz: {"max":40000,"min":20} -> {"min":20,"max":40000}
   = cableTermination: unchanged (["usb-c"])
   = detachableCable: unchanged (false)
   = microphone: unchanged (true)
   = foldable: unchanged (false)
   = ipxRating: unchanged ("IPX4")
   = bluetoothCodecs: unchanged (["SBC","AAC","LDAC","LC3"])
   = anc: unchanged ("anc")
   ~ batteryLifeHours: {"ancOff":12,"ancOn":8} -> {"ancOn":8,"ancOff":12}
   = soundSignature: unchanged ("Warm")
   💾 backed up prior filterAttributes -> /home/jan/work/sanglogium/sanity-cms/backups/backup_headphones_n10eAegrGspodtsQw12meG_2026-09-14T21-50-25-501Z.json
   ✅ patched. rev: meSxs4Qz3A09YiBBboveV0

🎧 PATCH (WRITE) — Sony Sony WH-1000XM5 Wireless Over-Ear Noise Canceling Headphones (Pink) (ZuUKzmkqDyQwdcwhxl9BBF)

   Field diff (filterAttributes.*):
   = wearingStyle: unchanged (["over-ear"])
   = acousticDesign: unchanged (["closed-back"])
   = connectivity: unchanged ("wireless")
   = portable: unchanged (true)
   = driverType: unchanged (["dynamic"])
   ~ freqResponseHz: {"max":40000,"min":4} -> {"min":4,"max":40000}
   = cableTermination: unchanged (["3.5mm"])
   = detachableCable: unchanged (true)
   = cableLengthM: unchanged (1.2)
   = microphone: unchanged (true)
   = foldable: unchanged (false)
   = ipxRating: unchanged ("none")
   = bluetoothCodecs: unchanged (["SBC","AAC","LDAC"])
   = anc: unchanged ("anc")
   ~ batteryLifeHours: {"ancOff":40,"ancOn":30} -> {"ancOn":30,"ancOff":40}
   = soundSignature: unchanged ("Warm")
   💾 backed up prior filterAttributes -> /home/jan/work/sanglogium/sanity-cms/backups/backup_headphones_ZuUKzmkqDyQwdcwhxl9BBF_2026-09-14T21-50-26-519Z.json
   ✅ patched. rev: zDJarnvq2QjrVWJbUcNSpL

🎧 PATCH (WRITE) — Sony Sony WH-1000XM5 Wireless Headphones (moXlkADK7m1DHgGwWtblsT)

   Field diff (filterAttributes.*):
   = wearingStyle: unchanged (["over-ear"])
   = acousticDesign: unchanged (["closed-back"])
   = connectivity: unchanged ("wireless")
   = portable: unchanged (true)
   = driverType: unchanged (["dynamic"])
   ~ freqResponseHz: {"max":40000,"min":4} -> {"min":4,"max":40000}
   = cableTermination: unchanged (["3.5mm"])
   = detachableCable: unchanged (true)
   = cableLengthM: unchanged (1.2)
   = microphone: unchanged (true)
   = foldable: unchanged (false)
   = ipxRating: unchanged ("none")
   = bluetoothCodecs: unchanged (["SBC","AAC","LDAC"])
   = anc: unchanged ("anc")
   ~ batteryLifeHours: {"ancOff":40,"ancOn":30} -> {"ancOn":30,"ancOff":40}
   = soundSignature: unchanged ("Warm")
   💾 backed up prior filterAttributes -> /home/jan/work/sanglogium/sanity-cms/backups/backup_headphones_moXlkADK7m1DHgGwWtblsT_2026-09-14T21-50-27-555Z.json
   ✅ patched. rev: meSxs4Qz3A09YiBBboveeg

🎧 PATCH (WRITE) — Sony Sony WHCH720N/B Hybrid Wired & Wireless Bluetooth Noise Canceling Headphones (dLGDVDmEEI2lV8CArIgbTY)

   Field diff (filterAttributes.*):
   = wearingStyle: unchanged (["over-ear"])
   = acousticDesign: unchanged (["closed-back"])
   = connectivity: unchanged ("hybrid")
   = portable: unchanged (true)
   = driverType: unchanged (["dynamic"])
   ~ freqResponseHz: {"max":20000,"min":7} -> {"min":7,"max":20000}
   = cableTermination: unchanged (["3.5mm"])
   = detachableCable: unchanged (true)
   = cableLengthM: unchanged (1.2)
   = microphone: unchanged (true)
   = foldable: unchanged (false)
   = ipxRating: unchanged ("none")
   = bluetoothCodecs: unchanged (["SBC","AAC"])
   = anc: unchanged ("anc")
   ~ batteryLifeHours: {"ancOff":50,"ancOn":35} -> {"ancOn":35,"ancOff":50}
   = soundSignature: unchanged ("Warm")
   💾 backed up prior filterAttributes -> /home/jan/work/sanglogium/sanity-cms/backups/backup_headphones_dLGDVDmEEI2lV8CArIgbTY_2026-09-14T21-50-28-561Z.json
   ✅ patched. rev: meSxs4Qz3A09YiBBboveoM

🎧 PATCH (WRITE) — Final Audio D7000 (Pn6oyV4Ks5AcNbecjmCnfl)

   Field diff (filterAttributes.*):
   ~ productCategory: null -> ["over-ear"]
   ~ wearingStyle: "over-ear" -> ["over-ear"]
   ~ acousticDesign: ["closed-back"] -> ["semi-open"]
   = fitType: unchanged (null)
   = connectivity: unchanged ("wired")
   ~ portable: null -> false
   = soundSignature: unchanged (null)
   ~ impedanceOhms: null -> 50
   ~ sensitivityDbMw: null -> 89
   = freqResponseHz: unchanged (null)
   = microphone: unchanged (false)
   ~ cableTermination: ["3.5mm","6.35mm"] -> ["6.35mm"]
   ~ detachableCable: null -> true
   ~ cableLengthM: null -> 3
   ~ foldable: null -> false
   = ipxRating: unchanged (null)
   = bluetoothCodecs: unchanged (null)
   ~ anc: "passive" -> "none"
   ~ batteryLifeHours: null -> {"ancOff":null,"ancOn":null}
   ~ driverType: "dynamic" -> ["planar-magnetic"]
   = awards: unchanged (null)
   ~ requiresAmplifier: false -> true
   = driverConfigBucket: unchanged (null)
   = driverConfigDetail: unchanged (null)
   💾 backed up prior filterAttributes -> /home/jan/work/sanglogium/sanity-cms/backups/backup_headphones_Pn6oyV4Ks5AcNbecjmCnfl_2026-09-14T21-50-33-641Z.json
   ✅ patched. rev: zDJarnvq2QjrVWJbUcNTPT

🎧 PATCH (WRITE) — Final Audio ZE8000 (moXlkADK7m1DHgGwWx071u)

   Field diff (filterAttributes.*):
   = productCategory: unchanged (["true-wireless"])
   = wearingStyle: unchanged (["in-ear"])
   = acousticDesign: unchanged (null)
   = fitType: unchanged ("universal")
   = connectivity: unchanged ("true-wireless")
   = portable: unchanged (true)
   = soundSignature: unchanged (null)
   = impedanceOhms: unchanged (null)
   = sensitivityDbMw: unchanged (null)
   = freqResponseHz: unchanged (null)
   = microphone: unchanged (true)
   = cableTermination: unchanged (null)
   = detachableCable: unchanged (null)
   = cableLengthM: unchanged (null)
   = foldable: unchanged (null)
   = ipxRating: unchanged ("IPX4")
   = bluetoothCodecs: unchanged (["SBC","AAC","aptX","aptX Adaptive"])
   = anc: unchanged ("anc")
   = batteryLifeHours: unchanged ({"ancOff":5,"ancOn":5})
   = driverType: unchanged (["dynamic"])
   = awards: unchanged (null)
   = driverConfigBucket: unchanged ("single-dynamic")
   = driverConfigDetail: unchanged ("1DD")
   💾 backed up prior filterAttributes -> /home/jan/work/sanglogium/sanity-cms/backups/backup_headphones_moXlkADK7m1DHgGwWx071u_2026-09-14T21-50-34-598Z.json
   ✅ patched. rev: DE7q4q517EcCNrf7ORGWgN

🎧 PATCH (WRITE) — Denon Denon AH-D9200 Headphones (PHPYj28HJdPDHAaIBDsCuM)

   Field diff (filterAttributes.*):
   ~ productCategory: null -> ["over-ear"]
   ~ wearingStyle: "over-ear" -> ["over-ear"]
   = acousticDesign: unchanged (["closed-back"])
   = fitType: unchanged (null)
   = connectivity: unchanged ("wired")
   ~ portable: null -> true
   ~ soundSignature: null -> "Mid-Forward"
   ~ impedanceOhms: null -> 24
   ~ sensitivityDbMw: null -> 105
   ~ freqResponseHz: null -> {"min":5,"max":56000}
   = microphone: unchanged (false)
   = cableTermination: unchanged (["3.5mm","6.35mm"])
   ~ detachableCable: null -> true
   ~ cableLengthM: null -> 3
   ~ foldable: null -> false
   = ipxRating: unchanged (null)
   = bluetoothCodecs: unchanged (null)
   = anc: unchanged ("passive")
   = batteryLifeHours: unchanged (null)
   ~ driverType: "dynamic" -> ["dynamic"]
   = driverConfigBucket: unchanged (null)
   ~ driverConfigDetail: null -> "1 × 50mm dynamic driver per earcup"
   = awards: unchanged (null)
   = requiresAmplifier: unchanged (false)
   💾 backed up prior filterAttributes -> /home/jan/work/sanglogium/sanity-cms/backups/backup_headphones_PHPYj28HJdPDHAaIBDsCuM_2026-09-14T21-52-43-285Z.json
   ✅ patched. rev: zDJarnvq2QjrVWJbUcNarv

🎧 PATCH (WRITE) — Denon AH-D7200 Headphones (moXlkADK7m1DHgGwWtbnF3)

   Field diff (filterAttributes.*):
   = productCategory: unchanged (["over-ear"])
   = wearingStyle: unchanged (["over-ear"])
   = acousticDesign: unchanged (["closed-back"])
   = fitType: unchanged (null)
   = connectivity: unchanged ("wired")
   = portable: unchanged (true)
   = soundSignature: unchanged ("Mid-Forward")
   = impedanceOhms: unchanged (25)
   = sensitivityDbMw: unchanged (105)
   ~ freqResponseHz: {"max":55000,"min":5} -> {"min":5,"max":55000}
   = microphone: unchanged (false)
   = cableTermination: unchanged (["3.5mm","6.35mm"])
   = detachableCable: unchanged (true)
   = cableLengthM: unchanged (3)
   = foldable: unchanged (false)
   = ipxRating: unchanged (null)
   = bluetoothCodecs: unchanged (null)
   = anc: unchanged ("passive")
   = batteryLifeHours: unchanged (null)
   = driverType: unchanged (["dynamic"])
   = driverConfigBucket: unchanged (null)
   = awards: unchanged (null)
   💾 backed up prior filterAttributes -> /home/jan/work/sanglogium/sanity-cms/backups/backup_headphones_moXlkADK7m1DHgGwWtbnF3_2026-09-14T21-52-44-871Z.json
   ✅ patched. rev: zDJarnvq2QjrVWJbUcNb2l

🎧 PATCH (WRITE) — Denon AHD9200 Headphones (moXlkADK7m1DHgGwWtbmis)

   Field diff (filterAttributes.*):
   = productCategory: unchanged (["over-ear"])
   = wearingStyle: unchanged (["over-ear"])
   = acousticDesign: unchanged (["closed-back"])
   = fitType: unchanged (null)
   = connectivity: unchanged ("wired")
   = portable: unchanged (true)
   = soundSignature: unchanged ("Mid-Forward")
   = impedanceOhms: unchanged (24)
   = sensitivityDbMw: unchanged (105)
   ~ freqResponseHz: {"max":56000,"min":5} -> {"min":5,"max":56000}
   = microphone: unchanged (false)
   = cableTermination: unchanged (["3.5mm","6.35mm"])
   = detachableCable: unchanged (true)
   = cableLengthM: unchanged (3)
   = foldable: unchanged (false)
   = ipxRating: unchanged (null)
   = bluetoothCodecs: unchanged (null)
   = anc: unchanged ("passive")
   = batteryLifeHours: unchanged (null)
   = driverType: unchanged (["dynamic"])
   = driverConfigBucket: unchanged (null)
   = awards: unchanged (null)
   💾 backed up prior filterAttributes -> /home/jan/work/sanglogium/sanity-cms/backups/backup_headphones_moXlkADK7m1DHgGwWtbmis_2026-09-14T21-52-45-758Z.json
   ✅ patched. rev: DE7q4q517EcCNrf7ORGgVi

🎧 PATCH (WRITE) — Denon Denon PerL True Wireless In-Ear Headphones (PHPYj28HJdPDHAaIBDsKN0)

   Field diff (filterAttributes.*):
   ~ productCategory: null -> ["true-wireless"]
   ~ wearingStyle: "in-ear" -> ["in-ear"]
   = acousticDesign: unchanged (null)
   ~ fitType: null -> "universal"
   ~ connectivity: "wireless" -> "true-wireless"
   ~ portable: null -> true
   = soundSignature: unchanged (null)
   = impedanceOhms: unchanged (null)
   = sensitivityDbMw: unchanged (null)
   ~ freqResponseHz: null -> {"min":20,"max":20000}
   ~ microphone: false -> true
   ~ cableTermination: ["mmcx"] -> []
   ~ detachableCable: null -> false
   = cableLengthM: unchanged (null)
   ~ foldable: null -> false
   ~ ipxRating: null -> "IPX4"
   ~ bluetoothCodecs: null -> ["AAC","SBC","aptX"]
   ~ anc: "passive" -> "anc"
   ~ batteryLifeHours: null -> {"ancOff":6,"ancOn":null}
   ~ driverType: "dynamic" -> ["dynamic"]
   ~ driverConfigBucket: null -> "single-dynamic"
   ~ driverConfigDetail: null -> "1DD"
   = awards: unchanged (null)
   = requiresAmplifier: unchanged (false)
   💾 backed up prior filterAttributes -> /home/jan/work/sanglogium/sanity-cms/backups/backup_headphones_PHPYj28HJdPDHAaIBDsKN0_2026-09-14T21-52-46-784Z.json
   ✅ patched. rev: DE7q4q517EcCNrf7ORGgi9

🎧 PATCH (WRITE) — Dan Clark Audio AEON 2 Noire (k27n1AQuIbSr5iozFz7Fdd)

   Field diff (filterAttributes.*):
   = wearingStyle: unchanged (["over-ear"])
   = acousticDesign: unchanged (["closed-back"])
   = connectivity: unchanged ("wired")
   = portable: unchanged (true)
   = driverType: unchanged (["planar-magnetic"])
   = impedanceOhms: unchanged (13)
   = sensitivityDbMw: unchanged (90)
   = cableTermination: unchanged (["3.5mm","6.35mm","4-pin-xlr","4.4mm-balanced","2.5mm-balanced"])
   = detachableCable: unchanged (true)
   = cableLengthM: unchanged (2)
   = microphone: unchanged (false)
   = foldable: unchanged (true)
   = ipxRating: unchanged ("none")
   = anc: unchanged ("passive")
   = soundSignature: unchanged ("V-Shaped")
   = awards: unchanged (["NYT Wirecutter — best-sounding closed headphone under $2,000"])
   💾 backed up prior filterAttributes -> /home/jan/work/sanglogium/sanity-cms/backups/backup_headphones_k27n1AQuIbSr5iozFz7Fdd_2026-09-14T21-52-47-822Z.json
   ✅ patched. rev: DE7q4q517EcCNrf7ORGgua

🎧 PATCH (WRITE) — Dan Clark Audio E3 (PHPYj28HJdPDHAaIBCDRC4)

   Field diff (filterAttributes.*):
   ~ wearingStyle: "over-ear" -> ["over-ear"]
   = acousticDesign: unchanged (["closed-back"])
   = connectivity: unchanged ("wired")
   ~ portable: null -> true
   ~ driverType: "dynamic" -> ["planar-magnetic"]
   ~ impedanceOhms: null -> 27
   ~ sensitivityDbMw: null -> 90
   ~ cableTermination: ["3.5mm","6.35mm"] -> ["3.5mm","6.35mm","4-pin-xlr","4.4mm-balanced","2.5mm-balanced"]
   ~ detachableCable: null -> true
   ~ cableLengthM: null -> 2
   = microphone: unchanged (false)
   ~ foldable: null -> true
   = anc: unchanged ("passive")
   💾 backed up prior filterAttributes -> /home/jan/work/sanglogium/sanity-cms/backups/backup_headphones_PHPYj28HJdPDHAaIBCDRC4_2026-09-14T21-52-48-857Z.json
   ✅ patched. rev: DE7q4q517EcCNrf7ORGh71

🎧 PATCH (WRITE) — Dan Clark Audio E3 (moXlkADK7m1DHgGwWtbkq7)

   Field diff (filterAttributes.*):
   = wearingStyle: unchanged (["over-ear"])
   = acousticDesign: unchanged (["closed-back"])
   = connectivity: unchanged ("wired")
   = portable: unchanged (true)
   = driverType: unchanged (["planar-magnetic"])
   = impedanceOhms: unchanged (27)
   = sensitivityDbMw: unchanged (90)
   = cableTermination: unchanged (["3.5mm","6.35mm","4-pin-xlr","4.4mm-balanced","2.5mm-balanced"])
   = detachableCable: unchanged (true)
   = cableLengthM: unchanged (2)
   = microphone: unchanged (false)
   = foldable: unchanged (true)
   = anc: unchanged ("passive")
   💾 backed up prior filterAttributes -> /home/jan/work/sanglogium/sanity-cms/backups/backup_headphones_moXlkADK7m1DHgGwWtbkq7_2026-09-14T21-52-49-924Z.json
   ✅ patched. rev: zDJarnvq2QjrVWJbUcNbHD

🎧 PATCH (WRITE) — Dan Clark Audio NOIRE X (n10eAegrGspodtsQvneQBQ)

   Field diff (filterAttributes.*):
   = wearingStyle: unchanged (["over-ear"])
   = acousticDesign: unchanged (["closed-back"])
   = connectivity: unchanged ("wired")
   = portable: unchanged (true)
   = driverType: unchanged (["planar-magnetic"])
   = impedanceOhms: unchanged (13)
   = sensitivityDbMw: unchanged (90)
   = cableTermination: unchanged (["3.5mm","6.35mm","4-pin-xlr","4.4mm-balanced","2.5mm-balanced"])
   = detachableCable: unchanged (true)
   = cableLengthM: unchanged (2)
   = microphone: unchanged (false)
   = foldable: unchanged (false)
   = anc: unchanged ("passive")
   💾 backed up prior filterAttributes -> /home/jan/work/sanglogium/sanity-cms/backups/backup_headphones_n10eAegrGspodtsQvneQBQ_2026-09-14T21-52-50-959Z.json
   ✅ patched. rev: zDJarnvq2QjrVWJbUcNbVf

🎧 PATCH (WRITE) — Dan Clark Audio NOIRE XO (PHPYj28HJdPDHAaIBDrDFo)

   Field diff (filterAttributes.*):
   ~ wearingStyle: "over-ear" -> ["over-ear"]
   ~ acousticDesign: ["closed-back"] -> ["open-back"]
   = connectivity: unchanged ("wired")
   ~ portable: null -> true
   ~ driverType: "dynamic" -> ["planar-magnetic"]
   ~ impedanceOhms: null -> 13
   ~ sensitivityDbMw: null -> 90
   ~ cableTermination: ["3.5mm","6.35mm"] -> ["3.5mm","6.35mm","4-pin-xlr","4.4mm-balanced","2.5mm-balanced"]
   ~ detachableCable: null -> true
   ~ cableLengthM: null -> 2
   = microphone: unchanged (false)
   ~ foldable: null -> false
   ~ anc: "passive" -> "none"
   💾 backed up prior filterAttributes -> /home/jan/work/sanglogium/sanity-cms/backups/backup_headphones_PHPYj28HJdPDHAaIBDrDFo_2026-09-14T21-52-52-006Z.json
   ✅ patched. rev: DE7q4q517EcCNrf7ORGhJS

🎧 PATCH (WRITE) — Dan Clark Audio Stealth (k27n1AQuIbSr5iozFz7HA5)

   Field diff (filterAttributes.*):
   = wearingStyle: unchanged (["over-ear"])
   = acousticDesign: unchanged (["closed-back"])
   = connectivity: unchanged ("wired")
   = portable: unchanged (true)
   = driverType: unchanged (["planar-magnetic"])
   = impedanceOhms: unchanged (23)
   = sensitivityDbMw: unchanged (90)
   = cableTermination: unchanged (["3.5mm","6.35mm","4-pin-xlr","4.4mm-balanced","2.5mm-balanced"])
   = detachableCable: unchanged (true)
   = cableLengthM: unchanged (2)
   = microphone: unchanged (false)
   = foldable: unchanged (true)
   = ipxRating: unchanged ("none")
   = anc: unchanged ("passive")
   = soundSignature: unchanged ("Neutral")
   💾 backed up prior filterAttributes -> /home/jan/work/sanglogium/sanity-cms/backups/backup_headphones_k27n1AQuIbSr5iozFz7HA5_2026-09-14T21-52-53-047Z.json
   ✅ patched. rev: DE7q4q517EcCNrf7ORGhVt

🎧 PATCH (WRITE) — Meze Audio Meze 105 AER Open-Back Headphones (GPjMdcfFWZVrKyR2PB4zFK)

   Field diff (filterAttributes.*):
   ~ productCategory: null -> ["over-ear"]
   ~ wearingStyle: "over-ear" -> ["over-ear"]
   = acousticDesign: unchanged (["open-back"])
   = connectivity: unchanged ("wired")
   ~ portable: null -> true
   = microphone: unchanged (false)
   ~ cableTermination: ["3.5mm","6.35mm"] -> ["3.5mm"]
   ~ detachableCable: null -> true
   ~ cableLengthM: null -> 1.8
   ~ foldable: null -> false
   ~ driverType: "dynamic" -> ["dynamic"]
   ~ impedanceOhms: null -> 42
   ~ sensitivityDbMw: null -> 112
   ~ freqResponseHz: null -> {"min":5,"max":30000}
   💾 backed up prior filterAttributes -> /home/jan/work/sanglogium/sanity-cms/backups/backup_headphones_GPjMdcfFWZVrKyR2PB4zFK_2026-09-14T21-55-01-045Z.json
   ✅ patched. rev: meSxs4Qz3A09YiBBbovy3u

🎧 PATCH (WRITE) — Meze Audio Meze 105 Silva Open-Back Headphones (xMEqvkRBbdrlJXyFG8ekB7)

   Field diff (filterAttributes.*):
   ~ productCategory: null -> ["over-ear"]
   ~ wearingStyle: "over-ear" -> ["over-ear"]
   = acousticDesign: unchanged (["open-back"])
   = connectivity: unchanged ("wired")
   ~ portable: null -> true
   = microphone: unchanged (false)
   ~ cableTermination: ["3.5mm","6.35mm"] -> ["3.5mm"]
   ~ detachableCable: null -> true
   ~ cableLengthM: null -> 1.8
   ~ foldable: null -> false
   ~ driverType: "dynamic" -> ["dynamic"]
   ~ impedanceOhms: null -> 42
   ~ sensitivityDbMw: null -> 112
   ~ freqResponseHz: null -> {"min":5,"max":30000}
   💾 backed up prior filterAttributes -> /home/jan/work/sanglogium/sanity-cms/backups/backup_headphones_xMEqvkRBbdrlJXyFG8ekB7_2026-09-14T21-55-02-434Z.json
   ✅ patched. rev: zDJarnvq2QjrVWJbUcNn6d

🎧 PATCH (WRITE) — Meze Audio 109 PRO (PHPYj28HJdPDHAaIBAJqcI)

   Field diff (filterAttributes.*):
   = productCategory: unchanged (["over-ear"])
   = wearingStyle: unchanged (["over-ear"])
   = acousticDesign: unchanged (["open-back"])
   = connectivity: unchanged ("wired")
   = portable: unchanged (false)
   = microphone: unchanged (false)
   = cableTermination: unchanged (["3.5mm"])
   = detachableCable: unchanged (true)
   = cableLengthM: unchanged (1.5)
   = foldable: unchanged (false)
   = driverType: unchanged (["dynamic"])
   = impedanceOhms: unchanged (40)
   = sensitivityDbMw: unchanged (112)
   ~ freqResponseHz: {"max":30000,"min":5} -> {"min":5,"max":30000}
   💾 backed up prior filterAttributes -> /home/jan/work/sanglogium/sanity-cms/backups/backup_headphones_PHPYj28HJdPDHAaIBAJqcI_2026-09-14T21-55-03-466Z.json
   ✅ patched. rev: meSxs4Qz3A09YiBBbovydO

🎧 PATCH (WRITE) — Meze Audio 99 Classics (n10eAegrGspodtsQvneRgi)

   Field diff (filterAttributes.*):
   = productCategory: unchanged (["over-ear"])
   = wearingStyle: unchanged (["over-ear"])
   = acousticDesign: unchanged (["closed-back"])
   = connectivity: unchanged ("wired")
   = portable: unchanged (true)
   = microphone: unchanged (false)
   = cableTermination: unchanged (["3.5mm"])
   = detachableCable: unchanged (true)
   = cableLengthM: unchanged (3)
   = foldable: unchanged (true)
   = driverType: unchanged (["dynamic"])
   = impedanceOhms: unchanged (32)
   = sensitivityDbMw: unchanged (103)
   ~ freqResponseHz: {"max":25000,"min":15} -> {"min":15,"max":25000}
   = soundSignature: unchanged ("Basshead")
   💾 backed up prior filterAttributes -> /home/jan/work/sanglogium/sanity-cms/backups/backup_headphones_n10eAegrGspodtsQvneRgi_2026-09-14T21-55-04-520Z.json
   ✅ patched. rev: DE7q4q517EcCNrf7ORGrXf

🎧 PATCH (WRITE) — Meze Audio Meze Audio 109 PRO Dynamic Open-Back Headphone (Apos Certified) (GPjMdcfFWZVrKyR2PB4pYs)

   Field diff (filterAttributes.*):
   ~ productCategory: null -> ["over-ear"]
   ~ wearingStyle: "over-ear" -> ["over-ear"]
   = acousticDesign: unchanged (["open-back"])
   = connectivity: unchanged ("wired")
   ~ portable: null -> false
   = microphone: unchanged (false)
   ~ cableTermination: ["3.5mm","6.35mm"] -> ["3.5mm"]
   ~ detachableCable: null -> true
   ~ cableLengthM: null -> 1.5
   ~ foldable: null -> false
   ~ driverType: "dynamic" -> ["dynamic"]
   ~ impedanceOhms: null -> 40
   ~ sensitivityDbMw: null -> 112
   ~ freqResponseHz: null -> {"min":5,"max":30000}
   💾 backed up prior filterAttributes -> /home/jan/work/sanglogium/sanity-cms/backups/backup_headphones_GPjMdcfFWZVrKyR2PB4pYs_2026-09-14T21-55-05-504Z.json
   ✅ patched. rev: meSxs4Qz3A09YiBBbovzCs

🎧 PATCH (WRITE) — Meze Audio Meze Audio 109 PRO Dynamic Open-Back Headphone (DZc43yHr6ydfgE7zB3zuIm)

   Field diff (filterAttributes.*):
   ~ productCategory: null -> ["over-ear"]
   ~ wearingStyle: "over-ear" -> ["over-ear"]
   = acousticDesign: unchanged (["open-back"])
   = connectivity: unchanged ("wired")
   ~ portable: null -> false
   = microphone: unchanged (false)
   ~ cableTermination: ["3.5mm","6.35mm"] -> ["3.5mm"]
   ~ detachableCable: null -> true
   ~ cableLengthM: null -> 1.5
   ~ foldable: null -> false
   ~ driverType: "dynamic" -> ["dynamic"]
   ~ impedanceOhms: null -> 40
   ~ sensitivityDbMw: null -> 112
   ~ freqResponseHz: null -> {"min":5,"max":30000}
   💾 backed up prior filterAttributes -> /home/jan/work/sanglogium/sanity-cms/backups/backup_headphones_DZc43yHr6ydfgE7zB3zuIm_2026-09-14T21-55-06-515Z.json
   ✅ patched. rev: zDJarnvq2QjrVWJbUcNo2R

🎧 PATCH (WRITE) — Meze Audio Meze Audio 99 Classics Closed Back Headphones 2nd Gen (GPjMdcfFWZVrKyR2PB7tsw)

   Field diff (filterAttributes.*):
   ~ productCategory: null -> ["over-ear"]
   ~ wearingStyle: "over-ear" -> ["over-ear"]
   = acousticDesign: unchanged (["closed-back"])
   = connectivity: unchanged ("wired")
   ~ portable: null -> true
   = microphone: unchanged (false)
   ~ cableTermination: ["3.5mm","6.35mm"] -> ["3.5mm"]
   ~ detachableCable: null -> true
   ~ cableLengthM: null -> 1.8
   ~ foldable: null -> false
   ~ driverType: "dynamic" -> ["dynamic"]
   ~ impedanceOhms: null -> 16
   ~ sensitivityDbMw: null -> 103
   ~ freqResponseHz: null -> {"min":15,"max":25000}
   💾 backed up prior filterAttributes -> /home/jan/work/sanglogium/sanity-cms/backups/backup_headphones_GPjMdcfFWZVrKyR2PB7tsw_2026-09-14T21-55-07-541Z.json
   ✅ patched. rev: DE7q4q517EcCNrf7ORGrk6

🎧 PATCH (WRITE) — Meze Audio Meze Audio 99 Classics Headphones (PHPYj28HJdPDHAaIBCD0NI)

   Field diff (filterAttributes.*):
   ~ productCategory: null -> ["over-ear"]
   ~ wearingStyle: "over-ear" -> ["over-ear"]
   = acousticDesign: unchanged (["closed-back"])
   = connectivity: unchanged ("wired")
   ~ portable: null -> true
   = microphone: unchanged (false)
   ~ cableTermination: ["3.5mm","6.35mm"] -> ["3.5mm"]
   ~ detachableCable: null -> true
   ~ cableLengthM: null -> 3
   ~ foldable: null -> true
   ~ driverType: "dynamic" -> ["dynamic"]
   ~ impedanceOhms: null -> 32
   ~ sensitivityDbMw: null -> 103
   ~ freqResponseHz: null -> {"min":15,"max":25000}
   ~ soundSignature: null -> "Basshead"
   💾 backed up prior filterAttributes -> /home/jan/work/sanglogium/sanity-cms/backups/backup_headphones_PHPYj28HJdPDHAaIBCD0NI_2026-09-14T21-55-08-545Z.json
   ✅ patched. rev: DE7q4q517EcCNrf7ORGrwX

🎧 PATCH (WRITE) — Meze Audio Meze Audio 99 Classics V2 Headphones (MrEMtYwMtrFDGWmRnQU1gD)

   Field diff (filterAttributes.*):
   ~ productCategory: null -> ["over-ear"]
   ~ wearingStyle: "over-ear" -> ["over-ear"]
   = acousticDesign: unchanged (["closed-back"])
   = connectivity: unchanged ("wired")
   ~ portable: null -> true
   = microphone: unchanged (false)
   ~ cableTermination: ["3.5mm","6.35mm"] -> ["3.5mm"]
   ~ detachableCable: null -> true
   ~ cableLengthM: null -> 1.8
   ~ foldable: null -> false
   ~ driverType: "dynamic" -> ["dynamic"]
   ~ impedanceOhms: null -> 16
   ~ sensitivityDbMw: null -> 103
   ~ freqResponseHz: null -> {"min":15,"max":25000}
   💾 backed up prior filterAttributes -> /home/jan/work/sanglogium/sanity-cms/backups/backup_headphones_MrEMtYwMtrFDGWmRnQU1gD_2026-09-14T21-55-09-572Z.json
   ✅ patched. rev: DE7q4q517EcCNrf7ORGsHG

🎧 PATCH (WRITE) — Meze Audio Meze Audio Alba IEMs (GPjMdcfFWZVrKyR2PB95RC)

   Field diff (filterAttributes.*):
   ~ productCategory: null -> ["iem"]
   ~ wearingStyle: "in-ear" -> ["in-ear"]
   = connectivity: unchanged ("wired")
   ~ portable: null -> true
   = microphone: unchanged (false)
   ~ cableTermination: ["mmcx"] -> ["3.5mm"]
   ~ detachableCable: null -> true
   ~ cableLengthM: null -> 1.2
   ~ foldable: null -> false
   ~ driverType: "dynamic" -> ["dynamic"]
   ~ impedanceOhms: null -> 32
   ~ sensitivityDbMw: null -> 109
   ~ freqResponseHz: null -> {"min":15,"max":25000}
   💾 backed up prior filterAttributes -> /home/jan/work/sanglogium/sanity-cms/backups/backup_headphones_GPjMdcfFWZVrKyR2PB95RC_2026-09-14T21-55-10-598Z.json
   ✅ patched. rev: zDJarnvq2QjrVWJbUcNoVL

🎧 PATCH (WRITE) — Meze Audio Meze Audio Alba In-Ear Headphones (PHPYj28HJdPDHAaIBCEe6q)

   Field diff (filterAttributes.*):
   ~ productCategory: null -> ["iem"]
   ~ wearingStyle: "in-ear" -> ["in-ear"]
   = connectivity: unchanged ("wired")
   ~ portable: null -> true
   = microphone: unchanged (false)
   ~ cableTermination: ["mmcx"] -> ["3.5mm"]
   ~ detachableCable: null -> true
   ~ cableLengthM: null -> 1.2
   ~ foldable: null -> false
   ~ driverType: "dynamic" -> ["dynamic"]
   ~ impedanceOhms: null -> 32
   ~ sensitivityDbMw: null -> 109
   ~ freqResponseHz: null -> {"min":15,"max":25000}
   💾 backed up prior filterAttributes -> /home/jan/work/sanglogium/sanity-cms/backups/backup_headphones_PHPYj28HJdPDHAaIBCEe6q_2026-09-14T21-55-11-647Z.json
   ✅ patched. rev: meSxs4Qz3A09YiBBbovzcg

🎧 PATCH (WRITE) — Meze Audio Meze Audio Empyrean II Open Back Headphones (DZc43yHr6ydfgE7zB4098h)

   Field diff (filterAttributes.*):
   ~ productCategory: null -> ["over-ear"]
   ~ wearingStyle: "over-ear" -> ["over-ear"]
   = acousticDesign: unchanged (["open-back"])
   = connectivity: unchanged ("wired")
   = microphone: unchanged (false)
   ~ cableTermination: ["3.5mm","6.35mm"] -> ["6.35mm"]
   ~ detachableCable: null -> true
   ~ cableLengthM: null -> 2.5
   ~ foldable: null -> false
   ~ driverType: "dynamic" -> ["planar-magnetic"]
   ~ impedanceOhms: null -> 32
   ~ sensitivityDbMw: null -> 90
   ~ freqResponseHz: null -> {"min":8,"max":110000}
   💾 backed up prior filterAttributes -> /home/jan/work/sanglogium/sanity-cms/backups/backup_headphones_DZc43yHr6ydfgE7zB4098h_2026-09-14T21-55-12-637Z.json
   ✅ patched. rev: zDJarnvq2QjrVWJbUcNp1r

🎧 PATCH (WRITE) — Meze Audio Meze Audio Strada Headphones (PHPYj28HJdPDHAaIBCDAX8)

   Field diff (filterAttributes.*):
   ~ productCategory: null -> ["over-ear"]
   ~ wearingStyle: "over-ear" -> ["over-ear"]
   = acousticDesign: unchanged (["closed-back"])
   = connectivity: unchanged ("wired")
   ~ portable: null -> true
   = microphone: unchanged (false)
   ~ cableTermination: ["3.5mm","6.35mm"] -> ["3.5mm","4.4mm-balanced"]
   ~ detachableCable: null -> true
   ~ cableLengthM: null -> 1.8
   ~ foldable: null -> false
   ~ driverType: "dynamic" -> ["dynamic"]
   ~ impedanceOhms: null -> 40
   ~ sensitivityDbMw: null -> 111
   ~ freqResponseHz: null -> {"min":5,"max":30000}
   💾 backed up prior filterAttributes -> /home/jan/work/sanglogium/sanity-cms/backups/backup_headphones_PHPYj28HJdPDHAaIBCDAX8_2026-09-14T21-55-13-663Z.json
   ✅ patched. rev: meSxs4Qz3A09YiBBbovzpa

🎧 PATCH (WRITE) — Meze Audio LIRIC II (k27n1AQuIbSr5iozFz7KdY)

   Field diff (filterAttributes.*):
   = productCategory: unchanged (["over-ear"])
   = wearingStyle: unchanged (["over-ear"])
   = acousticDesign: unchanged (["closed-back"])
   = connectivity: unchanged ("wired")
   = microphone: unchanged (false)
   = cableTermination: unchanged (["4.4mm-balanced","3.5mm"])
   = detachableCable: unchanged (true)
   = cableLengthM: unchanged (1.3)
   = driverType: unchanged (["planar-magnetic"])
   = impedanceOhms: unchanged (61)
   = sensitivityDbMw: unchanged (100)
   ~ freqResponseHz: {"max":92000,"min":4} -> {"min":4,"max":92000}
   💾 backed up prior filterAttributes -> /home/jan/work/sanglogium/sanity-cms/backups/backup_headphones_k27n1AQuIbSr5iozFz7KdY_2026-09-14T21-55-14-668Z.json
   ✅ patched. rev: meSxs4Qz3A09YiBBbow0CA

🎧 PATCH (WRITE) — Meze Audio LIRIC II (moXlkADK7m1DHgGwWtblBG)

   Field diff (filterAttributes.*):
   = productCategory: unchanged (["over-ear"])
   = wearingStyle: unchanged (["over-ear"])
   = acousticDesign: unchanged (["closed-back"])
   = connectivity: unchanged ("wired")
   = microphone: unchanged (false)
   = cableTermination: unchanged (["4.4mm-balanced","3.5mm"])
   = detachableCable: unchanged (true)
   = cableLengthM: unchanged (1.3)
   = driverType: unchanged (["planar-magnetic"])
   = impedanceOhms: unchanged (61)
   = sensitivityDbMw: unchanged (100)
   ~ freqResponseHz: {"max":92000,"min":4} -> {"min":4,"max":92000}
   💾 backed up prior filterAttributes -> /home/jan/work/sanglogium/sanity-cms/backups/backup_headphones_moXlkADK7m1DHgGwWtblBG_2026-09-14T21-55-15-710Z.json
   ✅ patched. rev: zDJarnvq2QjrVWJbUcNpJv

🎧 PATCH (WRITE) — Meze Audio Meze POET Planar Magnetic Headphones (xMEqvkRBbdrlJXyFG8ki6p)

   Field diff (filterAttributes.*):
   ~ productCategory: null -> ["over-ear"]
   ~ wearingStyle: "over-ear" -> ["over-ear"]
   ~ acousticDesign: ["closed-back"] -> ["open-back"]
   = connectivity: unchanged ("wired")
   = microphone: unchanged (false)
   ~ cableTermination: ["3.5mm","6.35mm"] -> ["6.35mm"]
   ~ detachableCable: null -> true
   ~ cableLengthM: null -> 2.5
   ~ foldable: null -> false
   ~ driverType: "planar-magnetic" -> ["planar-magnetic"]
   ~ impedanceOhms: null -> 55
   ~ sensitivityDbMw: null -> 101
   ~ freqResponseHz: null -> {"min":4,"max":96000}
   💾 backed up prior filterAttributes -> /home/jan/work/sanglogium/sanity-cms/backups/backup_headphones_xMEqvkRBbdrlJXyFG8ki6p_2026-09-14T21-55-16-765Z.json
   ✅ patched. rev: DE7q4q517EcCNrf7ORGswi

🎧 PATCH (WRITE) — Focal Azurys (MrEMtYwMtrFDGWmRnQT9Nz)

   Field diff (filterAttributes.*):
   ~ productCategory: null -> ["over-ear"]
   ~ wearingStyle: "over-ear" -> ["over-ear"]
   = acousticDesign: unchanged (["closed-back"])
   = fitType: unchanged (null)
   = connectivity: unchanged ("wired")
   ~ portable: null -> true
   ~ microphone: false -> true
   ~ cableTermination: ["3.5mm","6.35mm"] -> ["3.5mm"]
   ~ detachableCable: null -> true
   ~ cableLengthM: null -> 1.25
   ~ foldable: null -> false
   = ipxRating: unchanged (null)
   = bluetoothCodecs: unchanged (null)
   ~ anc: "passive" -> "none"
   ~ batteryLifeHours: null -> {"ancOff":null,"ancOn":null}
   ~ driverType: "dynamic" -> ["dynamic"]
   ~ impedanceOhms: null -> 26
   ~ sensitivityDbMw: null -> 100
   ~ freqResponseHz: null -> {"min":15,"max":22000}
   = awards: unchanged (null)
   = driverConfigBucket: unchanged (null)
   = driverConfigDetail: unchanged (null)
   = soundSignature: unchanged (null)
   💾 backed up prior filterAttributes -> /home/jan/work/sanglogium/sanity-cms/backups/backup_headphones_MrEMtYwMtrFDGWmRnQT9Nz_2026-09-14T21-55-17-810Z.json
   ✅ patched. rev: zDJarnvq2QjrVWJbUcNpbz

🎧 PATCH (WRITE) — Focal Azurys (k27n1AQuIbSr5iozFz7IlS)

   Field diff (filterAttributes.*):
   = productCategory: unchanged (["over-ear"])
   = wearingStyle: unchanged (["over-ear"])
   = acousticDesign: unchanged (["closed-back"])
   = fitType: unchanged (null)
   = connectivity: unchanged ("wired")
   = portable: unchanged (true)
   = microphone: unchanged (true)
   = cableTermination: unchanged (["3.5mm"])
   = detachableCable: unchanged (true)
   = cableLengthM: unchanged (1.25)
   = foldable: unchanged (false)
   = ipxRating: unchanged (null)
   = bluetoothCodecs: unchanged (null)
   = anc: unchanged ("none")
   = batteryLifeHours: unchanged ({"ancOff":null,"ancOn":null})
   = driverType: unchanged (["dynamic"])
   = impedanceOhms: unchanged (26)
   = sensitivityDbMw: unchanged (100)
   ~ freqResponseHz: {"max":22000,"min":15} -> {"min":15,"max":22000}
   = awards: unchanged (null)
   = driverConfigBucket: unchanged (null)
   = driverConfigDetail: unchanged (null)
   = soundSignature: unchanged (null)
   💾 backed up prior filterAttributes -> /home/jan/work/sanglogium/sanity-cms/backups/backup_headphones_k27n1AQuIbSr5iozFz7IlS_2026-09-14T21-55-18-939Z.json
   ✅ patched. rev: zDJarnvq2QjrVWJbUcNpqR

🎧 PATCH (WRITE) — Focal Bathys (PHPYj28HJdPDHAaIBCCSLu)

   Field diff (filterAttributes.*):
   ~ productCategory: null -> ["over-ear"]
   ~ wearingStyle: "over-ear" -> ["over-ear"]
   = acousticDesign: unchanged (["closed-back"])
   = fitType: unchanged (null)
   ~ connectivity: "wired" -> "wireless"
   ~ portable: null -> true
   ~ microphone: false -> true
   ~ cableTermination: ["3.5mm","6.35mm"] -> ["3.5mm","usb-c"]
   ~ detachableCable: null -> true
   ~ cableLengthM: null -> 1.2
   ~ foldable: null -> false
   = ipxRating: unchanged (null)
   ~ bluetoothCodecs: null -> ["SBC","AAC","aptX","aptX Adaptive"]
   ~ anc: "passive" -> "anc"
   ~ batteryLifeHours: null -> {"ancOff":35,"ancOn":30}
   ~ driverType: "dynamic" -> ["dynamic"]
   = impedanceOhms: unchanged (null)
   = sensitivityDbMw: unchanged (null)
   ~ freqResponseHz: null -> {"min":15,"max":22100}
   = awards: unchanged (null)
   = driverConfigBucket: unchanged (null)
   = driverConfigDetail: unchanged (null)
   = soundSignature: unchanged (null)
   💾 backed up prior filterAttributes -> /home/jan/work/sanglogium/sanity-cms/backups/backup_headphones_PHPYj28HJdPDHAaIBCCSLu_2026-09-14T21-55-20-207Z.json
   ✅ patched. rev: meSxs4Qz3A09YiBBbow0P4

🎧 PATCH (WRITE) — Focal Bathys MG Wireless Headphones (MrEMtYwMtrFDGWmRnQTHiy)

   Field diff (filterAttributes.*):
   ~ productCategory: null -> ["over-ear"]
   ~ wearingStyle: "over-ear" -> ["over-ear"]
   = acousticDesign: unchanged (["closed-back"])
   = fitType: unchanged (null)
   = connectivity: unchanged ("wireless")
   ~ portable: null -> true
   ~ microphone: false -> true
   ~ cableTermination: ["3.5mm","6.35mm"] -> ["3.5mm","usb-c"]
   ~ detachableCable: null -> true
   ~ cableLengthM: null -> 1.2
   ~ foldable: null -> false
   = ipxRating: unchanged (null)
   ~ bluetoothCodecs: null -> ["AAC","aptX","aptX Adaptive","SBC"]
   ~ anc: "passive" -> "anc"
   ~ batteryLifeHours: null -> {"ancOff":35,"ancOn":30}
   ~ driverType: "dynamic" -> ["dynamic"]
   = impedanceOhms: unchanged (null)
   = sensitivityDbMw: unchanged (null)
   ~ freqResponseHz: null -> {"min":10,"max":22000}
   = awards: unchanged (null)
   = driverConfigBucket: unchanged (null)
   = driverConfigDetail: unchanged (null)
   = soundSignature: unchanged (null)
   💾 backed up prior filterAttributes -> /home/jan/work/sanglogium/sanity-cms/backups/backup_headphones_MrEMtYwMtrFDGWmRnQTHiy_2026-09-14T21-55-21-223Z.json
   ✅ patched. rev: zDJarnvq2QjrVWJbUcNq8V

🎧 PATCH (WRITE) — Focal Bathys (moXlkADK7m1DHgGwWtX5bB)

   Field diff (filterAttributes.*):
   = productCategory: unchanged (["over-ear"])
   = wearingStyle: unchanged (["over-ear"])
   = acousticDesign: unchanged (["closed-back"])
   = fitType: unchanged (null)
   = connectivity: unchanged ("wireless")
   = portable: unchanged (true)
   = microphone: unchanged (true)
   = cableTermination: unchanged (["3.5mm","usb-c"])
   = detachableCable: unchanged (true)
   = cableLengthM: unchanged (1.2)
   = foldable: unchanged (false)
   = ipxRating: unchanged (null)
   = bluetoothCodecs: unchanged (["SBC","AAC","aptX","aptX Adaptive"])
   = anc: unchanged ("anc")
   = batteryLifeHours: unchanged ({"ancOff":35,"ancOn":30})
   = driverType: unchanged (["dynamic"])
   = impedanceOhms: unchanged (null)
   = sensitivityDbMw: unchanged (null)
   ~ freqResponseHz: {"max":22100,"min":15} -> {"min":15,"max":22100}
   = awards: unchanged (null)
   = driverConfigBucket: unchanged (null)
   = driverConfigDetail: unchanged (null)
   = soundSignature: unchanged (null)
   💾 backed up prior filterAttributes -> /home/jan/work/sanglogium/sanity-cms/backups/backup_headphones_moXlkADK7m1DHgGwWtX5bB_2026-09-14T21-55-22-226Z.json
   ✅ patched. rev: meSxs4Qz3A09YiBBbow0Yk

🎧 PATCH (WRITE) — Focal Celestee Headphones (DZc43yHr6ydfgE7zB43uqB)

   Field diff (filterAttributes.*):
   ~ productCategory: null -> ["over-ear"]
   ~ wearingStyle: "over-ear" -> ["over-ear"]
   = acousticDesign: unchanged (["closed-back"])
   = fitType: unchanged (null)
   = connectivity: unchanged ("wired")
   ~ portable: null -> true
   = microphone: unchanged (false)
   = cableTermination: unchanged (["3.5mm","6.35mm"])
   ~ detachableCable: null -> true
   ~ cableLengthM: null -> 1.2
   ~ foldable: null -> false
   = ipxRating: unchanged (null)
   = bluetoothCodecs: unchanged (null)
   ~ anc: "passive" -> "none"
   ~ batteryLifeHours: null -> {"ancOff":null,"ancOn":null}
   ~ driverType: "dynamic" -> ["dynamic"]
   ~ impedanceOhms: null -> 35
   ~ sensitivityDbMw: null -> 105
   ~ freqResponseHz: null -> {"min":5,"max":23000}
   = awards: unchanged (null)
   = driverConfigBucket: unchanged (null)
   = driverConfigDetail: unchanged (null)
   ~ soundSignature: null -> "Neutral with bass boost"
   💾 backed up prior filterAttributes -> /home/jan/work/sanglogium/sanity-cms/backups/backup_headphones_DZc43yHr6ydfgE7zB43uqB_2026-09-14T21-55-23-241Z.json
   ✅ patched. rev: zDJarnvq2QjrVWJbUcNqJL

🎧 PATCH (WRITE) — Focal Celestee (k27n1AQuIbSr5iozFz7FSo)

   Field diff (filterAttributes.*):
   = productCategory: unchanged (["over-ear"])
   = wearingStyle: unchanged (["over-ear"])
   = acousticDesign: unchanged (["closed-back"])
   = fitType: unchanged (null)
   = connectivity: unchanged ("wired")
   = portable: unchanged (true)
   = microphone: unchanged (false)
   = cableTermination: unchanged (["3.5mm","6.35mm"])
   = detachableCable: unchanged (true)
   = cableLengthM: unchanged (1.2)
   = foldable: unchanged (false)
   = ipxRating: unchanged (null)
   = bluetoothCodecs: unchanged (null)
   = anc: unchanged ("none")
   = batteryLifeHours: unchanged ({"ancOff":null,"ancOn":null})
   = driverType: unchanged (["dynamic"])
   = impedanceOhms: unchanged (35)
   = sensitivityDbMw: unchanged (105)
   ~ freqResponseHz: {"max":23000,"min":5} -> {"min":5,"max":23000}
   = awards: unchanged (null)
   = driverConfigBucket: unchanged (null)
   = driverConfigDetail: unchanged (null)
   = soundSignature: unchanged ("Neutral")
   💾 backed up prior filterAttributes -> /home/jan/work/sanglogium/sanity-cms/backups/backup_headphones_k27n1AQuIbSr5iozFz7FSo_2026-09-14T21-55-24-331Z.json
   ✅ patched. rev: DE7q4q517EcCNrf7ORGtY1

🎧 PATCH (WRITE) — Focal Clear Mg (k27n1AQuIbSr5iozFz7EsP)

   Field diff (filterAttributes.*):
   = productCategory: unchanged (["over-ear"])
   = wearingStyle: unchanged (["over-ear"])
   = acousticDesign: unchanged (["open-back"])
   = fitType: unchanged (null)
   = connectivity: unchanged ("wired")
   = portable: unchanged (false)
   = microphone: unchanged (false)
   = cableTermination: unchanged (["3.5mm","6.35mm","4-pin-xlr"])
   = detachableCable: unchanged (true)
   = cableLengthM: unchanged (1.2)
   = foldable: unchanged (false)
   = ipxRating: unchanged (null)
   = bluetoothCodecs: unchanged (null)
   = anc: unchanged ("none")
   = batteryLifeHours: unchanged ({"ancOff":null,"ancOn":null})
   = driverType: unchanged (["dynamic"])
   = impedanceOhms: unchanged (55)
   = sensitivityDbMw: unchanged (104)
   ~ freqResponseHz: {"max":23000,"min":5} -> {"min":5,"max":23000}
   = awards: unchanged (null)
   = driverConfigBucket: unchanged (null)
   = driverConfigDetail: unchanged (null)
   = soundSignature: unchanged ("Warm")
   💾 backed up prior filterAttributes -> /home/jan/work/sanglogium/sanity-cms/backups/backup_headphones_k27n1AQuIbSr5iozFz7EsP_2026-09-14T21-55-25-297Z.json
   ✅ patched. rev: DE7q4q517EcCNrf7ORGtkS

🎧 PATCH (WRITE) — Focal Hadenys (Pn6oyV4Ks5AcNbecjgql0e)

   Field diff (filterAttributes.*):
   = productCategory: unchanged (["over-ear"])
   = wearingStyle: unchanged (["over-ear"])
   = acousticDesign: unchanged (["open-back"])
   = fitType: unchanged (null)
   = connectivity: unchanged ("wired")
   = portable: unchanged (false)
   = microphone: unchanged (false)
   = cableTermination: unchanged (["3.5mm","6.35mm"])
   = detachableCable: unchanged (true)
   = cableLengthM: unchanged (1.8)
   = foldable: unchanged (false)
   = ipxRating: unchanged (null)
   = bluetoothCodecs: unchanged (null)
   = anc: unchanged ("none")
   = batteryLifeHours: unchanged ({"ancOff":null,"ancOn":null})
   = driverType: unchanged (["dynamic"])
   = impedanceOhms: unchanged (26)
   = sensitivityDbMw: unchanged (100)
   ~ freqResponseHz: {"max":22000,"min":25} -> {"min":25,"max":22000}
   = awards: unchanged (null)
   = driverConfigBucket: unchanged (null)
   = driverConfigDetail: unchanged (null)
   = soundSignature: unchanged (null)
   💾 backed up prior filterAttributes -> /home/jan/work/sanglogium/sanity-cms/backups/backup_headphones_Pn6oyV4Ks5AcNbecjgql0e_2026-09-14T21-55-26-326Z.json
   ✅ patched. rev: zDJarnvq2QjrVWJbUcNqUB

🎧 PATCH (WRITE) — Focal Radiance Headphones Limited Edition (MrEMtYwMtrFDGWmRnQT5sJ)

   Field diff (filterAttributes.*):
   ~ productCategory: null -> ["over-ear"]
   ~ wearingStyle: "over-ear" -> ["over-ear"]
   = acousticDesign: unchanged (["closed-back"])
   = fitType: unchanged (null)
   = connectivity: unchanged ("wired")
   ~ portable: null -> true
   = microphone: unchanged (false)
   = cableTermination: unchanged (["3.5mm","6.35mm"])
   ~ detachableCable: null -> true
   ~ cableLengthM: null -> 1.2
   ~ foldable: null -> false
   = ipxRating: unchanged (null)
   = bluetoothCodecs: unchanged (null)
   ~ anc: "passive" -> "none"
   ~ batteryLifeHours: null -> {"ancOff":null,"ancOn":null}
   ~ driverType: "dynamic" -> ["dynamic"]
   ~ impedanceOhms: null -> 35
   ~ sensitivityDbMw: null -> 105
   ~ freqResponseHz: null -> {"min":5,"max":23000}
   = awards: unchanged (null)
   = driverConfigBucket: unchanged (null)
   = driverConfigDetail: unchanged (null)
   ~ soundSignature: null -> "Harman neutral"
   💾 backed up prior filterAttributes -> /home/jan/work/sanglogium/sanity-cms/backups/backup_headphones_MrEMtYwMtrFDGWmRnQT5sJ_2026-09-14T21-55-27-327Z.json
   ✅ patched. rev: zDJarnvq2QjrVWJbUcNqf1

🎧 PATCH (WRITE) — Focal Radiance Limited Edition (k27n1AQuIbSr5iozFz7E1H)

   Field diff (filterAttributes.*):
   = productCategory: unchanged (["over-ear"])
   = wearingStyle: unchanged (["over-ear"])
   = acousticDesign: unchanged (["closed-back"])
   = fitType: unchanged (null)
   = connectivity: unchanged ("wired")
   = portable: unchanged (true)
   = microphone: unchanged (false)
   = cableTermination: unchanged (["3.5mm","6.35mm"])
   = detachableCable: unchanged (true)
   = cableLengthM: unchanged (1.2)
   = foldable: unchanged (false)
   = ipxRating: unchanged (null)
   = bluetoothCodecs: unchanged (null)
   = anc: unchanged ("none")
   = batteryLifeHours: unchanged ({"ancOff":null,"ancOn":null})
   = driverType: unchanged (["dynamic"])
   = impedanceOhms: unchanged (35)
   = sensitivityDbMw: unchanged (105)
   ~ freqResponseHz: {"max":23000,"min":5} -> {"min":5,"max":23000}
   = awards: unchanged (null)
   = driverConfigBucket: unchanged (null)
   = driverConfigDetail: unchanged (null)
   = soundSignature: unchanged ("Neutral")
   💾 backed up prior filterAttributes -> /home/jan/work/sanglogium/sanity-cms/backups/backup_headphones_k27n1AQuIbSr5iozFz7E1H_2026-09-14T21-55-28-350Z.json
   ✅ patched. rev: DE7q4q517EcCNrf7ORGtwt

🎧 PATCH (WRITE) — Focal Stellia Closed-Back Headphones (xMEqvkRBbdrlJXyFG8igwj)

   Field diff (filterAttributes.*):
   ~ productCategory: null -> ["over-ear"]
   ~ wearingStyle: "over-ear" -> ["over-ear"]
   = acousticDesign: unchanged (["closed-back"])
   = fitType: unchanged (null)
   = connectivity: unchanged ("wired")
   ~ portable: null -> true
   = microphone: unchanged (false)
   ~ cableTermination: ["3.5mm","6.35mm"] -> ["3.5mm","6.35mm","4-pin-xlr"]
   ~ detachableCable: null -> true
   ~ cableLengthM: null -> 1.2
   ~ foldable: null -> false
   = ipxRating: unchanged (null)
   = bluetoothCodecs: unchanged (null)
   ~ anc: "passive" -> "none"
   ~ batteryLifeHours: null -> {"ancOff":null,"ancOn":null}
   ~ driverType: "dynamic" -> ["dynamic"]
   ~ impedanceOhms: null -> 35
   ~ sensitivityDbMw: null -> 106
   ~ freqResponseHz: null -> {"min":5,"max":23000}
   = awards: unchanged (null)
   = driverConfigBucket: unchanged (null)
   = driverConfigDetail: unchanged (null)
   ~ soundSignature: null -> "Neutral with bass boost"
   💾 backed up prior filterAttributes -> /home/jan/work/sanglogium/sanity-cms/backups/backup_headphones_xMEqvkRBbdrlJXyFG8igwj_2026-09-14T21-55-29-361Z.json
   ✅ patched. rev: meSxs4Qz3A09YiBBbow150

🎧 PATCH (WRITE) — Focal Stellia Headphones (PHPYj28HJdPDHAaIBCCaW4)

   Field diff (filterAttributes.*):
   ~ productCategory: null -> ["over-ear"]
   ~ wearingStyle: "over-ear" -> ["over-ear"]
   = acousticDesign: unchanged (["closed-back"])
   = fitType: unchanged (null)
   = connectivity: unchanged ("wired")
   ~ portable: null -> true
   = microphone: unchanged (false)
   ~ cableTermination: ["3.5mm","6.35mm"] -> ["3.5mm","6.35mm","4-pin-xlr"]
   ~ detachableCable: null -> true
   ~ cableLengthM: null -> 1.2
   ~ foldable: null -> false
   = ipxRating: unchanged (null)
   = bluetoothCodecs: unchanged (null)
   ~ anc: "passive" -> "none"
   ~ batteryLifeHours: null -> {"ancOff":null,"ancOn":null}
   ~ driverType: "dynamic" -> ["dynamic"]
   ~ impedanceOhms: null -> 35
   ~ sensitivityDbMw: null -> 106
   ~ freqResponseHz: null -> {"min":5,"max":23000}
   = awards: unchanged (null)
   = driverConfigBucket: unchanged (null)
   = driverConfigDetail: unchanged (null)
   ~ soundSignature: null -> "Neutral with bass boost"
   💾 backed up prior filterAttributes -> /home/jan/work/sanglogium/sanity-cms/backups/backup_headphones_PHPYj28HJdPDHAaIBCCaW4_2026-09-14T21-55-30-406Z.json
   ✅ patched. rev: DE7q4q517EcCNrf7ORGuDT

🎧 PATCH (WRITE) — Focal Utopia (2022) Open-Back Headphones (xMEqvkRBbdrlJXyFG8f1l7)

   Field diff (filterAttributes.*):
   ~ productCategory: null -> ["over-ear"]
   ~ wearingStyle: "over-ear" -> ["over-ear"]
   = acousticDesign: unchanged (["open-back"])
   = fitType: unchanged (null)
   = connectivity: unchanged ("wired")
   ~ portable: null -> false
   = microphone: unchanged (false)
   ~ cableTermination: ["3.5mm","6.35mm"] -> ["3.5mm","6.35mm","4-pin-xlr"]
   ~ detachableCable: null -> true
   ~ cableLengthM: null -> 1.5
   ~ foldable: null -> false
   = ipxRating: unchanged (null)
   = bluetoothCodecs: unchanged (null)
   = anc: unchanged ("none")
   ~ batteryLifeHours: null -> {"ancOff":null,"ancOn":null}
   ~ driverType: "dynamic" -> ["dynamic"]
   ~ impedanceOhms: null -> 80
   ~ sensitivityDbMw: null -> 104
   ~ freqResponseHz: null -> {"min":5,"max":23000}
   = awards: unchanged (null)
   = driverConfigBucket: unchanged (null)
   = driverConfigDetail: unchanged (null)
   ~ soundSignature: null -> "Neutral"
   💾 backed up prior filterAttributes -> /home/jan/work/sanglogium/sanity-cms/backups/backup_headphones_xMEqvkRBbdrlJXyFG8f1l7_2026-09-14T21-55-31-454Z.json
   ✅ patched. rev: zDJarnvq2QjrVWJbUcNqpr

🎧 PATCH (WRITE) — Focal Utopia 2022 (PHPYj28HJdPDHAaIBADqsm)

   Field diff (filterAttributes.*):
   = productCategory: unchanged (["over-ear"])
   = wearingStyle: unchanged (["over-ear"])
   = acousticDesign: unchanged (["open-back"])
   = fitType: unchanged (null)
   = connectivity: unchanged ("wired")
   = portable: unchanged (false)
   = microphone: unchanged (false)
   = cableTermination: unchanged (["3.5mm","6.35mm","4-pin-xlr"])
   = detachableCable: unchanged (true)
   = cableLengthM: unchanged (1.5)
   = foldable: unchanged (false)
   = ipxRating: unchanged (null)
   = bluetoothCodecs: unchanged (null)
   = anc: unchanged ("none")
   = batteryLifeHours: unchanged ({"ancOff":null,"ancOn":null})
   = driverType: unchanged (["dynamic"])
   = impedanceOhms: unchanged (80)
   = sensitivityDbMw: unchanged (104)
   ~ freqResponseHz: {"max":23000,"min":5} -> {"min":5,"max":23000}
   = awards: unchanged (null)
   = driverConfigBucket: unchanged (null)
   = driverConfigDetail: unchanged (null)
   = soundSignature: unchanged ("Neutral")
   💾 backed up prior filterAttributes -> /home/jan/work/sanglogium/sanity-cms/backups/backup_headphones_PHPYj28HJdPDHAaIBADqsm_2026-09-14T21-55-32-494Z.json
   ✅ patched. rev: DE7q4q517EcCNrf7ORGuU3

🎧 PATCH (WRITE) — Focal Utopia (moXlkADK7m1DHgGwWtUHWs)

   Field diff (filterAttributes.*):
   = productCategory: unchanged (["over-ear"])
   = wearingStyle: unchanged (["over-ear"])
   = acousticDesign: unchanged (["open-back"])
   = fitType: unchanged (null)
   = connectivity: unchanged ("wired")
   = portable: unchanged (false)
   = microphone: unchanged (false)
   = cableTermination: unchanged (["3.5mm","6.35mm","4-pin-xlr"])
   = detachableCable: unchanged (true)
   = cableLengthM: unchanged (1.5)
   = foldable: unchanged (false)
   = ipxRating: unchanged (null)
   = bluetoothCodecs: unchanged (null)
   = anc: unchanged ("none")
   = batteryLifeHours: unchanged ({"ancOff":null,"ancOn":null})
   = driverType: unchanged (["dynamic"])
   = impedanceOhms: unchanged (80)
   = sensitivityDbMw: unchanged (104)
   ~ freqResponseHz: {"max":23000,"min":5} -> {"min":5,"max":23000}
   = awards: unchanged (null)
   = driverConfigBucket: unchanged (null)
   = driverConfigDetail: unchanged (null)
   = soundSignature: unchanged ("Neutral")
   💾 backed up prior filterAttributes -> /home/jan/work/sanglogium/sanity-cms/backups/backup_headphones_moXlkADK7m1DHgGwWtUHWs_2026-09-14T21-55-33-535Z.json
   ✅ patched. rev: DE7q4q517EcCNrf7ORGugU

🎧 PATCH (WRITE) — Audeze Audeze CRBN2 Electrostatic Headphones (Case Included) (DZc43yHr6ydfgE7zB460aC)

   Field diff (filterAttributes.*):
   = awards: unchanged (null)
   ~ productCategory: null -> ["over-ear"]
   ~ wearingStyle: "over-ear" -> ["over-ear"]
   ~ acousticDesign: ["closed-back"] -> ["open-back"]
   = connectivity: unchanged ("wired")
   ~ portable: null -> false
   = soundSignature: unchanged (null)
   = impedanceOhms: unchanged (null)
   = sensitivityDbMw: unchanged (null)
   ~ freqResponseHz: null -> {"min":10,"max":40000}
   = microphone: unchanged (false)
   ~ cableTermination: ["3.5mm","6.35mm"] -> null
   ~ detachableCable: null -> false
   ~ cableLengthM: null -> 2.5
   ~ foldable: null -> false
   ~ anc: "passive" -> "none"
   ~ batteryLifeHours: null -> {"ancOff":null,"ancOn":null}
   ~ driverType: "electrostatic" -> ["electrostatic"]
   💾 backed up prior filterAttributes -> /home/jan/work/sanglogium/sanity-cms/backups/backup_headphones_DZc43yHr6ydfgE7zB460aC_2026-09-14T21-57-41-194Z.json
   ✅ patched. rev: zDJarnvq2QjrVWJbUcO02h

🎧 PATCH (WRITE) — Audeze Audeze LCD-2 Classic (Apos Certified) (xMEqvkRBbdrlJXyFG8enyh)

   Field diff (filterAttributes.*):
   ~ awards: null -> ["The Verge — \"Editor's Choice award. It's one of the best models that Audeze have ever made...for under a grand, nothing sounds as good.\""]
   ~ productCategory: null -> ["over-ear"]
   ~ wearingStyle: "over-ear" -> ["over-ear"]
   ~ acousticDesign: ["closed-back"] -> ["open-back"]
   = connectivity: unchanged ("wired")
   ~ portable: null -> false
   ~ soundSignature: null -> "Warm"
   ~ impedanceOhms: null -> 70
   ~ sensitivityDbMw: null -> 101
   ~ freqResponseHz: null -> {"min":10,"max":50000}
   = microphone: unchanged (false)
   ~ cableTermination: ["3.5mm","6.35mm"] -> ["4-pin-xlr","6.35mm"]
   ~ detachableCable: null -> true
   = cableLengthM: unchanged (null)
   ~ foldable: null -> false
   ~ anc: "passive" -> "none"
   ~ batteryLifeHours: null -> {"ancOff":null,"ancOn":null}
   ~ driverType: "dynamic" -> ["planar-magnetic"]
   💾 backed up prior filterAttributes -> /home/jan/work/sanglogium/sanity-cms/backups/backup_headphones_xMEqvkRBbdrlJXyFG8enyh_2026-09-14T21-57-42-576Z.json
   ✅ patched. rev: meSxs4Qz3A09YiBBbow6UU

🎧 PATCH (WRITE) — Audeze LCD-2 Classic Headphones (PHPYj28HJdPDHAaIBAJiLG)

   Field diff (filterAttributes.*):
   = awards: unchanged (["The Switch Master — \"Editor's Choice award\""])
   = productCategory: unchanged (["over-ear"])
   = wearingStyle: unchanged (["over-ear"])
   = acousticDesign: unchanged (["open-back"])
   = connectivity: unchanged ("wired")
   = portable: unchanged (false)
   = soundSignature: unchanged ("Warm")
   = impedanceOhms: unchanged (70)
   = sensitivityDbMw: unchanged (101)
   ~ freqResponseHz: {"max":50000,"min":10} -> {"min":10,"max":50000}
   = microphone: unchanged (false)
   = cableTermination: unchanged (["4-pin-xlr","6.35mm"])
   = detachableCable: unchanged (true)
   = foldable: unchanged (false)
   = anc: unchanged ("none")
   = batteryLifeHours: unchanged ({"ancOff":null,"ancOn":null})
   = driverType: unchanged (["planar-magnetic"])
   💾 backed up prior filterAttributes -> /home/jan/work/sanglogium/sanity-cms/backups/backup_headphones_PHPYj28HJdPDHAaIBAJiLG_2026-09-14T21-57-43-721Z.json
   ✅ patched. rev: meSxs4Qz3A09YiBBbow6eA

🎧 PATCH (WRITE) — Audeze LCD-2 Open Back Headphone (xMEqvkRBbdrlJXyFG8elsb)

   Field diff (filterAttributes.*):
   = awards: unchanged (null)
   ~ productCategory: null -> ["over-ear"]
   ~ wearingStyle: "over-ear" -> ["over-ear"]
   = acousticDesign: unchanged (["open-back"])
   = connectivity: unchanged ("wired")
   ~ portable: null -> false
   ~ soundSignature: null -> "Warm"
   ~ impedanceOhms: null -> 70
   ~ sensitivityDbMw: null -> 101
   ~ freqResponseHz: null -> {"min":10,"max":50000}
   = microphone: unchanged (false)
   ~ cableTermination: ["3.5mm","6.35mm"] -> ["4-pin-xlr","6.35mm"]
   ~ detachableCable: null -> true
   = cableLengthM: unchanged (null)
   ~ foldable: null -> false
   = anc: unchanged ("none")
   ~ batteryLifeHours: null -> {"ancOff":null,"ancOn":null}
   ~ driverType: "dynamic" -> ["planar-magnetic"]
   💾 backed up prior filterAttributes -> /home/jan/work/sanglogium/sanity-cms/backups/backup_headphones_xMEqvkRBbdrlJXyFG8elsb_2026-09-14T21-57-44-713Z.json
   ✅ patched. rev: meSxs4Qz3A09YiBBbow6nq

🎧 PATCH (WRITE) — Audeze LCD-5 Planar Magnetic Headphone (GPjMdcfFWZVrKyR2PB55De)

   Field diff (filterAttributes.*):
   = awards: unchanged (null)
   ~ productCategory: null -> ["over-ear"]
   ~ wearingStyle: "over-ear" -> ["over-ear"]
   ~ acousticDesign: ["closed-back"] -> ["open-back"]
   = connectivity: unchanged ("wired")
   ~ portable: null -> false
   = soundSignature: unchanged (null)
   ~ impedanceOhms: null -> 14
   ~ sensitivityDbMw: null -> 90
   ~ freqResponseHz: null -> {"min":5,"max":50000}
   = microphone: unchanged (false)
   ~ cableTermination: ["3.5mm","6.35mm"] -> ["4-pin-xlr","6.35mm"]
   ~ detachableCable: null -> true
   ~ cableLengthM: null -> 2.5
   ~ foldable: null -> false
   ~ anc: "passive" -> "none"
   ~ batteryLifeHours: null -> {"ancOff":null,"ancOn":null}
   ~ driverType: "planar-magnetic" -> ["planar-magnetic"]
   💾 backed up prior filterAttributes -> /home/jan/work/sanglogium/sanity-cms/backups/backup_headphones_GPjMdcfFWZVrKyR2PB55De_2026-09-14T21-57-45-759Z.json
   ✅ patched. rev: meSxs4Qz3A09YiBBbow6xW

🎧 PATCH (WRITE) — Audeze LCD-5s Planar Magnetic Headphone (xMEqvkRBbdrlJXyFG8kl09)

   Field diff (filterAttributes.*):
   = awards: unchanged (null)
   ~ productCategory: null -> ["over-ear"]
   ~ wearingStyle: "over-ear" -> ["over-ear"]
   ~ acousticDesign: ["closed-back"] -> ["open-back"]
   = connectivity: unchanged ("wired")
   ~ portable: null -> false
   = soundSignature: unchanged (null)
   ~ impedanceOhms: null -> 35
   ~ sensitivityDbMw: null -> 90
   ~ freqResponseHz: null -> {"min":5,"max":50000}
   = microphone: unchanged (false)
   ~ cableTermination: ["3.5mm","6.35mm"] -> ["4-pin-xlr","6.35mm"]
   ~ detachableCable: null -> true
   = cableLengthM: unchanged (null)
   ~ foldable: null -> false
   ~ anc: "passive" -> "none"
   ~ batteryLifeHours: null -> {"ancOff":null,"ancOn":null}
   ~ driverType: "planar-magnetic" -> ["planar-magnetic"]
   💾 backed up prior filterAttributes -> /home/jan/work/sanglogium/sanity-cms/backups/backup_headphones_xMEqvkRBbdrlJXyFG8kl09_2026-09-14T21-57-46-859Z.json
   ✅ patched. rev: zDJarnvq2QjrVWJbUcO0Kl

🎧 PATCH (WRITE) — Audeze LCD-X Headphones | 2024 Creator's Edition (moXlkADK7m1DHgGwWtbizC)

   Field diff (filterAttributes.*):
   = productCategory: unchanged (["over-ear"])
   = wearingStyle: unchanged (["over-ear"])
   = acousticDesign: unchanged (["open-back"])
   = connectivity: unchanged ("wired")
   = portable: unchanged (false)
   = soundSignature: unchanged ("Warm")
   = impedanceOhms: unchanged (20)
   = sensitivityDbMw: unchanged (103)
   ~ freqResponseHz: {"max":50000,"min":10} -> {"min":10,"max":50000}
   = microphone: unchanged (false)
   = cableTermination: unchanged (["4-pin-xlr","6.35mm"])
   = detachableCable: unchanged (true)
   = cableLengthM: unchanged (1.9)
   = foldable: unchanged (false)
   = anc: unchanged ("none")
   = batteryLifeHours: unchanged ({"ancOff":null,"ancOn":null})
   = driverType: unchanged (["planar-magnetic"])
   💾 backed up prior filterAttributes -> /home/jan/work/sanglogium/sanity-cms/backups/backup_headphones_moXlkADK7m1DHgGwWtbizC_2026-09-14T21-57-48-092Z.json
   ✅ patched. rev: zDJarnvq2QjrVWJbUcO0ZD

🎧 PATCH (WRITE) — Audeze LCD-X Headphones | 2024 Creator's Edition (Pn6oyV4Ks5AcNbecjgysXB)

   Field diff (filterAttributes.*):
   = productCategory: unchanged (["over-ear"])
   = wearingStyle: unchanged (["over-ear"])
   = acousticDesign: unchanged (["open-back"])
   = connectivity: unchanged ("wired")
   = portable: unchanged (false)
   = soundSignature: unchanged ("Warm")
   = impedanceOhms: unchanged (20)
   = sensitivityDbMw: unchanged (103)
   ~ freqResponseHz: {"max":50000,"min":10} -> {"min":10,"max":50000}
   = microphone: unchanged (false)
   = cableTermination: unchanged (["4-pin-xlr","6.35mm"])
   = detachableCable: unchanged (true)
   = cableLengthM: unchanged (1.9)
   = foldable: unchanged (false)
   = anc: unchanged ("none")
   = batteryLifeHours: unchanged ({"ancOff":null,"ancOn":null})
   = driverType: unchanged (["planar-magnetic"])
   💾 backed up prior filterAttributes -> /home/jan/work/sanglogium/sanity-cms/backups/backup_headphones_Pn6oyV4Ks5AcNbecjgysXB_2026-09-14T21-57-49-262Z.json
   ✅ patched. rev: meSxs4Qz3A09YiBBbow77C

🎧 PATCH (WRITE) — Audeze LCD-X Open Back Headphone (GPjMdcfFWZVrKyR2PB54HS)

   Field diff (filterAttributes.*):
   = awards: unchanged (null)
   ~ productCategory: null -> ["over-ear"]
   ~ wearingStyle: "over-ear" -> ["over-ear"]
   = acousticDesign: unchanged (["open-back"])
   = connectivity: unchanged ("wired")
   ~ portable: null -> false
   ~ soundSignature: null -> "Neutral"
   ~ impedanceOhms: null -> 20
   ~ sensitivityDbMw: null -> 103
   ~ freqResponseHz: null -> {"min":10,"max":50000}
   = microphone: unchanged (false)
   ~ cableTermination: ["3.5mm","6.35mm"] -> ["4-pin-xlr","6.35mm"]
   ~ detachableCable: null -> true
   ~ cableLengthM: null -> 1.9
   ~ foldable: null -> false
   = anc: unchanged ("none")
   ~ batteryLifeHours: null -> {"ancOff":null,"ancOn":null}
   ~ driverType: "dynamic" -> ["planar-magnetic"]
   💾 backed up prior filterAttributes -> /home/jan/work/sanglogium/sanity-cms/backups/backup_headphones_GPjMdcfFWZVrKyR2PB54HS_2026-09-14T21-57-50-303Z.json
   ✅ patched. rev: zDJarnvq2QjrVWJbUcO0k3

🎧 PATCH (WRITE) — Audeze LCD-XC Headphones | 2021 Creator's Edition with Economy Travel Case - Open Box (k27n1AQuIbSr5iozFz7FkW)

   Field diff (filterAttributes.*):
   = productCategory: unchanged (["over-ear"])
   = wearingStyle: unchanged (["over-ear"])
   = acousticDesign: unchanged (["closed-back"])
   = connectivity: unchanged ("wired")
   = portable: unchanged (false)
   = soundSignature: unchanged ("Neutral")
   = impedanceOhms: unchanged (20)
   = sensitivityDbMw: unchanged (100)
   ~ freqResponseHz: {"max":50000,"min":10} -> {"min":10,"max":50000}
   = microphone: unchanged (false)
   = cableTermination: unchanged (["6.35mm"])
   = detachableCable: unchanged (true)
   = cableLengthM: unchanged (1.9)
   = foldable: unchanged (false)
   = anc: unchanged ("passive")
   = batteryLifeHours: unchanged ({"ancOff":null,"ancOn":null})
   = driverType: unchanged (["planar-magnetic"])
   💾 backed up prior filterAttributes -> /home/jan/work/sanglogium/sanity-cms/backups/backup_headphones_k27n1AQuIbSr5iozFz7FkW_2026-09-14T21-57-51-296Z.json
   ✅ patched. rev: DE7q4q517EcCNrf7ORH5Rr

🎧 PATCH (WRITE) — Audeze LCD-XC Headphones | 2024 Creator's Edition (PHPYj28HJdPDHAaIBCCjUc)

   Field diff (filterAttributes.*):
   = awards: unchanged (null)
   ~ productCategory: null -> ["over-ear"]
   ~ wearingStyle: "over-ear" -> ["over-ear"]
   = acousticDesign: unchanged (["closed-back"])
   = connectivity: unchanged ("wired")
   ~ portable: null -> false
   ~ soundSignature: null -> "Neutral"
   ~ impedanceOhms: null -> 20
   ~ sensitivityDbMw: null -> 100
   ~ freqResponseHz: null -> {"min":10,"max":50000}
   = microphone: unchanged (false)
   ~ cableTermination: ["3.5mm","6.35mm"] -> ["4-pin-xlr","6.35mm"]
   ~ detachableCable: null -> true
   ~ cableLengthM: null -> 1.9
   ~ foldable: null -> false
   = anc: unchanged ("passive")
   ~ batteryLifeHours: null -> {"ancOff":null,"ancOn":null}
   ~ driverType: "planar-magnetic" -> ["planar-magnetic"]
   💾 backed up prior filterAttributes -> /home/jan/work/sanglogium/sanity-cms/backups/backup_headphones_PHPYj28HJdPDHAaIBCCjUc_2026-09-14T21-57-52-330Z.json
   ✅ patched. rev: zDJarnvq2QjrVWJbUcO0ut

🎧 PATCH (WRITE) — Audeze Maxwell Wireless Headphones (moXlkADK7m1DHgGwWtWl8T)

   Field diff (filterAttributes.*):
   = awards: unchanged (["PC Gamer — \"Editor's Pick Award\"","GamesRadar — \"Editor's Choice Award\""])
   = productCategory: unchanged (["over-ear"])
   = wearingStyle: unchanged (["over-ear"])
   = acousticDesign: unchanged (["closed-back"])
   = connectivity: unchanged ("wireless")
   = portable: unchanged (true)
   = soundSignature: unchanged ("Warm")
   ~ freqResponseHz: {"max":50000,"min":10} -> {"min":10,"max":50000}
   = microphone: unchanged (true)
   = cableTermination: unchanged (["3.5mm"])
   = detachableCable: unchanged (true)
   = foldable: unchanged (false)
   = bluetoothCodecs: unchanged (["SBC","AAC","LDAC","LC3"])
   = anc: unchanged ("none")
   = batteryLifeHours: unchanged ({"ancOff":80,"ancOn":null})
   = driverType: unchanged (["planar-magnetic"])
   💾 backed up prior filterAttributes -> /home/jan/work/sanglogium/sanity-cms/backups/backup_headphones_moXlkADK7m1DHgGwWtWl8T_2026-09-14T21-57-53-360Z.json
   ✅ patched. rev: DE7q4q517EcCNrf7ORH5eI

🎧 PATCH (WRITE) — Audeze MM-100 Headphones (Pn6oyV4Ks5AcNbecjgz0Fr)

   Field diff (filterAttributes.*):
   = productCategory: unchanged (["over-ear"])
   = wearingStyle: unchanged (["over-ear"])
   = acousticDesign: unchanged (["open-back"])
   = connectivity: unchanged ("wired")
   = portable: unchanged (true)
   = soundSignature: unchanged ("Neutral")
   = impedanceOhms: unchanged (18)
   = sensitivityDbMw: unchanged (98)
   ~ freqResponseHz: {"max":25000,"min":20} -> {"min":20,"max":25000}
   = microphone: unchanged (false)
   = cableTermination: unchanged (["3.5mm","6.35mm"])
   = detachableCable: unchanged (true)
   = cableLengthM: unchanged (2.5)
   = foldable: unchanged (false)
   = anc: unchanged ("none")
   = batteryLifeHours: unchanged ({"ancOff":null,"ancOn":null})
   = driverType: unchanged (["planar-magnetic"])
   💾 backed up prior filterAttributes -> /home/jan/work/sanglogium/sanity-cms/backups/backup_headphones_Pn6oyV4Ks5AcNbecjgz0Fr_2026-09-14T21-57-54-369Z.json
   ✅ patched. rev: zDJarnvq2QjrVWJbUcO15j
