_id,name,slug,rootCategory,leafCategory,Price,Brand,Availability,Category,Wearing style,Back design,Driver type,Connectivity,Connector / plug,Microphone,Noise cancelling,Requires amplifier,Device type,Form factor,Amplification,DAC included,Balanced output,Inputs,Outputs,Accessory type,Connector / termination,Compatibility
0IQ2UjkdXJma4iOcjnwqbl,"AudioQuest DragonTail Carbon USB A to C Adapter",audioquest-dragontail-carbon-usb-a-to-c-adapter,accessories,Adapters,needs value,needs value,needs value,needs value,N/A: Facet only applies to headphones products; this product is accessories,N/A: Facet only applies to headphones products; this product is accessories,N/A: Facet only applies to headphones products; this product is accessories,N/A: Facet only applies to headphones products; this product is accessories,N/A: Facet only applies to headphones products; this product is accessories,N/A: Facet only applies to headphones products; this product is accessories,N/A: Facet only applies to headphones products; this product is accessories,N/A: Facet only applies to headphones products; this product is accessories,N/A: Facet only applies to audio-electronics products; this product is accessories,N/A: Facet only applies to audio-electronics products; this product is accessories,N/A: Facet only applies to audio-electronics products; this product is accessories,N/A: Facet only applies to audio-electronics products; this product is accessories,N/A: Facet only applies to audio-electronics products; this product is accessories,N/A: Facet only applies to audio-electronics products; this product is accessories,N/A: Facet only applies to audio-electronics products; this product is accessories,needs value,needs value,needs value
0IQ2UjkdXJma4iOcjnwrjp,"SVS SoundPath Tri-Band Wireless Receiver for SoundPath Wireless Audio Adapter",svs-soundpath-tri-band-wireless-receiver-for-soundpath-wireless-audio-adapter,accessories,Adapters,needs value,needs value,needs value,needs value,N/A: Facet only applies to headphones products; this product is accessories,N/A: Facet only applies to headphones products; this product is accessories,N/A: Facet only applies to headphones products; this product is accessories,N/A: Facet only applies to headphones products; this product is accessories,N/A: Facet only applies to headphones products; this product is accessories,N/A: Facet only applies to headphones products; this product is accessories,N/A: Facet only applies to headphones products; this product is accessories,N/A: Facet only applies to headphones products; this product is accessories,N/A: Facet only applies to audio-electronics products; this product is accessories,N/A: Facet only applies to audio-electronics products; this product is accessories,N/A: Facet only applies to audio-electronics products; this product is accessories,N/A: Facet only applies to audio-electronics products; this product is accessories,N/A: Facet only applies to audio-electronics products; this product is accessories,N/A: Facet only applies to audio-electronics products; this product is accessories,N/A: Facet only applies to audio-electronics products; this product is accessories,needs value,needs value,needs value
0IQ2UjkdXJma4iOcjobwvF,"Ear Pads for Audeze LCD Series Headphones - Fits variants of LCD-2, LCD-3, LCD-4, LCD-X",ear-pads-for-audeze-lcd-series-headphones-fits-variants-of-lcd-2-lcd-3-lcd-4-lcd-x,accessories,Earpads,needs value,needs value,needs value,needs value,N/A: Facet only applies to headphones products; this product is accessories,N/A: Facet only applies to headphones products; this product is accessories,N/A: Facet only applies to headphones products; this product is accessories,N/A: Facet only applies to headphones products; this product is accessories,N/A: Facet only applies to headphones products; this product is accessories,N/A: Facet only applies to headphones products; this product is accessories,N/A: Facet only applies to headphones products; this product is accessories,N/A: Facet only applies to headphones products; this product is accessories,N/A: Facet only applies to audio-electronics products; this product is accessories,N/A: Facet only applies to audio-electronics products; this product is accessories,N/A: Facet only applies to audio-electronics products; this product is accessories,N/A: Facet only applies to audio-electronics products; this product is accessories,N/A: Facet only applies to audio-electronics products; this product is accessories,N/A: Facet only applies to audio-electronics products; this product is accessories,N/A: Facet only applies to audio-electronics products; this product is accessories,needs value,N/A: Earpads, eartips, stands, cases and care products have no connector/termination,needs value
0IQ2UjkdXJma4iOcjocCJs,"Replacement Earpads for Focal Headphones - Stellia, Radiante, Utopia, Clear, ClearMG, Celestee",replacement-earpads-for-focal-headphones-stellia-radiante-utopia-clear-clearmg-celestee,accessories,Earpads,needs value,needs value,needs value,needs value,N/A: Facet only applies to headphones products; this product is accessories,N/A: Facet only applies to headphones products; this product is accessories,N/A: Facet only applies to headphones products; this product is accessories,N/A: Facet only applies to headphones products; this product is accessories,N/A: Facet only applies to headphones products; this product is accessories,N/A: Facet only applies to headphones products; this product is accessories,N/A: Facet only applies to headphones products; this product is accessories,N/A: Facet only applies to headphones products; this product is accessories,N/A: Facet only applies to audio-electronics products; this product is accessories,N/A: Facet only applies to audio-electronics products; this product is accessories,N/A: Facet only applies to audio-electronics products; this product is accessories,N/A: Facet only applies to audio-electronics products; this product is accessories,N/A: Facet only applies to audio-electronics products; this product is accessories,N/A: Facet only applies to audio-electronics products; this product is accessories,N/A: Facet only applies to audio-electronics products; this product is accessories,needs value,N/A: Earpads, eartips, stands, cases and care products have no connector/termination,needs value
0IQ2UjkdXJma4iOcjodDq5,"Memory Foam Isolation Earphone Tips Black 4.9mm Mercury",memory-foam-isolation-earphone-tips-black-4-9mm-mercury,accessories,Eartips,needs value,needs value,needs value,needs value,N/A: Facet only applies to headphones products; this product is accessories,N/A: Facet only applies to headphones products; this product is accessories,N/A: Facet only applies to headphones products; this product is accessories,N/A: Facet only applies to headphones products; this product is accessories,N/A: Facet only applies to headphones products; this product is accessories,N/A: Facet only applies to headphones products; this product is accessories,N/A: Facet only applies to headphones products; this product is accessories,N/A: Facet only applies to headphones products; this product is accessories,N/A: Facet only applies to audio-electronics products; this product is accessories,N/A: Facet only applies to audio-electronics products; this product is accessories,N/A: Facet only applies to audio-electronics products; this product is accessories,N/A: Facet only applies to audio-electronics products; this product is accessories,N/A: Facet only applies to audio-electronics products; this product is accessories,N/A: Facet only applies to audio-electronics products; this product is accessories,N/A: Facet only applies to audio-electronics products; this product is accessories,needs value,N/A: Earpads, eartips, stands, cases and care products have no connector/termination,needs value
0IQ2UjkdXJma4iOcjodeA0,"Memory Foam Isolation Earphone Tips Black - Samsung Galaxy Buds2 Pro",memory-foam-isolation-earphone-tips-black-samsung-galaxy-buds2-pro,accessories,Eartips,needs value,needs value,needs value,needs value,N/A: Facet only applies to headphones products; this product is accessories,N/A: Facet only applies to headphones products; this product is accessories,N/A: Facet only applies to headphones products; this product is accessories,N/A: Facet only applies to headphones products; this product is accessories,N/A: Facet only applies to headphones products; this product is accessories,N/A: Facet only applies to headphones products; this product is accessories,N/A: Facet only applies to headphones products; this product is accessories,N/A: Facet only applies to headphones products; this product is accessories,N/A: Facet only applies to audio-electronics products; this product is accessories,N/A: Facet only applies to audio-electronics products; this product is accessories,N/A: Facet only applies to audio-electronics products; this product is accessories,N/A: Facet only applies to audio-electronics products; this product is accessories,N/A: Facet only applies to audio-electronics products; this product is accessories,N/A: Facet only applies to audio-electronics products; this product is accessories,N/A: Facet only applies to audio-electronics products; this product is accessories,needs value,N/A: Earpads, eartips, stands, cases and care products have no connector/termination,needs value
0IQ2UjkdXJma4iOcjodsEt,"Dekoni Audio Headphone Cleaning Kit with Cleaning Spray and Cloth",dekoni-audio-headphone-cleaning-kit-with-cleaning-spray-and-cloth,accessories,Care & Cleaning,needs value,needs value,needs value,needs value,N/A: Facet only applies to headphones products; this product is accessories,N/A: Facet only applies to headphones products; this product is accessories,N/A: Facet only applies to headphones products; this product is accessories,N/A: Facet only applies to headphones products; this product is accessories,N/A: Facet only applies to headphones products; this product is accessories,N/A: Facet only applies to headphones products; this product is accessories,N/A: Facet only applies to headphones products; this product is accessories,N/A: Facet only applies to headphones products; this product is accessories,N/A: Facet only applies to audio-electronics products; this product is accessories,N/A: Facet only applies to audio-electronics products; this product is accessories,N/A: Facet only applies to audio-electronics products; this product is accessories,N/A: Facet only applies to audio-electronics products; this product is accessories,N/A: Facet only applies to audio-electronics products; this product is accessories,N/A: Facet only applies to audio-electronics products; this product is accessories,N/A: Facet only applies to audio-electronics products; this product is accessories,needs value,N/A: Earpads, eartips, stands, cases and care products have no connector/termination,needs value
3O1ZNp54LWQGln4uEAU7Vs,"Meze Audio 99 Series 2.5mm or 4.4mm Replacement Cable",meze-audio-99-series-2-5mm-or-4-4mm-replacement-cable,accessories,Headphone Cables,needs value,needs value,needs value,needs value,N/A: Facet only applies to headphones products; this product is accessories,N/A: Facet only applies to headphones products; this product is accessories,N/A: Facet only applies to headphones products; this product is accessories,N/A: Facet only applies to headphones products; this product is accessories,N/A: Facet only applies to headphones products; this product is accessories,N/A: Facet only applies to headphones products; this product is accessories,N/A: Facet only applies to headphones products; this product is accessories,N/A: Facet only applies to headphones products; this product is accessories,N/A: Facet only applies to audio-electronics products; this product is accessories,N/A: Facet only applies to audio-electronics products; this product is accessories,N/A: Facet only applies to audio-electronics products; this product is accessories,N/A: Facet only applies to audio-electronics products; this product is accessories,N/A: Facet only applies to audio-electronics products; this product is accessories,N/A: Facet only applies to audio-electronics products; this product is accessories,N/A: Facet only applies to audio-electronics products; this product is accessories,needs value,needs value,needs value
3O1ZNp54LWQGln4uEAUGAa,"64 Audio Premium Pearl Cable (3.5mm)",64-audio-premium-pearl-cable-3-5mm,accessories,Headphone Cables,needs value,needs value,needs value,needs value,N/A: Facet only applies to headphones products; this product is accessories,N/A: Facet only applies to headphones products; this product is accessories,N/A: Facet only applies to headphones products; this product is accessories,N/A: Facet only applies to headphones products; this product is accessories,N/A: Facet only applies to headphones products; this product is accessories,N/A: Facet only applies to headphones products; this product is accessories,N/A: Facet only applies to headphones products; this product is accessories,N/A: Facet only applies to headphones products; this product is accessories,N/A: Facet only applies to audio-electronics products; this product is accessories,N/A: Facet only applies to audio-electronics products; this product is accessories,N/A: Facet only applies to audio-electronics products; this product is accessories,N/A: Facet only applies to audio-electronics products; this product is accessories,N/A: Facet only applies to audio-electronics products; this product is accessories,N/A: Facet only applies to audio-electronics products; this product is accessories,N/A: Facet only applies to audio-electronics products; this product is accessories,needs value,needs value,needs value
3O1ZNp54LWQGln4uEAUGRi,"Meze Audio OFC Mini 4-Pin XLR Replacement Cable",meze-audio-ofc-mini-4-pin-xlr-replacement-cable,accessories,Headphone Cables,needs value,needs value,needs value,needs value,N/A: Facet only applies to headphones products; this product is accessories,N/A: Facet only applies to headphones products; this product is accessories,N/A: Facet only applies to headphones products; this product is accessories,N/A: Facet only applies to headphones products; this product is accessories,N/A: Facet only applies to headphones products; this product is accessories,N/A: Facet only applies to headphones products; this product is accessories,N/A: Facet only applies to headphones products; this product is accessories,N/A: Facet only applies to headphones products; this product is accessories,N/A: Facet only applies to audio-electronics products; this product is accessories,N/A: Facet only applies to audio-electronics products; this product is accessories,N/A: Facet only applies to audio-electronics products; this product is accessories,N/A: Facet only applies to audio-electronics products; this product is accessories,N/A: Facet only applies to audio-electronics products; this product is accessories,N/A: Facet only applies to audio-electronics products; this product is accessories,N/A: Facet only applies to audio-electronics products; this product is accessories,needs value,needs value,needs value
3O1ZNp54LWQGln4uEAUIek,"Aune Audio AR3",aune-audio-ar3,accessories,Headphone Cables,needs value,needs value,needs value,needs value,N/A: Facet only applies to headphones products; this product is accessories,N/A: Facet only applies to headphones products; this product is accessories,N/A: Facet only applies to headphones products; this product is accessories,N/A: Facet only applies to headphones products; this product is accessories,N/A: Facet only applies to headphones products; this product is accessories,N/A: Facet only applies to headphones products; this product is accessories,N/A: Facet only applies to headphones products; this product is accessories,N/A: Facet only applies to headphones products; this product is accessories,N/A: Facet only applies to audio-electronics products; this product is accessories,N/A: Facet only applies to audio-electronics products; this product is accessories,N/A: Facet only applies to audio-electronics products; this product is accessories,N/A: Facet only applies to audio-electronics products; this product is accessories,N/A: Facet only applies to audio-electronics products; this product is accessories,N/A: Facet only applies to audio-electronics products; this product is accessories,N/A: Facet only applies to audio-electronics products; this product is accessories,needs value,needs value,needs value
3ue0Qq0vhQXjVDzPYWpU1M,"Dekoni Audio Elite Sheepskin Ear Pads for Audeze LCD Series",dekoni-audio-elite-sheepskin-ear-pads-for-audeze-lcd-series,accessories,Earpads,needs value,needs value,needs value,needs value,N/A: Facet only applies to headphones products; this product is accessories,N/A: Facet only applies to headphones products; this product is accessories,N/A: Facet only applies to headphones products; this product is accessories,N/A: Facet only applies to headphones products; this product is accessories,N/A: Facet only applies to headphones products; this product is accessories,N/A: Facet only applies to headphones products; this product is accessories,N/A: Facet only applies to headphones products; this product is accessories,N/A: Facet only applies to headphones products; this product is accessories,N/A: Facet only applies to audio-electronics products; this product is accessories,N/A: Facet only applies to audio-electronics products; this product is accessories,N/A: Facet only applies to audio-electronics products; this product is accessories,N/A: Facet only applies to audio-electronics products; this product is accessories,N/A: Facet only applies to audio-electronics products; this product is accessories,N/A: Facet only applies to audio-electronics products; this product is accessories,N/A: Facet only applies to audio-electronics products; this product is accessories,needs value,N/A: Earpads, eartips, stands, cases and care products have no connector/termination,needs value
A5Y8wEwAn6Fo0zYQ5BM7Yv,"Meze Audio Mono 3.5mm to Balanced 4.4mm Silver-Plated Headphone Cable - 3.9ft.",meze-audio-mono-3-5mm-to-balanced-4-4mm-silver-plated-headphone-cable-3-9ft,accessories,Headphone Cables,needs value,needs value,needs value,needs value,N/A: Facet only applies to headphones products; this product is accessories,N/A: Facet only applies to headphones products; this product is accessories,N/A: Facet only applies to headphones products; this product is accessories,N/A: Facet only applies to headphones products; this product is accessories,N/A: Facet only applies to headphones products; this product is accessories,N/A: Facet only applies to headphones products; this product is accessories,N/A: Facet only applies to headphones products; this product is accessories,N/A: Facet only applies to headphones products; this product is accessories,N/A: Facet only applies to audio-electronics products; this product is accessories,N/A: Facet only applies to audio-electronics products; this product is accessories,N/A: Facet only applies to audio-electronics products; this product is accessories,N/A: Facet only applies to audio-electronics products; this product is accessories,N/A: Facet only applies to audio-electronics products; this product is accessories,N/A: Facet only applies to audio-electronics products; this product is accessories,N/A: Facet only applies to audio-electronics products; this product is accessories,needs value,needs value,needs value
Agdc7UdudmikAzJtKWUOut,"CrinEar Reference In-Ear Headphones",crinear-reference-in-ear-headphones,headphones,Universal IEMs,needs value,needs value,needs value,needs value,needs value,N/A: IEMs (Universal IEMs) have no ear cup / back design,needs value,needs value,needs value,needs value,needs value,needs value,N/A: Facet only applies to audio-electronics products; this product is headphones,N/A: Facet only applies to audio-electronics products; this product is headphones,N/A: Facet only applies to audio-electronics products; this product is headphones,N/A: Facet only applies to audio-electronics products; this product is headphones,N/A: Facet only applies to audio-electronics products; this product is headphones,N/A: Facet only applies to audio-electronics products; this product is headphones,N/A: Facet only applies to audio-electronics products; this product is headphones,N/A: Facet only applies to accessories products; this product is headphones,N/A: Facet only applies to accessories products; this product is headphones,N/A: Facet only applies to accessories products; this product is headphones
Agdc7UdudmikAzJtKWUVPW,"64 Audio U4s In-Ear Headphones",64-audio-u4s-in-ear-headphones,headphones,Universal IEMs,needs value,needs value,needs value,needs value,needs value,N/A: IEMs (Universal IEMs) have no ear cup / back design,needs value,needs value,needs value,needs value,needs value,needs value,N/A: Facet only applies to audio-electronics products; this product is headphones,N/A: Facet only applies to audio-electronics products; this product is headphones,N/A: Facet only applies to audio-electronics products; this product is headphones,N/A: Facet only applies to audio-electronics products; this product is headphones,N/A: Facet only applies to audio-electronics products; this product is headphones,N/A: Facet only applies to audio-electronics products; this product is headphones,N/A: Facet only applies to audio-electronics products; this product is headphones,N/A: Facet only applies to accessories products; this product is headphones,N/A: Facet only applies to accessories products; this product is headphones,N/A: Facet only applies to accessories products; this product is headphones
C0JSb66CHOxy1G14ni5ga1,"Kanto Headphone Stand",kanto-headphone-stand,accessories,Headphone Stands,needs value,needs value,needs value,needs value,N/A: Facet only applies to headphones products; this product is accessories,N/A: Facet only applies to headphones products; this product is accessories,N/A: Facet only applies to headphones products; this product is accessories,N/A: Facet only applies to headphones products; this product is accessories,N/A: Facet only applies to headphones products; this product is accessories,N/A: Facet only applies to headphones products; this product is accessories,N/A: Facet only applies to headphones products; this product is accessories,N/A: Facet only applies to headphones products; this product is accessories,N/A: Facet only applies to audio-electronics products; this product is accessories,N/A: Facet only applies to audio-electronics products; this product is accessories,N/A: Facet only applies to audio-electronics products; this product is accessories,N/A: Facet only applies to audio-electronics products; this product is accessories,N/A: Facet only applies to audio-electronics products; this product is accessories,N/A: Facet only applies to audio-electronics products; this product is accessories,N/A: Facet only applies to audio-electronics products; this product is accessories,needs value,N/A: Earpads, eartips, stands, cases and care products have no connector/termination,needs value
DZc43yHr6ydfgE7zB3xGkY,"Dekoni Audio EPZ-HD800-ELVL Replacement Ear Pads for Sennheiser HD800 and HD800S Elite Velour",dekoni-audio-epz-hd800-elvl-replacement-ear-pads-for-sennheiser-hd800-and-hd800s-elite-velour,accessories,Earpads,needs value,needs value,needs value,needs value,N/A: Facet only applies to headphones products; this product is accessories,N/A: Facet only applies to headphones products; this product is accessories,N/A: Facet only applies to headphones products; this product is accessories,N/A: Facet only applies to headphones products; this product is accessories,N/A: Facet only applies to headphones products; this product is accessories,N/A: Facet only applies to headphones products; this product is accessories,N/A: Facet only applies to headphones products; this product is accessories,N/A: Facet only applies to headphones products; this product is accessories,N/A: Facet only applies to audio-electronics products; this product is accessories,N/A: Facet only applies to audio-electronics products; this product is accessories,N/A: Facet only applies to audio-electronics products; this product is accessories,N/A: Facet only applies to audio-electronics products; this product is accessories,N/A: Facet only applies to audio-electronics products; this product is accessories,N/A: Facet only applies to audio-electronics products; this product is accessories,N/A: Facet only applies to audio-electronics products; this product is accessories,needs value,N/A: Earpads, eartips, stands, cases and care products have no connector/termination,needs value
DZc43yHr6ydfgE7zB3xQZo,"Apos x Community Rock Lobster IEMs",apos-x-community-rock-lobster-iems,accessories,Earpads,needs value,needs value,needs value,needs value,N/A: Facet only applies to headphones products; this product is accessories,N/A: Facet only applies to headphones products; this product is accessories,N/A: Facet only applies to headphones products; this product is accessories,N/A: Facet only applies to headphones products; this product is accessories,N/A: Facet only applies to headphones products; this product is accessories,N/A: Facet only applies to headphones products; this product is accessories,N/A: Facet only applies to headphones products; this product is accessories,N/A: Facet only applies to headphones products; this product is accessories,N/A: Facet only applies to audio-electronics products; this product is accessories,N/A: Facet only applies to audio-electronics products; this product is accessories,N/A: Facet only applies to audio-electronics products; this product is accessories,N/A: Facet only applies to audio-electronics products; this product is accessories,N/A: Facet only applies to audio-electronics products; this product is accessories,N/A: Facet only applies to audio-electronics products; this product is accessories,N/A: Facet only applies to audio-electronics products; this product is accessories,needs value,N/A: Earpads, eartips, stands, cases and care products have no connector/termination,needs value
DZc43yHr6ydfgE7zB3xWAf,"ErgoDox 76 'Hot Dox' V2 Mechanical Keyboard",ergodox-76-hot-dox-v2-mechanical-keyboard,accessories,Earpads,needs value,needs value,needs value,needs value,N/A: Facet only applies to headphones products; this product is accessories,N/A: Facet only applies to headphones products; this product is accessories,N/A: Facet only applies to headphones products; this product is accessories,N/A: Facet only applies to headphones products; this product is accessories,N/A: Facet only applies to headphones products; this product is accessories,N/A: Facet only applies to headphones products; this product is accessories,N/A: Facet only applies to headphones products; this product is accessories,N/A: Facet only applies to headphones products; this product is accessories,N/A: Facet only applies to audio-electronics products; this product is accessories,N/A: Facet only applies to audio-electronics products; this product is accessories,N/A: Facet only applies to audio-electronics products; this product is accessories,N/A: Facet only applies to audio-electronics products; this product is accessories,N/A: Facet only applies to audio-electronics products; this product is accessories,N/A: Facet only applies to audio-electronics products; this product is accessories,N/A: Facet only applies to audio-electronics products; this product is accessories,needs value,N/A: Earpads, eartips, stands, cases and care products have no connector/termination,needs value
DZc43yHr6ydfgE7zB3xXvF,"Apos x Bob Ross Panoramic Scenic Keycaps",apos-x-bob-ross-panoramic-scenic-keycaps,accessories,Earpads,needs value,needs value,needs value,needs value,N/A: Facet only applies to headphones products; this product is accessories,N/A: Facet only applies to headphones products; this product is accessories,N/A: Facet only applies to headphones products; this product is accessories,N/A: Facet only applies to headphones products; this product is accessories,N/A: Facet only applies to headphones products; this product is accessories,N/A: Facet only applies to headphones products; this product is accessories,N/A: Facet only applies to headphones products; this product is accessories,N/A: Facet only applies to headphones products; this product is accessories,N/A: Facet only applies to audio-electronics products; this product is accessories,N/A: Facet only applies to audio-electronics products; this product is accessories,N/A: Facet only applies to audio-electronics products; this product is accessories,N/A: Facet only applies to audio-electronics products; this product is accessories,N/A: Facet only applies to audio-electronics products; this product is accessories,N/A: Facet only applies to audio-electronics products; this product is accessories,N/A: Facet only applies to audio-electronics products; this product is accessories,needs value,N/A: Earpads, eartips, stands, cases and care products have no connector/termination,needs value
DZc43yHr6ydfgE7zB3xYMO,"Linus Tech Tips Keycaps",linus-tech-tips-keycaps,accessories,Earpads,needs value,needs value,needs value,needs value,N/A: Facet only applies to headphones products; this product is accessories,N/A: Facet only applies to headphones products; this product is accessories,N/A: Facet only applies to headphones products; this product is accessories,N/A: Facet only applies to headphones products; this product is accessories,N/A: Facet only applies to headphones products; this product is accessories,N/A: Facet only applies to headphones products; this product is accessories,N/A: Facet only applies to headphones products; this product is accessories,N/A: Facet only applies to headphones products; this product is accessories,N/A: Facet only applies to audio-electronics products; this product is accessories,N/A: Facet only applies to audio-electronics products; this product is accessories,N/A: Facet only applies to audio-electronics products; this product is accessories,N/A: Facet only applies to audio-electronics products; this product is accessories,N/A: Facet only applies to audio-electronics products; this product is accessories,N/A: Facet only applies to audio-electronics products; this product is accessories,N/A: Facet only applies to audio-electronics products; this product is accessories,needs value,N/A: Earpads, eartips, stands, cases and care products have no connector/termination,needs value
DZc43yHr6ydfgE7zB3xyL0,"Bose QC35 Replacement Ear Pads",bose-qc35-replacement-ear-pads,accessories,Earpads,needs value,needs value,needs value,needs value,N/A: Facet only applies to headphones products; this product is accessories,N/A: Facet only applies to headphones products; this product is accessories,N/A: Facet only applies to headphones products; this product is accessories,N/A: Facet only applies to headphones products; this product is accessories,N/A: Facet only applies to headphones products; this product is accessories,N/A: Facet only applies to headphones products; this product is accessories,N/A: Facet only applies to headphones products; this product is accessories,N/A: Facet only applies to headphones products; this product is accessories,N/A: Facet only applies to audio-electronics products; this product is accessories,N/A: Facet only applies to audio-electronics products; this product is accessories,N/A: Facet only applies to audio-electronics products; this product is accessories,N/A: Facet only applies to audio-electronics products; this product is accessories,N/A: Facet only applies to audio-electronics products; this product is accessories,N/A: Facet only applies to audio-electronics products; this product is accessories,N/A: Facet only applies to audio-electronics products; this product is accessories,needs value,N/A: Earpads, eartips, stands, cases and care products have no connector/termination,needs value
DZc43yHr6ydfgE7zB3y0Zk,"Bose QC35 Cooling Gel Earpads - WC FreeZe",bose-qc35-cooling-gel-earpads-wc-freeze,accessories,Earpads,needs value,needs value,needs value,needs value,N/A: Facet only applies to headphones products; this product is accessories,N/A: Facet only applies to headphones products; this product is accessories,N/A: Facet only applies to headphones products; this product is accessories,N/A: Facet only applies to headphones products; this product is accessories,N/A: Facet only applies to headphones products; this product is accessories,N/A: Facet only applies to headphones products; this product is accessories,N/A: Facet only applies to headphones products; this product is accessories,N/A: Facet only applies to headphones products; this product is accessories,N/A: Facet only applies to audio-electronics products; this product is accessories,N/A: Facet only applies to audio-electronics products; this product is accessories,N/A: Facet only applies to audio-electronics products; this product is accessories,N/A: Facet only applies to audio-electronics products; this product is accessories,N/A: Facet only applies to audio-electronics products; this product is accessories,N/A: Facet only applies to audio-electronics products; this product is accessories,N/A: Facet only applies to audio-electronics products; this product is accessories,needs value,N/A: Earpads, eartips, stands, cases and care products have no connector/termination,needs value
DZc43yHr6ydfgE7zB3y3Fd,"Earpads For Sony WH900N",earpads-for-sony-wh900n,accessories,Earpads,needs value,needs value,needs value,needs value,N/A: Facet only applies to headphones products; this product is accessories,N/A: Facet only applies to headphones products; this product is accessories,N/A: Facet only applies to headphones products; this product is accessories,N/A: Facet only applies to headphones products; this product is accessories,N/A: Facet only applies to headphones products; this product is accessories,N/A: Facet only applies to headphones products; this product is accessories,N/A: Facet only applies to headphones products; this product is accessories,N/A: Facet only applies to headphones products; this product is accessories,N/A: Facet only applies to audio-electronics products; this product is accessories,N/A: Facet only applies to audio-electronics products; this product is accessories,N/A: Facet only applies to audio-electronics products; this product is accessories,N/A: Facet only applies to audio-electronics products; this product is accessories,N/A: Facet only applies to audio-electronics products; this product is accessories,N/A: Facet only applies to audio-electronics products; this product is accessories,N/A: Facet only applies to audio-electronics products; this product is accessories,needs value,N/A: Earpads, eartips, stands, cases and care products have no connector/termination,needs value
DZc43yHr6ydfgE7zB3yCRg,"Dekoni Audio EPZ-DT78990-ELVL Replacement Ear Pads for Beyerdynamic DT and AKG K Series Elite Velour",dekoni-audio-epz-dt78990-elvl-replacement-ear-pads-for-beyerdynamic-dt-and-akg-k-series-elite-ve,accessories,Earpads,needs value,needs value,needs value,needs value,N/A: Facet only applies to headphones products; this product is accessories,N/A: Facet only applies to headphones products; this product is accessories,N/A: Facet only applies to headphones products; this product is accessories,N/A: Facet only applies to headphones products; this product is accessories,N/A: Facet only applies to headphones products; this product is accessories,N/A: Facet only applies to headphones products; this product is accessories,N/A: Facet only applies to headphones products; this product is accessories,N/A: Facet only applies to headphones products; this product is accessories,N/A: Facet only applies to audio-electronics products; this product is accessories,N/A: Facet only applies to audio-electronics products; this product is accessories,N/A: Facet only applies to audio-electronics products; this product is accessories,N/A: Facet only applies to audio-electronics products; this product is accessories,N/A: Facet only applies to audio-electronics products; this product is accessories,N/A: Facet only applies to audio-electronics products; this product is accessories,N/A: Facet only applies to audio-electronics products; this product is accessories,needs value,N/A: Earpads, eartips, stands, cases and care products have no connector/termination,needs value
DZc43yHr6ydfgE7zB3yFnn,"Dekoni Audio EPZ-FOCAL-STELLIA Replacement Ear Pads for Focal Headphones",dekoni-audio-epz-focal-stellia-replacement-ear-pads-for-focal-headphones,accessories,Earpads,needs value,needs value,needs value,needs value,N/A: Facet only applies to headphones products; this product is accessories,N/A: Facet only applies to headphones products; this product is accessories,N/A: Facet only applies to headphones products; this product is accessories,N/A: Facet only applies to headphones products; this product is accessories,N/A: Facet only applies to headphones products; this product is accessories,N/A: Facet only applies to headphones products; this product is accessories,N/A: Facet only applies to headphones products; this product is accessories,N/A: Facet only applies to headphones products; this product is accessories,N/A: Facet only applies to audio-electronics products; this product is accessories,N/A: Facet only applies to audio-electronics products; this product is accessories,N/A: Facet only applies to audio-electronics products; this product is accessories,N/A: Facet only applies to audio-electronics products; this product is accessories,N/A: Facet only applies to audio-electronics products; this product is accessories,N/A: Facet only applies to audio-electronics products; this product is accessories,N/A: Facet only applies to audio-electronics products; this product is accessories,needs value,N/A: Earpads, eartips, stands, cases and care products have no connector/termination,needs value
DZc43yHr6ydfgE7zB3ycZL,"Bose QuietComfort Ultra Gen 1 & Gen 2 Cooling Gel Earpads - WC FreeZe QC Ultra",bose-quietcomfort-ultra-gen-1-gen-2-cooling-gel-earpads-wc-freeze-qc-ultra,accessories,Earpads,needs value,needs value,needs value,needs value,N/A: Facet only applies to headphones products; this product is accessories,N/A: Facet only applies to headphones products; this product is accessories,N/A: Facet only applies to headphones products; this product is accessories,N/A: Facet only applies to headphones products; this product is accessories,N/A: Facet only applies to headphones products; this product is accessories,N/A: Facet only applies to headphones products; this product is accessories,N/A: Facet only applies to headphones products; this product is accessories,N/A: Facet only applies to headphones products; this product is accessories,N/A: Facet only applies to audio-electronics products; this product is accessories,N/A: Facet only applies to audio-electronics products; this product is accessories,N/A: Facet only applies to audio-electronics products; this product is accessories,N/A: Facet only applies to audio-electronics products; this product is accessories,N/A: Facet only applies to audio-electronics products; this product is accessories,N/A: Facet only applies to audio-electronics products; this product is accessories,N/A: Facet only applies to audio-electronics products; this product is accessories,needs value,N/A: Earpads, eartips, stands, cases and care products have no connector/termination,needs value
DZc43yHr6ydfgE7zB3yg1U,"Beats Studio Earpads - WC FreeZe Cooling Gel",beats-studio-earpads-wc-freeze-cooling-gel,accessories,Earpads,needs value,needs value,needs value,needs value,N/A: Facet only applies to headphones products; this product is accessories,N/A: Facet only applies to headphones products; this product is accessories,N/A: Facet only applies to headphones products; this product is accessories,N/A: Facet only applies to headphones products; this product is accessories,N/A: Facet only applies to headphones products; this product is accessories,N/A: Facet only applies to headphones products; this product is accessories,N/A: Facet only applies to headphones products; this product is accessories,N/A: Facet only applies to headphones products; this product is accessories,N/A: Facet only applies to audio-electronics products; this product is accessories,N/A: Facet only applies to audio-electronics products; this product is accessories,N/A: Facet only applies to audio-electronics products; this product is accessories,N/A: Facet only applies to audio-electronics products; this product is accessories,N/A: Facet only applies to audio-electronics products; this product is accessories,N/A: Facet only applies to audio-electronics products; this product is accessories,N/A: Facet only applies to audio-electronics products; this product is accessories,needs value,N/A: Earpads, eartips, stands, cases and care products have no connector/termination,needs value
DZc43yHr6ydfgE7zB3ylNG,"Replacement Ear Pads For Bose QC3",replacement-ear-pads-for-bose-qc3,accessories,Earpads,needs value,needs value,needs value,needs value,N/A: Facet only applies to headphones products; this product is accessories,N/A: Facet only applies to headphones products; this product is accessories,N/A: Facet only applies to headphones products; this product is accessories,N/A: Facet only applies to headphones products; this product is accessories,N/A: Facet only applies to headphones products; this product is accessories,N/A: Facet only applies to headphones products; this product is accessories,N/A: Facet only applies to headphones products; this product is accessories,N/A: Facet only applies to headphones products; this product is accessories,N/A: Facet only applies to audio-electronics products; this product is accessories,N/A: Facet only applies to audio-electronics products; this product is accessories,N/A: Facet only applies to audio-electronics products; this product is accessories,N/A: Facet only applies to audio-electronics products; this product is accessories,N/A: Facet only applies to audio-electronics products; this product is accessories,N/A: Facet only applies to audio-electronics products; this product is accessories,N/A: Facet only applies to audio-electronics products; this product is accessories,needs value,N/A: Earpads, eartips, stands, cases and care products have no connector/termination,needs value
DZc43yHr6ydfgE7zB3yu8A,"ATH M50X Earpads - Velour Hybrid",ath-m50x-earpads-velour-hybrid,accessories,Earpads,needs value,needs value,needs value,needs value,N/A: Facet only applies to headphones products; this product is accessories,N/A: Facet only applies to headphones products; this product is accessories,N/A: Facet only applies to headphones products; this product is accessories,N/A: Facet only applies to headphones products; this product is accessories,N/A: Facet only applies to headphones products; this product is accessories,N/A: Facet only applies to headphones products; this product is accessories,N/A: Facet only applies to headphones products; this product is accessories,N/A: Facet only applies to headphones products; this product is accessories,N/A: Facet only applies to audio-electronics products; this product is accessories,N/A: Facet only applies to audio-electronics products; this product is accessories,N/A: Facet only applies to audio-electronics products; this product is accessories,N/A: Facet only applies to audio-electronics products; this product is accessories,N/A: Facet only applies to audio-electronics products; this product is accessories,N/A: Facet only applies to audio-electronics products; this product is accessories,N/A: Facet only applies to audio-electronics products; this product is accessories,needs value,N/A: Earpads, eartips, stands, cases and care products have no connector/termination,needs value
DZc43yHr6ydfgE7zB3yvCW,"Beats Studio Earpads",beats-studio-earpads,accessories,Earpads,needs value,needs value,needs value,needs value,N/A: Facet only applies to headphones products; this product is accessories,N/A: Facet only applies to headphones products; this product is accessories,N/A: Facet only applies to headphones products; this product is accessories,N/A: Facet only applies to headphones products; this product is accessories,N/A: Facet only applies to headphones products; this product is accessories,N/A: Facet only applies to headphones products; this product is accessories,N/A: Facet only applies to headphones products; this product is accessories,N/A: Facet only applies to headphones products; this product is accessories,N/A: Facet only applies to audio-electronics products; this product is accessories,N/A: Facet only applies to audio-electronics products; this product is accessories,N/A: Facet only applies to audio-electronics products; this product is accessories,N/A: Facet only applies to audio-electronics products; this product is accessories,N/A: Facet only applies to audio-electronics products; this product is accessories,N/A: Facet only applies to audio-electronics products; this product is accessories,N/A: Facet only applies to audio-electronics products; this product is accessories,needs value,N/A: Earpads, eartips, stands, cases and care products have no connector/termination,needs value
DZc43yHr6ydfgE7zB3yz2n,"Corsair Virtuoso Earpads - WC FreeZe Cooling Gel",corsair-virtuoso-earpads-wc-freeze-cooling-gel,accessories,Earpads,needs value,needs value,needs value,needs value,N/A: Facet only applies to headphones products; this product is accessories,N/A: Facet only applies to headphones products; this product is accessories,N/A: Facet only applies to headphones products; this product is accessories,N/A: Facet only applies to headphones products; this product is accessories,N/A: Facet only applies to headphones products; this product is accessories,N/A: Facet only applies to headphones products; this product is accessories,N/A: Facet only applies to headphones products; this product is accessories,N/A: Facet only applies to headphones products; this product is accessories,N/A: Facet only applies to audio-electronics products; this product is accessories,N/A: Facet only applies to audio-electronics products; this product is accessories,N/A: Facet only applies to audio-electronics products; this product is accessories,N/A: Facet only applies to audio-electronics products; this product is accessories,N/A: Facet only applies to audio-electronics products; this product is accessories,N/A: Facet only applies to audio-electronics products; this product is accessories,N/A: Facet only applies to audio-electronics products; this product is accessories,needs value,N/A: Earpads, eartips, stands, cases and care products have no connector/termination,needs value
DZc43yHr6ydfgE7zB3zLuN,"Dekoni Audio ETZ-MERCURY Premium Memory Foam Isolation Earphone Tips Mercury 4.9mm",dekoni-audio-etz-mercury-premium-memory-foam-isolation-earphone-tips-mercury-4-9mm,accessories,Eartips,needs value,needs value,needs value,needs value,N/A: Facet only applies to headphones products; this product is accessories,N/A: Facet only applies to headphones products; this product is accessories,N/A: Facet only applies to headphones products; this product is accessories,N/A: Facet only applies to headphones products; this product is accessories,N/A: Facet only applies to headphones products; this product is accessories,N/A: Facet only applies to headphones products; this product is accessories,N/A: Facet only applies to headphones products; this product is accessories,N/A: Facet only applies to headphones products; this product is accessories,N/A: Facet only applies to audio-electronics products; this product is accessories,N/A: Facet only applies to audio-electronics products; this product is accessories,N/A: Facet only applies to audio-electronics products; this product is accessories,N/A: Facet only applies to audio-electronics products; this product is accessories,N/A: Facet only applies to audio-electronics products; this product is accessories,N/A: Facet only applies to audio-electronics products; this product is accessories,N/A: Facet only applies to audio-electronics products; this product is accessories,needs value,N/A: Earpads, eartips, stands, cases and care products have no connector/termination,needs value
DZc43yHr6ydfgE7zB3zNex,"Dekoni Audio ETZ-TWS Premium Memory Foam Isolation Earphone Tips True Wireless",dekoni-audio-etz-tws-premium-memory-foam-isolation-earphone-tips-true-wireless,accessories,Eartips,needs value,needs value,needs value,needs value,N/A: Facet only applies to headphones products; this product is accessories,N/A: Facet only applies to headphones products; this product is accessories,N/A: Facet only applies to headphones products; this product is accessories,N/A: Facet only applies to headphones products; this product is accessories,N/A: Facet only applies to headphones products; this product is accessories,N/A: Facet only applies to headphones products; this product is accessories,N/A: Facet only applies to headphones products; this product is accessories,N/A: Facet only applies to headphones products; this product is accessories,N/A: Facet only applies to audio-electronics products; this product is accessories,N/A: Facet only applies to audio-electronics products; this product is accessories,N/A: Facet only applies to audio-electronics products; this product is accessories,N/A: Facet only applies to audio-electronics products; this product is accessories,N/A: Facet only applies to audio-electronics products; this product is accessories,N/A: Facet only applies to audio-electronics products; this product is accessories,N/A: Facet only applies to audio-electronics products; this product is accessories,needs value,N/A: Earpads, eartips, stands, cases and care products have no connector/termination,needs value
DZc43yHr6ydfgE7zB3zTLq,"Silicone Case for Samsung Galaxy Buds3 Pro",silicone-case-for-samsung-galaxy-buds3-pro,accessories,Carrying Cases,needs value,needs value,needs value,needs value,N/A: Facet only applies to headphones products; this product is accessories,N/A: Facet only applies to headphones products; this product is accessories,N/A: Facet only applies to headphones products; this product is accessories,N/A: Facet only applies to headphones products; this product is accessories,N/A: Facet only applies to headphones products; this product is accessories,N/A: Facet only applies to headphones products; this product is accessories,N/A: Facet only applies to headphones products; this product is accessories,N/A: Facet only applies to headphones products; this product is accessories,N/A: Facet only applies to audio-electronics products; this product is accessories,N/A: Facet only applies to audio-electronics products; this product is accessories,N/A: Facet only applies to audio-electronics products; this product is accessories,N/A: Facet only applies to audio-electronics products; this product is accessories,N/A: Facet only applies to audio-electronics products; this product is accessories,N/A: Facet only applies to audio-electronics products; this product is accessories,N/A: Facet only applies to audio-electronics products; this product is accessories,needs value,N/A: Earpads, eartips, stands, cases and care products have no connector/termination,needs value
DZc43yHr6ydfgE7zB3znRV,"iFi Audio Go Pod Max Portable IEM Bluetooth DAC/AMP (Unit Only)",ifi-audio-go-pod-max-portable-iem-bluetooth-dac-amp-unit-only,audio-electronics,Bluetooth DAC/Amps,needs value,needs value,needs value,needs value,N/A: Facet only applies to headphones products; this product is audio-electronics,N/A: Facet only applies to headphones products; this product is audio-electronics,N/A: Facet only applies to headphones products; this product is audio-electronics,N/A: Facet only applies to headphones products; this product is audio-electronics,N/A: Facet only applies to headphones products; this product is audio-electronics,N/A: Facet only applies to headphones products; this product is audio-electronics,N/A: Facet only applies to headphones products; this product is audio-electronics,N/A: Facet only applies to headphones products; this product is audio-electronics,needs value,needs value,needs value,needs value,needs value,needs value,needs value,N/A: Facet only applies to accessories products; this product is audio-electronics,N/A: Facet only applies to accessories products; this product is audio-electronics,N/A: Facet only applies to accessories products; this product is audio-electronics
DZc43yHr6ydfgE7zB3zokw,"FiiO BTR17 Bluetooth USB DAC/Amp",fiio-btr17-bluetooth-usb-dac-amp,audio-electronics,Bluetooth DAC/Amps,needs value,needs value,needs value,needs value,N/A: Facet only applies to headphones products; this product is audio-electronics,N/A: Facet only applies to headphones products; this product is audio-electronics,N/A: Facet only applies to headphones products; this product is audio-electronics,N/A: Facet only applies to headphones products; this product is audio-electronics,N/A: Facet only applies to headphones products; this product is audio-electronics,N/A: Facet only applies to headphones products; this product is audio-electronics,N/A: Facet only applies to headphones products; this product is audio-electronics,N/A: Facet only applies to headphones products; this product is audio-electronics,needs value,needs value,needs value,needs value,needs value,needs value,needs value,N/A: Facet only applies to accessories products; this product is audio-electronics,N/A: Facet only applies to accessories products; this product is audio-electronics,N/A: Facet only applies to accessories products; this product is audio-electronics
DZc43yHr6ydfgE7zB3zuIm,"Meze Audio 109 PRO Dynamic Open-Back Headphone",meze-audio-109-pro-dynamic-open-back-headphone,headphones,Open-Back,needs value,needs value,needs value,needs value,needs value,needs value,needs value,needs value,needs value,needs value,needs value,needs value,N/A: Facet only applies to audio-electronics products; this product is headphones,N/A: Facet only applies to audio-electronics products; this product is headphones,N/A: Facet only applies to audio-electronics products; this product is headphones,N/A: Facet only applies to audio-electronics products; this product is headphones,N/A: Facet only applies to audio-electronics products; this product is headphones,N/A: Facet only applies to audio-electronics products; this product is headphones,N/A: Facet only applies to audio-electronics products; this product is headphones,N/A: Facet only applies to accessories products; this product is headphones,N/A: Facet only applies to accessories products; this product is headphones,N/A: Facet only applies to accessories products; this product is headphones
DZc43yHr6ydfgE7zB4098h,"Meze Audio Empyrean II Open Back Headphones",meze-audio-empyrean-ii-open-back-headphones,headphones,Open-Back,needs value,needs value,needs value,needs value,needs value,needs value,needs value,needs value,needs value,needs value,needs value,needs value,N/A: Facet only applies to audio-electronics products; this product is headphones,N/A: Facet only applies to audio-electronics products; this product is headphones,N/A: Facet only applies to audio-electronics products; this product is headphones,N/A: Facet only applies to audio-electronics products; this product is headphones,N/A: Facet only applies to audio-electronics products; this product is headphones,N/A: Facet only applies to audio-electronics products; this product is headphones,N/A: Facet only applies to audio-electronics products; this product is headphones,N/A: Facet only applies to accessories products; this product is headphones,N/A: Facet only applies to accessories products; this product is headphones,N/A: Facet only applies to accessories products; this product is headphones
DZc43yHr6ydfgE7zB40XMj,"Apos x Audio-Technica ATH-R70x Refine Headphone",apos-x-audio-technica-ath-r70x-refine-headphone,headphones,Open-Back,needs value,needs value,needs value,needs value,needs value,needs value,needs value,needs value,needs value,needs value,needs value,needs value,N/A: Facet only applies to audio-electronics products; this product is headphones,N/A: Facet only applies to audio-electronics products; this product is headphones,N/A: Facet only applies to audio-electronics products; this product is headphones,N/A: Facet only applies to audio-electronics products; this product is headphones,N/A: Facet only applies to audio-electronics products; this product is headphones,N/A: Facet only applies to audio-electronics products; this product is headphones,N/A: Facet only applies to audio-electronics products; this product is headphones,N/A: Facet only applies to accessories products; this product is headphones,N/A: Facet only applies to accessories products; this product is headphones,N/A: Facet only applies to accessories products; this product is headphones
DZc43yHr6ydfgE7zB40gAe,"GUSTARD R30 Fully-Discrete R2R Network Streaming DAC (Apos Certified)",gustard-r30-fully-discrete-r2r-network-streaming-dac-apos-certified,audio-electronics,Network Streamers,needs value,needs value,needs value,needs value,N/A: Facet only applies to headphones products; this product is audio-electronics,N/A: Facet only applies to headphones products; this product is audio-electronics,N/A: Facet only applies to headphones products; this product is audio-electronics,N/A: Facet only applies to headphones products; this product is audio-electronics,N/A: Facet only applies to headphones products; this product is audio-electronics,N/A: Facet only applies to headphones products; this product is audio-electronics,N/A: Facet only applies to headphones products; this product is audio-electronics,N/A: Facet only applies to headphones products; this product is audio-electronics,needs value,needs value,needs value,needs value,needs value,needs value,needs value,N/A: Facet only applies to accessories products; this product is audio-electronics,N/A: Facet only applies to accessories products; this product is audio-electronics,N/A: Facet only applies to accessories products; this product is audio-electronics
DZc43yHr6ydfgE7zB40rkU,"Matrix Audio MS-1 Flagship Music Streamer",matrix-audio-ms-1-flagship-music-streamer,audio-electronics,Network Streamers,needs value,needs value,needs value,needs value,N/A: Facet only applies to headphones products; this product is audio-electronics,N/A: Facet only applies to headphones products; this product is audio-electronics,N/A: Facet only applies to headphones products; this product is audio-electronics,N/A: Facet only applies to headphones products; this product is audio-electronics,N/A: Facet only applies to headphones products; this product is audio-electronics,N/A: Facet only applies to headphones products; this product is audio-electronics,N/A: Facet only applies to headphones products; this product is audio-electronics,N/A: Facet only applies to headphones products; this product is audio-electronics,needs value,needs value,needs value,needs value,needs value,needs value,needs value,N/A: Facet only applies to accessories products; this product is audio-electronics,N/A: Facet only applies to accessories products; this product is audio-electronics,N/A: Facet only applies to accessories products; this product is audio-electronics
DZc43yHr6ydfgE7zB40v3a,"FiiO K7 Balanced Headphone DAC/Amp",fiio-k7-balanced-headphone-dac-amp,audio-electronics,Standalone DACs,needs value,needs value,needs value,needs value,N/A: Facet only applies to headphones products; this product is audio-electronics,N/A: Facet only applies to headphones products; this product is audio-electronics,N/A: Facet only applies to headphones products; this product is audio-electronics,N/A: Facet only applies to headphones products; this product is audio-electronics,N/A: Facet only applies to headphones products; this product is audio-electronics,N/A: Facet only applies to headphones products; this product is audio-electronics,N/A: Facet only applies to headphones products; this product is audio-electronics,N/A: Facet only applies to headphones products; this product is audio-electronics,needs value,needs value,needs value,needs value,needs value,needs value,needs value,N/A: Facet only applies to accessories products; this product is audio-electronics,N/A: Facet only applies to accessories products; this product is audio-electronics,N/A: Facet only applies to accessories products; this product is audio-electronics
DZc43yHr6ydfgE7zB4112Z,"GUSTARD DAC-R26II Network Streaming R2R DAC",gustard-dac-r26ii-network-streaming-r2r-dac,audio-electronics,Standalone DACs,needs value,needs value,needs value,needs value,N/A: Facet only applies to headphones products; this product is audio-electronics,N/A: Facet only applies to headphones products; this product is audio-electronics,N/A: Facet only applies to headphones products; this product is audio-electronics,N/A: Facet only applies to headphones products; this product is audio-electronics,N/A: Facet only applies to headphones products; this product is audio-electronics,N/A: Facet only applies to headphones products; this product is audio-electronics,N/A: Facet only applies to headphones products; this product is audio-electronics,N/A: Facet only applies to headphones products; this product is audio-electronics,needs value,needs value,needs value,needs value,needs value,needs value,needs value,N/A: Facet only applies to accessories products; this product is audio-electronics,N/A: Facet only applies to accessories products; this product is audio-electronics,N/A: Facet only applies to accessories products; this product is audio-electronics
DZc43yHr6ydfgE7zB41H2s,"VMV D2R MKII Desktop DAC (Digital-to-Analog Converter)",vmv-d2r-mkii-desktop-dac-digital-to-analog-converter,audio-electronics,Standalone DACs,needs value,needs value,needs value,needs value,N/A: Facet only applies to headphones products; this product is audio-electronics,N/A: Facet only applies to headphones products; this product is audio-electronics,N/A: Facet only applies to headphones products; this product is audio-electronics,N/A: Facet only applies to headphones products; this product is audio-electronics,N/A: Facet only applies to headphones products; this product is audio-electronics,N/A: Facet only applies to headphones products; this product is audio-electronics,N/A: Facet only applies to headphones products; this product is audio-electronics,N/A: Facet only applies to headphones products; this product is audio-electronics,needs value,needs value,needs value,needs value,needs value,needs value,needs value,N/A: Facet only applies to accessories products; this product is audio-electronics,N/A: Facet only applies to accessories products; this product is audio-electronics,N/A: Facet only applies to accessories products; this product is audio-electronics
DZc43yHr6ydfgE7zB41Jlm,"SMSL VMV D3 Advanced R-2R DAC (Digital-to-Analog Converter)",smsl-vmv-d3-advanced-r-2r-dac-digital-to-analog-converter,audio-electronics,Standalone DACs,needs value,needs value,needs value,needs value,N/A: Facet only applies to headphones products; this product is audio-electronics,N/A: Facet only applies to headphones products; this product is audio-electronics,N/A: Facet only applies to headphones products; this product is audio-electronics,N/A: Facet only applies to headphones products; this product is audio-electronics,N/A: Facet only applies to headphones products; this product is audio-electronics,N/A: Facet only applies to headphones products; this product is audio-electronics,N/A: Facet only applies to headphones products; this product is audio-electronics,N/A: Facet only applies to headphones products; this product is audio-electronics,needs value,needs value,needs value,needs value,needs value,needs value,needs value,N/A: Facet only applies to accessories products; this product is audio-electronics,N/A: Facet only applies to accessories products; this product is audio-electronics,N/A: Facet only applies to accessories products; this product is audio-electronics
DZc43yHr6ydfgE7zB41PVg,"FiiO K11 R2R Balanced Desktop DAC/Amp",fiio-k11-r2r-balanced-desktop-dac-amp,audio-electronics,DAC/Amp Combos,needs value,needs value,needs value,needs value,N/A: Facet only applies to headphones products; this product is audio-electronics,N/A: Facet only applies to headphones products; this product is audio-electronics,N/A: Facet only applies to headphones products; this product is audio-electronics,N/A: Facet only applies to headphones products; this product is audio-electronics,N/A: Facet only applies to headphones products; this product is audio-electronics,N/A: Facet only applies to headphones products; this product is audio-electronics,N/A: Facet only applies to headphones products; this product is audio-electronics,N/A: Facet only applies to headphones products; this product is audio-electronics,needs value,needs value,needs value,needs value,needs value,needs value,needs value,N/A: Facet only applies to accessories products; this product is audio-electronics,N/A: Facet only applies to accessories products; this product is audio-electronics,N/A: Facet only applies to accessories products; this product is audio-electronics
DZc43yHr6ydfgE7zB41Wo6,"FiiO K13 R2R Desktop DAC/Amp",fiio-k13-r2r-desktop-dac-amp,audio-electronics,DAC/Amp Combos,needs value,needs value,needs value,needs value,N/A: Facet only applies to headphones products; this product is audio-electronics,N/A: Facet only applies to headphones products; this product is audio-electronics,N/A: Facet only applies to headphones products; this product is audio-electronics,N/A: Facet only applies to headphones products; this product is audio-electronics,N/A: Facet only applies to headphones products; this product is audio-electronics,N/A: Facet only applies to headphones products; this product is audio-electronics,N/A: Facet only applies to headphones products; this product is audio-electronics,N/A: Facet only applies to headphones products; this product is audio-electronics,needs value,needs value,needs value,needs value,needs value,needs value,needs value,N/A: Facet only applies to accessories products; this product is audio-electronics,N/A: Facet only applies to accessories products; this product is audio-electronics,N/A: Facet only applies to accessories products; this product is audio-electronics
DZc43yHr6ydfgE7zB41fx8,"FiiO K17 Desktop DAC/Amp",fiio-k17-desktop-dac-amp,audio-electronics,DAC/Amp Combos,needs value,needs value,needs value,needs value,N/A: Facet only applies to headphones products; this product is audio-electronics,N/A: Facet only applies to headphones products; this product is audio-electronics,N/A: Facet only applies to headphones products; this product is audio-electronics,N/A: Facet only applies to headphones products; this product is audio-electronics,N/A: Facet only applies to headphones products; this product is audio-electronics,N/A: Facet only applies to headphones products; this product is audio-electronics,N/A: Facet only applies to headphones products; this product is audio-electronics,N/A: Facet only applies to headphones products; this product is audio-electronics,needs value,needs value,needs value,needs value,needs value,needs value,needs value,N/A: Facet only applies to accessories products; this product is audio-electronics,N/A: Facet only applies to accessories products; this product is audio-electronics,N/A: Facet only applies to accessories products; this product is audio-electronics
DZc43yHr6ydfgE7zB41lXz,"HIFIMAN EF600 Desktop R2R DAC/Amp",hifiman-ef600-desktop-r2r-dac-amp,audio-electronics,DAC/Amp Combos,needs value,needs value,needs value,needs value,N/A: Facet only applies to headphones products; this product is audio-electronics,N/A: Facet only applies to headphones products; this product is audio-electronics,N/A: Facet only applies to headphones products; this product is audio-electronics,N/A: Facet only applies to headphones products; this product is audio-electronics,N/A: Facet only applies to headphones products; this product is audio-electronics,N/A: Facet only applies to headphones products; this product is audio-electronics,N/A: Facet only applies to headphones products; this product is audio-electronics,N/A: Facet only applies to headphones products; this product is audio-electronics,needs value,needs value,needs value,needs value,needs value,needs value,needs value,N/A: Facet only applies to accessories products; this product is audio-electronics,N/A: Facet only applies to accessories products; this product is audio-electronics,N/A: Facet only applies to accessories products; this product is audio-electronics
DZc43yHr6ydfgE7zB41oi2,"xDuoo DM-01 Desktop DAC/Amp",xduoo-dm-01-desktop-dac-amp,audio-electronics,DAC/Amp Combos,needs value,needs value,needs value,needs value,N/A: Facet only applies to headphones products; this product is audio-electronics,N/A: Facet only applies to headphones products; this product is audio-electronics,N/A: Facet only applies to headphones products; this product is audio-electronics,N/A: Facet only applies to headphones products; this product is audio-electronics,N/A: Facet only applies to headphones products; this product is audio-electronics,N/A: Facet only applies to headphones products; this product is audio-electronics,N/A: Facet only applies to headphones products; this product is audio-electronics,N/A: Facet only applies to headphones products; this product is audio-electronics,needs value,needs value,needs value,needs value,needs value,needs value,needs value,N/A: Facet only applies to accessories products; this product is audio-electronics,N/A: Facet only applies to accessories products; this product is audio-electronics,N/A: Facet only applies to accessories products; this product is audio-electronics
DZc43yHr6ydfgE7zB41seL,"VMV P2 MKII Desktop Headphone Amplifier",vmv-p2-mkii-desktop-headphone-amplifier,audio-electronics,DAC/Amp Combos,needs value,needs value,needs value,needs value,N/A: Facet only applies to headphones products; this product is audio-electronics,N/A: Facet only applies to headphones products; this product is audio-electronics,N/A: Facet only applies to headphones products; this product is audio-electronics,N/A: Facet only applies to headphones products; this product is audio-electronics,N/A: Facet only applies to headphones products; this product is audio-electronics,N/A: Facet only applies to headphones products; this product is audio-electronics,N/A: Facet only applies to headphones products; this product is audio-electronics,N/A: Facet only applies to headphones products; this product is audio-electronics,needs value,needs value,needs value,needs value,needs value,needs value,needs value,N/A: Facet only applies to accessories products; this product is audio-electronics,N/A: Facet only applies to accessories products; this product is audio-electronics,N/A: Facet only applies to accessories products; this product is audio-electronics
DZc43yHr6ydfgE7zB42MQD,"YULONG DAART Aurora Desktop DAC/Pre-amp/ Headphone Amp",yulong-daart-aurora-desktop-dac-pre-amp-headphone-amp,audio-electronics,DAC/Amp Combos,needs value,needs value,needs value,needs value,N/A: Facet only applies to headphones products; this product is audio-electronics,N/A: Facet only applies to headphones products; this product is audio-electronics,N/A: Facet only applies to headphones products; this product is audio-electronics,N/A: Facet only applies to headphones products; this product is audio-electronics,N/A: Facet only applies to headphones products; this product is audio-electronics,N/A: Facet only applies to headphones products; this product is audio-electronics,N/A: Facet only applies to headphones products; this product is audio-electronics,N/A: Facet only applies to headphones products; this product is audio-electronics,needs value,needs value,needs value,needs value,needs value,needs value,needs value,N/A: Facet only applies to accessories products; this product is audio-electronics,N/A: Facet only applies to accessories products; this product is audio-electronics,N/A: Facet only applies to accessories products; this product is audio-electronics
DZc43yHr6ydfgE7zB42mdu,"TOPPING A70 Pro Fully Balanced Headphone Amplifier",topping-a70-pro-fully-balanced-headphone-amplifier,audio-electronics,Desktop Amps,needs value,needs value,needs value,needs value,N/A: Facet only applies to headphones products; this product is audio-electronics,N/A: Facet only applies to headphones products; this product is audio-electronics,N/A: Facet only applies to headphones products; this product is audio-electronics,N/A: Facet only applies to headphones products; this product is audio-electronics,N/A: Facet only applies to headphones products; this product is audio-electronics,N/A: Facet only applies to headphones products; this product is audio-electronics,N/A: Facet only applies to headphones products; this product is audio-electronics,N/A: Facet only applies to headphones products; this product is audio-electronics,needs value,needs value,needs value,needs value,needs value,needs value,needs value,N/A: Facet only applies to accessories products; this product is audio-electronics,N/A: Facet only applies to accessories products; this product is audio-electronics,N/A: Facet only applies to accessories products; this product is audio-electronics
DZc43yHr6ydfgE7zB42o6O,"TOPPING L50 Headphone Amp",topping-l50-headphone-amp,audio-electronics,Desktop Amps,needs value,needs value,needs value,needs value,N/A: Facet only applies to headphones products; this product is audio-electronics,N/A: Facet only applies to headphones products; this product is audio-electronics,N/A: Facet only applies to headphones products; this product is audio-electronics,N/A: Facet only applies to headphones products; this product is audio-electronics,N/A: Facet only applies to headphones products; this product is audio-electronics,N/A: Facet only applies to headphones products; this product is audio-electronics,N/A: Facet only applies to headphones products; this product is audio-electronics,N/A: Facet only applies to headphones products; this product is audio-electronics,needs value,needs value,needs value,needs value,needs value,needs value,needs value,N/A: Facet only applies to accessories products; this product is audio-electronics,N/A: Facet only applies to accessories products; this product is audio-electronics,N/A: Facet only applies to accessories products; this product is audio-electronics
DZc43yHr6ydfgE7zB42uia,"xDuoo TA-20 Plus Balanced Tube Headphone Amplifier",xduoo-ta-20-plus-balanced-tube-headphone-amplifier,audio-electronics,Desktop Amps,needs value,needs value,needs value,needs value,N/A: Facet only applies to headphones products; this product is audio-electronics,N/A: Facet only applies to headphones products; this product is audio-electronics,N/A: Facet only applies to headphones products; this product is audio-electronics,N/A: Facet only applies to headphones products; this product is audio-electronics,N/A: Facet only applies to headphones products; this product is audio-electronics,N/A: Facet only applies to headphones products; this product is audio-electronics,N/A: Facet only applies to headphones products; this product is audio-electronics,N/A: Facet only applies to headphones products; this product is audio-electronics,needs value,needs value,needs value,needs value,needs value,needs value,needs value,N/A: Facet only applies to accessories products; this product is audio-electronics,N/A: Facet only applies to accessories products; this product is audio-electronics,N/A: Facet only applies to accessories products; this product is audio-electronics
DZc43yHr6ydfgE7zB42wTA,"xDuoo MT-604 Balanced Tube Headphone Amplifier",xduoo-mt-604-balanced-tube-headphone-amplifier,audio-electronics,Desktop Amps,needs value,needs value,needs value,needs value,N/A: Facet only applies to headphones products; this product is audio-electronics,N/A: Facet only applies to headphones products; this product is audio-electronics,N/A: Facet only applies to headphones products; this product is audio-electronics,N/A: Facet only applies to headphones products; this product is audio-electronics,N/A: Facet only applies to headphones products; this product is audio-electronics,N/A: Facet only applies to headphones products; this product is audio-electronics,N/A: Facet only applies to headphones products; this product is audio-electronics,N/A: Facet only applies to headphones products; this product is audio-electronics,needs value,needs value,needs value,needs value,needs value,needs value,needs value,N/A: Facet only applies to accessories products; this product is audio-electronics,N/A: Facet only applies to accessories products; this product is audio-electronics,N/A: Facet only applies to accessories products; this product is audio-electronics
DZc43yHr6ydfgE7zB43FOR,"Burson SOLOIST STELLAR 8W XLR Class-A Headphone / Pre Amp",burson-soloist-stellar-8w-xlr-class-a-headphone-pre-amp,audio-electronics,Desktop Amps,needs value,needs value,needs value,needs value,N/A: Facet only applies to headphones products; this product is audio-electronics,N/A: Facet only applies to headphones products; this product is audio-electronics,N/A: Facet only applies to headphones products; this product is audio-electronics,N/A: Facet only applies to headphones products; this product is audio-electronics,N/A: Facet only applies to headphones products; this product is audio-electronics,N/A: Facet only applies to headphones products; this product is audio-electronics,N/A: Facet only applies to headphones products; this product is audio-electronics,N/A: Facet only applies to headphones products; this product is audio-electronics,needs value,needs value,needs value,needs value,needs value,needs value,needs value,N/A: Facet only applies to accessories products; this product is audio-electronics,N/A: Facet only applies to accessories products; this product is audio-electronics,N/A: Facet only applies to accessories products; this product is audio-electronics
DZc43yHr6ydfgE7zB43tcm,"Sennheiser Momentum 5 Wireless Over-Ear ANC Headphones",sennheiser-momentum-5-wireless-over-ear-anc-headphones,headphones,Closed-Back,needs value,needs value,needs value,needs value,needs value,needs value,needs value,needs value,needs value,needs value,needs value,needs value,N/A: Facet only applies to audio-electronics products; this product is headphones,N/A: Facet only applies to audio-electronics products; this product is headphones,N/A: Facet only applies to audio-electronics products; this product is headphones,N/A: Facet only applies to audio-electronics products; this product is headphones,N/A: Facet only applies to audio-electronics products; this product is headphones,N/A: Facet only applies to audio-electronics products; this product is headphones,N/A: Facet only applies to audio-electronics products; this product is headphones,N/A: Facet only applies to accessories products; this product is headphones,N/A: Facet only applies to accessories products; this product is headphones,N/A: Facet only applies to accessories products; this product is headphones
DZc43yHr6ydfgE7zB43uqB,"Focal Celestee Headphones",focal-celestee-headphones,headphones,Closed-Back,needs value,needs value,needs value,needs value,needs value,needs value,needs value,needs value,needs value,needs value,needs value,needs value,N/A: Facet only applies to audio-electronics products; this product is headphones,N/A: Facet only applies to audio-electronics products; this product is headphones,N/A: Facet only applies to audio-electronics products; this product is headphones,N/A: Facet only applies to audio-electronics products; this product is headphones,N/A: Facet only applies to audio-electronics products; this product is headphones,N/A: Facet only applies to audio-electronics products; this product is headphones,N/A: Facet only applies to audio-electronics products; this product is headphones,N/A: Facet only applies to accessories products; this product is headphones,N/A: Facet only applies to accessories products; this product is headphones,N/A: Facet only applies to accessories products; this product is headphones
DZc43yHr6ydfgE7zB441ML,"Audio-Technica ATH-W2022 Closed-Back Dynamic Wooden Headphones",audio-technica-ath-w2022-closed-back-dynamic-wooden-headphones,headphones,Closed-Back,needs value,needs value,needs value,needs value,needs value,needs value,needs value,needs value,needs value,needs value,needs value,needs value,N/A: Facet only applies to audio-electronics products; this product is headphones,N/A: Facet only applies to audio-electronics products; this product is headphones,N/A: Facet only applies to audio-electronics products; this product is headphones,N/A: Facet only applies to audio-electronics products; this product is headphones,N/A: Facet only applies to audio-electronics products; this product is headphones,N/A: Facet only applies to audio-electronics products; this product is headphones,N/A: Facet only applies to audio-electronics products; this product is headphones,N/A: Facet only applies to accessories products; this product is headphones,N/A: Facet only applies to accessories products; this product is headphones,N/A: Facet only applies to accessories products; this product is headphones
DZc43yHr6ydfgE7zB44oFY,"Moondrop Variations Tribrid IEM",moondrop-variations-tribrid-iem,headphones,Universal IEMs,needs value,needs value,needs value,needs value,needs value,N/A: IEMs (Universal IEMs) have no ear cup / back design,needs value,needs value,needs value,needs value,needs value,needs value,N/A: Facet only applies to audio-electronics products; this product is headphones,N/A: Facet only applies to audio-electronics products; this product is headphones,N/A: Facet only applies to audio-electronics products; this product is headphones,N/A: Facet only applies to audio-electronics products; this product is headphones,N/A: Facet only applies to audio-electronics products; this product is headphones,N/A: Facet only applies to audio-electronics products; this product is headphones,N/A: Facet only applies to audio-electronics products; this product is headphones,N/A: Facet only applies to accessories products; this product is headphones,N/A: Facet only applies to accessories products; this product is headphones,N/A: Facet only applies to accessories products; this product is headphones
DZc43yHr6ydfgE7zB44sHt,"Moondrop Blessing 3 In-Ear Monitor (IEM) Hybrid Earphones",moondrop-blessing-3-in-ear-monitor-iem-hybrid-earphones,headphones,Universal IEMs,needs value,needs value,needs value,needs value,needs value,N/A: IEMs (Universal IEMs) have no ear cup / back design,needs value,needs value,needs value,needs value,needs value,needs value,N/A: Facet only applies to audio-electronics products; this product is headphones,N/A: Facet only applies to audio-electronics products; this product is headphones,N/A: Facet only applies to audio-electronics products; this product is headphones,N/A: Facet only applies to audio-electronics products; this product is headphones,N/A: Facet only applies to audio-electronics products; this product is headphones,N/A: Facet only applies to audio-electronics products; this product is headphones,N/A: Facet only applies to audio-electronics products; this product is headphones,N/A: Facet only applies to accessories products; this product is headphones,N/A: Facet only applies to accessories products; this product is headphones,N/A: Facet only applies to accessories products; this product is headphones
DZc43yHr6ydfgE7zB45LQY,"Cayin N3Ultra Triple Timbre Digital Audio Player",cayin-n3ultra-triple-timbre-digital-audio-player,audio-electronics,Digital Players (DAPs),needs value,needs value,needs value,needs value,N/A: Facet only applies to headphones products; this product is audio-electronics,N/A: Facet only applies to headphones products; this product is audio-electronics,N/A: Facet only applies to headphones products; this product is audio-electronics,N/A: Facet only applies to headphones products; this product is audio-electronics,N/A: Facet only applies to headphones products; this product is audio-electronics,N/A: Facet only applies to headphones products; this product is audio-electronics,N/A: Facet only applies to headphones products; this product is audio-electronics,N/A: Facet only applies to headphones products; this product is audio-electronics,needs value,needs value,needs value,needs value,needs value,needs value,needs value,N/A: Facet only applies to accessories products; this product is audio-electronics,N/A: Facet only applies to accessories products; this product is audio-electronics,N/A: Facet only applies to accessories products; this product is audio-electronics
DZc43yHr6ydfgE7zB45bQr,"HIFIMAN Arya Organic Planar Magnetic Headphones",hifiman-arya-organic-planar-magnetic-headphones,headphones,Planar Magnetic,needs value,needs value,needs value,needs value,needs value,needs value,needs value,needs value,needs value,needs value,needs value,needs value,N/A: Facet only applies to audio-electronics products; this product is headphones,N/A: Facet only applies to audio-electronics products; this product is headphones,N/A: Facet only applies to audio-electronics products; this product is headphones,N/A: Facet only applies to audio-electronics products; this product is headphones,N/A: Facet only applies to audio-electronics products; this product is headphones,N/A: Facet only applies to audio-electronics products; this product is headphones,N/A: Facet only applies to audio-electronics products; this product is headphones,N/A: Facet only applies to accessories products; this product is headphones,N/A: Facet only applies to accessories products; this product is headphones,N/A: Facet only applies to accessories products; this product is headphones
DZc43yHr6ydfgE7zB45e9l,"HIFIMAN Ananda Nano Planar Magnetic Headphone",hifiman-ananda-nano-planar-magnetic-headphone,headphones,Planar Magnetic,needs value,needs value,needs value,needs value,needs value,needs value,needs value,needs value,needs value,needs value,needs value,needs value,N/A: Facet only applies to audio-electronics products; this product is headphones,N/A: Facet only applies to audio-electronics products; this product is headphones,N/A: Facet only applies to audio-electronics products; this product is headphones,N/A: Facet only applies to audio-electronics products; this product is headphones,N/A: Facet only applies to audio-electronics products; this product is headphones,N/A: Facet only applies to audio-electronics products; this product is headphones,N/A: Facet only applies to audio-electronics products; this product is headphones,N/A: Facet only applies to accessories products; this product is headphones,N/A: Facet only applies to accessories products; this product is headphones,N/A: Facet only applies to accessories products; this product is headphones
DZc43yHr6ydfgE7zB45fiH,"HIFIMAN Edition XV Planar Magnetic Headphones",hifiman-edition-xv-planar-magnetic-headphones,headphones,Planar Magnetic,needs value,needs value,needs value,needs value,needs value,needs value,needs value,needs value,needs value,needs value,needs value,needs value,N/A: Facet only applies to audio-electronics products; this product is headphones,N/A: Facet only applies to audio-electronics products; this product is headphones,N/A: Facet only applies to audio-electronics products; this product is headphones,N/A: Facet only applies to audio-electronics products; this product is headphones,N/A: Facet only applies to audio-electronics products; this product is headphones,N/A: Facet only applies to audio-electronics products; this product is headphones,N/A: Facet only applies to audio-electronics products; this product is headphones,N/A: Facet only applies to accessories products; this product is headphones,N/A: Facet only applies to accessories products; this product is headphones,N/A: Facet only applies to accessories products; this product is headphones
DZc43yHr6ydfgE7zB460aC,"Audeze CRBN2 Electrostatic Headphones (Case Included)",audeze-crbn2-electrostatic-headphones-case-included,headphones,Electrostatic,needs value,needs value,needs value,needs value,needs value,needs value,needs value,needs value,needs value,needs value,needs value,needs value,N/A: Facet only applies to audio-electronics products; this product is headphones,N/A: Facet only applies to audio-electronics products; this product is headphones,N/A: Facet only applies to audio-electronics products; this product is headphones,N/A: Facet only applies to audio-electronics products; this product is headphones,N/A: Facet only applies to audio-electronics products; this product is headphones,N/A: Facet only applies to audio-electronics products; this product is headphones,N/A: Facet only applies to audio-electronics products; this product is headphones,N/A: Facet only applies to accessories products; this product is headphones,N/A: Facet only applies to accessories products; this product is headphones,N/A: Facet only applies to accessories products; this product is headphones
DZc43yHr6ydfgE7zB462xz,"HarmonicDyne x Z Reviews Eris 50mm Dynamic Driver Headphones",harmonicdyne-x-z-reviews-eris-50mm-dynamic-driver-headphones,headphones,Semi-Open,needs value,needs value,needs value,needs value,needs value,needs value,needs value,needs value,needs value,needs value,needs value,needs value,N/A: Facet only applies to audio-electronics products; this product is headphones,N/A: Facet only applies to audio-electronics products; this product is headphones,N/A: Facet only applies to audio-electronics products; this product is headphones,N/A: Facet only applies to audio-electronics products; this product is headphones,N/A: Facet only applies to audio-electronics products; this product is headphones,N/A: Facet only applies to audio-electronics products; this product is headphones,N/A: Facet only applies to audio-electronics products; this product is headphones,N/A: Facet only applies to accessories products; this product is headphones,N/A: Facet only applies to accessories products; this product is headphones,N/A: Facet only applies to accessories products; this product is headphones
DZc43yHr6ydfgE7zB46CG4,"iFi GO bar Kensei",ifi-go-bar-kensei,audio-electronics,USB-C/Dongle DACs,needs value,needs value,needs value,needs value,N/A: Facet only applies to headphones products; this product is audio-electronics,N/A: Facet only applies to headphones products; this product is audio-electronics,N/A: Facet only applies to headphones products; this product is audio-electronics,N/A: Facet only applies to headphones products; this product is audio-electronics,N/A: Facet only applies to headphones products; this product is audio-electronics,N/A: Facet only applies to headphones products; this product is audio-electronics,N/A: Facet only applies to headphones products; this product is audio-electronics,N/A: Facet only applies to headphones products; this product is audio-electronics,needs value,needs value,needs value,needs value,needs value,needs value,needs value,N/A: Facet only applies to accessories products; this product is audio-electronics,N/A: Facet only applies to accessories products; this product is audio-electronics,N/A: Facet only applies to accessories products; this product is audio-electronics
DZc43yHr6ydfgE7zB46Kfr,"xDuoo XD-05 BAL Balanced DAC/Amp",xduoo-xd-05-bal-balanced-dac-amp,audio-electronics,USB-C/Dongle DACs,needs value,needs value,needs value,needs value,N/A: Facet only applies to headphones products; this product is audio-electronics,N/A: Facet only applies to headphones products; this product is audio-electronics,N/A: Facet only applies to headphones products; this product is audio-electronics,N/A: Facet only applies to headphones products; this product is audio-electronics,N/A: Facet only applies to headphones products; this product is audio-electronics,N/A: Facet only applies to headphones products; this product is audio-electronics,N/A: Facet only applies to headphones products; this product is audio-electronics,N/A: Facet only applies to headphones products; this product is audio-electronics,needs value,needs value,needs value,needs value,needs value,needs value,needs value,N/A: Facet only applies to accessories products; this product is audio-electronics,N/A: Facet only applies to accessories products; this product is audio-electronics,N/A: Facet only applies to accessories products; this product is audio-electronics
DraufLIOgnzQlqrObMwKGy,"Dekoni Audio Ensemble 4.4mm 64' Braided Cable with 3.5mm Headphone Connectors",dekoni-audio-ensemble-4-4mm-64-braided-cable-with-3-5mm-headphone-connectors,accessories,Headphone Cables,needs value,needs value,needs value,needs value,N/A: Facet only applies to headphones products; this product is accessories,N/A: Facet only applies to headphones products; this product is accessories,N/A: Facet only applies to headphones products; this product is accessories,N/A: Facet only applies to headphones products; this product is accessories,N/A: Facet only applies to headphones products; this product is accessories,N/A: Facet only applies to headphones products; this product is accessories,N/A: Facet only applies to headphones products; this product is accessories,N/A: Facet only applies to headphones products; this product is accessories,N/A: Facet only applies to audio-electronics products; this product is accessories,N/A: Facet only applies to audio-electronics products; this product is accessories,N/A: Facet only applies to audio-electronics products; this product is accessories,N/A: Facet only applies to audio-electronics products; this product is accessories,N/A: Facet only applies to audio-electronics products; this product is accessories,N/A: Facet only applies to audio-electronics products; this product is accessories,N/A: Facet only applies to audio-electronics products; this product is accessories,needs value,needs value,needs value
E5AJbuTajbv7O6i4rY3WSR,"HEDDphone Balanced 4-Pin XLR Cable",heddphone-balanced-4-pin-xlr-cable,accessories,Headphone Cables,needs value,needs value,needs value,needs value,N/A: Facet only applies to headphones products; this product is accessories,N/A: Facet only applies to headphones products; this product is accessories,N/A: Facet only applies to headphones products; this product is accessories,N/A: Facet only applies to headphones products; this product is accessories,N/A: Facet only applies to headphones products; this product is accessories,N/A: Facet only applies to headphones products; this product is accessories,N/A: Facet only applies to headphones products; this product is accessories,N/A: Facet only applies to headphones products; this product is accessories,N/A: Facet only applies to audio-electronics products; this product is accessories,N/A: Facet only applies to audio-electronics products; this product is accessories,N/A: Facet only applies to audio-electronics products; this product is accessories,N/A: Facet only applies to audio-electronics products; this product is accessories,N/A: Facet only applies to audio-electronics products; this product is accessories,N/A: Facet only applies to audio-electronics products; this product is accessories,N/A: Facet only applies to audio-electronics products; this product is accessories,needs value,needs value,needs value
FVx8zpBk46ZESxpKNI3WOv,"Meze Audio MMCX to 3.5mm Silver-Plated Headphone Cable - 3.9 ft.",meze-audio-mmcx-to-3-5mm-silver-plated-headphone-cable-3-9-ft,accessories,Headphone Cables,needs value,needs value,needs value,needs value,N/A: Facet only applies to headphones products; this product is accessories,N/A: Facet only applies to headphones products; this product is accessories,N/A: Facet only applies to headphones products; this product is accessories,N/A: Facet only applies to headphones products; this product is accessories,N/A: Facet only applies to headphones products; this product is accessories,N/A: Facet only applies to headphones products; this product is accessories,N/A: Facet only applies to headphones products; this product is accessories,N/A: Facet only applies to headphones products; this product is accessories,N/A: Facet only applies to audio-electronics products; this product is accessories,N/A: Facet only applies to audio-electronics products; this product is accessories,N/A: Facet only applies to audio-electronics products; this product is accessories,N/A: Facet only applies to audio-electronics products; this product is accessories,N/A: Facet only applies to audio-electronics products; this product is accessories,N/A: Facet only applies to audio-electronics products; this product is accessories,N/A: Facet only applies to audio-electronics products; this product is accessories,needs value,needs value,needs value
FfAIr0MG25AzkX2gQHNAYN,"Memory Foam Isolation Earphone Tips Black - Gemini 3mm",memory-foam-isolation-earphone-tips-black-gemini-3mm,accessories,Eartips,needs value,needs value,needs value,needs value,N/A: Facet only applies to headphones products; this product is accessories,N/A: Facet only applies to headphones products; this product is accessories,N/A: Facet only applies to headphones products; this product is accessories,N/A: Facet only applies to headphones products; this product is accessories,N/A: Facet only applies to headphones products; this product is accessories,N/A: Facet only applies to headphones products; this product is accessories,N/A: Facet only applies to headphones products; this product is accessories,N/A: Facet only applies to headphones products; this product is accessories,N/A: Facet only applies to audio-electronics products; this product is accessories,N/A: Facet only applies to audio-electronics products; this product is accessories,N/A: Facet only applies to audio-electronics products; this product is accessories,N/A: Facet only applies to audio-electronics products; this product is accessories,N/A: Facet only applies to audio-electronics products; this product is accessories,N/A: Facet only applies to audio-electronics products; this product is accessories,N/A: Facet only applies to audio-electronics products; this product is accessories,needs value,N/A: Earpads, eartips, stands, cases and care products have no connector/termination,needs value
GPjMdcfFWZVrKyR2PB2gcY,"Apos x Community Druid R2R DAC",apos-x-community-druid-r2r-dac,accessories,Earpads,needs value,needs value,needs value,needs value,N/A: Facet only applies to headphones products; this product is accessories,N/A: Facet only applies to headphones products; this product is accessories,N/A: Facet only applies to headphones products; this product is accessories,N/A: Facet only applies to headphones products; this product is accessories,N/A: Facet only applies to headphones products; this product is accessories,N/A: Facet only applies to headphones products; this product is accessories,N/A: Facet only applies to headphones products; this product is accessories,N/A: Facet only applies to headphones products; this product is accessories,N/A: Facet only applies to audio-electronics products; this product is accessories,N/A: Facet only applies to audio-electronics products; this product is accessories,N/A: Facet only applies to audio-electronics products; this product is accessories,N/A: Facet only applies to audio-electronics products; this product is accessories,N/A: Facet only applies to audio-electronics products; this product is accessories,N/A: Facet only applies to audio-electronics products; this product is accessories,N/A: Facet only applies to audio-electronics products; this product is accessories,needs value,N/A: Earpads, eartips, stands, cases and care products have no connector/termination,needs value
GPjMdcfFWZVrKyR2PB2jje,"SJY Horizon Closed Carbon Planar Magnetic Headphones",sjy-horizon-closed-carbon-planar-magnetic-headphones,accessories,Earpads,needs value,needs value,needs value,needs value,N/A: Facet only applies to headphones products; this product is accessories,N/A: Facet only applies to headphones products; this product is accessories,N/A: Facet only applies to headphones products; this product is accessories,N/A: Facet only applies to headphones products; this product is accessories,N/A: Facet only applies to headphones products; this product is accessories,N/A: Facet only applies to headphones products; this product is accessories,N/A: Facet only applies to headphones products; this product is accessories,N/A: Facet only applies to headphones products; this product is accessories,N/A: Facet only applies to audio-electronics products; this product is accessories,N/A: Facet only applies to audio-electronics products; this product is accessories,N/A: Facet only applies to audio-electronics products; this product is accessories,N/A: Facet only applies to audio-electronics products; this product is accessories,N/A: Facet only applies to audio-electronics products; this product is accessories,N/A: Facet only applies to audio-electronics products; this product is accessories,N/A: Facet only applies to audio-electronics products; this product is accessories,needs value,N/A: Earpads, eartips, stands, cases and care products have no connector/termination,needs value
GPjMdcfFWZVrKyR2PB2mFi,"Apos x Z Reviews Magia Cable",apos-x-z-reviews-magia-cable,accessories,Earpads,needs value,needs value,needs value,needs value,N/A: Facet only applies to headphones products; this product is accessories,N/A: Facet only applies to headphones products; this product is accessories,N/A: Facet only applies to headphones products; this product is accessories,N/A: Facet only applies to headphones products; this product is accessories,N/A: Facet only applies to headphones products; this product is accessories,N/A: Facet only applies to headphones products; this product is accessories,N/A: Facet only applies to headphones products; this product is accessories,N/A: Facet only applies to headphones products; this product is accessories,N/A: Facet only applies to audio-electronics products; this product is accessories,N/A: Facet only applies to audio-electronics products; this product is accessories,N/A: Facet only applies to audio-electronics products; this product is accessories,N/A: Facet only applies to audio-electronics products; this product is accessories,N/A: Facet only applies to audio-electronics products; this product is accessories,N/A: Facet only applies to audio-electronics products; this product is accessories,N/A: Facet only applies to audio-electronics products; this product is accessories,needs value,N/A: Earpads, eartips, stands, cases and care products have no connector/termination,needs value
GPjMdcfFWZVrKyR2PB2ogU,"Bob Ross Deskmat",bob-ross-deskmat,accessories,Earpads,needs value,needs value,needs value,needs value,N/A: Facet only applies to headphones products; this product is accessories,N/A: Facet only applies to headphones products; this product is accessories,N/A: Facet only applies to headphones products; this product is accessories,N/A: Facet only applies to headphones products; this product is accessories,N/A: Facet only applies to headphones products; this product is accessories,N/A: Facet only applies to headphones products; this product is accessories,N/A: Facet only applies to headphones products; this product is accessories,N/A: Facet only applies to headphones products; this product is accessories,N/A: Facet only applies to audio-electronics products; this product is accessories,N/A: Facet only applies to audio-electronics products; this product is accessories,N/A: Facet only applies to audio-electronics products; this product is accessories,N/A: Facet only applies to audio-electronics products; this product is accessories,N/A: Facet only applies to audio-electronics products; this product is accessories,N/A: Facet only applies to audio-electronics products; this product is accessories,N/A: Facet only applies to audio-electronics products; this product is accessories,needs value,N/A: Earpads, eartips, stands, cases and care products have no connector/termination,needs value
GPjMdcfFWZVrKyR2PB2rna,"RO75 Compact Keyboard",ro75-compact-keyboard,accessories,Earpads,needs value,needs value,needs value,needs value,N/A: Facet only applies to headphones products; this product is accessories,N/A: Facet only applies to headphones products; this product is accessories,N/A: Facet only applies to headphones products; this product is accessories,N/A: Facet only applies to headphones products; this product is accessories,N/A: Facet only applies to headphones products; this product is accessories,N/A: Facet only applies to headphones products; this product is accessories,N/A: Facet only applies to headphones products; this product is accessories,N/A: Facet only applies to headphones products; this product is accessories,N/A: Facet only applies to audio-electronics products; this product is accessories,N/A: Facet only applies to audio-electronics products; this product is accessories,N/A: Facet only applies to audio-electronics products; this product is accessories,N/A: Facet only applies to audio-electronics products; this product is accessories,N/A: Facet only applies to audio-electronics products; this product is accessories,N/A: Facet only applies to audio-electronics products; this product is accessories,N/A: Facet only applies to audio-electronics products; this product is accessories,needs value,N/A: Earpads, eartips, stands, cases and care products have no connector/termination,needs value
GPjMdcfFWZVrKyR2PB3Hrm,"Dekoni Audio EPZ-HD600-HYB Replacement Ear Pads for Sennheiser HD600 Series Headphones Elite Hybrid",dekoni-audio-epz-hd600-hyb-replacement-ear-pads-for-sennheiser-hd600-series-headphones-elite-hyb,accessories,Earpads,needs value,needs value,needs value,needs value,N/A: Facet only applies to headphones products; this product is accessories,N/A: Facet only applies to headphones products; this product is accessories,N/A: Facet only applies to headphones products; this product is accessories,N/A: Facet only applies to headphones products; this product is accessories,N/A: Facet only applies to headphones products; this product is accessories,N/A: Facet only applies to headphones products; this product is accessories,N/A: Facet only applies to headphones products; this product is accessories,N/A: Facet only applies to headphones products; this product is accessories,N/A: Facet only applies to audio-electronics products; this product is accessories,N/A: Facet only applies to audio-electronics products; this product is accessories,N/A: Facet only applies to audio-electronics products; this product is accessories,N/A: Facet only applies to audio-electronics products; this product is accessories,N/A: Facet only applies to audio-electronics products; this product is accessories,N/A: Facet only applies to audio-electronics products; this product is accessories,N/A: Facet only applies to audio-electronics products; this product is accessories,needs value,N/A: Earpads, eartips, stands, cases and care products have no connector/termination,needs value
GPjMdcfFWZVrKyR2PB3KgM,"Dekoni Audio EPZ-FOCAL-SK Replacement Ear Pads for Focal Headphones Elite Sheepskin",dekoni-audio-epz-focal-sk-replacement-ear-pads-for-focal-headphones-elite-sheepskin,accessories,Earpads,needs value,needs value,needs value,needs value,N/A: Facet only applies to headphones products; this product is accessories,N/A: Facet only applies to headphones products; this product is accessories,N/A: Facet only applies to headphones products; this product is accessories,N/A: Facet only applies to headphones products; this product is accessories,N/A: Facet only applies to headphones products; this product is accessories,N/A: Facet only applies to headphones products; this product is accessories,N/A: Facet only applies to headphones products; this product is accessories,N/A: Facet only applies to headphones products; this product is accessories,N/A: Facet only applies to audio-electronics products; this product is accessories,N/A: Facet only applies to audio-electronics products; this product is accessories,N/A: Facet only applies to audio-electronics products; this product is accessories,N/A: Facet only applies to audio-electronics products; this product is accessories,N/A: Facet only applies to audio-electronics products; this product is accessories,N/A: Facet only applies to audio-electronics products; this product is accessories,N/A: Facet only applies to audio-electronics products; this product is accessories,needs value,N/A: Earpads, eartips, stands, cases and care products have no connector/termination,needs value
GPjMdcfFWZVrKyR2PB3PiU,"Bose NC 700 Cooling Gel Earpads - WC FreeZe",bose-nc-700-cooling-gel-earpads-wc-freeze,accessories,Earpads,needs value,needs value,needs value,needs value,N/A: Facet only applies to headphones products; this product is accessories,N/A: Facet only applies to headphones products; this product is accessories,N/A: Facet only applies to headphones products; this product is accessories,N/A: Facet only applies to headphones products; this product is accessories,N/A: Facet only applies to headphones products; this product is accessories,N/A: Facet only applies to headphones products; this product is accessories,N/A: Facet only applies to headphones products; this product is accessories,N/A: Facet only applies to headphones products; this product is accessories,N/A: Facet only applies to audio-electronics products; this product is accessories,N/A: Facet only applies to audio-electronics products; this product is accessories,N/A: Facet only applies to audio-electronics products; this product is accessories,N/A: Facet only applies to audio-electronics products; this product is accessories,N/A: Facet only applies to audio-electronics products; this product is accessories,N/A: Facet only applies to audio-electronics products; this product is accessories,N/A: Facet only applies to audio-electronics products; this product is accessories,needs value,N/A: Earpads, eartips, stands, cases and care products have no connector/termination,needs value
GPjMdcfFWZVrKyR2PB3TVu,"Arctis Nova Pro Wireless, Nova Elite & Nova Pro Omni Earpads - WC FreeZe Cooling Gel",arctis-nova-pro-wireless-nova-elite-nova-pro-omni-earpads-wc-freeze-cooling-gel,accessories,Earpads,needs value,needs value,needs value,needs value,N/A: Facet only applies to headphones products; this product is accessories,N/A: Facet only applies to headphones products; this product is accessories,N/A: Facet only applies to headphones products; this product is accessories,N/A: Facet only applies to headphones products; this product is accessories,N/A: Facet only applies to headphones products; this product is accessories,N/A: Facet only applies to headphones products; this product is accessories,N/A: Facet only applies to headphones products; this product is accessories,N/A: Facet only applies to headphones products; this product is accessories,N/A: Facet only applies to audio-electronics products; this product is accessories,N/A: Facet only applies to audio-electronics products; this product is accessories,N/A: Facet only applies to audio-electronics products; this product is accessories,N/A: Facet only applies to audio-electronics products; this product is accessories,N/A: Facet only applies to audio-electronics products; this product is accessories,N/A: Facet only applies to audio-electronics products; this product is accessories,N/A: Facet only applies to audio-electronics products; this product is accessories,needs value,N/A: Earpads, eartips, stands, cases and care products have no connector/termination,needs value
GPjMdcfFWZVrKyR2PB3Z94,"Replacement Earpads For Bose QC15 Headphones",replacement-earpads-for-bose-qc15-headphones,accessories,Earpads,needs value,needs value,needs value,needs value,N/A: Facet only applies to headphones products; this product is accessories,N/A: Facet only applies to headphones products; this product is accessories,N/A: Facet only applies to headphones products; this product is accessories,N/A: Facet only applies to headphones products; this product is accessories,N/A: Facet only applies to headphones products; this product is accessories,N/A: Facet only applies to headphones products; this product is accessories,N/A: Facet only applies to headphones products; this product is accessories,N/A: Facet only applies to headphones products; this product is accessories,N/A: Facet only applies to audio-electronics products; this product is accessories,N/A: Facet only applies to audio-electronics products; this product is accessories,N/A: Facet only applies to audio-electronics products; this product is accessories,N/A: Facet only applies to audio-electronics products; this product is accessories,N/A: Facet only applies to audio-electronics products; this product is accessories,N/A: Facet only applies to audio-electronics products; this product is accessories,N/A: Facet only applies to audio-electronics products; this product is accessories,needs value,N/A: Earpads, eartips, stands, cases and care products have no connector/termination,needs value
GPjMdcfFWZVrKyR2PB3egw,"Replacement earpads for Sony MDR-RF985R & More",replacement-earpads-for-sony-mdr-rf985r-more,accessories,Earpads,needs value,needs value,needs value,needs value,N/A: Facet only applies to headphones products; this product is accessories,N/A: Facet only applies to headphones products; this product is accessories,N/A: Facet only applies to headphones products; this product is accessories,N/A: Facet only applies to headphones products; this product is accessories,N/A: Facet only applies to headphones products; this product is accessories,N/A: Facet only applies to headphones products; this product is accessories,N/A: Facet only applies to headphones products; this product is accessories,N/A: Facet only applies to headphones products; this product is accessories,N/A: Facet only applies to audio-electronics products; this product is accessories,N/A: Facet only applies to audio-electronics products; this product is accessories,N/A: Facet only applies to audio-electronics products; this product is accessories,N/A: Facet only applies to audio-electronics products; this product is accessories,N/A: Facet only applies to audio-electronics products; this product is accessories,N/A: Facet only applies to audio-electronics products; this product is accessories,N/A: Facet only applies to audio-electronics products; this product is accessories,needs value,N/A: Earpads, eartips, stands, cases and care products have no connector/termination,needs value
GPjMdcfFWZVrKyR2PB3qlW,"Upgraded Beats Solo 4 Earpads - WC PadZ Solo 4",upgraded-beats-solo-4-earpads-wc-padz-solo-4,accessories,Earpads,needs value,needs value,needs value,needs value,N/A: Facet only applies to headphones products; this product is accessories,N/A: Facet only applies to headphones products; this product is accessories,N/A: Facet only applies to headphones products; this product is accessories,N/A: Facet only applies to headphones products; this product is accessories,N/A: Facet only applies to headphones products; this product is accessories,N/A: Facet only applies to headphones products; this product is accessories,N/A: Facet only applies to headphones products; this product is accessories,N/A: Facet only applies to headphones products; this product is accessories,N/A: Facet only applies to audio-electronics products; this product is accessories,N/A: Facet only applies to audio-electronics products; this product is accessories,N/A: Facet only applies to audio-electronics products; this product is accessories,N/A: Facet only applies to audio-electronics products; this product is accessories,N/A: Facet only applies to audio-electronics products; this product is accessories,N/A: Facet only applies to audio-electronics products; this product is accessories,N/A: Facet only applies to audio-electronics products; this product is accessories,needs value,N/A: Earpads, eartips, stands, cases and care products have no connector/termination,needs value
GPjMdcfFWZVrKyR2PB3sdu,"Astro A50 Gen 4, Gen 5 and A50X Earpads - WC FreeZe Cooling Gel",astro-a50-gen-4-gen-5-and-a50x-earpads-wc-freeze-cooling-gel,accessories,Earpads,needs value,needs value,needs value,needs value,N/A: Facet only applies to headphones products; this product is accessories,N/A: Facet only applies to headphones products; this product is accessories,N/A: Facet only applies to headphones products; this product is accessories,N/A: Facet only applies to headphones products; this product is accessories,N/A: Facet only applies to headphones products; this product is accessories,N/A: Facet only applies to headphones products; this product is accessories,N/A: Facet only applies to headphones products; this product is accessories,N/A: Facet only applies to headphones products; this product is accessories,N/A: Facet only applies to audio-electronics products; this product is accessories,N/A: Facet only applies to audio-electronics products; this product is accessories,N/A: Facet only applies to audio-electronics products; this product is accessories,N/A: Facet only applies to audio-electronics products; this product is accessories,N/A: Facet only applies to audio-electronics products; this product is accessories,N/A: Facet only applies to audio-electronics products; this product is accessories,N/A: Facet only applies to audio-electronics products; this product is accessories,needs value,N/A: Earpads, eartips, stands, cases and care products have no connector/termination,needs value
GPjMdcfFWZVrKyR2PB3t70,"WC FreeZe - Hybrid Cooling Gel Infused Gaming Earpads",wc-freeze-hybrid-cooling-gel-infused-gaming-earpads,accessories,Earpads,needs value,needs value,needs value,needs value,N/A: Facet only applies to headphones products; this product is accessories,N/A: Facet only applies to headphones products; this product is accessories,N/A: Facet only applies to headphones products; this product is accessories,N/A: Facet only applies to headphones products; this product is accessories,N/A: Facet only applies to headphones products; this product is accessories,N/A: Facet only applies to headphones products; this product is accessories,N/A: Facet only applies to headphones products; this product is accessories,N/A: Facet only applies to headphones products; this product is accessories,N/A: Facet only applies to audio-electronics products; this product is accessories,N/A: Facet only applies to audio-electronics products; this product is accessories,N/A: Facet only applies to audio-electronics products; this product is accessories,N/A: Facet only applies to audio-electronics products; this product is accessories,N/A: Facet only applies to audio-electronics products; this product is accessories,N/A: Facet only applies to audio-electronics products; this product is accessories,N/A: Facet only applies to audio-electronics products; this product is accessories,needs value,N/A: Earpads, eartips, stands, cases and care products have no connector/termination,needs value
GPjMdcfFWZVrKyR2PB494I,"Find Tips for your Device",find-tips-for-your-device,accessories,Eartips,needs value,needs value,needs value,needs value,N/A: Facet only applies to headphones products; this product is accessories,N/A: Facet only applies to headphones products; this product is accessories,N/A: Facet only applies to headphones products; this product is accessories,N/A: Facet only applies to headphones products; this product is accessories,N/A: Facet only applies to headphones products; this product is accessories,N/A: Facet only applies to headphones products; this product is accessories,N/A: Facet only applies to headphones products; this product is accessories,N/A: Facet only applies to headphones products; this product is accessories,N/A: Facet only applies to audio-electronics products; this product is accessories,N/A: Facet only applies to audio-electronics products; this product is accessories,N/A: Facet only applies to audio-electronics products; this product is accessories,N/A: Facet only applies to audio-electronics products; this product is accessories,N/A: Facet only applies to audio-electronics products; this product is accessories,N/A: Facet only applies to audio-electronics products; this product is accessories,N/A: Facet only applies to audio-electronics products; this product is accessories,needs value,N/A: Earpads, eartips, stands, cases and care products have no connector/termination,needs value
GPjMdcfFWZVrKyR2PB4Jgw,"Galaxy Buds Pro 3 & 4 Memory Foam Ear Tips - WC TipZ Galaxy",galaxy-buds-pro-3-4-memory-foam-ear-tips-wc-tipz-galaxy,accessories,Eartips,needs value,needs value,needs value,needs value,N/A: Facet only applies to headphones products; this product is accessories,N/A: Facet only applies to headphones products; this product is accessories,N/A: Facet only applies to headphones products; this product is accessories,N/A: Facet only applies to headphones products; this product is accessories,N/A: Facet only applies to headphones products; this product is accessories,N/A: Facet only applies to headphones products; this product is accessories,N/A: Facet only applies to headphones products; this product is accessories,N/A: Facet only applies to headphones products; this product is accessories,N/A: Facet only applies to audio-electronics products; this product is accessories,N/A: Facet only applies to audio-electronics products; this product is accessories,N/A: Facet only applies to audio-electronics products; this product is accessories,N/A: Facet only applies to audio-electronics products; this product is accessories,N/A: Facet only applies to audio-electronics products; this product is accessories,N/A: Facet only applies to audio-electronics products; this product is accessories,N/A: Facet only applies to audio-electronics products; this product is accessories,needs value,N/A: Earpads, eartips, stands, cases and care products have no connector/termination,needs value
GPjMdcfFWZVrKyR2PB4Lju,"Earbud Cleaning Kit",earbud-cleaning-kit,accessories,Care & Cleaning,needs value,needs value,needs value,needs value,N/A: Facet only applies to headphones products; this product is accessories,N/A: Facet only applies to headphones products; this product is accessories,N/A: Facet only applies to headphones products; this product is accessories,N/A: Facet only applies to headphones products; this product is accessories,N/A: Facet only applies to headphones products; this product is accessories,N/A: Facet only applies to headphones products; this product is accessories,N/A: Facet only applies to headphones products; this product is accessories,N/A: Facet only applies to headphones products; this product is accessories,N/A: Facet only applies to audio-electronics products; this product is accessories,N/A: Facet only applies to audio-electronics products; this product is accessories,N/A: Facet only applies to audio-electronics products; this product is accessories,N/A: Facet only applies to audio-electronics products; this product is accessories,N/A: Facet only applies to audio-electronics products; this product is accessories,N/A: Facet only applies to audio-electronics products; this product is accessories,N/A: Facet only applies to audio-electronics products; this product is accessories,needs value,N/A: Earpads, eartips, stands, cases and care products have no connector/termination,needs value
GPjMdcfFWZVrKyR2PB4QYo,"TOPPING DX3 Pro+ Bluetooth DAC/Amp",topping-dx3-pro-bluetooth-dac-amp,audio-electronics,Bluetooth DAC/Amps,needs value,needs value,needs value,needs value,N/A: Facet only applies to headphones products; this product is audio-electronics,N/A: Facet only applies to headphones products; this product is audio-electronics,N/A: Facet only applies to headphones products; this product is audio-electronics,N/A: Facet only applies to headphones products; this product is audio-electronics,N/A: Facet only applies to headphones products; this product is audio-electronics,N/A: Facet only applies to headphones products; this product is audio-electronics,N/A: Facet only applies to headphones products; this product is audio-electronics,N/A: Facet only applies to headphones products; this product is audio-electronics,needs value,needs value,needs value,needs value,needs value,needs value,needs value,N/A: Facet only applies to accessories products; this product is audio-electronics,N/A: Facet only applies to accessories products; this product is audio-electronics,N/A: Facet only applies to accessories products; this product is audio-electronics
GPjMdcfFWZVrKyR2PB4pYs,"Meze Audio 109 PRO Dynamic Open-Back Headphone (Apos Certified)",meze-audio-109-pro-dynamic-open-back-headphone-apos-certified,headphones,Open-Back,needs value,needs value,needs value,needs value,needs value,needs value,needs value,needs value,needs value,needs value,needs value,needs value,N/A: Facet only applies to audio-electronics products; this product is headphones,N/A: Facet only applies to audio-electronics products; this product is headphones,N/A: Facet only applies to audio-electronics products; this product is headphones,N/A: Facet only applies to audio-electronics products; this product is headphones,N/A: Facet only applies to audio-electronics products; this product is headphones,N/A: Facet only applies to audio-electronics products; this product is headphones,N/A: Facet only applies to audio-electronics products; this product is headphones,N/A: Facet only applies to accessories products; this product is headphones,N/A: Facet only applies to accessories products; this product is headphones,N/A: Facet only applies to accessories products; this product is headphones
GPjMdcfFWZVrKyR2PB4zFK,"Meze 105 AER Open-Back Headphones",meze-105-aer-open-back-headphones,headphones,Open-Back,needs value,needs value,needs value,needs value,needs value,needs value,needs value,needs value,needs value,needs value,needs value,needs value,N/A: Facet only applies to audio-electronics products; this product is headphones,N/A: Facet only applies to audio-electronics products; this product is headphones,N/A: Facet only applies to audio-electronics products; this product is headphones,N/A: Facet only applies to audio-electronics products; this product is headphones,N/A: Facet only applies to audio-electronics products; this product is headphones,N/A: Facet only applies to audio-electronics products; this product is headphones,N/A: Facet only applies to audio-electronics products; this product is headphones,N/A: Facet only applies to accessories products; this product is headphones,N/A: Facet only applies to accessories products; this product is headphones,N/A: Facet only applies to accessories products; this product is headphones
GPjMdcfFWZVrKyR2PB54HS,"Audeze LCD-X Open Back Headphone",audeze-lcd-x-open-back-headphone,headphones,Open-Back,needs value,needs value,needs value,needs value,needs value,needs value,needs value,needs value,needs value,needs value,needs value,needs value,N/A: Facet only applies to audio-electronics products; this product is headphones,N/A: Facet only applies to audio-electronics products; this product is headphones,N/A: Facet only applies to audio-electronics products; this product is headphones,N/A: Facet only applies to audio-electronics products; this product is headphones,N/A: Facet only applies to audio-electronics products; this product is headphones,N/A: Facet only applies to audio-electronics products; this product is headphones,N/A: Facet only applies to audio-electronics products; this product is headphones,N/A: Facet only applies to accessories products; this product is headphones,N/A: Facet only applies to accessories products; this product is headphones,N/A: Facet only applies to accessories products; this product is headphones
GPjMdcfFWZVrKyR2PB55De,"Audeze LCD-5 Planar Magnetic Headphone",audeze-lcd-5-planar-magnetic-headphone,headphones,Open-Back,needs value,needs value,needs value,needs value,needs value,needs value,needs value,needs value,needs value,needs value,needs value,needs value,N/A: Facet only applies to audio-electronics products; this product is headphones,N/A: Facet only applies to audio-electronics products; this product is headphones,N/A: Facet only applies to audio-electronics products; this product is headphones,N/A: Facet only applies to audio-electronics products; this product is headphones,N/A: Facet only applies to audio-electronics products; this product is headphones,N/A: Facet only applies to audio-electronics products; this product is headphones,N/A: Facet only applies to audio-electronics products; this product is headphones,N/A: Facet only applies to accessories products; this product is headphones,N/A: Facet only applies to accessories products; this product is headphones,N/A: Facet only applies to accessories products; this product is headphones
GPjMdcfFWZVrKyR2PB57uI,"Sennheiser HD 800S Dynamic Open-back Headphones",sennheiser-hd-800s-dynamic-open-back-headphones,headphones,Open-Back,needs value,needs value,needs value,needs value,needs value,needs value,needs value,needs value,needs value,needs value,needs value,needs value,N/A: Facet only applies to audio-electronics products; this product is headphones,N/A: Facet only applies to audio-electronics products; this product is headphones,N/A: Facet only applies to audio-electronics products; this product is headphones,N/A: Facet only applies to audio-electronics products; this product is headphones,N/A: Facet only applies to audio-electronics products; this product is headphones,N/A: Facet only applies to audio-electronics products; this product is headphones,N/A: Facet only applies to audio-electronics products; this product is headphones,N/A: Facet only applies to accessories products; this product is headphones,N/A: Facet only applies to accessories products; this product is headphones,N/A: Facet only applies to accessories products; this product is headphones
GPjMdcfFWZVrKyR2PB5Gjq,"Audio-Technica ATH-ADX7000 Headphones",audio-technica-ath-adx7000-headphones,headphones,Open-Back,needs value,needs value,needs value,needs value,needs value,needs value,needs value,needs value,needs value,needs value,needs value,needs value,N/A: Facet only applies to audio-electronics products; this product is headphones,N/A: Facet only applies to audio-electronics products; this product is headphones,N/A: Facet only applies to audio-electronics products; this product is headphones,N/A: Facet only applies to audio-electronics products; this product is headphones,N/A: Facet only applies to audio-electronics products; this product is headphones,N/A: Facet only applies to audio-electronics products; this product is headphones,N/A: Facet only applies to audio-electronics products; this product is headphones,N/A: Facet only applies to accessories products; this product is headphones,N/A: Facet only applies to accessories products; this product is headphones,N/A: Facet only applies to accessories products; this product is headphones
GPjMdcfFWZVrKyR2PB5Jys,"Meze Manta Headphone Stand",meze-manta-headphone-stand,accessories,Headphone Stands,needs value,needs value,needs value,needs value,N/A: Facet only applies to headphones products; this product is accessories,N/A: Facet only applies to headphones products; this product is accessories,N/A: Facet only applies to headphones products; this product is accessories,N/A: Facet only applies to headphones products; this product is accessories,N/A: Facet only applies to headphones products; this product is accessories,N/A: Facet only applies to headphones products; this product is accessories,N/A: Facet only applies to headphones products; this product is accessories,N/A: Facet only applies to headphones products; this product is accessories,N/A: Facet only applies to audio-electronics products; this product is accessories,N/A: Facet only applies to audio-electronics products; this product is accessories,N/A: Facet only applies to audio-electronics products; this product is accessories,N/A: Facet only applies to audio-electronics products; this product is accessories,N/A: Facet only applies to audio-electronics products; this product is accessories,N/A: Facet only applies to audio-electronics products; this product is accessories,N/A: Facet only applies to audio-electronics products; this product is accessories,needs value,N/A: Earpads, eartips, stands, cases and care products have no connector/termination,needs value
GPjMdcfFWZVrKyR2PB5L30,"Salad Halo Headphone Stand",salad-halo-headphone-stand,accessories,Headphone Stands,needs value,needs value,needs value,needs value,N/A: Facet only applies to headphones products; this product is accessories,N/A: Facet only applies to headphones products; this product is accessories,N/A: Facet only applies to headphones products; this product is accessories,N/A: Facet only applies to headphones products; this product is accessories,N/A: Facet only applies to headphones products; this product is accessories,N/A: Facet only applies to headphones products; this product is accessories,N/A: Facet only applies to headphones products; this product is accessories,N/A: Facet only applies to headphones products; this product is accessories,N/A: Facet only applies to audio-electronics products; this product is accessories,N/A: Facet only applies to audio-electronics products; this product is accessories,N/A: Facet only applies to audio-electronics products; this product is accessories,N/A: Facet only applies to audio-electronics products; this product is accessories,N/A: Facet only applies to audio-electronics products; this product is accessories,N/A: Facet only applies to audio-electronics products; this product is accessories,N/A: Facet only applies to audio-electronics products; this product is accessories,needs value,N/A: Earpads, eartips, stands, cases and care products have no connector/termination,needs value
GPjMdcfFWZVrKyR2PB5NeM,"iFi NEO Stream",ifi-neo-stream,audio-electronics,Network Streamers,needs value,needs value,needs value,needs value,N/A: Facet only applies to headphones products; this product is audio-electronics,N/A: Facet only applies to headphones products; this product is audio-electronics,N/A: Facet only applies to headphones products; this product is audio-electronics,N/A: Facet only applies to headphones products; this product is audio-electronics,N/A: Facet only applies to headphones products; this product is audio-electronics,N/A: Facet only applies to headphones products; this product is audio-electronics,N/A: Facet only applies to headphones products; this product is audio-electronics,N/A: Facet only applies to headphones products; this product is audio-electronics,needs value,needs value,needs value,needs value,needs value,needs value,needs value,N/A: Facet only applies to accessories products; this product is audio-electronics,N/A: Facet only applies to accessories products; this product is audio-electronics,N/A: Facet only applies to accessories products; this product is audio-electronics
GPjMdcfFWZVrKyR2PB5Tcg,"YULONG DAART Asura Music Streamer & Desktop DAC & Headphone Amplifier",yulong-daart-asura-music-streamer-desktop-dac-headphone-amplifier,audio-electronics,Network Streamers,needs value,needs value,needs value,needs value,N/A: Facet only applies to headphones products; this product is audio-electronics,N/A: Facet only applies to headphones products; this product is audio-electronics,N/A: Facet only applies to headphones products; this product is audio-electronics,N/A: Facet only applies to headphones products; this product is audio-electronics,N/A: Facet only applies to headphones products; this product is audio-electronics,N/A: Facet only applies to headphones products; this product is audio-electronics,N/A: Facet only applies to headphones products; this product is audio-electronics,N/A: Facet only applies to headphones products; this product is audio-electronics,needs value,needs value,needs value,needs value,needs value,needs value,needs value,N/A: Facet only applies to accessories products; this product is audio-electronics,N/A: Facet only applies to accessories products; this product is audio-electronics,N/A: Facet only applies to accessories products; this product is audio-electronics
GPjMdcfFWZVrKyR2PB5pis,"LADDER Czerny R2R Desktop DAC",ladder-czerny-r2r-desktop-dac,audio-electronics,Standalone DACs,needs value,needs value,needs value,needs value,N/A: Facet only applies to headphones products; this product is audio-electronics,N/A: Facet only applies to headphones products; this product is audio-electronics,N/A: Facet only applies to headphones products; this product is audio-electronics,N/A: Facet only applies to headphones products; this product is audio-electronics,N/A: Facet only applies to headphones products; this product is audio-electronics,N/A: Facet only applies to headphones products; this product is audio-electronics,N/A: Facet only applies to headphones products; this product is audio-electronics,N/A: Facet only applies to headphones products; this product is audio-electronics,needs value,needs value,needs value,needs value,needs value,needs value,needs value,N/A: Facet only applies to accessories products; this product is audio-electronics,N/A: Facet only applies to accessories products; this product is audio-electronics,N/A: Facet only applies to accessories products; this product is audio-electronics
GPjMdcfFWZVrKyR2PB6DOw,"xDuoo XD05 Pro (XD05Pro) Hard Nucleus Modular DAC/Amp",xduoo-xd05-pro-xd05pro-hard-nucleus-modular-dac-amp,audio-electronics,DAC/Amp Combos,needs value,needs value,needs value,needs value,N/A: Facet only applies to headphones products; this product is audio-electronics,N/A: Facet only applies to headphones products; this product is audio-electronics,N/A: Facet only applies to headphones products; this product is audio-electronics,N/A: Facet only applies to headphones products; this product is audio-electronics,N/A: Facet only applies to headphones products; this product is audio-electronics,N/A: Facet only applies to headphones products; this product is audio-electronics,N/A: Facet only applies to headphones products; this product is audio-electronics,N/A: Facet only applies to headphones products; this product is audio-electronics,needs value,needs value,needs value,needs value,needs value,needs value,needs value,N/A: Facet only applies to accessories products; this product is audio-electronics,N/A: Facet only applies to accessories products; this product is audio-electronics,N/A: Facet only applies to accessories products; this product is audio-electronics
GPjMdcfFWZVrKyR2PB6EDC,"xDuoo TA-10R Tube DAC/Amp",xduoo-ta-10r-tube-dac-amp,audio-electronics,DAC/Amp Combos,needs value,needs value,needs value,needs value,N/A: Facet only applies to headphones products; this product is audio-electronics,N/A: Facet only applies to headphones products; this product is audio-electronics,N/A: Facet only applies to headphones products; this product is audio-electronics,N/A: Facet only applies to headphones products; this product is audio-electronics,N/A: Facet only applies to headphones products; this product is audio-electronics,N/A: Facet only applies to headphones products; this product is audio-electronics,N/A: Facet only applies to headphones products; this product is audio-electronics,N/A: Facet only applies to headphones products; this product is audio-electronics,needs value,needs value,needs value,needs value,needs value,needs value,needs value,N/A: Facet only applies to accessories products; this product is audio-electronics,N/A: Facet only applies to accessories products; this product is audio-electronics,N/A: Facet only applies to accessories products; this product is audio-electronics
GPjMdcfFWZVrKyR2PB6IuA,"LADDER Chopin Desktop R2R Pre-amplifier",ladder-chopin-desktop-r2r-pre-amplifier,audio-electronics,DAC/Amp Combos,needs value,needs value,needs value,needs value,N/A: Facet only applies to headphones products; this product is audio-electronics,N/A: Facet only applies to headphones products; this product is audio-electronics,N/A: Facet only applies to headphones products; this product is audio-electronics,N/A: Facet only applies to headphones products; this product is audio-electronics,N/A: Facet only applies to headphones products; this product is audio-electronics,N/A: Facet only applies to headphones products; this product is audio-electronics,N/A: Facet only applies to headphones products; this product is audio-electronics,N/A: Facet only applies to headphones products; this product is audio-electronics,needs value,needs value,needs value,needs value,needs value,needs value,needs value,N/A: Facet only applies to accessories products; this product is audio-electronics,N/A: Facet only applies to accessories products; this product is audio-electronics,N/A: Facet only applies to accessories products; this product is audio-electronics
GPjMdcfFWZVrKyR2PB6how,"Yulong Canary II DAC/Amp",yulong-canary-ii-dac-amp,audio-electronics,DAC/Amp Combos,needs value,needs value,needs value,needs value,N/A: Facet only applies to headphones products; this product is audio-electronics,N/A: Facet only applies to headphones products; this product is audio-electronics,N/A: Facet only applies to headphones products; this product is audio-electronics,N/A: Facet only applies to headphones products; this product is audio-electronics,N/A: Facet only applies to headphones products; this product is audio-electronics,N/A: Facet only applies to headphones products; this product is audio-electronics,N/A: Facet only applies to headphones products; this product is audio-electronics,N/A: Facet only applies to headphones products; this product is audio-electronics,needs value,needs value,needs value,needs value,needs value,needs value,needs value,N/A: Facet only applies to accessories products; this product is audio-electronics,N/A: Facet only applies to accessories products; this product is audio-electronics,N/A: Facet only applies to accessories products; this product is audio-electronics
GPjMdcfFWZVrKyR2PB6tb0,"Fosi Audio Q4 Mini Stereo Gaming DAC & Headphone Amplifier Audio",fosi-audio-q4-mini-stereo-gaming-dac-headphone-amplifier-audio,audio-electronics,DAC/Amp Combos,needs value,needs value,needs value,needs value,N/A: Facet only applies to headphones products; this product is audio-electronics,N/A: Facet only applies to headphones products; this product is audio-electronics,N/A: Facet only applies to headphones products; this product is audio-electronics,N/A: Facet only applies to headphones products; this product is audio-electronics,N/A: Facet only applies to headphones products; this product is audio-electronics,N/A: Facet only applies to headphones products; this product is audio-electronics,N/A: Facet only applies to headphones products; this product is audio-electronics,N/A: Facet only applies to headphones products; this product is audio-electronics,needs value,needs value,needs value,needs value,needs value,needs value,needs value,N/A: Facet only applies to accessories products; this product is audio-electronics,N/A: Facet only applies to accessories products; this product is audio-electronics,N/A: Facet only applies to accessories products; this product is audio-electronics
GPjMdcfFWZVrKyR2PB6xuA,"Fosi Audio K5 Pro Gaming DAC/ Headphone Amplifier",fosi-audio-k5-pro-gaming-dac-headphone-amplifier,audio-electronics,DAC/Amp Combos,needs value,needs value,needs value,needs value,N/A: Facet only applies to headphones products; this product is audio-electronics,N/A: Facet only applies to headphones products; this product is audio-electronics,N/A: Facet only applies to headphones products; this product is audio-electronics,N/A: Facet only applies to headphones products; this product is audio-electronics,N/A: Facet only applies to headphones products; this product is audio-electronics,N/A: Facet only applies to headphones products; this product is audio-electronics,N/A: Facet only applies to headphones products; this product is audio-electronics,N/A: Facet only applies to headphones products; this product is audio-electronics,needs value,needs value,needs value,needs value,needs value,needs value,needs value,N/A: Facet only applies to accessories products; this product is audio-electronics,N/A: Facet only applies to accessories products; this product is audio-electronics,N/A: Facet only applies to accessories products; this product is audio-electronics
GPjMdcfFWZVrKyR2PB6zec,"Burson Playmate 3 Class-A Headphone Amp/ Pre-Amp/ DAC",burson-playmate-3-class-a-headphone-amp-pre-amp-dac,audio-electronics,DAC/Amp Combos,needs value,needs value,needs value,needs value,N/A: Facet only applies to headphones products; this product is audio-electronics,N/A: Facet only applies to headphones products; this product is audio-electronics,N/A: Facet only applies to headphones products; this product is audio-electronics,N/A: Facet only applies to headphones products; this product is audio-electronics,N/A: Facet only applies to headphones products; this product is audio-electronics,N/A: Facet only applies to headphones products; this product is audio-electronics,N/A: Facet only applies to headphones products; this product is audio-electronics,N/A: Facet only applies to headphones products; this product is audio-electronics,needs value,needs value,needs value,needs value,needs value,needs value,needs value,N/A: Facet only applies to accessories products; this product is audio-electronics,N/A: Facet only applies to accessories products; this product is audio-electronics,N/A: Facet only applies to accessories products; this product is audio-electronics
GPjMdcfFWZVrKyR2PB71sA,"TOPPING A90 Discrete Headphone Amp",topping-a90-discrete-headphone-amp,audio-electronics,Desktop Amps,needs value,needs value,needs value,needs value,N/A: Facet only applies to headphones products; this product is audio-electronics,N/A: Facet only applies to headphones products; this product is audio-electronics,N/A: Facet only applies to headphones products; this product is audio-electronics,N/A: Facet only applies to headphones products; this product is audio-electronics,N/A: Facet only applies to headphones products; this product is audio-electronics,N/A: Facet only applies to headphones products; this product is audio-electronics,N/A: Facet only applies to headphones products; this product is audio-electronics,N/A: Facet only applies to headphones products; this product is audio-electronics,needs value,needs value,needs value,needs value,needs value,needs value,needs value,N/A: Facet only applies to accessories products; this product is audio-electronics,N/A: Facet only applies to accessories products; this product is audio-electronics,N/A: Facet only applies to accessories products; this product is audio-electronics
GPjMdcfFWZVrKyR2PB76mM,"xDuoo TA-22 DAC/Tube Amp",xduoo-ta-22-dac-tube-amp,audio-electronics,Desktop Amps,needs value,needs value,needs value,needs value,N/A: Facet only applies to headphones products; this product is audio-electronics,N/A: Facet only applies to headphones products; this product is audio-electronics,N/A: Facet only applies to headphones products; this product is audio-electronics,N/A: Facet only applies to headphones products; this product is audio-electronics,N/A: Facet only applies to headphones products; this product is audio-electronics,N/A: Facet only applies to headphones products; this product is audio-electronics,N/A: Facet only applies to headphones products; this product is audio-electronics,N/A: Facet only applies to headphones products; this product is audio-electronics,needs value,needs value,needs value,needs value,needs value,needs value,needs value,N/A: Facet only applies to accessories products; this product is audio-electronics,N/A: Facet only applies to accessories products; this product is audio-electronics,N/A: Facet only applies to accessories products; this product is audio-electronics
GPjMdcfFWZVrKyR2PB7D0Y,"xDuoo TA-66 OTL Tube Amplifier",xduoo-ta-66-otl-tube-amplifier,audio-electronics,Desktop Amps,needs value,needs value,needs value,needs value,N/A: Facet only applies to headphones products; this product is audio-electronics,N/A: Facet only applies to headphones products; this product is audio-electronics,N/A: Facet only applies to headphones products; this product is audio-electronics,N/A: Facet only applies to headphones products; this product is audio-electronics,N/A: Facet only applies to headphones products; this product is audio-electronics,N/A: Facet only applies to headphones products; this product is audio-electronics,N/A: Facet only applies to headphones products; this product is audio-electronics,N/A: Facet only applies to headphones products; this product is audio-electronics,needs value,needs value,needs value,needs value,needs value,needs value,needs value,N/A: Facet only applies to accessories products; this product is audio-electronics,N/A: Facet only applies to accessories products; this product is audio-electronics,N/A: Facet only applies to accessories products; this product is audio-electronics
GPjMdcfFWZVrKyR2PB7GdO,"xDuoo TA-32 High-performance DAC &amp; Balanced Tube Class-A Headphone Amplifier",xduoo-ta-32-high-performance-dac-amp-balanced-tube-class-a-headphone-amplifier,audio-electronics,Desktop Amps,needs value,needs value,needs value,needs value,N/A: Facet only applies to headphones products; this product is audio-electronics,N/A: Facet only applies to headphones products; this product is audio-electronics,N/A: Facet only applies to headphones products; this product is audio-electronics,N/A: Facet only applies to headphones products; this product is audio-electronics,N/A: Facet only applies to headphones products; this product is audio-electronics,N/A: Facet only applies to headphones products; this product is audio-electronics,N/A: Facet only applies to headphones products; this product is audio-electronics,N/A: Facet only applies to headphones products; this product is audio-electronics,needs value,needs value,needs value,needs value,needs value,needs value,needs value,N/A: Facet only applies to accessories products; this product is audio-electronics,N/A: Facet only applies to accessories products; this product is audio-electronics,N/A: Facet only applies to accessories products; this product is audio-electronics
GPjMdcfFWZVrKyR2PB7LN0,"Singxer SA-2 Fully-balanced Headphone Amplifier",singxer-sa-2-fully-balanced-headphone-amplifier,audio-electronics,Desktop Amps,needs value,needs value,needs value,needs value,N/A: Facet only applies to headphones products; this product is audio-electronics,N/A: Facet only applies to headphones products; this product is audio-electronics,N/A: Facet only applies to headphones products; this product is audio-electronics,N/A: Facet only applies to headphones products; this product is audio-electronics,N/A: Facet only applies to headphones products; this product is audio-electronics,N/A: Facet only applies to headphones products; this product is audio-electronics,N/A: Facet only applies to headphones products; this product is audio-electronics,N/A: Facet only applies to headphones products; this product is audio-electronics,needs value,needs value,needs value,needs value,needs value,needs value,needs value,N/A: Facet only applies to accessories products; this product is audio-electronics,N/A: Facet only applies to accessories products; this product is audio-electronics,N/A: Facet only applies to accessories products; this product is audio-electronics
GPjMdcfFWZVrKyR2PB7cLm,"YULONG DAART A39 Desktop R2R Pre-Amp & Headphone Amplifier",yulong-daart-a39-desktop-r2r-pre-amp-headphone-amplifier,audio-electronics,Desktop Amps,needs value,needs value,needs value,needs value,N/A: Facet only applies to headphones products; this product is audio-electronics,N/A: Facet only applies to headphones products; this product is audio-electronics,N/A: Facet only applies to headphones products; this product is audio-electronics,N/A: Facet only applies to headphones products; this product is audio-electronics,N/A: Facet only applies to headphones products; this product is audio-electronics,N/A: Facet only applies to headphones products; this product is audio-electronics,N/A: Facet only applies to headphones products; this product is audio-electronics,N/A: Facet only applies to headphones products; this product is audio-electronics,needs value,needs value,needs value,needs value,needs value,needs value,needs value,N/A: Facet only applies to accessories products; this product is audio-electronics,N/A: Facet only applies to accessories products; this product is audio-electronics,N/A: Facet only applies to accessories products; this product is audio-electronics
GPjMdcfFWZVrKyR2PB7h5O,"Matrix TS-1 All-in-One Streamer/ Pre-Amplifier/ Headphone Amplifier",matrix-ts-1-all-in-one-streamer-pre-amplifier-headphone-amplifier,audio-electronics,Desktop Amps,needs value,needs value,needs value,needs value,N/A: Facet only applies to headphones products; this product is audio-electronics,N/A: Facet only applies to headphones products; this product is audio-electronics,N/A: Facet only applies to headphones products; this product is audio-electronics,N/A: Facet only applies to headphones products; this product is audio-electronics,N/A: Facet only applies to headphones products; this product is audio-electronics,N/A: Facet only applies to headphones products; this product is audio-electronics,N/A: Facet only applies to headphones products; this product is audio-electronics,N/A: Facet only applies to headphones products; this product is audio-electronics,needs value,needs value,needs value,needs value,needs value,needs value,needs value,N/A: Facet only applies to accessories products; this product is audio-electronics,N/A: Facet only applies to accessories products; this product is audio-electronics,N/A: Facet only applies to accessories products; this product is audio-electronics
GPjMdcfFWZVrKyR2PB7nEI,"Cables for Rock Lobster IEM",cables-for-rock-lobster-iem,accessories,Headphone Cables,needs value,needs value,needs value,needs value,N/A: Facet only applies to headphones products; this product is accessories,N/A: Facet only applies to headphones products; this product is accessories,N/A: Facet only applies to headphones products; this product is accessories,N/A: Facet only applies to headphones products; this product is accessories,N/A: Facet only applies to headphones products; this product is accessories,N/A: Facet only applies to headphones products; this product is accessories,N/A: Facet only applies to headphones products; this product is accessories,N/A: Facet only applies to headphones products; this product is accessories,N/A: Facet only applies to audio-electronics products; this product is accessories,N/A: Facet only applies to audio-electronics products; this product is accessories,N/A: Facet only applies to audio-electronics products; this product is accessories,N/A: Facet only applies to audio-electronics products; this product is accessories,N/A: Facet only applies to audio-electronics products; this product is accessories,N/A: Facet only applies to audio-electronics products; this product is accessories,N/A: Facet only applies to audio-electronics products; this product is accessories,needs value,needs value,needs value
GPjMdcfFWZVrKyR2PB7o7q,"Magia Modular Cable Kit",magia-modular-cable-kit,accessories,Headphone Cables,needs value,needs value,needs value,needs value,N/A: Facet only applies to headphones products; this product is accessories,N/A: Facet only applies to headphones products; this product is accessories,N/A: Facet only applies to headphones products; this product is accessories,N/A: Facet only applies to headphones products; this product is accessories,N/A: Facet only applies to headphones products; this product is accessories,N/A: Facet only applies to headphones products; this product is accessories,N/A: Facet only applies to headphones products; this product is accessories,N/A: Facet only applies to headphones products; this product is accessories,N/A: Facet only applies to audio-electronics products; this product is accessories,N/A: Facet only applies to audio-electronics products; this product is accessories,N/A: Facet only applies to audio-electronics products; this product is accessories,N/A: Facet only applies to audio-electronics products; this product is accessories,N/A: Facet only applies to audio-electronics products; this product is accessories,N/A: Facet only applies to audio-electronics products; this product is accessories,N/A: Facet only applies to audio-electronics products; this product is accessories,needs value,needs value,needs value
GPjMdcfFWZVrKyR2PB7tsw,"Meze Audio 99 Classics Closed Back Headphones 2nd Gen",meze-audio-99-classics-closed-back-headphones-2nd-gen,headphones,Closed-Back,needs value,needs value,needs value,needs value,needs value,needs value,needs value,needs value,needs value,needs value,needs value,needs value,N/A: Facet only applies to audio-electronics products; this product is headphones,N/A: Facet only applies to audio-electronics products; this product is headphones,N/A: Facet only applies to audio-electronics products; this product is headphones,N/A: Facet only applies to audio-electronics products; this product is headphones,N/A: Facet only applies to audio-electronics products; this product is headphones,N/A: Facet only applies to audio-electronics products; this product is headphones,N/A: Facet only applies to audio-electronics products; this product is headphones,N/A: Facet only applies to accessories products; this product is headphones,N/A: Facet only applies to accessories products; this product is headphones,N/A: Facet only applies to accessories products; this product is headphones
GPjMdcfFWZVrKyR2PB7yn8,"Sennheiser HDB 630 Bluetooth ANC Headphones",sennheiser-hdb-630-bluetooth-anc-headphones,headphones,Closed-Back,needs value,needs value,needs value,needs value,needs value,needs value,needs value,needs value,needs value,needs value,needs value,needs value,N/A: Facet only applies to audio-electronics products; this product is headphones,N/A: Facet only applies to audio-electronics products; this product is headphones,N/A: Facet only applies to audio-electronics products; this product is headphones,N/A: Facet only applies to audio-electronics products; this product is headphones,N/A: Facet only applies to audio-electronics products; this product is headphones,N/A: Facet only applies to audio-electronics products; this product is headphones,N/A: Facet only applies to audio-electronics products; this product is headphones,N/A: Facet only applies to accessories products; this product is headphones,N/A: Facet only applies to accessories products; this product is headphones,N/A: Facet only applies to accessories products; this product is headphones
GPjMdcfFWZVrKyR2PB83hK,"Audio-Technica ATH-M50x Wired Professional Monitor Headphones",audio-technica-ath-m50x-wired-professional-monitor-headphones,headphones,Closed-Back,needs value,needs value,needs value,needs value,needs value,needs value,needs value,needs value,needs value,needs value,needs value,needs value,N/A: Facet only applies to audio-electronics products; this product is headphones,N/A: Facet only applies to audio-electronics products; this product is headphones,N/A: Facet only applies to audio-electronics products; this product is headphones,N/A: Facet only applies to audio-electronics products; this product is headphones,N/A: Facet only applies to audio-electronics products; this product is headphones,N/A: Facet only applies to audio-electronics products; this product is headphones,N/A: Facet only applies to audio-electronics products; this product is headphones,N/A: Facet only applies to accessories products; this product is headphones,N/A: Facet only applies to accessories products; this product is headphones,N/A: Facet only applies to accessories products; this product is headphones
GPjMdcfFWZVrKyR2PB8uW2,"Moondrop Aria 2 IEMs",moondrop-aria-2-iems,headphones,Universal IEMs,needs value,needs value,needs value,needs value,needs value,N/A: IEMs (Universal IEMs) have no ear cup / back design,needs value,needs value,needs value,needs value,needs value,needs value,N/A: Facet only applies to audio-electronics products; this product is headphones,N/A: Facet only applies to audio-electronics products; this product is headphones,N/A: Facet only applies to audio-electronics products; this product is headphones,N/A: Facet only applies to audio-electronics products; this product is headphones,N/A: Facet only applies to audio-electronics products; this product is headphones,N/A: Facet only applies to audio-electronics products; this product is headphones,N/A: Facet only applies to audio-electronics products; this product is headphones,N/A: Facet only applies to accessories products; this product is headphones,N/A: Facet only applies to accessories products; this product is headphones,N/A: Facet only applies to accessories products; this product is headphones
GPjMdcfFWZVrKyR2PB8xPu,"Moondrop Starfield II In-Ear Monitor (IEM)",moondrop-starfield-ii-in-ear-monitor-iem,headphones,Universal IEMs,needs value,needs value,needs value,needs value,needs value,N/A: IEMs (Universal IEMs) have no ear cup / back design,needs value,needs value,needs value,needs value,needs value,needs value,N/A: Facet only applies to audio-electronics products; this product is headphones,N/A: Facet only applies to audio-electronics products; this product is headphones,N/A: Facet only applies to audio-electronics products; this product is headphones,N/A: Facet only applies to audio-electronics products; this product is headphones,N/A: Facet only applies to audio-electronics products; this product is headphones,N/A: Facet only applies to audio-electronics products; this product is headphones,N/A: Facet only applies to audio-electronics products; this product is headphones,N/A: Facet only applies to accessories products; this product is headphones,N/A: Facet only applies to accessories products; this product is headphones,N/A: Facet only applies to accessories products; this product is headphones
GPjMdcfFWZVrKyR2PB8yx8,"Moondrop Rays Gaming IEMs",moondrop-rays-gaming-iems,headphones,Universal IEMs,needs value,needs value,needs value,needs value,needs value,N/A: IEMs (Universal IEMs) have no ear cup / back design,needs value,needs value,needs value,needs value,needs value,needs value,N/A: Facet only applies to audio-electronics products; this product is headphones,N/A: Facet only applies to audio-electronics products; this product is headphones,N/A: Facet only applies to audio-electronics products; this product is headphones,N/A: Facet only applies to audio-electronics products; this product is headphones,N/A: Facet only applies to audio-electronics products; this product is headphones,N/A: Facet only applies to audio-electronics products; this product is headphones,N/A: Facet only applies to audio-electronics products; this product is headphones,N/A: Facet only applies to accessories products; this product is headphones,N/A: Facet only applies to accessories products; this product is headphones,N/A: Facet only applies to accessories products; this product is headphones
GPjMdcfFWZVrKyR2PB90Ze,"Moondrop May Dynamic Driver + Planar Magnetic Driver IEM (In-Ear Monitor)",moondrop-may-dynamic-driver-planar-magnetic-driver-iem-in-ear-monitor,headphones,Universal IEMs,needs value,needs value,needs value,needs value,needs value,N/A: IEMs (Universal IEMs) have no ear cup / back design,needs value,needs value,needs value,needs value,needs value,needs value,N/A: Facet only applies to audio-electronics products; this product is headphones,N/A: Facet only applies to audio-electronics products; this product is headphones,N/A: Facet only applies to audio-electronics products; this product is headphones,N/A: Facet only applies to audio-electronics products; this product is headphones,N/A: Facet only applies to audio-electronics products; this product is headphones,N/A: Facet only applies to audio-electronics products; this product is headphones,N/A: Facet only applies to audio-electronics products; this product is headphones,N/A: Facet only applies to accessories products; this product is headphones,N/A: Facet only applies to accessories products; this product is headphones,N/A: Facet only applies to accessories products; this product is headphones
GPjMdcfFWZVrKyR2PB95RC,"Meze Audio Alba IEMs",meze-audio-alba-iems,headphones,Universal IEMs,needs value,needs value,needs value,needs value,needs value,N/A: IEMs (Universal IEMs) have no ear cup / back design,needs value,needs value,needs value,needs value,needs value,needs value,N/A: Facet only applies to audio-electronics products; this product is headphones,N/A: Facet only applies to audio-electronics products; this product is headphones,N/A: Facet only applies to audio-electronics products; this product is headphones,N/A: Facet only applies to audio-electronics products; this product is headphones,N/A: Facet only applies to audio-electronics products; this product is headphones,N/A: Facet only applies to audio-electronics products; this product is headphones,N/A: Facet only applies to audio-electronics products; this product is headphones,N/A: Facet only applies to accessories products; this product is headphones,N/A: Facet only applies to accessories products; this product is headphones,N/A: Facet only applies to accessories products; this product is headphones
GPjMdcfFWZVrKyR2PB9DqI,"FiiO M21 Portable High-Res Lossless Music Player",fiio-m21-portable-high-res-lossless-music-player,audio-electronics,Digital Players (DAPs),needs value,needs value,needs value,needs value,N/A: Facet only applies to headphones products; this product is audio-electronics,N/A: Facet only applies to headphones products; this product is audio-electronics,N/A: Facet only applies to headphones products; this product is audio-electronics,N/A: Facet only applies to headphones products; this product is audio-electronics,N/A: Facet only applies to headphones products; this product is audio-electronics,N/A: Facet only applies to headphones products; this product is audio-electronics,N/A: Facet only applies to headphones products; this product is audio-electronics,N/A: Facet only applies to headphones products; this product is audio-electronics,needs value,needs value,needs value,needs value,needs value,needs value,needs value,N/A: Facet only applies to accessories products; this product is audio-electronics,N/A: Facet only applies to accessories products; this product is audio-electronics,N/A: Facet only applies to accessories products; this product is audio-electronics
GPjMdcfFWZVrKyR2PB9Zdy,"HIFIMAN Edition XS Planar Magnetic Headphone (Apos Certified)",hifiman-edition-xs-planar-magnetic-headphone-apos-certified,headphones,Planar Magnetic,needs value,needs value,needs value,needs value,needs value,needs value,needs value,needs value,needs value,needs value,needs value,needs value,N/A: Facet only applies to audio-electronics products; this product is headphones,N/A: Facet only applies to audio-electronics products; this product is headphones,N/A: Facet only applies to audio-electronics products; this product is headphones,N/A: Facet only applies to audio-electronics products; this product is headphones,N/A: Facet only applies to audio-electronics products; this product is headphones,N/A: Facet only applies to audio-electronics products; this product is headphones,N/A: Facet only applies to audio-electronics products; this product is headphones,N/A: Facet only applies to accessories products; this product is headphones,N/A: Facet only applies to accessories products; this product is headphones,N/A: Facet only applies to accessories products; this product is headphones
GPjMdcfFWZVrKyR2PB9jN4,"ES Lab EX-1a Electrostatic Headphones (Apos Certified)",es-lab-ex-1a-electrostatic-headphones-apos-certified,headphones,Electrostatic,needs value,needs value,needs value,needs value,needs value,needs value,needs value,needs value,needs value,needs value,needs value,needs value,N/A: Facet only applies to audio-electronics products; this product is headphones,N/A: Facet only applies to audio-electronics products; this product is headphones,N/A: Facet only applies to audio-electronics products; this product is headphones,N/A: Facet only applies to audio-electronics products; this product is headphones,N/A: Facet only applies to audio-electronics products; this product is headphones,N/A: Facet only applies to audio-electronics products; this product is headphones,N/A: Facet only applies to audio-electronics products; this product is headphones,N/A: Facet only applies to accessories products; this product is headphones,N/A: Facet only applies to accessories products; this product is headphones,N/A: Facet only applies to accessories products; this product is headphones
GPjMdcfFWZVrKyR2PBA7rO,"Cayin RU9 Vacuum Tube Portable DAC/Amp",cayin-ru9-vacuum-tube-portable-dac-amp,audio-electronics,USB-C/Dongle DACs,needs value,needs value,needs value,needs value,N/A: Facet only applies to headphones products; this product is audio-electronics,N/A: Facet only applies to headphones products; this product is audio-electronics,N/A: Facet only applies to headphones products; this product is audio-electronics,N/A: Facet only applies to headphones products; this product is audio-electronics,N/A: Facet only applies to headphones products; this product is audio-electronics,N/A: Facet only applies to headphones products; this product is audio-electronics,N/A: Facet only applies to headphones products; this product is audio-electronics,N/A: Facet only applies to headphones products; this product is audio-electronics,needs value,needs value,needs value,needs value,needs value,needs value,needs value,N/A: Facet only applies to accessories products; this product is audio-electronics,N/A: Facet only applies to accessories products; this product is audio-electronics,N/A: Facet only applies to accessories products; this product is audio-electronics
GPjMdcfFWZVrKyR2PBA93S,"Cayin RU3 Portable USB DAC/Amp",cayin-ru3-portable-usb-dac-amp,audio-electronics,USB-C/Dongle DACs,needs value,needs value,needs value,needs value,N/A: Facet only applies to headphones products; this product is audio-electronics,N/A: Facet only applies to headphones products; this product is audio-electronics,N/A: Facet only applies to headphones products; this product is audio-electronics,N/A: Facet only applies to headphones products; this product is audio-electronics,N/A: Facet only applies to headphones products; this product is audio-electronics,N/A: Facet only applies to headphones products; this product is audio-electronics,N/A: Facet only applies to headphones products; this product is audio-electronics,N/A: Facet only applies to headphones products; this product is audio-electronics,needs value,needs value,needs value,needs value,needs value,needs value,needs value,N/A: Facet only applies to accessories products; this product is audio-electronics,N/A: Facet only applies to accessories products; this product is audio-electronics,N/A: Facet only applies to accessories products; this product is audio-electronics
GjMaRFaHMVTsBoyxtAJ8Hy,"SVS SoundPath Wireless Audio Adapter",svs-soundpath-wireless-audio-adapter,accessories,Adapters,needs value,needs value,needs value,needs value,N/A: Facet only applies to headphones products; this product is accessories,N/A: Facet only applies to headphones products; this product is accessories,N/A: Facet only applies to headphones products; this product is accessories,N/A: Facet only applies to headphones products; this product is accessories,N/A: Facet only applies to headphones products; this product is accessories,N/A: Facet only applies to headphones products; this product is accessories,N/A: Facet only applies to headphones products; this product is accessories,N/A: Facet only applies to headphones products; this product is accessories,N/A: Facet only applies to audio-electronics products; this product is accessories,N/A: Facet only applies to audio-electronics products; this product is accessories,N/A: Facet only applies to audio-electronics products; this product is accessories,N/A: Facet only applies to audio-electronics products; this product is accessories,N/A: Facet only applies to audio-electronics products; this product is accessories,N/A: Facet only applies to audio-electronics products; this product is accessories,N/A: Facet only applies to audio-electronics products; this product is accessories,needs value,needs value,needs value
GjMaRFaHMVTsBoyxtAJAGI,"AudioQuest M22F-HRD RCA Male to 2 RCA Female Adaptor",audioquest-m22f-hrd-rca-male-to-2-rca-female-adaptor,accessories,Adapters,needs value,needs value,needs value,needs value,N/A: Facet only applies to headphones products; this product is accessories,N/A: Facet only applies to headphones products; this product is accessories,N/A: Facet only applies to headphones products; this product is accessories,N/A: Facet only applies to headphones products; this product is accessories,N/A: Facet only applies to headphones products; this product is accessories,N/A: Facet only applies to headphones products; this product is accessories,N/A: Facet only applies to headphones products; this product is accessories,N/A: Facet only applies to headphones products; this product is accessories,N/A: Facet only applies to audio-electronics products; this product is accessories,N/A: Facet only applies to audio-electronics products; this product is accessories,N/A: Facet only applies to audio-electronics products; this product is accessories,N/A: Facet only applies to audio-electronics products; this product is accessories,N/A: Facet only applies to audio-electronics products; this product is accessories,N/A: Facet only applies to audio-electronics products; this product is accessories,N/A: Facet only applies to audio-electronics products; this product is accessories,needs value,needs value,needs value
GjMaRFaHMVTsBoyxtAJBKY,"Kanto H3 Universal Desktop Headphone Stand with Adapter Holder",kanto-h3-universal-desktop-headphone-stand-with-adapter-holder,accessories,Headphone Stands,needs value,needs value,needs value,needs value,N/A: Facet only applies to headphones products; this product is accessories,N/A: Facet only applies to headphones products; this product is accessories,N/A: Facet only applies to headphones products; this product is accessories,N/A: Facet only applies to headphones products; this product is accessories,N/A: Facet only applies to headphones products; this product is accessories,N/A: Facet only applies to headphones products; this product is accessories,N/A: Facet only applies to headphones products; this product is accessories,N/A: Facet only applies to headphones products; this product is accessories,N/A: Facet only applies to audio-electronics products; this product is accessories,N/A: Facet only applies to audio-electronics products; this product is accessories,N/A: Facet only applies to audio-electronics products; this product is accessories,N/A: Facet only applies to audio-electronics products; this product is accessories,N/A: Facet only applies to audio-electronics products; this product is accessories,N/A: Facet only applies to audio-electronics products; this product is accessories,N/A: Facet only applies to audio-electronics products; this product is accessories,needs value,N/A: Earpads, eartips, stands, cases and care products have no connector/termination,needs value
GjMaRFaHMVTsBoyxtAJDT4,"Sanus Headphone Stand for Sonos Ace (Black)",sanus-headphone-stand-for-sonos-ace-black,accessories,Headphone Stands,needs value,needs value,needs value,needs value,N/A: Facet only applies to headphones products; this product is accessories,N/A: Facet only applies to headphones products; this product is accessories,N/A: Facet only applies to headphones products; this product is accessories,N/A: Facet only applies to headphones products; this product is accessories,N/A: Facet only applies to headphones products; this product is accessories,N/A: Facet only applies to headphones products; this product is accessories,N/A: Facet only applies to headphones products; this product is accessories,N/A: Facet only applies to headphones products; this product is accessories,N/A: Facet only applies to audio-electronics products; this product is accessories,N/A: Facet only applies to audio-electronics products; this product is accessories,N/A: Facet only applies to audio-electronics products; this product is accessories,N/A: Facet only applies to audio-electronics products; this product is accessories,N/A: Facet only applies to audio-electronics products; this product is accessories,N/A: Facet only applies to audio-electronics products; this product is accessories,N/A: Facet only applies to audio-electronics products; this product is accessories,needs value,N/A: Earpads, eartips, stands, cases and care products have no connector/termination,needs value
GjMaRFaHMVTsBoyxtAbOBS,"Replacement Earpads for Sennheiser HD600 / HD650 / HD6XX / HD58X / HD660S and More",replacement-earpads-for-sennheiser-hd600-hd650-hd6xx-hd58x-hd660s-and-more,accessories,Earpads,needs value,needs value,needs value,needs value,N/A: Facet only applies to headphones products; this product is accessories,N/A: Facet only applies to headphones products; this product is accessories,N/A: Facet only applies to headphones products; this product is accessories,N/A: Facet only applies to headphones products; this product is accessories,N/A: Facet only applies to headphones products; this product is accessories,N/A: Facet only applies to headphones products; this product is accessories,N/A: Facet only applies to headphones products; this product is accessories,N/A: Facet only applies to headphones products; this product is accessories,N/A: Facet only applies to audio-electronics products; this product is accessories,N/A: Facet only applies to audio-electronics products; this product is accessories,N/A: Facet only applies to audio-electronics products; this product is accessories,N/A: Facet only applies to audio-electronics products; this product is accessories,N/A: Facet only applies to audio-electronics products; this product is accessories,N/A: Facet only applies to audio-electronics products; this product is accessories,N/A: Facet only applies to audio-electronics products; this product is accessories,needs value,N/A: Earpads, eartips, stands, cases and care products have no connector/termination,needs value
GjMaRFaHMVTsBoyxtAbaVy,"Replacement Earpads for Sennheiser HD800 Series Headphones",replacement-earpads-for-sennheiser-hd800-series-headphones,accessories,Earpads,needs value,needs value,needs value,needs value,N/A: Facet only applies to headphones products; this product is accessories,N/A: Facet only applies to headphones products; this product is accessories,N/A: Facet only applies to headphones products; this product is accessories,N/A: Facet only applies to headphones products; this product is accessories,N/A: Facet only applies to headphones products; this product is accessories,N/A: Facet only applies to headphones products; this product is accessories,N/A: Facet only applies to headphones products; this product is accessories,N/A: Facet only applies to headphones products; this product is accessories,N/A: Facet only applies to audio-electronics products; this product is accessories,N/A: Facet only applies to audio-electronics products; this product is accessories,N/A: Facet only applies to audio-electronics products; this product is accessories,N/A: Facet only applies to audio-electronics products; this product is accessories,N/A: Facet only applies to audio-electronics products; this product is accessories,N/A: Facet only applies to audio-electronics products; this product is accessories,N/A: Facet only applies to audio-electronics products; this product is accessories,needs value,N/A: Earpads, eartips, stands, cases and care products have no connector/termination,needs value
GjMaRFaHMVTsBoyxtAbg96,"Replacement Earpads for Sennheiser HD598/599, HD620S, PC37X, PC38X Headphones",replacement-earpads-for-sennheiser-hd598-599-hd620s-pc37x-pc38x-headphones,accessories,Earpads,needs value,needs value,needs value,needs value,N/A: Facet only applies to headphones products; this product is accessories,N/A: Facet only applies to headphones products; this product is accessories,N/A: Facet only applies to headphones products; this product is accessories,N/A: Facet only applies to headphones products; this product is accessories,N/A: Facet only applies to headphones products; this product is accessories,N/A: Facet only applies to headphones products; this product is accessories,N/A: Facet only applies to headphones products; this product is accessories,N/A: Facet only applies to headphones products; this product is accessories,N/A: Facet only applies to audio-electronics products; this product is accessories,N/A: Facet only applies to audio-electronics products; this product is accessories,N/A: Facet only applies to audio-electronics products; this product is accessories,N/A: Facet only applies to audio-electronics products; this product is accessories,N/A: Facet only applies to audio-electronics products; this product is accessories,N/A: Facet only applies to audio-electronics products; this product is accessories,N/A: Facet only applies to audio-electronics products; this product is accessories,needs value,N/A: Earpads, eartips, stands, cases and care products have no connector/termination,needs value
GjMaRFaHMVTsBoyxtAbjW4,"Replacement Earpads for Philips Fidelio X2 Headphones",replacement-earpads-for-philips-fidelio-x2-headphones,accessories,Earpads,needs value,needs value,needs value,needs value,N/A: Facet only applies to headphones products; this product is accessories,N/A: Facet only applies to headphones products; this product is accessories,N/A: Facet only applies to headphones products; this product is accessories,N/A: Facet only applies to headphones products; this product is accessories,N/A: Facet only applies to headphones products; this product is accessories,N/A: Facet only applies to headphones products; this product is accessories,N/A: Facet only applies to headphones products; this product is accessories,N/A: Facet only applies to headphones products; this product is accessories,N/A: Facet only applies to audio-electronics products; this product is accessories,N/A: Facet only applies to audio-electronics products; this product is accessories,N/A: Facet only applies to audio-electronics products; this product is accessories,N/A: Facet only applies to audio-electronics products; this product is accessories,N/A: Facet only applies to audio-electronics products; this product is accessories,N/A: Facet only applies to audio-electronics products; this product is accessories,N/A: Facet only applies to audio-electronics products; this product is accessories,needs value,N/A: Earpads, eartips, stands, cases and care products have no connector/termination,needs value
GjMaRFaHMVTsBoyxtAc2eL,"Memory Foam Earphone Tips for the Apple Airpods Pro 3",memory-foam-earphone-tips-for-the-apple-airpods-pro-3,accessories,Eartips,needs value,needs value,needs value,needs value,N/A: Facet only applies to headphones products; this product is accessories,N/A: Facet only applies to headphones products; this product is accessories,N/A: Facet only applies to headphones products; this product is accessories,N/A: Facet only applies to headphones products; this product is accessories,N/A: Facet only applies to headphones products; this product is accessories,N/A: Facet only applies to headphones products; this product is accessories,N/A: Facet only applies to headphones products; this product is accessories,N/A: Facet only applies to headphones products; this product is accessories,N/A: Facet only applies to audio-electronics products; this product is accessories,N/A: Facet only applies to audio-electronics products; this product is accessories,N/A: Facet only applies to audio-electronics products; this product is accessories,N/A: Facet only applies to audio-electronics products; this product is accessories,N/A: Facet only applies to audio-electronics products; this product is accessories,N/A: Facet only applies to audio-electronics products; this product is accessories,N/A: Facet only applies to audio-electronics products; this product is accessories,needs value,N/A: Earpads, eartips, stands, cases and care products have no connector/termination,needs value
GjMaRFaHMVTsBoyxtAc5GA,"Premium Memory Foam Isolation Earphone Tips Black - True Wireless",premium-memory-foam-isolation-earphone-tips-black-true-wireless,accessories,Eartips,needs value,needs value,needs value,needs value,N/A: Facet only applies to headphones products; this product is accessories,N/A: Facet only applies to headphones products; this product is accessories,N/A: Facet only applies to headphones products; this product is accessories,N/A: Facet only applies to headphones products; this product is accessories,N/A: Facet only applies to headphones products; this product is accessories,N/A: Facet only applies to headphones products; this product is accessories,N/A: Facet only applies to headphones products; this product is accessories,N/A: Facet only applies to headphones products; this product is accessories,N/A: Facet only applies to audio-electronics products; this product is accessories,N/A: Facet only applies to audio-electronics products; this product is accessories,N/A: Facet only applies to audio-electronics products; this product is accessories,N/A: Facet only applies to audio-electronics products; this product is accessories,N/A: Facet only applies to audio-electronics products; this product is accessories,N/A: Facet only applies to audio-electronics products; this product is accessories,N/A: Facet only applies to audio-electronics products; this product is accessories,needs value,N/A: Earpads, eartips, stands, cases and care products have no connector/termination,needs value
GqkAHteRmu9rQ6VLnVwePp,"SVS SoundPath RCA Audio Interconnect Cable for Subwoofers - 16.4 ft. (5m)",svs-soundpath-rca-audio-interconnect-cable-for-subwoofers-16-4-ft-5m,accessories,Interconnects,needs value,needs value,needs value,needs value,N/A: Facet only applies to headphones products; this product is accessories,N/A: Facet only applies to headphones products; this product is accessories,N/A: Facet only applies to headphones products; this product is accessories,N/A: Facet only applies to headphones products; this product is accessories,N/A: Facet only applies to headphones products; this product is accessories,N/A: Facet only applies to headphones products; this product is accessories,N/A: Facet only applies to headphones products; this product is accessories,N/A: Facet only applies to headphones products; this product is accessories,N/A: Facet only applies to audio-electronics products; this product is accessories,N/A: Facet only applies to audio-electronics products; this product is accessories,N/A: Facet only applies to audio-electronics products; this product is accessories,N/A: Facet only applies to audio-electronics products; this product is accessories,N/A: Facet only applies to audio-electronics products; this product is accessories,N/A: Facet only applies to audio-electronics products; this product is accessories,N/A: Facet only applies to audio-electronics products; this product is accessories,needs value,needs value,needs value
GqkAHteRmu9rQ6VLnVx2E1,"AudioQuest Sydney RCA-to-RCA Interconnect Cable - 3 meters",audioquest-sydney-rca-to-rca-interconnect-cable-3-meters,accessories,Interconnects,needs value,needs value,needs value,needs value,N/A: Facet only applies to headphones products; this product is accessories,N/A: Facet only applies to headphones products; this product is accessories,N/A: Facet only applies to headphones products; this product is accessories,N/A: Facet only applies to headphones products; this product is accessories,N/A: Facet only applies to headphones products; this product is accessories,N/A: Facet only applies to headphones products; this product is accessories,N/A: Facet only applies to headphones products; this product is accessories,N/A: Facet only applies to headphones products; this product is accessories,N/A: Facet only applies to audio-electronics products; this product is accessories,N/A: Facet only applies to audio-electronics products; this product is accessories,N/A: Facet only applies to audio-electronics products; this product is accessories,N/A: Facet only applies to audio-electronics products; this product is accessories,N/A: Facet only applies to audio-electronics products; this product is accessories,N/A: Facet only applies to audio-electronics products; this product is accessories,N/A: Facet only applies to audio-electronics products; this product is accessories,needs value,needs value,needs value
GqkAHteRmu9rQ6VLnVxWsP,"AudioQuest Yosemite Audio Interconnect RCA to RCA - 3.28' (1m)",audioquest-yosemite-audio-interconnect-rca-to-rca-3-28-1m,accessories,Interconnects,needs value,needs value,needs value,needs value,N/A: Facet only applies to headphones products; this product is accessories,N/A: Facet only applies to headphones products; this product is accessories,N/A: Facet only applies to headphones products; this product is accessories,N/A: Facet only applies to headphones products; this product is accessories,N/A: Facet only applies to headphones products; this product is accessories,N/A: Facet only applies to headphones products; this product is accessories,N/A: Facet only applies to headphones products; this product is accessories,N/A: Facet only applies to headphones products; this product is accessories,N/A: Facet only applies to audio-electronics products; this product is accessories,N/A: Facet only applies to audio-electronics products; this product is accessories,N/A: Facet only applies to audio-electronics products; this product is accessories,N/A: Facet only applies to audio-electronics products; this product is accessories,N/A: Facet only applies to audio-electronics products; this product is accessories,N/A: Facet only applies to audio-electronics products; this product is accessories,N/A: Facet only applies to audio-electronics products; this product is accessories,needs value,needs value,needs value
GqkAHteRmu9rQ6VLnVxhPf,"AudioQuest Tower RCA Male to RCA Male Cable (3.28 ft.)",audioquest-tower-rca-male-to-rca-male-cable-3-28-ft,accessories,Interconnects,needs value,needs value,needs value,needs value,N/A: Facet only applies to headphones products; this product is accessories,N/A: Facet only applies to headphones products; this product is accessories,N/A: Facet only applies to headphones products; this product is accessories,N/A: Facet only applies to headphones products; this product is accessories,N/A: Facet only applies to headphones products; this product is accessories,N/A: Facet only applies to headphones products; this product is accessories,N/A: Facet only applies to headphones products; this product is accessories,N/A: Facet only applies to headphones products; this product is accessories,N/A: Facet only applies to audio-electronics products; this product is accessories,N/A: Facet only applies to audio-electronics products; this product is accessories,N/A: Facet only applies to audio-electronics products; this product is accessories,N/A: Facet only applies to audio-electronics products; this product is accessories,N/A: Facet only applies to audio-electronics products; this product is accessories,N/A: Facet only applies to audio-electronics products; this product is accessories,N/A: Facet only applies to audio-electronics products; this product is accessories,needs value,needs value,needs value
GqkAHteRmu9rQ6VLnVyNtu,"AudioQuest Red River XLR to XLR Analog Audio Interconnect Cable - 9.84' (3m) - Single-Pack",audioquest-red-river-xlr-to-xlr-analog-audio-interconnect-cable-9-84-3m-single-pack,accessories,Interconnects,needs value,needs value,needs value,needs value,N/A: Facet only applies to headphones products; this product is accessories,N/A: Facet only applies to headphones products; this product is accessories,N/A: Facet only applies to headphones products; this product is accessories,N/A: Facet only applies to headphones products; this product is accessories,N/A: Facet only applies to headphones products; this product is accessories,N/A: Facet only applies to headphones products; this product is accessories,N/A: Facet only applies to headphones products; this product is accessories,N/A: Facet only applies to headphones products; this product is accessories,N/A: Facet only applies to audio-electronics products; this product is accessories,N/A: Facet only applies to audio-electronics products; this product is accessories,N/A: Facet only applies to audio-electronics products; this product is accessories,N/A: Facet only applies to audio-electronics products; this product is accessories,N/A: Facet only applies to audio-electronics products; this product is accessories,N/A: Facet only applies to audio-electronics products; this product is accessories,N/A: Facet only applies to audio-electronics products; this product is accessories,needs value,needs value,needs value
GqkAHteRmu9rQ6VLnVyiuB,"AudioQuest Red River XLR to XLR Analog Audio Interconnect Cables - 9.84' (3m) - 2-Pack",audioquest-red-river-xlr-to-xlr-analog-audio-interconnect-cables-9-84-3m-2-pack,accessories,Interconnects,needs value,needs value,needs value,needs value,N/A: Facet only applies to headphones products; this product is accessories,N/A: Facet only applies to headphones products; this product is accessories,N/A: Facet only applies to headphones products; this product is accessories,N/A: Facet only applies to headphones products; this product is accessories,N/A: Facet only applies to headphones products; this product is accessories,N/A: Facet only applies to headphones products; this product is accessories,N/A: Facet only applies to headphones products; this product is accessories,N/A: Facet only applies to headphones products; this product is accessories,N/A: Facet only applies to audio-electronics products; this product is accessories,N/A: Facet only applies to audio-electronics products; this product is accessories,N/A: Facet only applies to audio-electronics products; this product is accessories,N/A: Facet only applies to audio-electronics products; this product is accessories,N/A: Facet only applies to audio-electronics products; this product is accessories,N/A: Facet only applies to audio-electronics products; this product is accessories,N/A: Facet only applies to audio-electronics products; this product is accessories,needs value,needs value,needs value
GqkAHteRmu9rQ6VLnVzWzH,"AudioQuest Chicago RCA Male to RCA Male Cable - 1.64 ft. (0.5m) - 2-Pack",audioquest-chicago-rca-male-to-rca-male-cable-1-64-ft-0-5m-2-pack,accessories,Interconnects,needs value,needs value,needs value,needs value,N/A: Facet only applies to headphones products; this product is accessories,N/A: Facet only applies to headphones products; this product is accessories,N/A: Facet only applies to headphones products; this product is accessories,N/A: Facet only applies to headphones products; this product is accessories,N/A: Facet only applies to headphones products; this product is accessories,N/A: Facet only applies to headphones products; this product is accessories,N/A: Facet only applies to headphones products; this product is accessories,N/A: Facet only applies to headphones products; this product is accessories,N/A: Facet only applies to audio-electronics products; this product is accessories,N/A: Facet only applies to audio-electronics products; this product is accessories,N/A: Facet only applies to audio-electronics products; this product is accessories,N/A: Facet only applies to audio-electronics products; this product is accessories,N/A: Facet only applies to audio-electronics products; this product is accessories,N/A: Facet only applies to audio-electronics products; this product is accessories,N/A: Facet only applies to audio-electronics products; this product is accessories,needs value,needs value,needs value
GqkAHteRmu9rQ6VLnW1fa9,"Bose S1 Pro+ Portable Bluetooth Wireless PA System",bose-s1-pro-portable-bluetooth-wireless-pa-system,accessories,Interconnects,needs value,needs value,needs value,needs value,N/A: Facet only applies to headphones products; this product is accessories,N/A: Facet only applies to headphones products; this product is accessories,N/A: Facet only applies to headphones products; this product is accessories,N/A: Facet only applies to headphones products; this product is accessories,N/A: Facet only applies to headphones products; this product is accessories,N/A: Facet only applies to headphones products; this product is accessories,N/A: Facet only applies to headphones products; this product is accessories,N/A: Facet only applies to headphones products; this product is accessories,N/A: Facet only applies to audio-electronics products; this product is accessories,N/A: Facet only applies to audio-electronics products; this product is accessories,N/A: Facet only applies to audio-electronics products; this product is accessories,N/A: Facet only applies to audio-electronics products; this product is accessories,N/A: Facet only applies to audio-electronics products; this product is accessories,N/A: Facet only applies to audio-electronics products; this product is accessories,N/A: Facet only applies to audio-electronics products; this product is accessories,needs value,needs value,needs value
GqkAHteRmu9rQ6VLnW2Roi,"SVS SoundPath RCA Audio Interconnect Cable for Subwoofers - 3.28 ft. (1m)",svs-soundpath-rca-audio-interconnect-cable-for-subwoofers-3-28-ft-1m,accessories,Interconnects,needs value,needs value,needs value,needs value,N/A: Facet only applies to headphones products; this product is accessories,N/A: Facet only applies to headphones products; this product is accessories,N/A: Facet only applies to headphones products; this product is accessories,N/A: Facet only applies to headphones products; this product is accessories,N/A: Facet only applies to headphones products; this product is accessories,N/A: Facet only applies to headphones products; this product is accessories,N/A: Facet only applies to headphones products; this product is accessories,N/A: Facet only applies to headphones products; this product is accessories,N/A: Facet only applies to audio-electronics products; this product is accessories,N/A: Facet only applies to audio-electronics products; this product is accessories,N/A: Facet only applies to audio-electronics products; this product is accessories,N/A: Facet only applies to audio-electronics products; this product is accessories,N/A: Facet only applies to audio-electronics products; this product is accessories,N/A: Facet only applies to audio-electronics products; this product is accessories,N/A: Facet only applies to audio-electronics products; this product is accessories,needs value,needs value,needs value
GqkAHteRmu9rQ6VLnW2nMv,"SVS SoundPath RCA Audio Interconnect Cable for Subwoofers - 39.36 ft. (12m)",svs-soundpath-rca-audio-interconnect-cable-for-subwoofers-39-36-ft-12m,accessories,Interconnects,needs value,needs value,needs value,needs value,N/A: Facet only applies to headphones products; this product is accessories,N/A: Facet only applies to headphones products; this product is accessories,N/A: Facet only applies to headphones products; this product is accessories,N/A: Facet only applies to headphones products; this product is accessories,N/A: Facet only applies to headphones products; this product is accessories,N/A: Facet only applies to headphones products; this product is accessories,N/A: Facet only applies to headphones products; this product is accessories,N/A: Facet only applies to headphones products; this product is accessories,N/A: Facet only applies to audio-electronics products; this product is accessories,N/A: Facet only applies to audio-electronics products; this product is accessories,N/A: Facet only applies to audio-electronics products; this product is accessories,N/A: Facet only applies to audio-electronics products; this product is accessories,N/A: Facet only applies to audio-electronics products; this product is accessories,N/A: Facet only applies to audio-electronics products; this product is accessories,N/A: Facet only applies to audio-electronics products; this product is accessories,needs value,needs value,needs value
GqkAHteRmu9rQ6VLnW35yj,"AudioQuest Greyhound RCA Low-Frequency Subwoofer Audio Interconnect - Each (39.37 ft.)",audioquest-greyhound-rca-low-frequency-subwoofer-audio-interconnect-each-39-37-ft,accessories,Interconnects,needs value,needs value,needs value,needs value,N/A: Facet only applies to headphones products; this product is accessories,N/A: Facet only applies to headphones products; this product is accessories,N/A: Facet only applies to headphones products; this product is accessories,N/A: Facet only applies to headphones products; this product is accessories,N/A: Facet only applies to headphones products; this product is accessories,N/A: Facet only applies to headphones products; this product is accessories,N/A: Facet only applies to headphones products; this product is accessories,N/A: Facet only applies to headphones products; this product is accessories,N/A: Facet only applies to audio-electronics products; this product is accessories,N/A: Facet only applies to audio-electronics products; this product is accessories,N/A: Facet only applies to audio-electronics products; this product is accessories,N/A: Facet only applies to audio-electronics products; this product is accessories,N/A: Facet only applies to audio-electronics products; this product is accessories,N/A: Facet only applies to audio-electronics products; this product is accessories,N/A: Facet only applies to audio-electronics products; this product is accessories,needs value,needs value,needs value
IVp0Ya0qCxU3IKB1jVguzD,"Sennheiser HD 660S2 Headphones",sennheiser-hd-660s2-headphones,headphones,Open-Back,needs value,needs value,needs value,needs value,needs value,needs value,needs value,needs value,needs value,needs value,needs value,needs value,N/A: Facet only applies to audio-electronics products; this product is headphones,N/A: Facet only applies to audio-electronics products; this product is headphones,N/A: Facet only applies to audio-electronics products; this product is headphones,N/A: Facet only applies to audio-electronics products; this product is headphones,N/A: Facet only applies to audio-electronics products; this product is headphones,N/A: Facet only applies to audio-electronics products; this product is headphones,N/A: Facet only applies to audio-electronics products; this product is headphones,N/A: Facet only applies to accessories products; this product is headphones,N/A: Facet only applies to accessories products; this product is headphones,N/A: Facet only applies to accessories products; this product is headphones
IysVzF92P1Ckj0vYj2qiBH,"JBL Live 670NC Wireless On-Ear Adaptive Noise Cancelling Headphones (White)",jbl-live-670nc-wireless-on-ear-adaptive-noise-cancelling-headphones-white,headphones,Closed-Back,needs value,needs value,needs value,needs value,needs value,needs value,needs value,needs value,needs value,needs value,needs value,needs value,N/A: Facet only applies to audio-electronics products; this product is headphones,N/A: Facet only applies to audio-electronics products; this product is headphones,N/A: Facet only applies to audio-electronics products; this product is headphones,N/A: Facet only applies to audio-electronics products; this product is headphones,N/A: Facet only applies to audio-electronics products; this product is headphones,N/A: Facet only applies to audio-electronics products; this product is headphones,N/A: Facet only applies to audio-electronics products; this product is headphones,N/A: Facet only applies to accessories products; this product is headphones,N/A: Facet only applies to accessories products; this product is headphones,N/A: Facet only applies to accessories products; this product is headphones
MrEMtYwMtrFDGWmRnG6oGG,"AudioQuest DragonTail | USB Smartphone Adaptor",audioquest-dragontail-usb-smartphone-adaptor,accessories,Adapters,needs value,needs value,needs value,needs value,N/A: Facet only applies to headphones products; this product is accessories,N/A: Facet only applies to headphones products; this product is accessories,N/A: Facet only applies to headphones products; this product is accessories,N/A: Facet only applies to headphones products; this product is accessories,N/A: Facet only applies to headphones products; this product is accessories,N/A: Facet only applies to headphones products; this product is accessories,N/A: Facet only applies to headphones products; this product is accessories,N/A: Facet only applies to headphones products; this product is accessories,N/A: Facet only applies to audio-electronics products; this product is accessories,N/A: Facet only applies to audio-electronics products; this product is accessories,N/A: Facet only applies to audio-electronics products; this product is accessories,N/A: Facet only applies to audio-electronics products; this product is accessories,N/A: Facet only applies to audio-electronics products; this product is accessories,N/A: Facet only applies to audio-electronics products; this product is accessories,N/A: Facet only applies to audio-electronics products; this product is accessories,needs value,needs value,needs value
MrEMtYwMtrFDGWmRnG9Baw,"Cayin PH-32X | 2.5mm to 3.5mm Adapter",cayin-ph-32x-2-5mm-to-3-5mm-adapter,accessories,Adapters,needs value,needs value,needs value,needs value,N/A: Facet only applies to headphones products; this product is accessories,N/A: Facet only applies to headphones products; this product is accessories,N/A: Facet only applies to headphones products; this product is accessories,N/A: Facet only applies to headphones products; this product is accessories,N/A: Facet only applies to headphones products; this product is accessories,N/A: Facet only applies to headphones products; this product is accessories,N/A: Facet only applies to headphones products; this product is accessories,N/A: Facet only applies to headphones products; this product is accessories,N/A: Facet only applies to audio-electronics products; this product is accessories,N/A: Facet only applies to audio-electronics products; this product is accessories,N/A: Facet only applies to audio-electronics products; this product is accessories,N/A: Facet only applies to audio-electronics products; this product is accessories,N/A: Facet only applies to audio-electronics products; this product is accessories,N/A: Facet only applies to audio-electronics products; this product is accessories,N/A: Facet only applies to audio-electronics products; this product is accessories,needs value,needs value,needs value
MrEMtYwMtrFDGWmRnGGjYE,"ddHiFi DJ30SE Headphone Adapter | 4.4mm M to 3.5mm F",ddhifi-dj30se-headphone-adapter-4-4mm-m-to-3-5mm-f,accessories,Adapters,needs value,needs value,needs value,needs value,N/A: Facet only applies to headphones products; this product is accessories,N/A: Facet only applies to headphones products; this product is accessories,N/A: Facet only applies to headphones products; this product is accessories,N/A: Facet only applies to headphones products; this product is accessories,N/A: Facet only applies to headphones products; this product is accessories,N/A: Facet only applies to headphones products; this product is accessories,N/A: Facet only applies to headphones products; this product is accessories,N/A: Facet only applies to headphones products; this product is accessories,N/A: Facet only applies to audio-electronics products; this product is accessories,N/A: Facet only applies to audio-electronics products; this product is accessories,N/A: Facet only applies to audio-electronics products; this product is accessories,N/A: Facet only applies to audio-electronics products; this product is accessories,N/A: Facet only applies to audio-electronics products; this product is accessories,N/A: Facet only applies to audio-electronics products; this product is accessories,N/A: Facet only applies to audio-electronics products; this product is accessories,needs value,needs value,needs value
MrEMtYwMtrFDGWmRnGKKBJ,"ddHiFi DJ44AG Balanced Headphone Adapter | 2.5mm F to 4.4mm M",ddhifi-dj44ag-balanced-headphone-adapter-2-5mm-f-to-4-4mm-m,accessories,Adapters,needs value,needs value,needs value,needs value,N/A: Facet only applies to headphones products; this product is accessories,N/A: Facet only applies to headphones products; this product is accessories,N/A: Facet only applies to headphones products; this product is accessories,N/A: Facet only applies to headphones products; this product is accessories,N/A: Facet only applies to headphones products; this product is accessories,N/A: Facet only applies to headphones products; this product is accessories,N/A: Facet only applies to headphones products; this product is accessories,N/A: Facet only applies to headphones products; this product is accessories,N/A: Facet only applies to audio-electronics products; this product is accessories,N/A: Facet only applies to audio-electronics products; this product is accessories,N/A: Facet only applies to audio-electronics products; this product is accessories,N/A: Facet only applies to audio-electronics products; this product is accessories,N/A: Facet only applies to audio-electronics products; this product is accessories,N/A: Facet only applies to audio-electronics products; this product is accessories,N/A: Facet only applies to audio-electronics products; this product is accessories,needs value,needs value,needs value
MrEMtYwMtrFDGWmRnGOCvl,"ddHiFi DJ44MOJO Ground Pin Adapter | 4.4mm Adapter",ddhifi-dj44mojo-ground-pin-adapter-4-4mm-adapter,accessories,Adapters,needs value,needs value,needs value,needs value,N/A: Facet only applies to headphones products; this product is accessories,N/A: Facet only applies to headphones products; this product is accessories,N/A: Facet only applies to headphones products; this product is accessories,N/A: Facet only applies to headphones products; this product is accessories,N/A: Facet only applies to headphones products; this product is accessories,N/A: Facet only applies to headphones products; this product is accessories,N/A: Facet only applies to headphones products; this product is accessories,N/A: Facet only applies to headphones products; this product is accessories,N/A: Facet only applies to audio-electronics products; this product is accessories,N/A: Facet only applies to audio-electronics products; this product is accessories,N/A: Facet only applies to audio-electronics products; this product is accessories,N/A: Facet only applies to audio-electronics products; this product is accessories,N/A: Facet only applies to audio-electronics products; this product is accessories,N/A: Facet only applies to audio-electronics products; this product is accessories,N/A: Facet only applies to audio-electronics products; this product is accessories,needs value,needs value,needs value
MrEMtYwMtrFDGWmRnGPkI2,"Audeze Std LCD Series Cable | Mini-XLR to 4-pin XLR w/ 6.3mm Adapter",audeze-std-lcd-series-cable-mini-xlr-to-4-pin-xlr-w-6-3mm-adapter,accessories,Adapters,needs value,needs value,needs value,needs value,N/A: Facet only applies to headphones products; this product is accessories,N/A: Facet only applies to headphones products; this product is accessories,N/A: Facet only applies to headphones products; this product is accessories,N/A: Facet only applies to headphones products; this product is accessories,N/A: Facet only applies to headphones products; this product is accessories,N/A: Facet only applies to headphones products; this product is accessories,N/A: Facet only applies to headphones products; this product is accessories,N/A: Facet only applies to headphones products; this product is accessories,N/A: Facet only applies to audio-electronics products; this product is accessories,N/A: Facet only applies to audio-electronics products; this product is accessories,N/A: Facet only applies to audio-electronics products; this product is accessories,N/A: Facet only applies to audio-electronics products; this product is accessories,N/A: Facet only applies to audio-electronics products; this product is accessories,N/A: Facet only applies to audio-electronics products; this product is accessories,N/A: Facet only applies to audio-electronics products; this product is accessories,needs value,needs value,needs value
MrEMtYwMtrFDGWmRnGS7NA,"Campfire Audio Flight | Curated Eartip Pack",campfire-audio-flight-curated-eartip-pack,accessories,Eartips,needs value,needs value,needs value,needs value,N/A: Facet only applies to headphones products; this product is accessories,N/A: Facet only applies to headphones products; this product is accessories,N/A: Facet only applies to headphones products; this product is accessories,N/A: Facet only applies to headphones products; this product is accessories,N/A: Facet only applies to headphones products; this product is accessories,N/A: Facet only applies to headphones products; this product is accessories,N/A: Facet only applies to headphones products; this product is accessories,N/A: Facet only applies to headphones products; this product is accessories,N/A: Facet only applies to audio-electronics products; this product is accessories,N/A: Facet only applies to audio-electronics products; this product is accessories,N/A: Facet only applies to audio-electronics products; this product is accessories,N/A: Facet only applies to audio-electronics products; this product is accessories,N/A: Facet only applies to audio-electronics products; this product is accessories,N/A: Facet only applies to audio-electronics products; this product is accessories,N/A: Facet only applies to audio-electronics products; this product is accessories,needs value,N/A: Earpads, eartips, stands, cases and care products have no connector/termination,needs value
MrEMtYwMtrFDGWmRnGSBlG,"Campfire Audio Marshmallows Isolating Foam Eartips | Replacement Eartips",campfire-audio-marshmallows-isolating-foam-eartips-replacement-eartips,accessories,Eartips,needs value,needs value,needs value,needs value,N/A: Facet only applies to headphones products; this product is accessories,N/A: Facet only applies to headphones products; this product is accessories,N/A: Facet only applies to headphones products; this product is accessories,N/A: Facet only applies to headphones products; this product is accessories,N/A: Facet only applies to headphones products; this product is accessories,N/A: Facet only applies to headphones products; this product is accessories,N/A: Facet only applies to headphones products; this product is accessories,N/A: Facet only applies to headphones products; this product is accessories,N/A: Facet only applies to audio-electronics products; this product is accessories,N/A: Facet only applies to audio-electronics products; this product is accessories,N/A: Facet only applies to audio-electronics products; this product is accessories,N/A: Facet only applies to audio-electronics products; this product is accessories,N/A: Facet only applies to audio-electronics products; this product is accessories,N/A: Facet only applies to audio-electronics products; this product is accessories,N/A: Facet only applies to audio-electronics products; this product is accessories,needs value,N/A: Earpads, eartips, stands, cases and care products have no connector/termination,needs value
MrEMtYwMtrFDGWmRnGSzbV,"Eletech Baroque TWS | Luxury HiFi Eartips for TWS",eletech-baroque-tws-luxury-hifi-eartips-for-tws,accessories,Eartips,needs value,needs value,needs value,needs value,N/A: Facet only applies to headphones products; this product is accessories,N/A: Facet only applies to headphones products; this product is accessories,N/A: Facet only applies to headphones products; this product is accessories,N/A: Facet only applies to headphones products; this product is accessories,N/A: Facet only applies to headphones products; this product is accessories,N/A: Facet only applies to headphones products; this product is accessories,N/A: Facet only applies to headphones products; this product is accessories,N/A: Facet only applies to headphones products; this product is accessories,N/A: Facet only applies to audio-electronics products; this product is accessories,N/A: Facet only applies to audio-electronics products; this product is accessories,N/A: Facet only applies to audio-electronics products; this product is accessories,N/A: Facet only applies to audio-electronics products; this product is accessories,N/A: Facet only applies to audio-electronics products; this product is accessories,N/A: Facet only applies to audio-electronics products; this product is accessories,N/A: Facet only applies to audio-electronics products; this product is accessories,needs value,N/A: Earpads, eartips, stands, cases and care products have no connector/termination,needs value
MrEMtYwMtrFDGWmRnGT3k3,"Eletech Baroque | Luxury HiFi Eartips for IEMs",eletech-baroque-luxury-hifi-eartips-for-iems,accessories,Eartips,needs value,needs value,needs value,needs value,N/A: Facet only applies to headphones products; this product is accessories,N/A: Facet only applies to headphones products; this product is accessories,N/A: Facet only applies to headphones products; this product is accessories,N/A: Facet only applies to headphones products; this product is accessories,N/A: Facet only applies to headphones products; this product is accessories,N/A: Facet only applies to headphones products; this product is accessories,N/A: Facet only applies to headphones products; this product is accessories,N/A: Facet only applies to headphones products; this product is accessories,N/A: Facet only applies to audio-electronics products; this product is accessories,N/A: Facet only applies to audio-electronics products; this product is accessories,N/A: Facet only applies to audio-electronics products; this product is accessories,N/A: Facet only applies to audio-electronics products; this product is accessories,N/A: Facet only applies to audio-electronics products; this product is accessories,N/A: Facet only applies to audio-electronics products; this product is accessories,N/A: Facet only applies to audio-electronics products; this product is accessories,needs value,N/A: Earpads, eartips, stands, cases and care products have no connector/termination,needs value
MrEMtYwMtrFDGWmRnGT5JE,"Final Audio FUSION-G | Triple Hybrid Structure Ear Tips",final-audio-fusion-g-triple-hybrid-structure-ear-tips,accessories,Eartips,needs value,needs value,needs value,needs value,N/A: Facet only applies to headphones products; this product is accessories,N/A: Facet only applies to headphones products; this product is accessories,N/A: Facet only applies to headphones products; this product is accessories,N/A: Facet only applies to headphones products; this product is accessories,N/A: Facet only applies to headphones products; this product is accessories,N/A: Facet only applies to headphones products; this product is accessories,N/A: Facet only applies to headphones products; this product is accessories,N/A: Facet only applies to headphones products; this product is accessories,N/A: Facet only applies to audio-electronics products; this product is accessories,N/A: Facet only applies to audio-electronics products; this product is accessories,N/A: Facet only applies to audio-electronics products; this product is accessories,N/A: Facet only applies to audio-electronics products; this product is accessories,N/A: Facet only applies to audio-electronics products; this product is accessories,N/A: Facet only applies to audio-electronics products; this product is accessories,N/A: Facet only applies to audio-electronics products; this product is accessories,needs value,N/A: Earpads, eartips, stands, cases and care products have no connector/termination,needs value
MrEMtYwMtrFDGWmRnGTPsC,"SpinFit CP155 | Premium Eartips (2 Pairs)",spinfit-cp155-premium-eartips-2-pairs,accessories,Eartips,needs value,needs value,needs value,needs value,N/A: Facet only applies to headphones products; this product is accessories,N/A: Facet only applies to headphones products; this product is accessories,N/A: Facet only applies to headphones products; this product is accessories,N/A: Facet only applies to headphones products; this product is accessories,N/A: Facet only applies to headphones products; this product is accessories,N/A: Facet only applies to headphones products; this product is accessories,N/A: Facet only applies to headphones products; this product is accessories,N/A: Facet only applies to headphones products; this product is accessories,N/A: Facet only applies to audio-electronics products; this product is accessories,N/A: Facet only applies to audio-electronics products; this product is accessories,N/A: Facet only applies to audio-electronics products; this product is accessories,N/A: Facet only applies to audio-electronics products; this product is accessories,N/A: Facet only applies to audio-electronics products; this product is accessories,N/A: Facet only applies to audio-electronics products; this product is accessories,N/A: Facet only applies to audio-electronics products; this product is accessories,needs value,N/A: Earpads, eartips, stands, cases and care products have no connector/termination,needs value
MrEMtYwMtrFDGWmRnGTr95,"SpinFit CP800 | Premium Eartips (2 Pairs)",spinfit-cp800-premium-eartips-2-pairs,accessories,Eartips,needs value,needs value,needs value,needs value,N/A: Facet only applies to headphones products; this product is accessories,N/A: Facet only applies to headphones products; this product is accessories,N/A: Facet only applies to headphones products; this product is accessories,N/A: Facet only applies to headphones products; this product is accessories,N/A: Facet only applies to headphones products; this product is accessories,N/A: Facet only applies to headphones products; this product is accessories,N/A: Facet only applies to headphones products; this product is accessories,N/A: Facet only applies to headphones products; this product is accessories,N/A: Facet only applies to audio-electronics products; this product is accessories,N/A: Facet only applies to audio-electronics products; this product is accessories,N/A: Facet only applies to audio-electronics products; this product is accessories,N/A: Facet only applies to audio-electronics products; this product is accessories,N/A: Facet only applies to audio-electronics products; this product is accessories,N/A: Facet only applies to audio-electronics products; this product is accessories,N/A: Facet only applies to audio-electronics products; this product is accessories,needs value,N/A: Earpads, eartips, stands, cases and care products have no connector/termination,needs value
MrEMtYwMtrFDGWmRnGU178,"ddHiFi CZ180 Portable Case | HiFi Storage Case",ddhifi-cz180-portable-case-hifi-storage-case,accessories,Carrying Cases,needs value,needs value,needs value,needs value,N/A: Facet only applies to headphones products; this product is accessories,N/A: Facet only applies to headphones products; this product is accessories,N/A: Facet only applies to headphones products; this product is accessories,N/A: Facet only applies to headphones products; this product is accessories,N/A: Facet only applies to headphones products; this product is accessories,N/A: Facet only applies to headphones products; this product is accessories,N/A: Facet only applies to headphones products; this product is accessories,N/A: Facet only applies to headphones products; this product is accessories,N/A: Facet only applies to audio-electronics products; this product is accessories,N/A: Facet only applies to audio-electronics products; this product is accessories,N/A: Facet only applies to audio-electronics products; this product is accessories,N/A: Facet only applies to audio-electronics products; this product is accessories,N/A: Facet only applies to audio-electronics products; this product is accessories,N/A: Facet only applies to audio-electronics products; this product is accessories,N/A: Facet only applies to audio-electronics products; this product is accessories,needs value,N/A: Earpads, eartips, stands, cases and care products have no connector/termination,needs value
MrEMtYwMtrFDGWmRnGiczn,"Earpiece moisture wicks",earpiece-moisture-wicks,accessories,Care & Cleaning,needs value,needs value,needs value,needs value,N/A: Facet only applies to headphones products; this product is accessories,N/A: Facet only applies to headphones products; this product is accessories,N/A: Facet only applies to headphones products; this product is accessories,N/A: Facet only applies to headphones products; this product is accessories,N/A: Facet only applies to headphones products; this product is accessories,N/A: Facet only applies to headphones products; this product is accessories,N/A: Facet only applies to headphones products; this product is accessories,N/A: Facet only applies to headphones products; this product is accessories,N/A: Facet only applies to audio-electronics products; this product is accessories,N/A: Facet only applies to audio-electronics products; this product is accessories,N/A: Facet only applies to audio-electronics products; this product is accessories,N/A: Facet only applies to audio-electronics products; this product is accessories,N/A: Facet only applies to audio-electronics products; this product is accessories,N/A: Facet only applies to audio-electronics products; this product is accessories,N/A: Facet only applies to audio-electronics products; this product is accessories,needs value,N/A: Earpads, eartips, stands, cases and care products have no connector/termination,needs value
MrEMtYwMtrFDGWmRnGr5kn,"Microfiber Cleaning Cloth 3-Pack",microfiber-cleaning-cloth-3-pack,accessories,Care & Cleaning,needs value,needs value,needs value,needs value,N/A: Facet only applies to headphones products; this product is accessories,N/A: Facet only applies to headphones products; this product is accessories,N/A: Facet only applies to headphones products; this product is accessories,N/A: Facet only applies to headphones products; this product is accessories,N/A: Facet only applies to headphones products; this product is accessories,N/A: Facet only applies to headphones products; this product is accessories,N/A: Facet only applies to headphones products; this product is accessories,N/A: Facet only applies to headphones products; this product is accessories,N/A: Facet only applies to audio-electronics products; this product is accessories,N/A: Facet only applies to audio-electronics products; this product is accessories,N/A: Facet only applies to audio-electronics products; this product is accessories,N/A: Facet only applies to audio-electronics products; this product is accessories,N/A: Facet only applies to audio-electronics products; this product is accessories,N/A: Facet only applies to audio-electronics products; this product is accessories,N/A: Facet only applies to audio-electronics products; this product is accessories,needs value,N/A: Earpads, eartips, stands, cases and care products have no connector/termination,needs value
MrEMtYwMtrFDGWmRnGr6Ft,"IEM Cleaning Tool 5-Pack",iem-cleaning-tool-5-pack,accessories,Care & Cleaning,needs value,needs value,needs value,needs value,N/A: Facet only applies to headphones products; this product is accessories,N/A: Facet only applies to headphones products; this product is accessories,N/A: Facet only applies to headphones products; this product is accessories,N/A: Facet only applies to headphones products; this product is accessories,N/A: Facet only applies to headphones products; this product is accessories,N/A: Facet only applies to headphones products; this product is accessories,N/A: Facet only applies to headphones products; this product is accessories,N/A: Facet only applies to headphones products; this product is accessories,N/A: Facet only applies to audio-electronics products; this product is accessories,N/A: Facet only applies to audio-electronics products; this product is accessories,N/A: Facet only applies to audio-electronics products; this product is accessories,N/A: Facet only applies to audio-electronics products; this product is accessories,N/A: Facet only applies to audio-electronics products; this product is accessories,N/A: Facet only applies to audio-electronics products; this product is accessories,N/A: Facet only applies to audio-electronics products; this product is accessories,needs value,N/A: Earpads, eartips, stands, cases and care products have no connector/termination,needs value
MrEMtYwMtrFDGWmRnGr7Rk,"Steel Needle",steel-needle,accessories,Care & Cleaning,needs value,needs value,needs value,needs value,N/A: Facet only applies to headphones products; this product is accessories,N/A: Facet only applies to headphones products; this product is accessories,N/A: Facet only applies to headphones products; this product is accessories,N/A: Facet only applies to headphones products; this product is accessories,N/A: Facet only applies to headphones products; this product is accessories,N/A: Facet only applies to headphones products; this product is accessories,N/A: Facet only applies to headphones products; this product is accessories,N/A: Facet only applies to headphones products; this product is accessories,N/A: Facet only applies to audio-electronics products; this product is accessories,N/A: Facet only applies to audio-electronics products; this product is accessories,N/A: Facet only applies to audio-electronics products; this product is accessories,N/A: Facet only applies to audio-electronics products; this product is accessories,N/A: Facet only applies to audio-electronics products; this product is accessories,N/A: Facet only applies to audio-electronics products; this product is accessories,N/A: Facet only applies to audio-electronics products; this product is accessories,needs value,N/A: Earpads, eartips, stands, cases and care products have no connector/termination,needs value
MrEMtYwMtrFDGWmRnGr80j,"Large Dehumidifier",large-dehumidifier,accessories,Care & Cleaning,needs value,needs value,needs value,needs value,N/A: Facet only applies to headphones products; this product is accessories,N/A: Facet only applies to headphones products; this product is accessories,N/A: Facet only applies to headphones products; this product is accessories,N/A: Facet only applies to headphones products; this product is accessories,N/A: Facet only applies to headphones products; this product is accessories,N/A: Facet only applies to headphones products; this product is accessories,N/A: Facet only applies to headphones products; this product is accessories,N/A: Facet only applies to headphones products; this product is accessories,N/A: Facet only applies to audio-electronics products; this product is accessories,N/A: Facet only applies to audio-electronics products; this product is accessories,N/A: Facet only applies to audio-electronics products; this product is accessories,N/A: Facet only applies to audio-electronics products; this product is accessories,N/A: Facet only applies to audio-electronics products; this product is accessories,N/A: Facet only applies to audio-electronics products; this product is accessories,N/A: Facet only applies to audio-electronics products; this product is accessories,needs value,N/A: Earpads, eartips, stands, cases and care products have no connector/termination,needs value
MrEMtYwMtrFDGWmRnGr9GT,"VAC Pro Needle Kit",vac-pro-needle-kit,accessories,Care & Cleaning,needs value,needs value,needs value,needs value,N/A: Facet only applies to headphones products; this product is accessories,N/A: Facet only applies to headphones products; this product is accessories,N/A: Facet only applies to headphones products; this product is accessories,N/A: Facet only applies to headphones products; this product is accessories,N/A: Facet only applies to headphones products; this product is accessories,N/A: Facet only applies to headphones products; this product is accessories,N/A: Facet only applies to headphones products; this product is accessories,N/A: Facet only applies to headphones products; this product is accessories,N/A: Facet only applies to audio-electronics products; this product is accessories,N/A: Facet only applies to audio-electronics products; this product is accessories,N/A: Facet only applies to audio-electronics products; this product is accessories,N/A: Facet only applies to audio-electronics products; this product is accessories,N/A: Facet only applies to audio-electronics products; this product is accessories,N/A: Facet only applies to audio-electronics products; this product is accessories,N/A: Facet only applies to audio-electronics products; this product is accessories,needs value,N/A: Earpads, eartips, stands, cases and care products have no connector/termination,needs value
MrEMtYwMtrFDGWmRnGrApe,"VAC Pro Filter and O-Ring Kit",vac-pro-filter-and-o-ring-kit,accessories,Care & Cleaning,needs value,needs value,needs value,needs value,N/A: Facet only applies to headphones products; this product is accessories,N/A: Facet only applies to headphones products; this product is accessories,N/A: Facet only applies to headphones products; this product is accessories,N/A: Facet only applies to headphones products; this product is accessories,N/A: Facet only applies to headphones products; this product is accessories,N/A: Facet only applies to headphones products; this product is accessories,N/A: Facet only applies to headphones products; this product is accessories,N/A: Facet only applies to headphones products; this product is accessories,N/A: Facet only applies to audio-electronics products; this product is accessories,N/A: Facet only applies to audio-electronics products; this product is accessories,N/A: Facet only applies to audio-electronics products; this product is accessories,N/A: Facet only applies to audio-electronics products; this product is accessories,N/A: Facet only applies to audio-electronics products; this product is accessories,N/A: Facet only applies to audio-electronics products; this product is accessories,N/A: Facet only applies to audio-electronics products; this product is accessories,needs value,N/A: Earpads, eartips, stands, cases and care products have no connector/termination,needs value
MrEMtYwMtrFDGWmRnH5lm0,"Eletech Aristotle | Copper IEM Upgrade Cable",eletech-aristotle-copper-iem-upgrade-cable,accessories,Headphone Cables,needs value,needs value,needs value,needs value,N/A: Facet only applies to headphones products; this product is accessories,N/A: Facet only applies to headphones products; this product is accessories,N/A: Facet only applies to headphones products; this product is accessories,N/A: Facet only applies to headphones products; this product is accessories,N/A: Facet only applies to headphones products; this product is accessories,N/A: Facet only applies to headphones products; this product is accessories,N/A: Facet only applies to headphones products; this product is accessories,N/A: Facet only applies to headphones products; this product is accessories,N/A: Facet only applies to audio-electronics products; this product is accessories,N/A: Facet only applies to audio-electronics products; this product is accessories,N/A: Facet only applies to audio-electronics products; this product is accessories,N/A: Facet only applies to audio-electronics products; this product is accessories,N/A: Facet only applies to audio-electronics products; this product is accessories,N/A: Facet only applies to audio-electronics products; this product is accessories,N/A: Facet only applies to audio-electronics products; this product is accessories,needs value,needs value,needs value
MrEMtYwMtrFDGWmRnKeGom,"Polk Audio RC80I 2 Way In Ceiling Speakers - 4 Pack (White)",polk-audio-rc80i-2-way-in-ceiling-speakers-4-pack-white,accessories,Headphone Cables,needs value,needs value,needs value,needs value,N/A: Facet only applies to headphones products; this product is accessories,N/A: Facet only applies to headphones products; this product is accessories,N/A: Facet only applies to headphones products; this product is accessories,N/A: Facet only applies to headphones products; this product is accessories,N/A: Facet only applies to headphones products; this product is accessories,N/A: Facet only applies to headphones products; this product is accessories,N/A: Facet only applies to headphones products; this product is accessories,N/A: Facet only applies to headphones products; this product is accessories,N/A: Facet only applies to audio-electronics products; this product is accessories,N/A: Facet only applies to audio-electronics products; this product is accessories,N/A: Facet only applies to audio-electronics products; this product is accessories,N/A: Facet only applies to audio-electronics products; this product is accessories,N/A: Facet only applies to audio-electronics products; this product is accessories,N/A: Facet only applies to audio-electronics products; this product is accessories,N/A: Facet only applies to audio-electronics products; this product is accessories,needs value,needs value,needs value
MrEMtYwMtrFDGWmRnKwOVD,"FiiO M15S Portable Music Player",fiio-m15s-portable-music-player,audio-electronics,Digital Players (DAPs),needs value,needs value,needs value,needs value,N/A: Facet only applies to headphones products; this product is audio-electronics,N/A: Facet only applies to headphones products; this product is audio-electronics,N/A: Facet only applies to headphones products; this product is audio-electronics,N/A: Facet only applies to headphones products; this product is audio-electronics,N/A: Facet only applies to headphones products; this product is audio-electronics,N/A: Facet only applies to headphones products; this product is audio-electronics,N/A: Facet only applies to headphones products; this product is audio-electronics,N/A: Facet only applies to headphones products; this product is audio-electronics,needs value,needs value,needs value,needs value,needs value,needs value,needs value,N/A: Facet only applies to accessories products; this product is audio-electronics,N/A: Facet only applies to accessories products; this product is audio-electronics,N/A: Facet only applies to accessories products; this product is audio-electronics
MrEMtYwMtrFDGWmRnN3Yzy,"FiiO BTR11 Portable DAC and Headphone Amp",fiio-btr11-portable-dac-and-headphone-amp,audio-electronics,Bluetooth DAC/Amps,needs value,needs value,needs value,needs value,N/A: Facet only applies to headphones products; this product is audio-electronics,N/A: Facet only applies to headphones products; this product is audio-electronics,N/A: Facet only applies to headphones products; this product is audio-electronics,N/A: Facet only applies to headphones products; this product is audio-electronics,N/A: Facet only applies to headphones products; this product is audio-electronics,N/A: Facet only applies to headphones products; this product is audio-electronics,N/A: Facet only applies to headphones products; this product is audio-electronics,N/A: Facet only applies to headphones products; this product is audio-electronics,needs value,needs value,needs value,needs value,needs value,needs value,needs value,N/A: Facet only applies to accessories products; this product is audio-electronics,N/A: Facet only applies to accessories products; this product is audio-electronics,N/A: Facet only applies to accessories products; this product is audio-electronics
MrEMtYwMtrFDGWmRnN51PA,"Hifiman HE1000 Stealth Headphones - Stealth Magnet Edition",hifiman-he1000-stealth-headphones-stealth-magnet-edition,headphones,Open-Back,needs value,needs value,needs value,needs value,needs value,needs value,needs value,needs value,needs value,needs value,needs value,needs value,N/A: Facet only applies to audio-electronics products; this product is headphones,N/A: Facet only applies to audio-electronics products; this product is headphones,N/A: Facet only applies to audio-electronics products; this product is headphones,N/A: Facet only applies to audio-electronics products; this product is headphones,N/A: Facet only applies to audio-electronics products; this product is headphones,N/A: Facet only applies to audio-electronics products; this product is headphones,N/A: Facet only applies to audio-electronics products; this product is headphones,N/A: Facet only applies to accessories products; this product is headphones,N/A: Facet only applies to accessories products; this product is headphones,N/A: Facet only applies to accessories products; this product is headphones
MrEMtYwMtrFDGWmRnN74UJ,"Chord Electronics Hugo 2 Portable DAC & Headphone Amplifier",chord-electronics-hugo-2-portable-dac-headphone-amplifier,audio-electronics,Portable Amps,needs value,needs value,needs value,needs value,N/A: Facet only applies to headphones products; this product is audio-electronics,N/A: Facet only applies to headphones products; this product is audio-electronics,N/A: Facet only applies to headphones products; this product is audio-electronics,N/A: Facet only applies to headphones products; this product is audio-electronics,N/A: Facet only applies to headphones products; this product is audio-electronics,N/A: Facet only applies to headphones products; this product is audio-electronics,N/A: Facet only applies to headphones products; this product is audio-electronics,N/A: Facet only applies to headphones products; this product is audio-electronics,needs value,needs value,needs value,needs value,needs value,needs value,needs value,N/A: Facet only applies to accessories products; this product is audio-electronics,N/A: Facet only applies to accessories products; this product is audio-electronics,N/A: Facet only applies to accessories products; this product is audio-electronics
MrEMtYwMtrFDGWmRnN7D4q,"Questyle M15i USB Portable DAC & Headphone Amplifier",questyle-m15i-usb-portable-dac-headphone-amplifier,audio-electronics,Portable Amps,needs value,needs value,needs value,needs value,N/A: Facet only applies to headphones products; this product is audio-electronics,N/A: Facet only applies to headphones products; this product is audio-electronics,N/A: Facet only applies to headphones products; this product is audio-electronics,N/A: Facet only applies to headphones products; this product is audio-electronics,N/A: Facet only applies to headphones products; this product is audio-electronics,N/A: Facet only applies to headphones products; this product is audio-electronics,N/A: Facet only applies to headphones products; this product is audio-electronics,N/A: Facet only applies to headphones products; this product is audio-electronics,needs value,needs value,needs value,needs value,needs value,needs value,needs value,N/A: Facet only applies to accessories products; this product is audio-electronics,N/A: Facet only applies to accessories products; this product is audio-electronics,N/A: Facet only applies to accessories products; this product is audio-electronics
MrEMtYwMtrFDGWmRnN7WCP,"iFi Audio Hip DAC 3 Portable DAC/Amp",ifi-audio-hip-dac-3-portable-dac-amp,audio-electronics,Portable Amps,needs value,needs value,needs value,needs value,N/A: Facet only applies to headphones products; this product is audio-electronics,N/A: Facet only applies to headphones products; this product is audio-electronics,N/A: Facet only applies to headphones products; this product is audio-electronics,N/A: Facet only applies to headphones products; this product is audio-electronics,N/A: Facet only applies to headphones products; this product is audio-electronics,N/A: Facet only applies to headphones products; this product is audio-electronics,N/A: Facet only applies to headphones products; this product is audio-electronics,N/A: Facet only applies to headphones products; this product is audio-electronics,needs value,needs value,needs value,needs value,needs value,needs value,needs value,N/A: Facet only applies to accessories products; this product is audio-electronics,N/A: Facet only applies to accessories products; this product is audio-electronics,N/A: Facet only applies to accessories products; this product is audio-electronics
MrEMtYwMtrFDGWmRnN7qVp,"Chord Electronics 2go",chord-electronics-2go,audio-electronics,Network Streamers,needs value,needs value,needs value,needs value,N/A: Facet only applies to headphones products; this product is audio-electronics,N/A: Facet only applies to headphones products; this product is audio-electronics,N/A: Facet only applies to headphones products; this product is audio-electronics,N/A: Facet only applies to headphones products; this product is audio-electronics,N/A: Facet only applies to headphones products; this product is audio-electronics,N/A: Facet only applies to headphones products; this product is audio-electronics,N/A: Facet only applies to headphones products; this product is audio-electronics,N/A: Facet only applies to headphones products; this product is audio-electronics,needs value,needs value,needs value,needs value,needs value,needs value,needs value,N/A: Facet only applies to accessories products; this product is audio-electronics,N/A: Facet only applies to accessories products; this product is audio-electronics,N/A: Facet only applies to accessories products; this product is audio-electronics
MrEMtYwMtrFDGWmRnN82fv,"Eversolo DMP-A8 All-In-One Streamer, DAC, Preamp",eversolo-dmp-a8-all-in-one-streamer-dac-preamp,audio-electronics,Network Streamers,needs value,needs value,needs value,needs value,N/A: Facet only applies to headphones products; this product is audio-electronics,N/A: Facet only applies to headphones products; this product is audio-electronics,N/A: Facet only applies to headphones products; this product is audio-electronics,N/A: Facet only applies to headphones products; this product is audio-electronics,N/A: Facet only applies to headphones products; this product is audio-electronics,N/A: Facet only applies to headphones products; this product is audio-electronics,N/A: Facet only applies to headphones products; this product is audio-electronics,N/A: Facet only applies to headphones products; this product is audio-electronics,needs value,needs value,needs value,needs value,needs value,needs value,needs value,N/A: Facet only applies to accessories products; this product is audio-electronics,N/A: Facet only applies to accessories products; this product is audio-electronics,N/A: Facet only applies to accessories products; this product is audio-electronics
MrEMtYwMtrFDGWmRnN8E5N,"Eversolo DMP-A6 Master Edition Streamer and DAC",eversolo-dmp-a6-master-edition-streamer-and-dac,audio-electronics,Network Streamers,needs value,needs value,needs value,needs value,N/A: Facet only applies to headphones products; this product is audio-electronics,N/A: Facet only applies to headphones products; this product is audio-electronics,N/A: Facet only applies to headphones products; this product is audio-electronics,N/A: Facet only applies to headphones products; this product is audio-electronics,N/A: Facet only applies to headphones products; this product is audio-electronics,N/A: Facet only applies to headphones products; this product is audio-electronics,N/A: Facet only applies to headphones products; this product is audio-electronics,N/A: Facet only applies to headphones products; this product is audio-electronics,needs value,needs value,needs value,needs value,needs value,needs value,needs value,N/A: Facet only applies to accessories products; this product is audio-electronics,N/A: Facet only applies to accessories products; this product is audio-electronics,N/A: Facet only applies to accessories products; this product is audio-electronics
MrEMtYwMtrFDGWmRnN8QYu,"iFi Audio Pro iDSD Signature DAC/Amp & Streamer",ifi-audio-pro-idsd-signature-dac-amp-streamer,audio-electronics,Network Streamers,needs value,needs value,needs value,needs value,N/A: Facet only applies to headphones products; this product is audio-electronics,N/A: Facet only applies to headphones products; this product is audio-electronics,N/A: Facet only applies to headphones products; this product is audio-electronics,N/A: Facet only applies to headphones products; this product is audio-electronics,N/A: Facet only applies to headphones products; this product is audio-electronics,N/A: Facet only applies to headphones products; this product is audio-electronics,N/A: Facet only applies to headphones products; this product is audio-electronics,N/A: Facet only applies to headphones products; this product is audio-electronics,needs value,needs value,needs value,needs value,needs value,needs value,needs value,N/A: Facet only applies to accessories products; this product is audio-electronics,N/A: Facet only applies to accessories products; this product is audio-electronics,N/A: Facet only applies to accessories products; this product is audio-electronics
MrEMtYwMtrFDGWmRnN8f2p,"Topping E50 Desktop Digital to Analog Convertor (DAC)",topping-e50-desktop-digital-to-analog-convertor-dac,audio-electronics,Standalone DACs,needs value,needs value,needs value,needs value,N/A: Facet only applies to headphones products; this product is audio-electronics,N/A: Facet only applies to headphones products; this product is audio-electronics,N/A: Facet only applies to headphones products; this product is audio-electronics,N/A: Facet only applies to headphones products; this product is audio-electronics,N/A: Facet only applies to headphones products; this product is audio-electronics,N/A: Facet only applies to headphones products; this product is audio-electronics,N/A: Facet only applies to headphones products; this product is audio-electronics,N/A: Facet only applies to headphones products; this product is audio-electronics,needs value,needs value,needs value,needs value,needs value,needs value,needs value,N/A: Facet only applies to accessories products; this product is audio-electronics,N/A: Facet only applies to accessories products; this product is audio-electronics,N/A: Facet only applies to accessories products; this product is audio-electronics
MrEMtYwMtrFDGWmRnN8n4N,"Topping D50 III DAC",topping-d50-iii-dac,audio-electronics,Standalone DACs,needs value,needs value,needs value,needs value,N/A: Facet only applies to headphones products; this product is audio-electronics,N/A: Facet only applies to headphones products; this product is audio-electronics,N/A: Facet only applies to headphones products; this product is audio-electronics,N/A: Facet only applies to headphones products; this product is audio-electronics,N/A: Facet only applies to headphones products; this product is audio-electronics,N/A: Facet only applies to headphones products; this product is audio-electronics,N/A: Facet only applies to headphones products; this product is audio-electronics,N/A: Facet only applies to headphones products; this product is audio-electronics,needs value,needs value,needs value,needs value,needs value,needs value,needs value,N/A: Facet only applies to accessories products; this product is audio-electronics,N/A: Facet only applies to accessories products; this product is audio-electronics,N/A: Facet only applies to accessories products; this product is audio-electronics
MrEMtYwMtrFDGWmRnN9RG0,"Topping DX9 DAC, Headphone Amplifier and Pre-Amp",topping-dx9-dac-headphone-amplifier-and-pre-amp,audio-electronics,DAC/Amp Combos,needs value,needs value,needs value,needs value,N/A: Facet only applies to headphones products; this product is audio-electronics,N/A: Facet only applies to headphones products; this product is audio-electronics,N/A: Facet only applies to headphones products; this product is audio-electronics,N/A: Facet only applies to headphones products; this product is audio-electronics,N/A: Facet only applies to headphones products; this product is audio-electronics,N/A: Facet only applies to headphones products; this product is audio-electronics,N/A: Facet only applies to headphones products; this product is audio-electronics,N/A: Facet only applies to headphones products; this product is audio-electronics,needs value,needs value,needs value,needs value,needs value,needs value,needs value,N/A: Facet only applies to accessories products; this product is audio-electronics,N/A: Facet only applies to accessories products; this product is audio-electronics,N/A: Facet only applies to accessories products; this product is audio-electronics
MrEMtYwMtrFDGWmRnNA955,"Zähl HM1 Reference Desktop Headphone Amplifier",z-hl-hm1-reference-desktop-headphone-amplifier,audio-electronics,Desktop Amps,needs value,needs value,needs value,needs value,N/A: Facet only applies to headphones products; this product is audio-electronics,N/A: Facet only applies to headphones products; this product is audio-electronics,N/A: Facet only applies to headphones products; this product is audio-electronics,N/A: Facet only applies to headphones products; this product is audio-electronics,N/A: Facet only applies to headphones products; this product is audio-electronics,N/A: Facet only applies to headphones products; this product is audio-electronics,N/A: Facet only applies to headphones products; this product is audio-electronics,N/A: Facet only applies to headphones products; this product is audio-electronics,needs value,needs value,needs value,needs value,needs value,needs value,needs value,N/A: Facet only applies to accessories products; this product is audio-electronics,N/A: Facet only applies to accessories products; this product is audio-electronics,N/A: Facet only applies to accessories products; this product is audio-electronics
MrEMtYwMtrFDGWmRnNFt41,"EarMen Angel Portable DAC and Headphone Amplifier",earmen-angel-portable-dac-and-headphone-amplifier,audio-electronics,Portable Amps,needs value,needs value,needs value,needs value,N/A: Facet only applies to headphones products; this product is audio-electronics,N/A: Facet only applies to headphones products; this product is audio-electronics,N/A: Facet only applies to headphones products; this product is audio-electronics,N/A: Facet only applies to headphones products; this product is audio-electronics,N/A: Facet only applies to headphones products; this product is audio-electronics,N/A: Facet only applies to headphones products; this product is audio-electronics,N/A: Facet only applies to headphones products; this product is audio-electronics,N/A: Facet only applies to headphones products; this product is audio-electronics,needs value,needs value,needs value,needs value,needs value,needs value,needs value,N/A: Facet only applies to accessories products; this product is audio-electronics,N/A: Facet only applies to accessories products; this product is audio-electronics,N/A: Facet only applies to accessories products; this product is audio-electronics
MrEMtYwMtrFDGWmRnNGIa4,"Astell&Kern PA10 Headphone Amplifier",astell-kern-pa10-headphone-amplifier,audio-electronics,Portable Amps,needs value,needs value,needs value,needs value,N/A: Facet only applies to headphones products; this product is audio-electronics,N/A: Facet only applies to headphones products; this product is audio-electronics,N/A: Facet only applies to headphones products; this product is audio-electronics,N/A: Facet only applies to headphones products; this product is audio-electronics,N/A: Facet only applies to headphones products; this product is audio-electronics,N/A: Facet only applies to headphones products; this product is audio-electronics,N/A: Facet only applies to headphones products; this product is audio-electronics,N/A: Facet only applies to headphones products; this product is audio-electronics,needs value,needs value,needs value,needs value,needs value,needs value,needs value,N/A: Facet only applies to accessories products; this product is audio-electronics,N/A: Facet only applies to accessories products; this product is audio-electronics,N/A: Facet only applies to accessories products; this product is audio-electronics
MrEMtYwMtrFDGWmRnNGOLg,"Moondrop Dawn Pro Portable DAC and Headphone Amp",moondrop-dawn-pro-portable-dac-and-headphone-amp,audio-electronics,Portable Amps,needs value,needs value,needs value,needs value,N/A: Facet only applies to headphones products; this product is audio-electronics,N/A: Facet only applies to headphones products; this product is audio-electronics,N/A: Facet only applies to headphones products; this product is audio-electronics,N/A: Facet only applies to headphones products; this product is audio-electronics,N/A: Facet only applies to headphones products; this product is audio-electronics,N/A: Facet only applies to headphones products; this product is audio-electronics,N/A: Facet only applies to headphones products; this product is audio-electronics,N/A: Facet only applies to headphones products; this product is audio-electronics,needs value,needs value,needs value,needs value,needs value,needs value,needs value,N/A: Facet only applies to accessories products; this product is audio-electronics,N/A: Facet only applies to accessories products; this product is audio-electronics,N/A: Facet only applies to accessories products; this product is audio-electronics
MrEMtYwMtrFDGWmRnNHjjW,"Bluesound Powernode Edge Streamer and Amplifier",bluesound-powernode-edge-streamer-and-amplifier,audio-electronics,Network Streamers,needs value,needs value,needs value,needs value,N/A: Facet only applies to headphones products; this product is audio-electronics,N/A: Facet only applies to headphones products; this product is audio-electronics,N/A: Facet only applies to headphones products; this product is audio-electronics,N/A: Facet only applies to headphones products; this product is audio-electronics,N/A: Facet only applies to headphones products; this product is audio-electronics,N/A: Facet only applies to headphones products; this product is audio-electronics,N/A: Facet only applies to headphones products; this product is audio-electronics,N/A: Facet only applies to headphones products; this product is audio-electronics,needs value,needs value,needs value,needs value,needs value,needs value,needs value,N/A: Facet only applies to accessories products; this product is audio-electronics,N/A: Facet only applies to accessories products; this product is audio-electronics,N/A: Facet only applies to accessories products; this product is audio-electronics
MrEMtYwMtrFDGWmRnNIk7B,"Naim Uniti Atom Amplifier Headphone Edition",naim-uniti-atom-amplifier-headphone-edition,audio-electronics,DAC/Amp Combos,needs value,needs value,needs value,needs value,N/A: Facet only applies to headphones products; this product is audio-electronics,N/A: Facet only applies to headphones products; this product is audio-electronics,N/A: Facet only applies to headphones products; this product is audio-electronics,N/A: Facet only applies to headphones products; this product is audio-electronics,N/A: Facet only applies to headphones products; this product is audio-electronics,N/A: Facet only applies to headphones products; this product is audio-electronics,N/A: Facet only applies to headphones products; this product is audio-electronics,N/A: Facet only applies to headphones products; this product is audio-electronics,needs value,needs value,needs value,needs value,needs value,needs value,needs value,N/A: Facet only applies to accessories products; this product is audio-electronics,N/A: Facet only applies to accessories products; this product is audio-electronics,N/A: Facet only applies to accessories products; this product is audio-electronics
MrEMtYwMtrFDGWmRnNK74C,"Astell&Kern PD20 | Digital Audio Player",astell-kern-pd20-digital-audio-player,audio-electronics,Digital Players (DAPs),needs value,needs value,needs value,needs value,N/A: Facet only applies to headphones products; this product is audio-electronics,N/A: Facet only applies to headphones products; this product is audio-electronics,N/A: Facet only applies to headphones products; this product is audio-electronics,N/A: Facet only applies to headphones products; this product is audio-electronics,N/A: Facet only applies to headphones products; this product is audio-electronics,N/A: Facet only applies to headphones products; this product is audio-electronics,N/A: Facet only applies to headphones products; this product is audio-electronics,N/A: Facet only applies to headphones products; this product is audio-electronics,needs value,needs value,needs value,needs value,needs value,needs value,needs value,N/A: Facet only applies to accessories products; this product is audio-electronics,N/A: Facet only applies to accessories products; this product is audio-electronics,N/A: Facet only applies to accessories products; this product is audio-electronics
MrEMtYwMtrFDGWmRnNKGX9,"Astell&Kern A&Ultima SP4000 | Digital Audio Player",astell-kern-a-ultima-sp4000-digital-audio-player,audio-electronics,Digital Players (DAPs),needs value,needs value,needs value,needs value,N/A: Facet only applies to headphones products; this product is audio-electronics,N/A: Facet only applies to headphones products; this product is audio-electronics,N/A: Facet only applies to headphones products; this product is audio-electronics,N/A: Facet only applies to headphones products; this product is audio-electronics,N/A: Facet only applies to headphones products; this product is audio-electronics,N/A: Facet only applies to headphones products; this product is audio-electronics,N/A: Facet only applies to headphones products; this product is audio-electronics,N/A: Facet only applies to headphones products; this product is audio-electronics,needs value,needs value,needs value,needs value,needs value,needs value,needs value,N/A: Facet only applies to accessories products; this product is audio-electronics,N/A: Facet only applies to accessories products; this product is audio-electronics,N/A: Facet only applies to accessories products; this product is audio-electronics
MrEMtYwMtrFDGWmRnQS1rC,"Focal Clear Ear Pads (Pair)",focal-clear-ear-pads-pair,accessories,Earpads,needs value,needs value,needs value,needs value,N/A: Facet only applies to headphones products; this product is accessories,N/A: Facet only applies to headphones products; this product is accessories,N/A: Facet only applies to headphones products; this product is accessories,N/A: Facet only applies to headphones products; this product is accessories,N/A: Facet only applies to headphones products; this product is accessories,N/A: Facet only applies to headphones products; this product is accessories,N/A: Facet only applies to headphones products; this product is accessories,N/A: Facet only applies to headphones products; this product is accessories,N/A: Facet only applies to audio-electronics products; this product is accessories,N/A: Facet only applies to audio-electronics products; this product is accessories,N/A: Facet only applies to audio-electronics products; this product is accessories,N/A: Facet only applies to audio-electronics products; this product is accessories,N/A: Facet only applies to audio-electronics products; this product is accessories,N/A: Facet only applies to audio-electronics products; this product is accessories,N/A: Facet only applies to audio-electronics products; this product is accessories,needs value,N/A: Earpads, eartips, stands, cases and care products have no connector/termination,needs value
MrEMtYwMtrFDGWmRnQS8gt,"Focal Bathys Replacement Ear Pads (Pair)",focal-bathys-replacement-ear-pads-pair,accessories,Earpads,needs value,needs value,needs value,needs value,N/A: Facet only applies to headphones products; this product is accessories,N/A: Facet only applies to headphones products; this product is accessories,N/A: Facet only applies to headphones products; this product is accessories,N/A: Facet only applies to headphones products; this product is accessories,N/A: Facet only applies to headphones products; this product is accessories,N/A: Facet only applies to headphones products; this product is accessories,N/A: Facet only applies to headphones products; this product is accessories,N/A: Facet only applies to headphones products; this product is accessories,N/A: Facet only applies to audio-electronics products; this product is accessories,N/A: Facet only applies to audio-electronics products; this product is accessories,N/A: Facet only applies to audio-electronics products; this product is accessories,N/A: Facet only applies to audio-electronics products; this product is accessories,N/A: Facet only applies to audio-electronics products; this product is accessories,N/A: Facet only applies to audio-electronics products; this product is accessories,N/A: Facet only applies to audio-electronics products; this product is accessories,needs value,N/A: Earpads, eartips, stands, cases and care products have no connector/termination,needs value
MrEMtYwMtrFDGWmRnQSU8H,"Dekoni Audio Elite Sheepskin Earpads For Hifiman Headphones",dekoni-audio-elite-sheepskin-earpads-for-hifiman-headphones,accessories,Earpads,needs value,needs value,needs value,needs value,N/A: Facet only applies to headphones products; this product is accessories,N/A: Facet only applies to headphones products; this product is accessories,N/A: Facet only applies to headphones products; this product is accessories,N/A: Facet only applies to headphones products; this product is accessories,N/A: Facet only applies to headphones products; this product is accessories,N/A: Facet only applies to headphones products; this product is accessories,N/A: Facet only applies to headphones products; this product is accessories,N/A: Facet only applies to headphones products; this product is accessories,N/A: Facet only applies to audio-electronics products; this product is accessories,N/A: Facet only applies to audio-electronics products; this product is accessories,N/A: Facet only applies to audio-electronics products; this product is accessories,N/A: Facet only applies to audio-electronics products; this product is accessories,N/A: Facet only applies to audio-electronics products; this product is accessories,N/A: Facet only applies to audio-electronics products; this product is accessories,N/A: Facet only applies to audio-electronics products; this product is accessories,needs value,N/A: Earpads, eartips, stands, cases and care products have no connector/termination,needs value
MrEMtYwMtrFDGWmRnQSWCY,"Dekoni Audio Replacement Earpads for Focal Bathys, Bathys MG, Hadenys, Azurys, Lensys",dekoni-audio-replacement-earpads-for-focal-bathys-bathys-mg-hadenys-azurys-lensys,accessories,Earpads,needs value,needs value,needs value,needs value,N/A: Facet only applies to headphones products; this product is accessories,N/A: Facet only applies to headphones products; this product is accessories,N/A: Facet only applies to headphones products; this product is accessories,N/A: Facet only applies to headphones products; this product is accessories,N/A: Facet only applies to headphones products; this product is accessories,N/A: Facet only applies to headphones products; this product is accessories,N/A: Facet only applies to headphones products; this product is accessories,N/A: Facet only applies to headphones products; this product is accessories,N/A: Facet only applies to audio-electronics products; this product is accessories,N/A: Facet only applies to audio-electronics products; this product is accessories,N/A: Facet only applies to audio-electronics products; this product is accessories,N/A: Facet only applies to audio-electronics products; this product is accessories,N/A: Facet only applies to audio-electronics products; this product is accessories,N/A: Facet only applies to audio-electronics products; this product is accessories,N/A: Facet only applies to audio-electronics products; this product is accessories,needs value,N/A: Earpads, eartips, stands, cases and care products have no connector/termination,needs value
MrEMtYwMtrFDGWmRnQSZ1T,"Dekoni Audio Elite Fenestrated Sheepskin Replacement Earpads for Sennheiser HD600 Headphones (Pair)",dekoni-audio-elite-fenestrated-sheepskin-replacement-earpads-for-sennheiser-hd600-headphones-pai,accessories,Earpads,needs value,needs value,needs value,needs value,N/A: Facet only applies to headphones products; this product is accessories,N/A: Facet only applies to headphones products; this product is accessories,N/A: Facet only applies to headphones products; this product is accessories,N/A: Facet only applies to headphones products; this product is accessories,N/A: Facet only applies to headphones products; this product is accessories,N/A: Facet only applies to headphones products; this product is accessories,N/A: Facet only applies to headphones products; this product is accessories,N/A: Facet only applies to headphones products; this product is accessories,N/A: Facet only applies to audio-electronics products; this product is accessories,N/A: Facet only applies to audio-electronics products; this product is accessories,N/A: Facet only applies to audio-electronics products; this product is accessories,N/A: Facet only applies to audio-electronics products; this product is accessories,N/A: Facet only applies to audio-electronics products; this product is accessories,N/A: Facet only applies to audio-electronics products; this product is accessories,N/A: Facet only applies to audio-electronics products; this product is accessories,needs value,N/A: Earpads, eartips, stands, cases and care products have no connector/termination,needs value
MrEMtYwMtrFDGWmRnQSjcO,"Dekoni Audio The Mercury Premium Memory Foam Isolation Earphone Tips, Black, 4.9mm, 3-Pack",dekoni-audio-the-mercury-premium-memory-foam-isolation-earphone-tips-black-4-9mm-3-pack,accessories,Eartips,needs value,needs value,needs value,needs value,N/A: Facet only applies to headphones products; this product is accessories,N/A: Facet only applies to headphones products; this product is accessories,N/A: Facet only applies to headphones products; this product is accessories,N/A: Facet only applies to headphones products; this product is accessories,N/A: Facet only applies to headphones products; this product is accessories,N/A: Facet only applies to headphones products; this product is accessories,N/A: Facet only applies to headphones products; this product is accessories,N/A: Facet only applies to headphones products; this product is accessories,N/A: Facet only applies to audio-electronics products; this product is accessories,N/A: Facet only applies to audio-electronics products; this product is accessories,N/A: Facet only applies to audio-electronics products; this product is accessories,N/A: Facet only applies to audio-electronics products; this product is accessories,N/A: Facet only applies to audio-electronics products; this product is accessories,N/A: Facet only applies to audio-electronics products; this product is accessories,N/A: Facet only applies to audio-electronics products; this product is accessories,needs value,N/A: Earpads, eartips, stands, cases and care products have no connector/termination,needs value
MrEMtYwMtrFDGWmRnQT5sJ,"Focal Radiance Headphones | Limited Edition",focal-radiance-headphones-limited-edition,headphones,Closed-Back,needs value,needs value,needs value,needs value,needs value,needs value,needs value,needs value,needs value,needs value,needs value,needs value,N/A: Facet only applies to audio-electronics products; this product is headphones,N/A: Facet only applies to audio-electronics products; this product is headphones,N/A: Facet only applies to audio-electronics products; this product is headphones,N/A: Facet only applies to audio-electronics products; this product is headphones,N/A: Facet only applies to audio-electronics products; this product is headphones,N/A: Facet only applies to audio-electronics products; this product is headphones,N/A: Facet only applies to audio-electronics products; this product is headphones,N/A: Facet only applies to accessories products; this product is headphones,N/A: Facet only applies to accessories products; this product is headphones,N/A: Facet only applies to accessories products; this product is headphones
MrEMtYwMtrFDGWmRnQT9Nz,"Focal Azurys",focal-azurys,headphones,Closed-Back,needs value,needs value,needs value,needs value,needs value,needs value,needs value,needs value,needs value,needs value,needs value,needs value,N/A: Facet only applies to audio-electronics products; this product is headphones,N/A: Facet only applies to audio-electronics products; this product is headphones,N/A: Facet only applies to audio-electronics products; this product is headphones,N/A: Facet only applies to audio-electronics products; this product is headphones,N/A: Facet only applies to audio-electronics products; this product is headphones,N/A: Facet only applies to audio-electronics products; this product is headphones,N/A: Facet only applies to audio-electronics products; this product is headphones,N/A: Facet only applies to accessories products; this product is headphones,N/A: Facet only applies to accessories products; this product is headphones,N/A: Facet only applies to accessories products; this product is headphones
MrEMtYwMtrFDGWmRnQTHiy,"Focal Bathys MG Wireless Headphones",focal-bathys-mg-wireless-headphones,headphones,Closed-Back,needs value,needs value,needs value,needs value,needs value,needs value,needs value,needs value,needs value,needs value,needs value,needs value,N/A: Facet only applies to audio-electronics products; this product is headphones,N/A: Facet only applies to audio-electronics products; this product is headphones,N/A: Facet only applies to audio-electronics products; this product is headphones,N/A: Facet only applies to audio-electronics products; this product is headphones,N/A: Facet only applies to audio-electronics products; this product is headphones,N/A: Facet only applies to audio-electronics products; this product is headphones,N/A: Facet only applies to audio-electronics products; this product is headphones,N/A: Facet only applies to accessories products; this product is headphones,N/A: Facet only applies to accessories products; this product is headphones,N/A: Facet only applies to accessories products; this product is headphones
MrEMtYwMtrFDGWmRnQTeER,"Sennheiser RS 175 Headphones",sennheiser-rs-175-headphones,headphones,Closed-Back,needs value,needs value,needs value,needs value,needs value,needs value,needs value,needs value,needs value,needs value,needs value,needs value,N/A: Facet only applies to audio-electronics products; this product is headphones,N/A: Facet only applies to audio-electronics products; this product is headphones,N/A: Facet only applies to audio-electronics products; this product is headphones,N/A: Facet only applies to audio-electronics products; this product is headphones,N/A: Facet only applies to audio-electronics products; this product is headphones,N/A: Facet only applies to audio-electronics products; this product is headphones,N/A: Facet only applies to audio-electronics products; this product is headphones,N/A: Facet only applies to accessories products; this product is headphones,N/A: Facet only applies to accessories products; this product is headphones,N/A: Facet only applies to accessories products; this product is headphones
MrEMtYwMtrFDGWmRnQU1gD,"Meze Audio 99 Classics V2 Headphones",meze-audio-99-classics-v2-headphones,headphones,Closed-Back,needs value,needs value,needs value,needs value,needs value,needs value,needs value,needs value,needs value,needs value,needs value,needs value,N/A: Facet only applies to audio-electronics products; this product is headphones,N/A: Facet only applies to audio-electronics products; this product is headphones,N/A: Facet only applies to audio-electronics products; this product is headphones,N/A: Facet only applies to audio-electronics products; this product is headphones,N/A: Facet only applies to audio-electronics products; this product is headphones,N/A: Facet only applies to audio-electronics products; this product is headphones,N/A: Facet only applies to audio-electronics products; this product is headphones,N/A: Facet only applies to accessories products; this product is headphones,N/A: Facet only applies to accessories products; this product is headphones,N/A: Facet only applies to accessories products; this product is headphones
MrEMtYwMtrFDGWmRnQULEz,"Hifiman Sundara Closed-Back Headphones",hifiman-sundara-closed-back-headphones,headphones,Closed-Back,needs value,needs value,needs value,needs value,needs value,needs value,needs value,needs value,needs value,needs value,needs value,needs value,N/A: Facet only applies to audio-electronics products; this product is headphones,N/A: Facet only applies to audio-electronics products; this product is headphones,N/A: Facet only applies to audio-electronics products; this product is headphones,N/A: Facet only applies to audio-electronics products; this product is headphones,N/A: Facet only applies to audio-electronics products; this product is headphones,N/A: Facet only applies to audio-electronics products; this product is headphones,N/A: Facet only applies to audio-electronics products; this product is headphones,N/A: Facet only applies to accessories products; this product is headphones,N/A: Facet only applies to accessories products; this product is headphones,N/A: Facet only applies to accessories products; this product is headphones
MrEMtYwMtrFDGWmRnQUmde,"T+A Solitaire T",t-a-solitaire-t,headphones,Closed-Back,needs value,needs value,needs value,needs value,needs value,needs value,needs value,needs value,needs value,needs value,needs value,needs value,N/A: Facet only applies to audio-electronics products; this product is headphones,N/A: Facet only applies to audio-electronics products; this product is headphones,N/A: Facet only applies to audio-electronics products; this product is headphones,N/A: Facet only applies to audio-electronics products; this product is headphones,N/A: Facet only applies to audio-electronics products; this product is headphones,N/A: Facet only applies to audio-electronics products; this product is headphones,N/A: Facet only applies to audio-electronics products; this product is headphones,N/A: Facet only applies to accessories products; this product is headphones,N/A: Facet only applies to accessories products; this product is headphones,N/A: Facet only applies to accessories products; this product is headphones
MrEMtYwMtrFDGWmRnQV78j,"Bowers & Wilkins PX8 Wireless ANC Headphones",bowers-wilkins-px8-wireless-anc-headphones,headphones,Closed-Back,needs value,needs value,needs value,needs value,needs value,needs value,needs value,needs value,needs value,needs value,needs value,needs value,N/A: Facet only applies to audio-electronics products; this product is headphones,N/A: Facet only applies to audio-electronics products; this product is headphones,N/A: Facet only applies to audio-electronics products; this product is headphones,N/A: Facet only applies to audio-electronics products; this product is headphones,N/A: Facet only applies to audio-electronics products; this product is headphones,N/A: Facet only applies to audio-electronics products; this product is headphones,N/A: Facet only applies to audio-electronics products; this product is headphones,N/A: Facet only applies to accessories products; this product is headphones,N/A: Facet only applies to accessories products; this product is headphones,N/A: Facet only applies to accessories products; this product is headphones
MrEMtYwMtrFDGWmRnQVOZL,"Hisenior Audio Mega5-EST In-Ear Headphones",hisenior-audio-mega5-est-in-ear-headphones,headphones,Universal IEMs,needs value,needs value,needs value,needs value,needs value,N/A: IEMs (Universal IEMs) have no ear cup / back design,needs value,needs value,needs value,needs value,needs value,needs value,N/A: Facet only applies to audio-electronics products; this product is headphones,N/A: Facet only applies to audio-electronics products; this product is headphones,N/A: Facet only applies to audio-electronics products; this product is headphones,N/A: Facet only applies to audio-electronics products; this product is headphones,N/A: Facet only applies to audio-electronics products; this product is headphones,N/A: Facet only applies to audio-electronics products; this product is headphones,N/A: Facet only applies to audio-electronics products; this product is headphones,N/A: Facet only applies to accessories products; this product is headphones,N/A: Facet only applies to accessories products; this product is headphones,N/A: Facet only applies to accessories products; this product is headphones
MrEMtYwMtrFDGWmRnQW6KX,"64 Audio U12t In-Ear Headphones",64-audio-u12t-in-ear-headphones,headphones,Universal IEMs,needs value,needs value,needs value,needs value,needs value,N/A: IEMs (Universal IEMs) have no ear cup / back design,needs value,needs value,needs value,needs value,needs value,needs value,N/A: Facet only applies to audio-electronics products; this product is headphones,N/A: Facet only applies to audio-electronics products; this product is headphones,N/A: Facet only applies to audio-electronics products; this product is headphones,N/A: Facet only applies to audio-electronics products; this product is headphones,N/A: Facet only applies to audio-electronics products; this product is headphones,N/A: Facet only applies to audio-electronics products; this product is headphones,N/A: Facet only applies to audio-electronics products; this product is headphones,N/A: Facet only applies to accessories products; this product is headphones,N/A: Facet only applies to accessories products; this product is headphones,N/A: Facet only applies to accessories products; this product is headphones
MrEMtYwMtrFDGWmRnQWKR8,"Thieaudio Monarch MKIII In-Ear Headphones",thieaudio-monarch-mkiii-in-ear-headphones,headphones,Universal IEMs,needs value,needs value,needs value,needs value,needs value,N/A: IEMs (Universal IEMs) have no ear cup / back design,needs value,needs value,needs value,needs value,needs value,needs value,N/A: Facet only applies to audio-electronics products; this product is headphones,N/A: Facet only applies to audio-electronics products; this product is headphones,N/A: Facet only applies to audio-electronics products; this product is headphones,N/A: Facet only applies to audio-electronics products; this product is headphones,N/A: Facet only applies to audio-electronics products; this product is headphones,N/A: Facet only applies to audio-electronics products; this product is headphones,N/A: Facet only applies to audio-electronics products; this product is headphones,N/A: Facet only applies to accessories products; this product is headphones,N/A: Facet only applies to accessories products; this product is headphones,N/A: Facet only applies to accessories products; this product is headphones
MrEMtYwMtrFDGWmRnQWhwn,"Sennheiser IE 600 In-Ear Headphones",sennheiser-ie-600-in-ear-headphones,headphones,Universal IEMs,needs value,needs value,needs value,needs value,needs value,N/A: IEMs (Universal IEMs) have no ear cup / back design,needs value,needs value,needs value,needs value,needs value,needs value,N/A: Facet only applies to audio-electronics products; this product is headphones,N/A: Facet only applies to audio-electronics products; this product is headphones,N/A: Facet only applies to audio-electronics products; this product is headphones,N/A: Facet only applies to audio-electronics products; this product is headphones,N/A: Facet only applies to audio-electronics products; this product is headphones,N/A: Facet only applies to audio-electronics products; this product is headphones,N/A: Facet only applies to audio-electronics products; this product is headphones,N/A: Facet only applies to accessories products; this product is headphones,N/A: Facet only applies to accessories products; this product is headphones,N/A: Facet only applies to accessories products; this product is headphones
MrEMtYwMtrFDGWmRnQWwrv,"TRUTHEAR x Crinacle ZERO:Red In-Ear Headphones",truthear-x-crinacle-zero-red-in-ear-headphones,headphones,Universal IEMs,needs value,needs value,needs value,needs value,needs value,N/A: IEMs (Universal IEMs) have no ear cup / back design,needs value,needs value,needs value,needs value,needs value,needs value,N/A: Facet only applies to audio-electronics products; this product is headphones,N/A: Facet only applies to audio-electronics products; this product is headphones,N/A: Facet only applies to audio-electronics products; this product is headphones,N/A: Facet only applies to audio-electronics products; this product is headphones,N/A: Facet only applies to audio-electronics products; this product is headphones,N/A: Facet only applies to audio-electronics products; this product is headphones,N/A: Facet only applies to audio-electronics products; this product is headphones,N/A: Facet only applies to accessories products; this product is headphones,N/A: Facet only applies to accessories products; this product is headphones,N/A: Facet only applies to accessories products; this product is headphones
MrEMtYwMtrFDGWmRnQX1VZ,"TRUTHEAR x Crinacle ZERO In-Ear Headphones",truthear-x-crinacle-zero-in-ear-headphones,headphones,Universal IEMs,needs value,needs value,needs value,needs value,needs value,N/A: IEMs (Universal IEMs) have no ear cup / back design,needs value,needs value,needs value,needs value,needs value,needs value,N/A: Facet only applies to audio-electronics products; this product is headphones,N/A: Facet only applies to audio-electronics products; this product is headphones,N/A: Facet only applies to audio-electronics products; this product is headphones,N/A: Facet only applies to audio-electronics products; this product is headphones,N/A: Facet only applies to audio-electronics products; this product is headphones,N/A: Facet only applies to audio-electronics products; this product is headphones,N/A: Facet only applies to audio-electronics products; this product is headphones,N/A: Facet only applies to accessories products; this product is headphones,N/A: Facet only applies to accessories products; this product is headphones,N/A: Facet only applies to accessories products; this product is headphones
MrEMtYwMtrFDGWmRnQXHgR,"Dunu Mirai In-Ear Headphones",dunu-mirai-in-ear-headphones,headphones,Universal IEMs,needs value,needs value,needs value,needs value,needs value,N/A: IEMs (Universal IEMs) have no ear cup / back design,needs value,needs value,needs value,needs value,needs value,needs value,N/A: Facet only applies to audio-electronics products; this product is headphones,N/A: Facet only applies to audio-electronics products; this product is headphones,N/A: Facet only applies to audio-electronics products; this product is headphones,N/A: Facet only applies to audio-electronics products; this product is headphones,N/A: Facet only applies to audio-electronics products; this product is headphones,N/A: Facet only applies to audio-electronics products; this product is headphones,N/A: Facet only applies to audio-electronics products; this product is headphones,N/A: Facet only applies to accessories products; this product is headphones,N/A: Facet only applies to accessories products; this product is headphones,N/A: Facet only applies to accessories products; this product is headphones
MrEMtYwMtrFDGWmRnQqrtq,"Astell&Kern A&ultima SP3000T Case | Leather Case",astell-kern-a-ultima-sp3000t-case-leather-case,accessories,Carrying Cases,needs value,needs value,needs value,needs value,N/A: Facet only applies to headphones products; this product is accessories,N/A: Facet only applies to headphones products; this product is accessories,N/A: Facet only applies to headphones products; this product is accessories,N/A: Facet only applies to headphones products; this product is accessories,N/A: Facet only applies to headphones products; this product is accessories,N/A: Facet only applies to headphones products; this product is accessories,N/A: Facet only applies to headphones products; this product is accessories,N/A: Facet only applies to headphones products; this product is accessories,N/A: Facet only applies to audio-electronics products; this product is accessories,N/A: Facet only applies to audio-electronics products; this product is accessories,N/A: Facet only applies to audio-electronics products; this product is accessories,N/A: Facet only applies to audio-electronics products; this product is accessories,N/A: Facet only applies to audio-electronics products; this product is accessories,N/A: Facet only applies to audio-electronics products; this product is accessories,N/A: Facet only applies to audio-electronics products; this product is accessories,needs value,N/A: Earpads, eartips, stands, cases and care products have no connector/termination,needs value
MrEMtYwMtrFDGWmRnQqu20,"Astell&Kern KANN CUBE | Leather Case",astell-kern-kann-cube-leather-case,accessories,Carrying Cases,needs value,needs value,needs value,needs value,N/A: Facet only applies to headphones products; this product is accessories,N/A: Facet only applies to headphones products; this product is accessories,N/A: Facet only applies to headphones products; this product is accessories,N/A: Facet only applies to headphones products; this product is accessories,N/A: Facet only applies to headphones products; this product is accessories,N/A: Facet only applies to headphones products; this product is accessories,N/A: Facet only applies to headphones products; this product is accessories,N/A: Facet only applies to headphones products; this product is accessories,N/A: Facet only applies to audio-electronics products; this product is accessories,N/A: Facet only applies to audio-electronics products; this product is accessories,N/A: Facet only applies to audio-electronics products; this product is accessories,N/A: Facet only applies to audio-electronics products; this product is accessories,N/A: Facet only applies to audio-electronics products; this product is accessories,N/A: Facet only applies to audio-electronics products; this product is accessories,N/A: Facet only applies to audio-electronics products; this product is accessories,needs value,N/A: Earpads, eartips, stands, cases and care products have no connector/termination,needs value
MrEMtYwMtrFDGWmRnQqv2C,"Astell&Kern PD20 Case | Premium Leather Case",astell-kern-pd20-case-premium-leather-case,accessories,Carrying Cases,needs value,needs value,needs value,needs value,N/A: Facet only applies to headphones products; this product is accessories,N/A: Facet only applies to headphones products; this product is accessories,N/A: Facet only applies to headphones products; this product is accessories,N/A: Facet only applies to headphones products; this product is accessories,N/A: Facet only applies to headphones products; this product is accessories,N/A: Facet only applies to headphones products; this product is accessories,N/A: Facet only applies to headphones products; this product is accessories,N/A: Facet only applies to headphones products; this product is accessories,N/A: Facet only applies to audio-electronics products; this product is accessories,N/A: Facet only applies to audio-electronics products; this product is accessories,N/A: Facet only applies to audio-electronics products; this product is accessories,N/A: Facet only applies to audio-electronics products; this product is accessories,N/A: Facet only applies to audio-electronics products; this product is accessories,N/A: Facet only applies to audio-electronics products; this product is accessories,N/A: Facet only applies to audio-electronics products; this product is accessories,needs value,N/A: Earpads, eartips, stands, cases and care products have no connector/termination,needs value
MrEMtYwMtrFDGWmRnQr68D,"Audma Brioso Case | Black Leather Case for Brioso",audma-brioso-case-black-leather-case-for-brioso,accessories,Carrying Cases,needs value,needs value,needs value,needs value,N/A: Facet only applies to headphones products; this product is accessories,N/A: Facet only applies to headphones products; this product is accessories,N/A: Facet only applies to headphones products; this product is accessories,N/A: Facet only applies to headphones products; this product is accessories,N/A: Facet only applies to headphones products; this product is accessories,N/A: Facet only applies to headphones products; this product is accessories,N/A: Facet only applies to headphones products; this product is accessories,N/A: Facet only applies to headphones products; this product is accessories,N/A: Facet only applies to audio-electronics products; this product is accessories,N/A: Facet only applies to audio-electronics products; this product is accessories,N/A: Facet only applies to audio-electronics products; this product is accessories,N/A: Facet only applies to audio-electronics products; this product is accessories,N/A: Facet only applies to audio-electronics products; this product is accessories,N/A: Facet only applies to audio-electronics products; this product is accessories,N/A: Facet only applies to audio-electronics products; this product is accessories,needs value,N/A: Earpads, eartips, stands, cases and care products have no connector/termination,needs value
MrEMtYwMtrFDGWmRnQrHuz,"Campfire Audio Compact Leather Case | IEM Case",campfire-audio-compact-leather-case-iem-case,accessories,Carrying Cases,needs value,needs value,needs value,needs value,N/A: Facet only applies to headphones products; this product is accessories,N/A: Facet only applies to headphones products; this product is accessories,N/A: Facet only applies to headphones products; this product is accessories,N/A: Facet only applies to headphones products; this product is accessories,N/A: Facet only applies to headphones products; this product is accessories,N/A: Facet only applies to headphones products; this product is accessories,N/A: Facet only applies to headphones products; this product is accessories,N/A: Facet only applies to headphones products; this product is accessories,N/A: Facet only applies to audio-electronics products; this product is accessories,N/A: Facet only applies to audio-electronics products; this product is accessories,N/A: Facet only applies to audio-electronics products; this product is accessories,N/A: Facet only applies to audio-electronics products; this product is accessories,N/A: Facet only applies to audio-electronics products; this product is accessories,N/A: Facet only applies to audio-electronics products; this product is accessories,N/A: Facet only applies to audio-electronics products; this product is accessories,needs value,N/A: Earpads, eartips, stands, cases and care products have no connector/termination,needs value
MrEMtYwMtrFDGWmRnRF4hA,"Replacement Earpads for Fostex TH and Denon AH, and X00 Series Headphones",replacement-earpads-for-fostex-th-and-denon-ah-and-x00-series-headphones,accessories,Earpads,needs value,needs value,needs value,needs value,N/A: Facet only applies to headphones products; this product is accessories,N/A: Facet only applies to headphones products; this product is accessories,N/A: Facet only applies to headphones products; this product is accessories,N/A: Facet only applies to headphones products; this product is accessories,N/A: Facet only applies to headphones products; this product is accessories,N/A: Facet only applies to headphones products; this product is accessories,N/A: Facet only applies to headphones products; this product is accessories,N/A: Facet only applies to headphones products; this product is accessories,N/A: Facet only applies to audio-electronics products; this product is accessories,N/A: Facet only applies to audio-electronics products; this product is accessories,N/A: Facet only applies to audio-electronics products; this product is accessories,N/A: Facet only applies to audio-electronics products; this product is accessories,N/A: Facet only applies to audio-electronics products; this product is accessories,N/A: Facet only applies to audio-electronics products; this product is accessories,N/A: Facet only applies to audio-electronics products; this product is accessories,needs value,N/A: Earpads, eartips, stands, cases and care products have no connector/termination,needs value
MrEMtYwMtrFDGWmRnRFJcI,"Replacement Earpads for Sony WH1000Xm3 Headphones",replacement-earpads-for-sony-wh1000xm3-headphones,accessories,Earpads,needs value,needs value,needs value,needs value,N/A: Facet only applies to headphones products; this product is accessories,N/A: Facet only applies to headphones products; this product is accessories,N/A: Facet only applies to headphones products; this product is accessories,N/A: Facet only applies to headphones products; this product is accessories,N/A: Facet only applies to headphones products; this product is accessories,N/A: Facet only applies to headphones products; this product is accessories,N/A: Facet only applies to headphones products; this product is accessories,N/A: Facet only applies to headphones products; this product is accessories,N/A: Facet only applies to audio-electronics products; this product is accessories,N/A: Facet only applies to audio-electronics products; this product is accessories,N/A: Facet only applies to audio-electronics products; this product is accessories,N/A: Facet only applies to audio-electronics products; this product is accessories,N/A: Facet only applies to audio-electronics products; this product is accessories,N/A: Facet only applies to audio-electronics products; this product is accessories,N/A: Facet only applies to audio-electronics products; this product is accessories,needs value,N/A: Earpads, eartips, stands, cases and care products have no connector/termination,needs value
MrEMtYwMtrFDGWmRnRG143,"Replacement Earpads for Sennheiser Momentum 4 Headphones",replacement-earpads-for-sennheiser-momentum-4-headphones,accessories,Earpads,needs value,needs value,needs value,needs value,N/A: Facet only applies to headphones products; this product is accessories,N/A: Facet only applies to headphones products; this product is accessories,N/A: Facet only applies to headphones products; this product is accessories,N/A: Facet only applies to headphones products; this product is accessories,N/A: Facet only applies to headphones products; this product is accessories,N/A: Facet only applies to headphones products; this product is accessories,N/A: Facet only applies to headphones products; this product is accessories,N/A: Facet only applies to headphones products; this product is accessories,N/A: Facet only applies to audio-electronics products; this product is accessories,N/A: Facet only applies to audio-electronics products; this product is accessories,N/A: Facet only applies to audio-electronics products; this product is accessories,N/A: Facet only applies to audio-electronics products; this product is accessories,N/A: Facet only applies to audio-electronics products; this product is accessories,N/A: Facet only applies to audio-electronics products; this product is accessories,N/A: Facet only applies to audio-electronics products; this product is accessories,needs value,N/A: Earpads, eartips, stands, cases and care products have no connector/termination,needs value
MrEMtYwMtrFDGWmRnRGU5m,"Replacement Earpads for Beyerdynamic DT700/900 Pro X Headphones",replacement-earpads-for-beyerdynamic-dt700-900-pro-x-headphones,accessories,Earpads,needs value,needs value,needs value,needs value,N/A: Facet only applies to headphones products; this product is accessories,N/A: Facet only applies to headphones products; this product is accessories,N/A: Facet only applies to headphones products; this product is accessories,N/A: Facet only applies to headphones products; this product is accessories,N/A: Facet only applies to headphones products; this product is accessories,N/A: Facet only applies to headphones products; this product is accessories,N/A: Facet only applies to headphones products; this product is accessories,N/A: Facet only applies to headphones products; this product is accessories,N/A: Facet only applies to audio-electronics products; this product is accessories,N/A: Facet only applies to audio-electronics products; this product is accessories,N/A: Facet only applies to audio-electronics products; this product is accessories,N/A: Facet only applies to audio-electronics products; this product is accessories,N/A: Facet only applies to audio-electronics products; this product is accessories,N/A: Facet only applies to audio-electronics products; this product is accessories,N/A: Facet only applies to audio-electronics products; this product is accessories,needs value,N/A: Earpads, eartips, stands, cases and care products have no connector/termination,needs value
MrEMtYwMtrFDGWmRnRGpuU,"Aune Audio BX2 Magnum Portable Headphone Amplifier",aune-audio-bx2-magnum-portable-headphone-amplifier,audio-electronics,Portable Amps,needs value,needs value,needs value,needs value,N/A: Facet only applies to headphones products; this product is audio-electronics,N/A: Facet only applies to headphones products; this product is audio-electronics,N/A: Facet only applies to headphones products; this product is audio-electronics,N/A: Facet only applies to headphones products; this product is audio-electronics,N/A: Facet only applies to headphones products; this product is audio-electronics,N/A: Facet only applies to headphones products; this product is audio-electronics,N/A: Facet only applies to headphones products; this product is audio-electronics,N/A: Facet only applies to headphones products; this product is audio-electronics,needs value,needs value,needs value,needs value,needs value,needs value,needs value,N/A: Facet only applies to accessories products; this product is audio-electronics,N/A: Facet only applies to accessories products; this product is audio-electronics,N/A: Facet only applies to accessories products; this product is audio-electronics
MrEMtYwMtrFDGWmRnRGtU3,"Aune Audio YUKI Portable DAC and Headphone Amplifier",aune-audio-yuki-portable-dac-and-headphone-amplifier,audio-electronics,Portable Amps,needs value,needs value,needs value,needs value,N/A: Facet only applies to headphones products; this product is audio-electronics,N/A: Facet only applies to headphones products; this product is audio-electronics,N/A: Facet only applies to headphones products; this product is audio-electronics,N/A: Facet only applies to headphones products; this product is audio-electronics,N/A: Facet only applies to headphones products; this product is audio-electronics,N/A: Facet only applies to headphones products; this product is audio-electronics,N/A: Facet only applies to headphones products; this product is audio-electronics,N/A: Facet only applies to headphones products; this product is audio-electronics,needs value,needs value,needs value,needs value,needs value,needs value,needs value,N/A: Facet only applies to accessories products; this product is audio-electronics,N/A: Facet only applies to accessories products; this product is audio-electronics,N/A: Facet only applies to accessories products; this product is audio-electronics
MrEMtYwMtrFDGWmRnRH2Ru,"Denon DNP-2000NE Streaming Music Player and Preamplifier - Open Box",denon-dnp-2000ne-streaming-music-player-and-preamplifier-open-box,audio-electronics,Network Streamers,needs value,needs value,needs value,needs value,N/A: Facet only applies to headphones products; this product is audio-electronics,N/A: Facet only applies to headphones products; this product is audio-electronics,N/A: Facet only applies to headphones products; this product is audio-electronics,N/A: Facet only applies to headphones products; this product is audio-electronics,N/A: Facet only applies to headphones products; this product is audio-electronics,N/A: Facet only applies to headphones products; this product is audio-electronics,N/A: Facet only applies to headphones products; this product is audio-electronics,N/A: Facet only applies to headphones products; this product is audio-electronics,needs value,needs value,needs value,needs value,needs value,needs value,needs value,N/A: Facet only applies to accessories products; this product is audio-electronics,N/A: Facet only applies to accessories products; this product is audio-electronics,N/A: Facet only applies to accessories products; this product is audio-electronics
MrEMtYwMtrFDGWmRnRHed9,"Cambridge Audio DacMagic 200M - Open Box",cambridge-audio-dacmagic-200m-open-box,audio-electronics,Standalone DACs,needs value,needs value,needs value,needs value,N/A: Facet only applies to headphones products; this product is audio-electronics,N/A: Facet only applies to headphones products; this product is audio-electronics,N/A: Facet only applies to headphones products; this product is audio-electronics,N/A: Facet only applies to headphones products; this product is audio-electronics,N/A: Facet only applies to headphones products; this product is audio-electronics,N/A: Facet only applies to headphones products; this product is audio-electronics,N/A: Facet only applies to headphones products; this product is audio-electronics,N/A: Facet only applies to headphones products; this product is audio-electronics,needs value,needs value,needs value,needs value,needs value,needs value,needs value,N/A: Facet only applies to accessories products; this product is audio-electronics,N/A: Facet only applies to accessories products; this product is audio-electronics,N/A: Facet only applies to accessories products; this product is audio-electronics
MrEMtYwMtrFDGWmRnRIFQs,"Hifiman EF499 Desktop DAC and Headphone Amplifier",hifiman-ef499-desktop-dac-and-headphone-amplifier,audio-electronics,DAC/Amp Combos,needs value,needs value,needs value,needs value,N/A: Facet only applies to headphones products; this product is audio-electronics,N/A: Facet only applies to headphones products; this product is audio-electronics,N/A: Facet only applies to headphones products; this product is audio-electronics,N/A: Facet only applies to headphones products; this product is audio-electronics,N/A: Facet only applies to headphones products; this product is audio-electronics,N/A: Facet only applies to headphones products; this product is audio-electronics,N/A: Facet only applies to headphones products; this product is audio-electronics,N/A: Facet only applies to headphones products; this product is audio-electronics,needs value,needs value,needs value,needs value,needs value,needs value,needs value,N/A: Facet only applies to accessories products; this product is audio-electronics,N/A: Facet only applies to accessories products; this product is audio-electronics,N/A: Facet only applies to accessories products; this product is audio-electronics
MrEMtYwMtrFDGWmRnRIIom,"Hifiman EF600 Headphone Amplifier and DAC",hifiman-ef600-headphone-amplifier-and-dac,audio-electronics,DAC/Amp Combos,needs value,needs value,needs value,needs value,N/A: Facet only applies to headphones products; this product is audio-electronics,N/A: Facet only applies to headphones products; this product is audio-electronics,N/A: Facet only applies to headphones products; this product is audio-electronics,N/A: Facet only applies to headphones products; this product is audio-electronics,N/A: Facet only applies to headphones products; this product is audio-electronics,N/A: Facet only applies to headphones products; this product is audio-electronics,N/A: Facet only applies to headphones products; this product is audio-electronics,N/A: Facet only applies to headphones products; this product is audio-electronics,needs value,needs value,needs value,needs value,needs value,needs value,needs value,N/A: Facet only applies to accessories products; this product is audio-electronics,N/A: Facet only applies to accessories products; this product is audio-electronics,N/A: Facet only applies to accessories products; this product is audio-electronics
MrEMtYwMtrFDGWmRnRJcsz,"iFi Audio iCAN Phantom Headphone Amplifier and Energizer",ifi-audio-ican-phantom-headphone-amplifier-and-energizer,audio-electronics,Desktop Amps,needs value,needs value,needs value,needs value,N/A: Facet only applies to headphones products; this product is audio-electronics,N/A: Facet only applies to headphones products; this product is audio-electronics,N/A: Facet only applies to headphones products; this product is audio-electronics,N/A: Facet only applies to headphones products; this product is audio-electronics,N/A: Facet only applies to headphones products; this product is audio-electronics,N/A: Facet only applies to headphones products; this product is audio-electronics,N/A: Facet only applies to headphones products; this product is audio-electronics,N/A: Facet only applies to headphones products; this product is audio-electronics,needs value,needs value,needs value,needs value,needs value,needs value,needs value,N/A: Facet only applies to accessories products; this product is audio-electronics,N/A: Facet only applies to accessories products; this product is audio-electronics,N/A: Facet only applies to accessories products; this product is audio-electronics
MrEMtYwMtrFDGWmRnRJqYN,"Auris Audio Euterpe",auris-audio-euterpe,audio-electronics,Desktop Amps,needs value,needs value,needs value,needs value,N/A: Facet only applies to headphones products; this product is audio-electronics,N/A: Facet only applies to headphones products; this product is audio-electronics,N/A: Facet only applies to headphones products; this product is audio-electronics,N/A: Facet only applies to headphones products; this product is audio-electronics,N/A: Facet only applies to headphones products; this product is audio-electronics,N/A: Facet only applies to headphones products; this product is audio-electronics,N/A: Facet only applies to headphones products; this product is audio-electronics,N/A: Facet only applies to headphones products; this product is audio-electronics,needs value,needs value,needs value,needs value,needs value,needs value,needs value,N/A: Facet only applies to accessories products; this product is audio-electronics,N/A: Facet only applies to accessories products; this product is audio-electronics,N/A: Facet only applies to accessories products; this product is audio-electronics
MrEMtYwMtrFDGWmRnRKRM6,"Aune Audio N7 Headphone Amplifier",aune-audio-n7-headphone-amplifier,audio-electronics,Desktop Amps,needs value,needs value,needs value,needs value,N/A: Facet only applies to headphones products; this product is audio-electronics,N/A: Facet only applies to headphones products; this product is audio-electronics,N/A: Facet only applies to headphones products; this product is audio-electronics,N/A: Facet only applies to headphones products; this product is audio-electronics,N/A: Facet only applies to headphones products; this product is audio-electronics,N/A: Facet only applies to headphones products; this product is audio-electronics,N/A: Facet only applies to headphones products; this product is audio-electronics,N/A: Facet only applies to headphones products; this product is audio-electronics,needs value,needs value,needs value,needs value,needs value,needs value,needs value,N/A: Facet only applies to accessories products; this product is audio-electronics,N/A: Facet only applies to accessories products; this product is audio-electronics,N/A: Facet only applies to accessories products; this product is audio-electronics
MrEMtYwMtrFDGWmRnRKsJY,"Ferrum Oor Desktop Headphone Amplifier",ferrum-oor-desktop-headphone-amplifier,audio-electronics,Desktop Amps,needs value,needs value,needs value,needs value,N/A: Facet only applies to headphones products; this product is audio-electronics,N/A: Facet only applies to headphones products; this product is audio-electronics,N/A: Facet only applies to headphones products; this product is audio-electronics,N/A: Facet only applies to headphones products; this product is audio-electronics,N/A: Facet only applies to headphones products; this product is audio-electronics,N/A: Facet only applies to headphones products; this product is audio-electronics,N/A: Facet only applies to headphones products; this product is audio-electronics,N/A: Facet only applies to headphones products; this product is audio-electronics,needs value,needs value,needs value,needs value,needs value,needs value,needs value,N/A: Facet only applies to accessories products; this product is audio-electronics,N/A: Facet only applies to accessories products; this product is audio-electronics,N/A: Facet only applies to accessories products; this product is audio-electronics
MrEMtYwMtrFDGWmRnRL7UE,"Woo Audio WA7 Fireflies 3rd Gen Headphone Tube Amplifier",woo-audio-wa7-fireflies-3rd-gen-headphone-tube-amplifier,audio-electronics,Desktop Amps,needs value,needs value,needs value,needs value,N/A: Facet only applies to headphones products; this product is audio-electronics,N/A: Facet only applies to headphones products; this product is audio-electronics,N/A: Facet only applies to headphones products; this product is audio-electronics,N/A: Facet only applies to headphones products; this product is audio-electronics,N/A: Facet only applies to headphones products; this product is audio-electronics,N/A: Facet only applies to headphones products; this product is audio-electronics,N/A: Facet only applies to headphones products; this product is audio-electronics,N/A: Facet only applies to headphones products; this product is audio-electronics,needs value,needs value,needs value,needs value,needs value,needs value,needs value,N/A: Facet only applies to accessories products; this product is audio-electronics,N/A: Facet only applies to accessories products; this product is audio-electronics,N/A: Facet only applies to accessories products; this product is audio-electronics
MrEMtYwMtrFDGWmRnRLHGc,"Woo Audio WA6 Desktop Tube Headphone Amplifier",woo-audio-wa6-desktop-tube-headphone-amplifier,audio-electronics,Desktop Amps,needs value,needs value,needs value,needs value,N/A: Facet only applies to headphones products; this product is audio-electronics,N/A: Facet only applies to headphones products; this product is audio-electronics,N/A: Facet only applies to headphones products; this product is audio-electronics,N/A: Facet only applies to headphones products; this product is audio-electronics,N/A: Facet only applies to headphones products; this product is audio-electronics,N/A: Facet only applies to headphones products; this product is audio-electronics,N/A: Facet only applies to headphones products; this product is audio-electronics,N/A: Facet only applies to headphones products; this product is audio-electronics,needs value,needs value,needs value,needs value,needs value,needs value,needs value,N/A: Facet only applies to accessories products; this product is audio-electronics,N/A: Facet only applies to accessories products; this product is audio-electronics,N/A: Facet only applies to accessories products; this product is audio-electronics
MrEMtYwMtrFDGWmRnRM6g2,"Dekoni Audio Ensemble Presplit PCUHD Twisted Cable with 6.35mm Unbalanced Connector (52')",dekoni-audio-ensemble-presplit-pcuhd-twisted-cable-with-6-35mm-unbalanced-connector-52,accessories,Headphone Cables,needs value,needs value,needs value,needs value,N/A: Facet only applies to headphones products; this product is accessories,N/A: Facet only applies to headphones products; this product is accessories,N/A: Facet only applies to headphones products; this product is accessories,N/A: Facet only applies to headphones products; this product is accessories,N/A: Facet only applies to headphones products; this product is accessories,N/A: Facet only applies to headphones products; this product is accessories,N/A: Facet only applies to headphones products; this product is accessories,N/A: Facet only applies to headphones products; this product is accessories,N/A: Facet only applies to audio-electronics products; this product is accessories,N/A: Facet only applies to audio-electronics products; this product is accessories,N/A: Facet only applies to audio-electronics products; this product is accessories,N/A: Facet only applies to audio-electronics products; this product is accessories,N/A: Facet only applies to audio-electronics products; this product is accessories,N/A: Facet only applies to audio-electronics products; this product is accessories,N/A: Facet only applies to audio-electronics products; this product is accessories,needs value,needs value,needs value
MrEMtYwMtrFDGWmRnRMEGN,"Dekoni Audio Ensemble 4.4mm 52' Braided Cable with HD600 Headphone Connectors",dekoni-audio-ensemble-4-4mm-52-braided-cable-with-hd600-headphone-connectors,accessories,Headphone Cables,needs value,needs value,needs value,needs value,N/A: Facet only applies to headphones products; this product is accessories,N/A: Facet only applies to headphones products; this product is accessories,N/A: Facet only applies to headphones products; this product is accessories,N/A: Facet only applies to headphones products; this product is accessories,N/A: Facet only applies to headphones products; this product is accessories,N/A: Facet only applies to headphones products; this product is accessories,N/A: Facet only applies to headphones products; this product is accessories,N/A: Facet only applies to headphones products; this product is accessories,N/A: Facet only applies to audio-electronics products; this product is accessories,N/A: Facet only applies to audio-electronics products; this product is accessories,N/A: Facet only applies to audio-electronics products; this product is accessories,N/A: Facet only applies to audio-electronics products; this product is accessories,N/A: Facet only applies to audio-electronics products; this product is accessories,N/A: Facet only applies to audio-electronics products; this product is accessories,N/A: Facet only applies to audio-electronics products; this product is accessories,needs value,needs value,needs value
MrEMtYwMtrFDGWmRnRMrRo,"Dekoni Audio Ensemble 1/4' 64' Nylon Wrapped Cable with HD600 Headphone Connectors",dekoni-audio-ensemble-1-4-64-nylon-wrapped-cable-with-hd600-headphone-connectors,accessories,Headphone Cables,needs value,needs value,needs value,needs value,N/A: Facet only applies to headphones products; this product is accessories,N/A: Facet only applies to headphones products; this product is accessories,N/A: Facet only applies to headphones products; this product is accessories,N/A: Facet only applies to headphones products; this product is accessories,N/A: Facet only applies to headphones products; this product is accessories,N/A: Facet only applies to headphones products; this product is accessories,N/A: Facet only applies to headphones products; this product is accessories,N/A: Facet only applies to headphones products; this product is accessories,N/A: Facet only applies to audio-electronics products; this product is accessories,N/A: Facet only applies to audio-electronics products; this product is accessories,N/A: Facet only applies to audio-electronics products; this product is accessories,N/A: Facet only applies to audio-electronics products; this product is accessories,N/A: Facet only applies to audio-electronics products; this product is accessories,N/A: Facet only applies to audio-electronics products; this product is accessories,N/A: Facet only applies to audio-electronics products; this product is accessories,needs value,needs value,needs value
MrEMtYwMtrFDGWmRnRNW0l,"Dekoni Audio Ensemble 4-Pin XLR 64' Braided Cable Cable with 3.5mm Headphone Connectors",dekoni-audio-ensemble-4-pin-xlr-64-braided-cable-cable-with-3-5mm-headphone-connectors,accessories,Headphone Cables,needs value,needs value,needs value,needs value,N/A: Facet only applies to headphones products; this product is accessories,N/A: Facet only applies to headphones products; this product is accessories,N/A: Facet only applies to headphones products; this product is accessories,N/A: Facet only applies to headphones products; this product is accessories,N/A: Facet only applies to headphones products; this product is accessories,N/A: Facet only applies to headphones products; this product is accessories,N/A: Facet only applies to headphones products; this product is accessories,N/A: Facet only applies to headphones products; this product is accessories,N/A: Facet only applies to audio-electronics products; this product is accessories,N/A: Facet only applies to audio-electronics products; this product is accessories,N/A: Facet only applies to audio-electronics products; this product is accessories,N/A: Facet only applies to audio-electronics products; this product is accessories,N/A: Facet only applies to audio-electronics products; this product is accessories,N/A: Facet only applies to audio-electronics products; this product is accessories,N/A: Facet only applies to audio-electronics products; this product is accessories,needs value,needs value,needs value
MrEMtYwMtrFDGWmRnROEm9,"Dekoni Audio Ensemble 4.4mm 64' Braided Cable with HD600 Headphone Connectors",dekoni-audio-ensemble-4-4mm-64-braided-cable-with-hd600-headphone-connectors,accessories,Headphone Cables,needs value,needs value,needs value,needs value,N/A: Facet only applies to headphones products; this product is accessories,N/A: Facet only applies to headphones products; this product is accessories,N/A: Facet only applies to headphones products; this product is accessories,N/A: Facet only applies to headphones products; this product is accessories,N/A: Facet only applies to headphones products; this product is accessories,N/A: Facet only applies to headphones products; this product is accessories,N/A: Facet only applies to headphones products; this product is accessories,N/A: Facet only applies to headphones products; this product is accessories,N/A: Facet only applies to audio-electronics products; this product is accessories,N/A: Facet only applies to audio-electronics products; this product is accessories,N/A: Facet only applies to audio-electronics products; this product is accessories,N/A: Facet only applies to audio-electronics products; this product is accessories,N/A: Facet only applies to audio-electronics products; this product is accessories,N/A: Facet only applies to audio-electronics products; this product is accessories,N/A: Facet only applies to audio-electronics products; this product is accessories,needs value,needs value,needs value
MrEMtYwMtrFDGWmRnROOcQ,"Dekoni Audio Ensemble 1/8' 64' Nylon Jacket Cable with 4-pin Mini XLR Headphone Connectors",dekoni-audio-ensemble-1-8-64-nylon-jacket-cable-with-4-pin-mini-xlr-headphone-connectors,accessories,Headphone Cables,needs value,needs value,needs value,needs value,N/A: Facet only applies to headphones products; this product is accessories,N/A: Facet only applies to headphones products; this product is accessories,N/A: Facet only applies to headphones products; this product is accessories,N/A: Facet only applies to headphones products; this product is accessories,N/A: Facet only applies to headphones products; this product is accessories,N/A: Facet only applies to headphones products; this product is accessories,N/A: Facet only applies to headphones products; this product is accessories,N/A: Facet only applies to headphones products; this product is accessories,N/A: Facet only applies to audio-electronics products; this product is accessories,N/A: Facet only applies to audio-electronics products; this product is accessories,N/A: Facet only applies to audio-electronics products; this product is accessories,N/A: Facet only applies to audio-electronics products; this product is accessories,N/A: Facet only applies to audio-electronics products; this product is accessories,N/A: Facet only applies to audio-electronics products; this product is accessories,N/A: Facet only applies to audio-electronics products; this product is accessories,needs value,needs value,needs value
MrEMtYwMtrFDGWmRnROj7V,"Dekoni Audio Ensemble 1/4' 64' Nylon Jacket Cable with ATHM Headphone Connector",dekoni-audio-ensemble-1-4-64-nylon-jacket-cable-with-athm-headphone-connector,accessories,Headphone Cables,needs value,needs value,needs value,needs value,N/A: Facet only applies to headphones products; this product is accessories,N/A: Facet only applies to headphones products; this product is accessories,N/A: Facet only applies to headphones products; this product is accessories,N/A: Facet only applies to headphones products; this product is accessories,N/A: Facet only applies to headphones products; this product is accessories,N/A: Facet only applies to headphones products; this product is accessories,N/A: Facet only applies to headphones products; this product is accessories,N/A: Facet only applies to headphones products; this product is accessories,N/A: Facet only applies to audio-electronics products; this product is accessories,N/A: Facet only applies to audio-electronics products; this product is accessories,N/A: Facet only applies to audio-electronics products; this product is accessories,N/A: Facet only applies to audio-electronics products; this product is accessories,N/A: Facet only applies to audio-electronics products; this product is accessories,N/A: Facet only applies to audio-electronics products; this product is accessories,N/A: Facet only applies to audio-electronics products; this product is accessories,needs value,needs value,needs value
MrEMtYwMtrFDGWmRnROsH1,"Dekoni Audio Ensemble 1/4' 64' Braided Cable with Single 3pin XLR Headphone Connector",dekoni-audio-ensemble-1-4-64-braided-cable-with-single-3pin-xlr-headphone-connector,accessories,Headphone Cables,needs value,needs value,needs value,needs value,N/A: Facet only applies to headphones products; this product is accessories,N/A: Facet only applies to headphones products; this product is accessories,N/A: Facet only applies to headphones products; this product is accessories,N/A: Facet only applies to headphones products; this product is accessories,N/A: Facet only applies to headphones products; this product is accessories,N/A: Facet only applies to headphones products; this product is accessories,N/A: Facet only applies to headphones products; this product is accessories,N/A: Facet only applies to headphones products; this product is accessories,N/A: Facet only applies to audio-electronics products; this product is accessories,N/A: Facet only applies to audio-electronics products; this product is accessories,N/A: Facet only applies to audio-electronics products; this product is accessories,N/A: Facet only applies to audio-electronics products; this product is accessories,N/A: Facet only applies to audio-electronics products; this product is accessories,N/A: Facet only applies to audio-electronics products; this product is accessories,N/A: Facet only applies to audio-electronics products; this product is accessories,needs value,needs value,needs value
MrEMtYwMtrFDGWmRnRPAdw,"Dekoni Audio Ensemble 4-Pin XLR 64' Braided Cable Cable with HD600 Headphone Connectors",dekoni-audio-ensemble-4-pin-xlr-64-braided-cable-cable-with-hd600-headphone-connectors,accessories,Headphone Cables,needs value,needs value,needs value,needs value,N/A: Facet only applies to headphones products; this product is accessories,N/A: Facet only applies to headphones products; this product is accessories,N/A: Facet only applies to headphones products; this product is accessories,N/A: Facet only applies to headphones products; this product is accessories,N/A: Facet only applies to headphones products; this product is accessories,N/A: Facet only applies to headphones products; this product is accessories,N/A: Facet only applies to headphones products; this product is accessories,N/A: Facet only applies to headphones products; this product is accessories,N/A: Facet only applies to audio-electronics products; this product is accessories,N/A: Facet only applies to audio-electronics products; this product is accessories,N/A: Facet only applies to audio-electronics products; this product is accessories,N/A: Facet only applies to audio-electronics products; this product is accessories,N/A: Facet only applies to audio-electronics products; this product is accessories,N/A: Facet only applies to audio-electronics products; this product is accessories,N/A: Facet only applies to audio-electronics products; this product is accessories,needs value,needs value,needs value
MrEMtYwMtrFDGWmRnRPD5X,"Dekoni Audio Ensemble 4.4mm 64' Nylon Wrapped Cable with HD600 Headphone Connectors",dekoni-audio-ensemble-4-4mm-64-nylon-wrapped-cable-with-hd600-headphone-connectors,accessories,Headphone Cables,needs value,needs value,needs value,needs value,N/A: Facet only applies to headphones products; this product is accessories,N/A: Facet only applies to headphones products; this product is accessories,N/A: Facet only applies to headphones products; this product is accessories,N/A: Facet only applies to headphones products; this product is accessories,N/A: Facet only applies to headphones products; this product is accessories,N/A: Facet only applies to headphones products; this product is accessories,N/A: Facet only applies to headphones products; this product is accessories,N/A: Facet only applies to headphones products; this product is accessories,N/A: Facet only applies to audio-electronics products; this product is accessories,N/A: Facet only applies to audio-electronics products; this product is accessories,N/A: Facet only applies to audio-electronics products; this product is accessories,N/A: Facet only applies to audio-electronics products; this product is accessories,N/A: Facet only applies to audio-electronics products; this product is accessories,N/A: Facet only applies to audio-electronics products; this product is accessories,N/A: Facet only applies to audio-electronics products; this product is accessories,needs value,needs value,needs value
MrEMtYwMtrFDGWmRnTCCwU,"Astell&Kern AK HB1 | Portable Wired/Wireless Bluetooth DAC/Amp",astell-kern-ak-hb1-portable-wired-wireless-bluetooth-dac-amp,audio-electronics,Bluetooth DAC/Amps,needs value,needs value,needs value,needs value,N/A: Facet only applies to headphones products; this product is audio-electronics,N/A: Facet only applies to headphones products; this product is audio-electronics,N/A: Facet only applies to headphones products; this product is audio-electronics,N/A: Facet only applies to headphones products; this product is audio-electronics,N/A: Facet only applies to headphones products; this product is audio-electronics,N/A: Facet only applies to headphones products; this product is audio-electronics,N/A: Facet only applies to headphones products; this product is audio-electronics,N/A: Facet only applies to headphones products; this product is audio-electronics,needs value,needs value,needs value,needs value,needs value,needs value,needs value,N/A: Facet only applies to accessories products; this product is audio-electronics,N/A: Facet only applies to accessories products; this product is audio-electronics,N/A: Facet only applies to accessories products; this product is audio-electronics
MrEMtYwMtrFDGWmRnTCSk2,"Aune AR9000 Headphones",aune-ar9000-headphones,headphones,Open-Back,needs value,needs value,needs value,needs value,needs value,needs value,needs value,needs value,needs value,needs value,needs value,needs value,N/A: Facet only applies to audio-electronics products; this product is headphones,N/A: Facet only applies to audio-electronics products; this product is headphones,N/A: Facet only applies to audio-electronics products; this product is headphones,N/A: Facet only applies to audio-electronics products; this product is headphones,N/A: Facet only applies to audio-electronics products; this product is headphones,N/A: Facet only applies to audio-electronics products; this product is headphones,N/A: Facet only applies to audio-electronics products; this product is headphones,N/A: Facet only applies to accessories products; this product is headphones,N/A: Facet only applies to accessories products; this product is headphones,N/A: Facet only applies to accessories products; this product is headphones
MrEMtYwMtrFDGWmRnTCj6Z,"Aune AR5000 MK2 Headphones",aune-ar5000-mk2-headphones,headphones,Open-Back,needs value,needs value,needs value,needs value,needs value,needs value,needs value,needs value,needs value,needs value,needs value,needs value,N/A: Facet only applies to audio-electronics products; this product is headphones,N/A: Facet only applies to audio-electronics products; this product is headphones,N/A: Facet only applies to audio-electronics products; this product is headphones,N/A: Facet only applies to audio-electronics products; this product is headphones,N/A: Facet only applies to audio-electronics products; this product is headphones,N/A: Facet only applies to audio-electronics products; this product is headphones,N/A: Facet only applies to audio-electronics products; this product is headphones,N/A: Facet only applies to accessories products; this product is headphones,N/A: Facet only applies to accessories products; this product is headphones,N/A: Facet only applies to accessories products; this product is headphones
MrEMtYwMtrFDGWmRnTDDVo,"Warwick Acoustics Bravura Headphones",warwick-acoustics-bravura-headphones,headphones,Open-Back,needs value,needs value,needs value,needs value,needs value,needs value,needs value,needs value,needs value,needs value,needs value,needs value,N/A: Facet only applies to audio-electronics products; this product is headphones,N/A: Facet only applies to audio-electronics products; this product is headphones,N/A: Facet only applies to audio-electronics products; this product is headphones,N/A: Facet only applies to audio-electronics products; this product is headphones,N/A: Facet only applies to audio-electronics products; this product is headphones,N/A: Facet only applies to audio-electronics products; this product is headphones,N/A: Facet only applies to audio-electronics products; this product is headphones,N/A: Facet only applies to accessories products; this product is headphones,N/A: Facet only applies to accessories products; this product is headphones,N/A: Facet only applies to accessories products; this product is headphones
MrEMtYwMtrFDGWmRnTDN2e,"Aperio - GoldenSound Edition",aperio-goldensound-edition,headphones,Open-Back,needs value,needs value,needs value,needs value,needs value,needs value,needs value,needs value,needs value,needs value,needs value,needs value,N/A: Facet only applies to audio-electronics products; this product is headphones,N/A: Facet only applies to audio-electronics products; this product is headphones,N/A: Facet only applies to audio-electronics products; this product is headphones,N/A: Facet only applies to audio-electronics products; this product is headphones,N/A: Facet only applies to audio-electronics products; this product is headphones,N/A: Facet only applies to audio-electronics products; this product is headphones,N/A: Facet only applies to audio-electronics products; this product is headphones,N/A: Facet only applies to accessories products; this product is headphones,N/A: Facet only applies to accessories products; this product is headphones,N/A: Facet only applies to accessories products; this product is headphones
MrEMtYwMtrFDGWmRnTDSQw,"Austrian Audio The Composer Headphones",austrian-audio-the-composer-headphones,headphones,Open-Back,needs value,needs value,needs value,needs value,needs value,needs value,needs value,needs value,needs value,needs value,needs value,needs value,N/A: Facet only applies to audio-electronics products; this product is headphones,N/A: Facet only applies to audio-electronics products; this product is headphones,N/A: Facet only applies to audio-electronics products; this product is headphones,N/A: Facet only applies to audio-electronics products; this product is headphones,N/A: Facet only applies to audio-electronics products; this product is headphones,N/A: Facet only applies to audio-electronics products; this product is headphones,N/A: Facet only applies to audio-electronics products; this product is headphones,N/A: Facet only applies to accessories products; this product is headphones,N/A: Facet only applies to accessories products; this product is headphones,N/A: Facet only applies to accessories products; this product is headphones
MrEMtYwMtrFDGWmRnTDpsi,"T+A Solitaire P-SE Headphones - Open Box",t-a-solitaire-p-se-headphones-open-box,headphones,Open-Back,needs value,needs value,needs value,needs value,needs value,needs value,needs value,needs value,needs value,needs value,needs value,needs value,N/A: Facet only applies to audio-electronics products; this product is headphones,N/A: Facet only applies to audio-electronics products; this product is headphones,N/A: Facet only applies to audio-electronics products; this product is headphones,N/A: Facet only applies to audio-electronics products; this product is headphones,N/A: Facet only applies to audio-electronics products; this product is headphones,N/A: Facet only applies to audio-electronics products; this product is headphones,N/A: Facet only applies to audio-electronics products; this product is headphones,N/A: Facet only applies to accessories products; this product is headphones,N/A: Facet only applies to accessories products; this product is headphones,N/A: Facet only applies to accessories products; this product is headphones
MrEMtYwMtrFDGWmRnTE4cB,"Astell&Kern HC5 | Portable DAC and Amp",astell-kern-hc5-portable-dac-and-amp,audio-electronics,Portable Amps,needs value,needs value,needs value,needs value,N/A: Facet only applies to headphones products; this product is audio-electronics,N/A: Facet only applies to headphones products; this product is audio-electronics,N/A: Facet only applies to headphones products; this product is audio-electronics,N/A: Facet only applies to headphones products; this product is audio-electronics,N/A: Facet only applies to headphones products; this product is audio-electronics,N/A: Facet only applies to headphones products; this product is audio-electronics,N/A: Facet only applies to headphones products; this product is audio-electronics,N/A: Facet only applies to headphones products; this product is audio-electronics,needs value,needs value,needs value,needs value,needs value,needs value,needs value,N/A: Facet only applies to accessories products; this product is audio-electronics,N/A: Facet only applies to accessories products; this product is audio-electronics,N/A: Facet only applies to accessories products; this product is audio-electronics
MrEMtYwMtrFDGWmRnTEgIK,"Moondrop Dark Saber In-Ear Headphones",moondrop-dark-saber-in-ear-headphones,headphones,Universal IEMs,needs value,needs value,needs value,needs value,needs value,N/A: IEMs (Universal IEMs) have no ear cup / back design,needs value,needs value,needs value,needs value,needs value,needs value,N/A: Facet only applies to audio-electronics products; this product is headphones,N/A: Facet only applies to audio-electronics products; this product is headphones,N/A: Facet only applies to audio-electronics products; this product is headphones,N/A: Facet only applies to audio-electronics products; this product is headphones,N/A: Facet only applies to audio-electronics products; this product is headphones,N/A: Facet only applies to audio-electronics products; this product is headphones,N/A: Facet only applies to audio-electronics products; this product is headphones,N/A: Facet only applies to accessories products; this product is headphones,N/A: Facet only applies to accessories products; this product is headphones,N/A: Facet only applies to accessories products; this product is headphones
PHPYj28HJdPDHAaIB69jT4,"ddHiFi DJ35L L-Shaped Adapter | 3.5mm F to 3.5mm M",ddhifi-dj35l-l-shaped-adapter-3-5mm-f-to-3-5mm-m,accessories,Adapters,needs value,needs value,needs value,needs value,N/A: Facet only applies to headphones products; this product is accessories,N/A: Facet only applies to headphones products; this product is accessories,N/A: Facet only applies to headphones products; this product is accessories,N/A: Facet only applies to headphones products; this product is accessories,N/A: Facet only applies to headphones products; this product is accessories,N/A: Facet only applies to headphones products; this product is accessories,N/A: Facet only applies to headphones products; this product is accessories,N/A: Facet only applies to headphones products; this product is accessories,N/A: Facet only applies to audio-electronics products; this product is accessories,N/A: Facet only applies to audio-electronics products; this product is accessories,N/A: Facet only applies to audio-electronics products; this product is accessories,N/A: Facet only applies to audio-electronics products; this product is accessories,N/A: Facet only applies to audio-electronics products; this product is accessories,N/A: Facet only applies to audio-electronics products; this product is accessories,N/A: Facet only applies to audio-electronics products; this product is accessories,needs value,needs value,needs value
PHPYj28HJdPDHAaIB6AeOS,"ddHiFi DJ44 Mark II Headphone Adapter | 4.4mm F to 2.5/3.5 M",ddhifi-dj44-mark-ii-headphone-adapter-4-4mm-f-to-2-5-3-5-m,accessories,Adapters,needs value,needs value,needs value,needs value,N/A: Facet only applies to headphones products; this product is accessories,N/A: Facet only applies to headphones products; this product is accessories,N/A: Facet only applies to headphones products; this product is accessories,N/A: Facet only applies to headphones products; this product is accessories,N/A: Facet only applies to headphones products; this product is accessories,N/A: Facet only applies to headphones products; this product is accessories,N/A: Facet only applies to headphones products; this product is accessories,N/A: Facet only applies to headphones products; this product is accessories,N/A: Facet only applies to audio-electronics products; this product is accessories,N/A: Facet only applies to audio-electronics products; this product is accessories,N/A: Facet only applies to audio-electronics products; this product is accessories,N/A: Facet only applies to audio-electronics products; this product is accessories,N/A: Facet only applies to audio-electronics products; this product is accessories,N/A: Facet only applies to audio-electronics products; this product is accessories,N/A: Facet only applies to audio-electronics products; this product is accessories,needs value,needs value,needs value
PHPYj28HJdPDHAaIB6CYWu,"ddHiFi DJ44L L-Shaped Adapter | 4.4mm F to 4.4mm M",ddhifi-dj44l-l-shaped-adapter-4-4mm-f-to-4-4mm-m,accessories,Adapters,needs value,needs value,needs value,needs value,N/A: Facet only applies to headphones products; this product is accessories,N/A: Facet only applies to headphones products; this product is accessories,N/A: Facet only applies to headphones products; this product is accessories,N/A: Facet only applies to headphones products; this product is accessories,N/A: Facet only applies to headphones products; this product is accessories,N/A: Facet only applies to headphones products; this product is accessories,N/A: Facet only applies to headphones products; this product is accessories,N/A: Facet only applies to headphones products; this product is accessories,N/A: Facet only applies to audio-electronics products; this product is accessories,N/A: Facet only applies to audio-electronics products; this product is accessories,N/A: Facet only applies to audio-electronics products; this product is accessories,N/A: Facet only applies to audio-electronics products; this product is accessories,N/A: Facet only applies to audio-electronics products; this product is accessories,N/A: Facet only applies to audio-electronics products; this product is accessories,N/A: Facet only applies to audio-electronics products; this product is accessories,needs value,needs value,needs value
PHPYj28HJdPDHAaIB6FFOI,"Dekoni Audio Omega Headphone Stand | Headphone Stand",dekoni-audio-omega-headphone-stand-headphone-stand,accessories,Headphone Stands,needs value,needs value,needs value,needs value,N/A: Facet only applies to headphones products; this product is accessories,N/A: Facet only applies to headphones products; this product is accessories,N/A: Facet only applies to headphones products; this product is accessories,N/A: Facet only applies to headphones products; this product is accessories,N/A: Facet only applies to headphones products; this product is accessories,N/A: Facet only applies to headphones products; this product is accessories,N/A: Facet only applies to headphones products; this product is accessories,N/A: Facet only applies to headphones products; this product is accessories,N/A: Facet only applies to audio-electronics products; this product is accessories,N/A: Facet only applies to audio-electronics products; this product is accessories,N/A: Facet only applies to audio-electronics products; this product is accessories,N/A: Facet only applies to audio-electronics products; this product is accessories,N/A: Facet only applies to audio-electronics products; this product is accessories,N/A: Facet only applies to audio-electronics products; this product is accessories,N/A: Facet only applies to audio-electronics products; this product is accessories,needs value,N/A: Earpads, eartips, stands, cases and care products have no connector/termination,needs value
PHPYj28HJdPDHAaIB6FSgo,"ddHiFi HS270W Wood Headphone Stand | Headphone Stand",ddhifi-hs270w-wood-headphone-stand-headphone-stand,accessories,Headphone Stands,needs value,needs value,needs value,needs value,N/A: Facet only applies to headphones products; this product is accessories,N/A: Facet only applies to headphones products; this product is accessories,N/A: Facet only applies to headphones products; this product is accessories,N/A: Facet only applies to headphones products; this product is accessories,N/A: Facet only applies to headphones products; this product is accessories,N/A: Facet only applies to headphones products; this product is accessories,N/A: Facet only applies to headphones products; this product is accessories,N/A: Facet only applies to headphones products; this product is accessories,N/A: Facet only applies to audio-electronics products; this product is accessories,N/A: Facet only applies to audio-electronics products; this product is accessories,N/A: Facet only applies to audio-electronics products; this product is accessories,N/A: Facet only applies to audio-electronics products; this product is accessories,N/A: Facet only applies to audio-electronics products; this product is accessories,N/A: Facet only applies to audio-electronics products; this product is accessories,N/A: Facet only applies to audio-electronics products; this product is accessories,needs value,N/A: Earpads, eartips, stands, cases and care products have no connector/termination,needs value
PHPYj28HJdPDHAaIB6Fxyi,"Campfire Audio Silicone Eartips | Replacement Eartips",campfire-audio-silicone-eartips-replacement-eartips,accessories,Eartips,needs value,needs value,needs value,needs value,N/A: Facet only applies to headphones products; this product is accessories,N/A: Facet only applies to headphones products; this product is accessories,N/A: Facet only applies to headphones products; this product is accessories,N/A: Facet only applies to headphones products; this product is accessories,N/A: Facet only applies to headphones products; this product is accessories,N/A: Facet only applies to headphones products; this product is accessories,N/A: Facet only applies to headphones products; this product is accessories,N/A: Facet only applies to headphones products; this product is accessories,N/A: Facet only applies to audio-electronics products; this product is accessories,N/A: Facet only applies to audio-electronics products; this product is accessories,N/A: Facet only applies to audio-electronics products; this product is accessories,N/A: Facet only applies to audio-electronics products; this product is accessories,N/A: Facet only applies to audio-electronics products; this product is accessories,N/A: Facet only applies to audio-electronics products; this product is accessories,N/A: Facet only applies to audio-electronics products; this product is accessories,needs value,N/A: Earpads, eartips, stands, cases and care products have no connector/termination,needs value
PHPYj28HJdPDHAaIB6GKjY,"Eletech Baroque AirPods Pro | Luxury HiFi Eartips for IEMs",eletech-baroque-airpods-pro-luxury-hifi-eartips-for-iems,accessories,Eartips,needs value,needs value,needs value,needs value,N/A: Facet only applies to headphones products; this product is accessories,N/A: Facet only applies to headphones products; this product is accessories,N/A: Facet only applies to headphones products; this product is accessories,N/A: Facet only applies to headphones products; this product is accessories,N/A: Facet only applies to headphones products; this product is accessories,N/A: Facet only applies to headphones products; this product is accessories,N/A: Facet only applies to headphones products; this product is accessories,N/A: Facet only applies to headphones products; this product is accessories,N/A: Facet only applies to audio-electronics products; this product is accessories,N/A: Facet only applies to audio-electronics products; this product is accessories,N/A: Facet only applies to audio-electronics products; this product is accessories,N/A: Facet only applies to audio-electronics products; this product is accessories,N/A: Facet only applies to audio-electronics products; this product is accessories,N/A: Facet only applies to audio-electronics products; this product is accessories,N/A: Facet only applies to audio-electronics products; this product is accessories,needs value,N/A: Earpads, eartips, stands, cases and care products have no connector/termination,needs value
PHPYj28HJdPDHAaIB6Gc3i,"SpinFit AuraFine | Premium Silicone Eartips for AirPods Pro 3",spinfit-aurafine-premium-silicone-eartips-for-airpods-pro-3,accessories,Eartips,needs value,needs value,needs value,needs value,N/A: Facet only applies to headphones products; this product is accessories,N/A: Facet only applies to headphones products; this product is accessories,N/A: Facet only applies to headphones products; this product is accessories,N/A: Facet only applies to headphones products; this product is accessories,N/A: Facet only applies to headphones products; this product is accessories,N/A: Facet only applies to headphones products; this product is accessories,N/A: Facet only applies to headphones products; this product is accessories,N/A: Facet only applies to headphones products; this product is accessories,N/A: Facet only applies to audio-electronics products; this product is accessories,N/A: Facet only applies to audio-electronics products; this product is accessories,N/A: Facet only applies to audio-electronics products; this product is accessories,N/A: Facet only applies to audio-electronics products; this product is accessories,N/A: Facet only applies to audio-electronics products; this product is accessories,N/A: Facet only applies to audio-electronics products; this product is accessories,N/A: Facet only applies to audio-electronics products; this product is accessories,needs value,N/A: Earpads, eartips, stands, cases and care products have no connector/termination,needs value
PHPYj28HJdPDHAaIB6GkTu,"SpinFit CP145 | Premium Eartips (2 Pairs)",spinfit-cp145-premium-eartips-2-pairs,accessories,Eartips,needs value,needs value,needs value,needs value,N/A: Facet only applies to headphones products; this product is accessories,N/A: Facet only applies to headphones products; this product is accessories,N/A: Facet only applies to headphones products; this product is accessories,N/A: Facet only applies to headphones products; this product is accessories,N/A: Facet only applies to headphones products; this product is accessories,N/A: Facet only applies to headphones products; this product is accessories,N/A: Facet only applies to headphones products; this product is accessories,N/A: Facet only applies to headphones products; this product is accessories,N/A: Facet only applies to audio-electronics products; this product is accessories,N/A: Facet only applies to audio-electronics products; this product is accessories,N/A: Facet only applies to audio-electronics products; this product is accessories,N/A: Facet only applies to audio-electronics products; this product is accessories,N/A: Facet only applies to audio-electronics products; this product is accessories,N/A: Facet only applies to audio-electronics products; this product is accessories,N/A: Facet only applies to audio-electronics products; this product is accessories,needs value,N/A: Earpads, eartips, stands, cases and care products have no connector/termination,needs value
PHPYj28HJdPDHAaIB6GtX2,"SpinFit OMNI | Premium Universal Silicone Eartips",spinfit-omni-premium-universal-silicone-eartips,accessories,Eartips,needs value,needs value,needs value,needs value,N/A: Facet only applies to headphones products; this product is accessories,N/A: Facet only applies to headphones products; this product is accessories,N/A: Facet only applies to headphones products; this product is accessories,N/A: Facet only applies to headphones products; this product is accessories,N/A: Facet only applies to headphones products; this product is accessories,N/A: Facet only applies to headphones products; this product is accessories,N/A: Facet only applies to headphones products; this product is accessories,N/A: Facet only applies to headphones products; this product is accessories,N/A: Facet only applies to audio-electronics products; this product is accessories,N/A: Facet only applies to audio-electronics products; this product is accessories,N/A: Facet only applies to audio-electronics products; this product is accessories,N/A: Facet only applies to audio-electronics products; this product is accessories,N/A: Facet only applies to audio-electronics products; this product is accessories,N/A: Facet only applies to audio-electronics products; this product is accessories,N/A: Facet only applies to audio-electronics products; this product is accessories,needs value,N/A: Earpads, eartips, stands, cases and care products have no connector/termination,needs value
PHPYj28HJdPDHAaIB6GvLG,"SpinFit SuperFine | Premium Silicone Eartips for AirPods Pro",spinfit-superfine-premium-silicone-eartips-for-airpods-pro,accessories,Eartips,needs value,needs value,needs value,needs value,N/A: Facet only applies to headphones products; this product is accessories,N/A: Facet only applies to headphones products; this product is accessories,N/A: Facet only applies to headphones products; this product is accessories,N/A: Facet only applies to headphones products; this product is accessories,N/A: Facet only applies to headphones products; this product is accessories,N/A: Facet only applies to headphones products; this product is accessories,N/A: Facet only applies to headphones products; this product is accessories,N/A: Facet only applies to headphones products; this product is accessories,N/A: Facet only applies to audio-electronics products; this product is accessories,N/A: Facet only applies to audio-electronics products; this product is accessories,N/A: Facet only applies to audio-electronics products; this product is accessories,N/A: Facet only applies to audio-electronics products; this product is accessories,N/A: Facet only applies to audio-electronics products; this product is accessories,N/A: Facet only applies to audio-electronics products; this product is accessories,N/A: Facet only applies to audio-electronics products; this product is accessories,needs value,N/A: Earpads, eartips, stands, cases and care products have no connector/termination,needs value
PHPYj28HJdPDHAaIB6Gyt8,"SpinFit W1 | Premium Silicone Eartips",spinfit-w1-premium-silicone-eartips,accessories,Eartips,needs value,needs value,needs value,needs value,N/A: Facet only applies to headphones products; this product is accessories,N/A: Facet only applies to headphones products; this product is accessories,N/A: Facet only applies to headphones products; this product is accessories,N/A: Facet only applies to headphones products; this product is accessories,N/A: Facet only applies to headphones products; this product is accessories,N/A: Facet only applies to headphones products; this product is accessories,N/A: Facet only applies to headphones products; this product is accessories,N/A: Facet only applies to headphones products; this product is accessories,N/A: Facet only applies to audio-electronics products; this product is accessories,N/A: Facet only applies to audio-electronics products; this product is accessories,N/A: Facet only applies to audio-electronics products; this product is accessories,N/A: Facet only applies to audio-electronics products; this product is accessories,N/A: Facet only applies to audio-electronics products; this product is accessories,N/A: Facet only applies to audio-electronics products; this product is accessories,N/A: Facet only applies to audio-electronics products; this product is accessories,needs value,N/A: Earpads, eartips, stands, cases and care products have no connector/termination,needs value
PHPYj28HJdPDHAaIB6HHQs,"iFi iTraveller | Multipurpose Travel Case for DACs",ifi-itraveller-multipurpose-travel-case-for-dacs,accessories,Carrying Cases,needs value,needs value,needs value,needs value,N/A: Facet only applies to headphones products; this product is accessories,N/A: Facet only applies to headphones products; this product is accessories,N/A: Facet only applies to headphones products; this product is accessories,N/A: Facet only applies to headphones products; this product is accessories,N/A: Facet only applies to headphones products; this product is accessories,N/A: Facet only applies to headphones products; this product is accessories,N/A: Facet only applies to headphones products; this product is accessories,N/A: Facet only applies to headphones products; this product is accessories,N/A: Facet only applies to audio-electronics products; this product is accessories,N/A: Facet only applies to audio-electronics products; this product is accessories,N/A: Facet only applies to audio-electronics products; this product is accessories,N/A: Facet only applies to audio-electronics products; this product is accessories,N/A: Facet only applies to audio-electronics products; this product is accessories,N/A: Facet only applies to audio-electronics products; this product is accessories,N/A: Facet only applies to audio-electronics products; this product is accessories,needs value,N/A: Earpads, eartips, stands, cases and care products have no connector/termination,needs value
PHPYj28HJdPDHAaIB6P7bo,"Audio wipes - small",audio-wipes-small,accessories,Care & Cleaning,needs value,needs value,needs value,needs value,N/A: Facet only applies to headphones products; this product is accessories,N/A: Facet only applies to headphones products; this product is accessories,N/A: Facet only applies to headphones products; this product is accessories,N/A: Facet only applies to headphones products; this product is accessories,N/A: Facet only applies to headphones products; this product is accessories,N/A: Facet only applies to headphones products; this product is accessories,N/A: Facet only applies to headphones products; this product is accessories,N/A: Facet only applies to headphones products; this product is accessories,N/A: Facet only applies to audio-electronics products; this product is accessories,N/A: Facet only applies to audio-electronics products; this product is accessories,N/A: Facet only applies to audio-electronics products; this product is accessories,N/A: Facet only applies to audio-electronics products; this product is accessories,N/A: Facet only applies to audio-electronics products; this product is accessories,N/A: Facet only applies to audio-electronics products; this product is accessories,N/A: Facet only applies to audio-electronics products; this product is accessories,needs value,N/A: Earpads, eartips, stands, cases and care products have no connector/termination,needs value
PHPYj28HJdPDHAaIB6P8QC,"Jodi-Vac (Pro) IEM vacuum",jodi-vac-pro-iem-vacuum,accessories,Care & Cleaning,needs value,needs value,needs value,needs value,N/A: Facet only applies to headphones products; this product is accessories,N/A: Facet only applies to headphones products; this product is accessories,N/A: Facet only applies to headphones products; this product is accessories,N/A: Facet only applies to headphones products; this product is accessories,N/A: Facet only applies to headphones products; this product is accessories,N/A: Facet only applies to headphones products; this product is accessories,N/A: Facet only applies to headphones products; this product is accessories,N/A: Facet only applies to headphones products; this product is accessories,N/A: Facet only applies to audio-electronics products; this product is accessories,N/A: Facet only applies to audio-electronics products; this product is accessories,N/A: Facet only applies to audio-electronics products; this product is accessories,N/A: Facet only applies to audio-electronics products; this product is accessories,N/A: Facet only applies to audio-electronics products; this product is accessories,N/A: Facet only applies to audio-electronics products; this product is accessories,N/A: Facet only applies to audio-electronics products; this product is accessories,needs value,N/A: Earpads, eartips, stands, cases and care products have no connector/termination,needs value
PHPYj28HJdPDHAaIB6P9CI,"Earpiece Soft Wrap by Comply",earpiece-soft-wrap-by-comply,accessories,Care & Cleaning,needs value,needs value,needs value,needs value,N/A: Facet only applies to headphones products; this product is accessories,N/A: Facet only applies to headphones products; this product is accessories,N/A: Facet only applies to headphones products; this product is accessories,N/A: Facet only applies to headphones products; this product is accessories,N/A: Facet only applies to headphones products; this product is accessories,N/A: Facet only applies to headphones products; this product is accessories,N/A: Facet only applies to headphones products; this product is accessories,N/A: Facet only applies to headphones products; this product is accessories,N/A: Facet only applies to audio-electronics products; this product is accessories,N/A: Facet only applies to audio-electronics products; this product is accessories,N/A: Facet only applies to audio-electronics products; this product is accessories,N/A: Facet only applies to audio-electronics products; this product is accessories,N/A: Facet only applies to audio-electronics products; this product is accessories,N/A: Facet only applies to audio-electronics products; this product is accessories,N/A: Facet only applies to audio-electronics products; this product is accessories,needs value,N/A: Earpads, eartips, stands, cases and care products have no connector/termination,needs value
PHPYj28HJdPDHAaIB6UFNA,"Plastic Needle",plastic-needle,accessories,Care & Cleaning,needs value,needs value,needs value,needs value,N/A: Facet only applies to headphones products; this product is accessories,N/A: Facet only applies to headphones products; this product is accessories,N/A: Facet only applies to headphones products; this product is accessories,N/A: Facet only applies to headphones products; this product is accessories,N/A: Facet only applies to headphones products; this product is accessories,N/A: Facet only applies to headphones products; this product is accessories,N/A: Facet only applies to headphones products; this product is accessories,N/A: Facet only applies to headphones products; this product is accessories,N/A: Facet only applies to audio-electronics products; this product is accessories,N/A: Facet only applies to audio-electronics products; this product is accessories,N/A: Facet only applies to audio-electronics products; this product is accessories,N/A: Facet only applies to audio-electronics products; this product is accessories,N/A: Facet only applies to audio-electronics products; this product is accessories,N/A: Facet only applies to audio-electronics products; this product is accessories,N/A: Facet only applies to audio-electronics products; this product is accessories,needs value,N/A: Earpads, eartips, stands, cases and care products have no connector/termination,needs value
PHPYj28HJdPDHAaIB6cQtu,"ALO audio Reference 8 | Mini to Mini Cable",alo-audio-reference-8-mini-to-mini-cable,accessories,Headphone Cables,needs value,needs value,needs value,needs value,N/A: Facet only applies to headphones products; this product is accessories,N/A: Facet only applies to headphones products; this product is accessories,N/A: Facet only applies to headphones products; this product is accessories,N/A: Facet only applies to headphones products; this product is accessories,N/A: Facet only applies to headphones products; this product is accessories,N/A: Facet only applies to headphones products; this product is accessories,N/A: Facet only applies to headphones products; this product is accessories,N/A: Facet only applies to headphones products; this product is accessories,N/A: Facet only applies to audio-electronics products; this product is accessories,N/A: Facet only applies to audio-electronics products; this product is accessories,N/A: Facet only applies to audio-electronics products; this product is accessories,N/A: Facet only applies to audio-electronics products; this product is accessories,N/A: Facet only applies to audio-electronics products; this product is accessories,N/A: Facet only applies to audio-electronics products; this product is accessories,N/A: Facet only applies to audio-electronics products; this product is accessories,needs value,needs value,needs value
PHPYj28HJdPDHAaIB6cRSG,"Dan Clark Audio DUMMER Cable | Headphone Cable for AEON and ETHER",dan-clark-audio-dummer-cable-headphone-cable-for-aeon-and-ether,accessories,Headphone Cables,needs value,needs value,needs value,needs value,N/A: Facet only applies to headphones products; this product is accessories,N/A: Facet only applies to headphones products; this product is accessories,N/A: Facet only applies to headphones products; this product is accessories,N/A: Facet only applies to headphones products; this product is accessories,N/A: Facet only applies to headphones products; this product is accessories,N/A: Facet only applies to headphones products; this product is accessories,N/A: Facet only applies to headphones products; this product is accessories,N/A: Facet only applies to headphones products; this product is accessories,N/A: Facet only applies to audio-electronics products; this product is accessories,N/A: Facet only applies to audio-electronics products; this product is accessories,N/A: Facet only applies to audio-electronics products; this product is accessories,N/A: Facet only applies to audio-electronics products; this product is accessories,N/A: Facet only applies to audio-electronics products; this product is accessories,N/A: Facet only applies to audio-electronics products; this product is accessories,N/A: Facet only applies to audio-electronics products; this product is accessories,needs value,needs value,needs value
PHPYj28HJdPDHAaIB6cRiI,"Dan Clark Audio VIVO | Super Premium Headphone Cable",dan-clark-audio-vivo-super-premium-headphone-cable,accessories,Headphone Cables,needs value,needs value,needs value,needs value,N/A: Facet only applies to headphones products; this product is accessories,N/A: Facet only applies to headphones products; this product is accessories,N/A: Facet only applies to headphones products; this product is accessories,N/A: Facet only applies to headphones products; this product is accessories,N/A: Facet only applies to headphones products; this product is accessories,N/A: Facet only applies to headphones products; this product is accessories,N/A: Facet only applies to headphones products; this product is accessories,N/A: Facet only applies to headphones products; this product is accessories,N/A: Facet only applies to audio-electronics products; this product is accessories,N/A: Facet only applies to audio-electronics products; this product is accessories,N/A: Facet only applies to audio-electronics products; this product is accessories,N/A: Facet only applies to audio-electronics products; this product is accessories,N/A: Facet only applies to audio-electronics products; this product is accessories,N/A: Facet only applies to audio-electronics products; this product is accessories,N/A: Facet only applies to audio-electronics products; this product is accessories,needs value,needs value,needs value
PHPYj28HJdPDHAaIB6cVoW,"Dekoni Audio Balanced 4.4mm Cable for Sennheiser HD600 | Replacement Headphone Cable",dekoni-audio-balanced-4-4mm-cable-for-sennheiser-hd600-replacement-headphone-cable,accessories,Headphone Cables,needs value,needs value,needs value,needs value,N/A: Facet only applies to headphones products; this product is accessories,N/A: Facet only applies to headphones products; this product is accessories,N/A: Facet only applies to headphones products; this product is accessories,N/A: Facet only applies to headphones products; this product is accessories,N/A: Facet only applies to headphones products; this product is accessories,N/A: Facet only applies to headphones products; this product is accessories,N/A: Facet only applies to headphones products; this product is accessories,N/A: Facet only applies to headphones products; this product is accessories,N/A: Facet only applies to audio-electronics products; this product is accessories,N/A: Facet only applies to audio-electronics products; this product is accessories,N/A: Facet only applies to audio-electronics products; this product is accessories,N/A: Facet only applies to audio-electronics products; this product is accessories,N/A: Facet only applies to audio-electronics products; this product is accessories,N/A: Facet only applies to audio-electronics products; this product is accessories,N/A: Facet only applies to audio-electronics products; this product is accessories,needs value,needs value,needs value
PHPYj28HJdPDHAaIB6cZHo,"Eletech Azrael | Copper Upgrade Cable for IEMs",eletech-azrael-copper-upgrade-cable-for-iems,accessories,Headphone Cables,needs value,needs value,needs value,needs value,N/A: Facet only applies to headphones products; this product is accessories,N/A: Facet only applies to headphones products; this product is accessories,N/A: Facet only applies to headphones products; this product is accessories,N/A: Facet only applies to headphones products; this product is accessories,N/A: Facet only applies to headphones products; this product is accessories,N/A: Facet only applies to headphones products; this product is accessories,N/A: Facet only applies to headphones products; this product is accessories,N/A: Facet only applies to headphones products; this product is accessories,N/A: Facet only applies to audio-electronics products; this product is accessories,N/A: Facet only applies to audio-electronics products; this product is accessories,N/A: Facet only applies to audio-electronics products; this product is accessories,N/A: Facet only applies to audio-electronics products; this product is accessories,N/A: Facet only applies to audio-electronics products; this product is accessories,N/A: Facet only applies to audio-electronics products; this product is accessories,N/A: Facet only applies to audio-electronics products; this product is accessories,needs value,needs value,needs value
PHPYj28HJdPDHAaIB8e38u,"Comply T100 Foam Ear Tips",comply-t100-foam-ear-tips,accessories,Eartips,needs value,needs value,needs value,needs value,N/A: Facet only applies to headphones products; this product is accessories,N/A: Facet only applies to headphones products; this product is accessories,N/A: Facet only applies to headphones products; this product is accessories,N/A: Facet only applies to headphones products; this product is accessories,N/A: Facet only applies to headphones products; this product is accessories,N/A: Facet only applies to headphones products; this product is accessories,N/A: Facet only applies to headphones products; this product is accessories,N/A: Facet only applies to headphones products; this product is accessories,N/A: Facet only applies to audio-electronics products; this product is accessories,N/A: Facet only applies to audio-electronics products; this product is accessories,N/A: Facet only applies to audio-electronics products; this product is accessories,N/A: Facet only applies to audio-electronics products; this product is accessories,N/A: Facet only applies to audio-electronics products; this product is accessories,N/A: Facet only applies to audio-electronics products; this product is accessories,N/A: Facet only applies to audio-electronics products; this product is accessories,needs value,N/A: Earpads, eartips, stands, cases and care products have no connector/termination,needs value
PHPYj28HJdPDHAaIBACuKc,"iFi Audio GO Blu Portable Bluetooth DAC/Amp",ifi-audio-go-blu-portable-bluetooth-dac-amp,audio-electronics,Bluetooth DAC/Amps,needs value,needs value,needs value,needs value,N/A: Facet only applies to headphones products; this product is audio-electronics,N/A: Facet only applies to headphones products; this product is audio-electronics,N/A: Facet only applies to headphones products; this product is audio-electronics,N/A: Facet only applies to headphones products; this product is audio-electronics,N/A: Facet only applies to headphones products; this product is audio-electronics,N/A: Facet only applies to headphones products; this product is audio-electronics,N/A: Facet only applies to headphones products; this product is audio-electronics,N/A: Facet only applies to headphones products; this product is audio-electronics,needs value,needs value,needs value,needs value,needs value,needs value,needs value,N/A: Facet only applies to accessories products; this product is audio-electronics,N/A: Facet only applies to accessories products; this product is audio-electronics,N/A: Facet only applies to accessories products; this product is audio-electronics
PHPYj28HJdPDHAaIBADCQs,"Hifiman Sundara Headphones | 2020 Edition",hifiman-sundara-headphones-2020-edition,headphones,Open-Back,needs value,needs value,needs value,needs value,needs value,needs value,needs value,needs value,needs value,needs value,needs value,needs value,N/A: Facet only applies to audio-electronics products; this product is headphones,N/A: Facet only applies to audio-electronics products; this product is headphones,N/A: Facet only applies to audio-electronics products; this product is headphones,N/A: Facet only applies to audio-electronics products; this product is headphones,N/A: Facet only applies to audio-electronics products; this product is headphones,N/A: Facet only applies to audio-electronics products; this product is headphones,N/A: Facet only applies to audio-electronics products; this product is headphones,N/A: Facet only applies to accessories products; this product is headphones,N/A: Facet only applies to accessories products; this product is headphones,N/A: Facet only applies to accessories products; this product is headphones
PHPYj28HJdPDHAaIBADGUo,"Hifiman Arya Headphones | Stealth Magnets Edition",hifiman-arya-headphones-stealth-magnets-edition,headphones,Open-Back,needs value,needs value,needs value,needs value,needs value,needs value,needs value,needs value,needs value,needs value,needs value,needs value,N/A: Facet only applies to audio-electronics products; this product is headphones,N/A: Facet only applies to audio-electronics products; this product is headphones,N/A: Facet only applies to audio-electronics products; this product is headphones,N/A: Facet only applies to audio-electronics products; this product is headphones,N/A: Facet only applies to audio-electronics products; this product is headphones,N/A: Facet only applies to audio-electronics products; this product is headphones,N/A: Facet only applies to audio-electronics products; this product is headphones,N/A: Facet only applies to accessories products; this product is headphones,N/A: Facet only applies to accessories products; this product is headphones,N/A: Facet only applies to accessories products; this product is headphones
PHPYj28HJdPDHAaIBADN6m,"Hifiman Ananda Planar Magnetic  Headphones - Stealth Magnets",hifiman-ananda-planar-magnetic-headphones-stealth-magnets,headphones,Open-Back,needs value,needs value,needs value,needs value,needs value,needs value,needs value,needs value,needs value,needs value,needs value,needs value,N/A: Facet only applies to audio-electronics products; this product is headphones,N/A: Facet only applies to audio-electronics products; this product is headphones,N/A: Facet only applies to audio-electronics products; this product is headphones,N/A: Facet only applies to audio-electronics products; this product is headphones,N/A: Facet only applies to audio-electronics products; this product is headphones,N/A: Facet only applies to audio-electronics products; this product is headphones,N/A: Facet only applies to audio-electronics products; this product is headphones,N/A: Facet only applies to accessories products; this product is headphones,N/A: Facet only applies to accessories products; this product is headphones,N/A: Facet only applies to accessories products; this product is headphones
PHPYj28HJdPDHAaIBADqsm,"Utopia 2022",utopia-2022,headphones,Open-Back,needs value,needs value,needs value,needs value,needs value,needs value,needs value,needs value,needs value,needs value,needs value,needs value,N/A: Facet only applies to audio-electronics products; this product is headphones,N/A: Facet only applies to audio-electronics products; this product is headphones,N/A: Facet only applies to audio-electronics products; this product is headphones,N/A: Facet only applies to audio-electronics products; this product is headphones,N/A: Facet only applies to audio-electronics products; this product is headphones,N/A: Facet only applies to audio-electronics products; this product is headphones,N/A: Facet only applies to audio-electronics products; this product is headphones,N/A: Facet only applies to accessories products; this product is headphones,N/A: Facet only applies to accessories products; this product is headphones,N/A: Facet only applies to accessories products; this product is headphones
PHPYj28HJdPDHAaIBAGWYs,"Topping D70 Pro DAC",topping-d70-pro-dac,audio-electronics,Standalone DACs,needs value,needs value,needs value,needs value,N/A: Facet only applies to headphones products; this product is audio-electronics,N/A: Facet only applies to headphones products; this product is audio-electronics,N/A: Facet only applies to headphones products; this product is audio-electronics,N/A: Facet only applies to headphones products; this product is audio-electronics,N/A: Facet only applies to headphones products; this product is audio-electronics,N/A: Facet only applies to headphones products; this product is audio-electronics,N/A: Facet only applies to headphones products; this product is audio-electronics,N/A: Facet only applies to headphones products; this product is audio-electronics,needs value,needs value,needs value,needs value,needs value,needs value,needs value,N/A: Facet only applies to accessories products; this product is audio-electronics,N/A: Facet only applies to accessories products; this product is audio-electronics,N/A: Facet only applies to accessories products; this product is audio-electronics
PHPYj28HJdPDHAaIBAGqx8,"Topping DX3 Pro+ Desktop DAC & Headphone Amplifier",topping-dx3-pro-desktop-dac-headphone-amplifier,audio-electronics,DAC/Amp Combos,needs value,needs value,needs value,needs value,N/A: Facet only applies to headphones products; this product is audio-electronics,N/A: Facet only applies to headphones products; this product is audio-electronics,N/A: Facet only applies to headphones products; this product is audio-electronics,N/A: Facet only applies to headphones products; this product is audio-electronics,N/A: Facet only applies to headphones products; this product is audio-electronics,N/A: Facet only applies to headphones products; this product is audio-electronics,N/A: Facet only applies to headphones products; this product is audio-electronics,N/A: Facet only applies to headphones products; this product is audio-electronics,needs value,needs value,needs value,needs value,needs value,needs value,needs value,N/A: Facet only applies to accessories products; this product is audio-electronics,N/A: Facet only applies to accessories products; this product is audio-electronics,N/A: Facet only applies to accessories products; this product is audio-electronics
PHPYj28HJdPDHAaIBAHGKa,"Burson Audio Playmate 2",burson-audio-playmate-2,audio-electronics,Desktop Amps,needs value,needs value,needs value,needs value,N/A: Facet only applies to headphones products; this product is audio-electronics,N/A: Facet only applies to headphones products; this product is audio-electronics,N/A: Facet only applies to headphones products; this product is audio-electronics,N/A: Facet only applies to headphones products; this product is audio-electronics,N/A: Facet only applies to headphones products; this product is audio-electronics,N/A: Facet only applies to headphones products; this product is audio-electronics,N/A: Facet only applies to headphones products; this product is audio-electronics,N/A: Facet only applies to headphones products; this product is audio-electronics,needs value,needs value,needs value,needs value,needs value,needs value,needs value,N/A: Facet only applies to accessories products; this product is audio-electronics,N/A: Facet only applies to accessories products; this product is audio-electronics,N/A: Facet only applies to accessories products; this product is audio-electronics
PHPYj28HJdPDHAaIBAHVcm,"Etched Headphone Cable",etched-headphone-cable,accessories,Headphone Cables,needs value,needs value,needs value,needs value,N/A: Facet only applies to headphones products; this product is accessories,N/A: Facet only applies to headphones products; this product is accessories,N/A: Facet only applies to headphones products; this product is accessories,N/A: Facet only applies to headphones products; this product is accessories,N/A: Facet only applies to headphones products; this product is accessories,N/A: Facet only applies to headphones products; this product is accessories,N/A: Facet only applies to headphones products; this product is accessories,N/A: Facet only applies to headphones products; this product is accessories,N/A: Facet only applies to audio-electronics products; this product is accessories,N/A: Facet only applies to audio-electronics products; this product is accessories,N/A: Facet only applies to audio-electronics products; this product is accessories,N/A: Facet only applies to audio-electronics products; this product is accessories,N/A: Facet only applies to audio-electronics products; this product is accessories,N/A: Facet only applies to audio-electronics products; this product is accessories,N/A: Facet only applies to audio-electronics products; this product is accessories,needs value,needs value,needs value
PHPYj28HJdPDHAaIBAHZj0,"Etched Headphone Cable for Sennheiser HD 600 Series",etched-headphone-cable-for-sennheiser-hd-600-series,accessories,Headphone Cables,needs value,needs value,needs value,needs value,N/A: Facet only applies to headphones products; this product is accessories,N/A: Facet only applies to headphones products; this product is accessories,N/A: Facet only applies to headphones products; this product is accessories,N/A: Facet only applies to headphones products; this product is accessories,N/A: Facet only applies to headphones products; this product is accessories,N/A: Facet only applies to headphones products; this product is accessories,N/A: Facet only applies to headphones products; this product is accessories,N/A: Facet only applies to headphones products; this product is accessories,N/A: Facet only applies to audio-electronics products; this product is accessories,N/A: Facet only applies to audio-electronics products; this product is accessories,N/A: Facet only applies to audio-electronics products; this product is accessories,N/A: Facet only applies to audio-electronics products; this product is accessories,N/A: Facet only applies to audio-electronics products; this product is accessories,N/A: Facet only applies to audio-electronics products; this product is accessories,N/A: Facet only applies to audio-electronics products; this product is accessories,needs value,needs value,needs value
PHPYj28HJdPDHAaIBAHiIM,"Meze Audio 99 Series Silver Replacement cable (2.5mm, 3.5mm or 4.4mm)",meze-audio-99-series-silver-replacement-cable-2-5mm-3-5mm-or-4-4mm,accessories,Headphone Cables,needs value,needs value,needs value,needs value,N/A: Facet only applies to headphones products; this product is accessories,N/A: Facet only applies to headphones products; this product is accessories,N/A: Facet only applies to headphones products; this product is accessories,N/A: Facet only applies to headphones products; this product is accessories,N/A: Facet only applies to headphones products; this product is accessories,N/A: Facet only applies to headphones products; this product is accessories,N/A: Facet only applies to headphones products; this product is accessories,N/A: Facet only applies to headphones products; this product is accessories,N/A: Facet only applies to audio-electronics products; this product is accessories,N/A: Facet only applies to audio-electronics products; this product is accessories,N/A: Facet only applies to audio-electronics products; this product is accessories,N/A: Facet only applies to audio-electronics products; this product is accessories,N/A: Facet only applies to audio-electronics products; this product is accessories,N/A: Facet only applies to audio-electronics products; this product is accessories,N/A: Facet only applies to audio-electronics products; this product is accessories,needs value,needs value,needs value
PHPYj28HJdPDHAaIBAJiLG,"Audeze LCD-2 Classic Headphones",audeze-lcd-2-classic-headphones,headphones,Open-Back,needs value,needs value,needs value,needs value,needs value,needs value,needs value,needs value,needs value,needs value,needs value,needs value,N/A: Facet only applies to audio-electronics products; this product is headphones,N/A: Facet only applies to audio-electronics products; this product is headphones,N/A: Facet only applies to audio-electronics products; this product is headphones,N/A: Facet only applies to audio-electronics products; this product is headphones,N/A: Facet only applies to audio-electronics products; this product is headphones,N/A: Facet only applies to audio-electronics products; this product is headphones,N/A: Facet only applies to audio-electronics products; this product is headphones,N/A: Facet only applies to accessories products; this product is headphones,N/A: Facet only applies to accessories products; this product is headphones,N/A: Facet only applies to accessories products; this product is headphones
PHPYj28HJdPDHAaIBAJqcI,"Meze Audio 109 PRO Headphones",meze-audio-109-pro-headphones,headphones,Open-Back,needs value,needs value,needs value,needs value,needs value,needs value,needs value,needs value,needs value,needs value,needs value,needs value,N/A: Facet only applies to audio-electronics products; this product is headphones,N/A: Facet only applies to audio-electronics products; this product is headphones,N/A: Facet only applies to audio-electronics products; this product is headphones,N/A: Facet only applies to audio-electronics products; this product is headphones,N/A: Facet only applies to audio-electronics products; this product is headphones,N/A: Facet only applies to audio-electronics products; this product is headphones,N/A: Facet only applies to audio-electronics products; this product is headphones,N/A: Facet only applies to accessories products; this product is headphones,N/A: Facet only applies to accessories products; this product is headphones,N/A: Facet only applies to accessories products; this product is headphones
PHPYj28HJdPDHAaIBAK0fG,"HEDD Audio HEDDPhone® Two",hedd-audio-heddphone-two,headphones,Open-Back,needs value,needs value,needs value,needs value,needs value,needs value,needs value,needs value,needs value,needs value,needs value,needs value,N/A: Facet only applies to audio-electronics products; this product is headphones,N/A: Facet only applies to audio-electronics products; this product is headphones,N/A: Facet only applies to audio-electronics products; this product is headphones,N/A: Facet only applies to audio-electronics products; this product is headphones,N/A: Facet only applies to audio-electronics products; this product is headphones,N/A: Facet only applies to audio-electronics products; this product is headphones,N/A: Facet only applies to audio-electronics products; this product is headphones,N/A: Facet only applies to accessories products; this product is headphones,N/A: Facet only applies to accessories products; this product is headphones,N/A: Facet only applies to accessories products; this product is headphones
PHPYj28HJdPDHAaIBAKFRO,"Woo Audio Tube Mini Portable DAC and Tube Amp",woo-audio-tube-mini-portable-dac-and-tube-amp,audio-electronics,Portable Amps,needs value,needs value,needs value,needs value,N/A: Facet only applies to headphones products; this product is audio-electronics,N/A: Facet only applies to headphones products; this product is audio-electronics,N/A: Facet only applies to headphones products; this product is audio-electronics,N/A: Facet only applies to headphones products; this product is audio-electronics,N/A: Facet only applies to headphones products; this product is audio-electronics,N/A: Facet only applies to headphones products; this product is audio-electronics,N/A: Facet only applies to headphones products; this product is audio-electronics,N/A: Facet only applies to headphones products; this product is audio-electronics,needs value,needs value,needs value,needs value,needs value,needs value,needs value,N/A: Facet only applies to accessories products; this product is audio-electronics,N/A: Facet only applies to accessories products; this product is audio-electronics,N/A: Facet only applies to accessories products; this product is audio-electronics
PHPYj28HJdPDHAaIBAL1Lw,"HiFi Rose RS520 Network Streamer & Integrated Amplifier",hifi-rose-rs520-network-streamer-integrated-amplifier,audio-electronics,Network Streamers,needs value,needs value,needs value,needs value,N/A: Facet only applies to headphones products; this product is audio-electronics,N/A: Facet only applies to headphones products; this product is audio-electronics,N/A: Facet only applies to headphones products; this product is audio-electronics,N/A: Facet only applies to headphones products; this product is audio-electronics,N/A: Facet only applies to headphones products; this product is audio-electronics,N/A: Facet only applies to headphones products; this product is audio-electronics,N/A: Facet only applies to headphones products; this product is audio-electronics,N/A: Facet only applies to headphones products; this product is audio-electronics,needs value,needs value,needs value,needs value,needs value,needs value,needs value,N/A: Facet only applies to accessories products; this product is audio-electronics,N/A: Facet only applies to accessories products; this product is audio-electronics,N/A: Facet only applies to accessories products; this product is audio-electronics
PHPYj28HJdPDHAaIBAMKFk,"FiiO R7 DAC and Headphone Amp",fiio-r7-dac-and-headphone-amp,audio-electronics,DAC/Amp Combos,needs value,needs value,needs value,needs value,N/A: Facet only applies to headphones products; this product is audio-electronics,N/A: Facet only applies to headphones products; this product is audio-electronics,N/A: Facet only applies to headphones products; this product is audio-electronics,N/A: Facet only applies to headphones products; this product is audio-electronics,N/A: Facet only applies to headphones products; this product is audio-electronics,N/A: Facet only applies to headphones products; this product is audio-electronics,N/A: Facet only applies to headphones products; this product is audio-electronics,N/A: Facet only applies to headphones products; this product is audio-electronics,needs value,needs value,needs value,needs value,needs value,needs value,needs value,N/A: Facet only applies to accessories products; this product is audio-electronics,N/A: Facet only applies to accessories products; this product is audio-electronics,N/A: Facet only applies to accessories products; this product is audio-electronics
PHPYj28HJdPDHAaIBANGzM,"Astell&Kern A&ultima SP3000M | Digital Audio Player",astell-kern-a-ultima-sp3000m-digital-audio-player,audio-electronics,Digital Players (DAPs),needs value,needs value,needs value,needs value,N/A: Facet only applies to headphones products; this product is audio-electronics,N/A: Facet only applies to headphones products; this product is audio-electronics,N/A: Facet only applies to headphones products; this product is audio-electronics,N/A: Facet only applies to headphones products; this product is audio-electronics,N/A: Facet only applies to headphones products; this product is audio-electronics,N/A: Facet only applies to headphones products; this product is audio-electronics,N/A: Facet only applies to headphones products; this product is audio-electronics,N/A: Facet only applies to headphones products; this product is audio-electronics,needs value,needs value,needs value,needs value,needs value,needs value,needs value,N/A: Facet only applies to accessories products; this product is audio-electronics,N/A: Facet only applies to accessories products; this product is audio-electronics,N/A: Facet only applies to accessories products; this product is audio-electronics
PHPYj28HJdPDHAaIBANTBA,"Astell&Kern A&norma SR35 | Digital Audio Player",astell-kern-a-norma-sr35-digital-audio-player,audio-electronics,Digital Players (DAPs),needs value,needs value,needs value,needs value,N/A: Facet only applies to headphones products; this product is audio-electronics,N/A: Facet only applies to headphones products; this product is audio-electronics,N/A: Facet only applies to headphones products; this product is audio-electronics,N/A: Facet only applies to headphones products; this product is audio-electronics,N/A: Facet only applies to headphones products; this product is audio-electronics,N/A: Facet only applies to headphones products; this product is audio-electronics,N/A: Facet only applies to headphones products; this product is audio-electronics,N/A: Facet only applies to headphones products; this product is audio-electronics,needs value,needs value,needs value,needs value,needs value,needs value,needs value,N/A: Facet only applies to accessories products; this product is audio-electronics,N/A: Facet only applies to accessories products; this product is audio-electronics,N/A: Facet only applies to accessories products; this product is audio-electronics
PHPYj28HJdPDHAaIBANaSM,"Astell&Kern Acro CA1000T | Transportable Digital Audio Player",astell-kern-acro-ca1000t-transportable-digital-audio-player,audio-electronics,Digital Players (DAPs),needs value,needs value,needs value,needs value,N/A: Facet only applies to headphones products; this product is audio-electronics,N/A: Facet only applies to headphones products; this product is audio-electronics,N/A: Facet only applies to headphones products; this product is audio-electronics,N/A: Facet only applies to headphones products; this product is audio-electronics,N/A: Facet only applies to headphones products; this product is audio-electronics,N/A: Facet only applies to headphones products; this product is audio-electronics,N/A: Facet only applies to headphones products; this product is audio-electronics,N/A: Facet only applies to headphones products; this product is audio-electronics,needs value,needs value,needs value,needs value,needs value,needs value,needs value,N/A: Facet only applies to accessories products; this product is audio-electronics,N/A: Facet only applies to accessories products; this product is audio-electronics,N/A: Facet only applies to accessories products; this product is audio-electronics
PHPYj28HJdPDHAaIBCBx40,"Focal Elex Ear Pads (Pair)",focal-elex-ear-pads-pair,accessories,Earpads,needs value,needs value,needs value,needs value,N/A: Facet only applies to headphones products; this product is accessories,N/A: Facet only applies to headphones products; this product is accessories,N/A: Facet only applies to headphones products; this product is accessories,N/A: Facet only applies to headphones products; this product is accessories,N/A: Facet only applies to headphones products; this product is accessories,N/A: Facet only applies to headphones products; this product is accessories,N/A: Facet only applies to headphones products; this product is accessories,N/A: Facet only applies to headphones products; this product is accessories,N/A: Facet only applies to audio-electronics products; this product is accessories,N/A: Facet only applies to audio-electronics products; this product is accessories,N/A: Facet only applies to audio-electronics products; this product is accessories,N/A: Facet only applies to audio-electronics products; this product is accessories,N/A: Facet only applies to audio-electronics products; this product is accessories,N/A: Facet only applies to audio-electronics products; this product is accessories,N/A: Facet only applies to audio-electronics products; this product is accessories,needs value,N/A: Earpads, eartips, stands, cases and care products have no connector/termination,needs value
PHPYj28HJdPDHAaIBCC8aa,"Dekoni Audio Elite Sheepskin Ear Pads for Focal",dekoni-audio-elite-sheepskin-ear-pads-for-focal,accessories,Earpads,needs value,needs value,needs value,needs value,N/A: Facet only applies to headphones products; this product is accessories,N/A: Facet only applies to headphones products; this product is accessories,N/A: Facet only applies to headphones products; this product is accessories,N/A: Facet only applies to headphones products; this product is accessories,N/A: Facet only applies to headphones products; this product is accessories,N/A: Facet only applies to headphones products; this product is accessories,N/A: Facet only applies to headphones products; this product is accessories,N/A: Facet only applies to headphones products; this product is accessories,N/A: Facet only applies to audio-electronics products; this product is accessories,N/A: Facet only applies to audio-electronics products; this product is accessories,N/A: Facet only applies to audio-electronics products; this product is accessories,N/A: Facet only applies to audio-electronics products; this product is accessories,N/A: Facet only applies to audio-electronics products; this product is accessories,N/A: Facet only applies to audio-electronics products; this product is accessories,N/A: Facet only applies to audio-electronics products; this product is accessories,needs value,N/A: Earpads, eartips, stands, cases and care products have no connector/termination,needs value
PHPYj28HJdPDHAaIBCCSLu,"Focal Bathys",focal-bathys,headphones,Closed-Back,needs value,needs value,needs value,needs value,needs value,needs value,needs value,needs value,needs value,needs value,needs value,needs value,N/A: Facet only applies to audio-electronics products; this product is headphones,N/A: Facet only applies to audio-electronics products; this product is headphones,N/A: Facet only applies to audio-electronics products; this product is headphones,N/A: Facet only applies to audio-electronics products; this product is headphones,N/A: Facet only applies to audio-electronics products; this product is headphones,N/A: Facet only applies to audio-electronics products; this product is headphones,N/A: Facet only applies to audio-electronics products; this product is headphones,N/A: Facet only applies to accessories products; this product is headphones,N/A: Facet only applies to accessories products; this product is headphones,N/A: Facet only applies to accessories products; this product is headphones
PHPYj28HJdPDHAaIBCCaW4,"Focal Stellia Headphones",focal-stellia-headphones,headphones,Closed-Back,needs value,needs value,needs value,needs value,needs value,needs value,needs value,needs value,needs value,needs value,needs value,needs value,N/A: Facet only applies to audio-electronics products; this product is headphones,N/A: Facet only applies to audio-electronics products; this product is headphones,N/A: Facet only applies to audio-electronics products; this product is headphones,N/A: Facet only applies to audio-electronics products; this product is headphones,N/A: Facet only applies to audio-electronics products; this product is headphones,N/A: Facet only applies to audio-electronics products; this product is headphones,N/A: Facet only applies to audio-electronics products; this product is headphones,N/A: Facet only applies to accessories products; this product is headphones,N/A: Facet only applies to accessories products; this product is headphones,N/A: Facet only applies to accessories products; this product is headphones
PHPYj28HJdPDHAaIBCCjUc,"Audeze LCD-XC Headphones | 2024 Creator's Edition",audeze-lcd-xc-headphones-2024-creator-s-edition,headphones,Closed-Back,needs value,needs value,needs value,needs value,needs value,needs value,needs value,needs value,needs value,needs value,needs value,needs value,N/A: Facet only applies to audio-electronics products; this product is headphones,N/A: Facet only applies to audio-electronics products; this product is headphones,N/A: Facet only applies to audio-electronics products; this product is headphones,N/A: Facet only applies to audio-electronics products; this product is headphones,N/A: Facet only applies to audio-electronics products; this product is headphones,N/A: Facet only applies to audio-electronics products; this product is headphones,N/A: Facet only applies to audio-electronics products; this product is headphones,N/A: Facet only applies to accessories products; this product is headphones,N/A: Facet only applies to accessories products; this product is headphones,N/A: Facet only applies to accessories products; this product is headphones
PHPYj28HJdPDHAaIBCD0NI,"Meze Audio 99 Classics Headphones",meze-audio-99-classics-headphones,headphones,Closed-Back,needs value,needs value,needs value,needs value,needs value,needs value,needs value,needs value,needs value,needs value,needs value,needs value,N/A: Facet only applies to audio-electronics products; this product is headphones,N/A: Facet only applies to audio-electronics products; this product is headphones,N/A: Facet only applies to audio-electronics products; this product is headphones,N/A: Facet only applies to audio-electronics products; this product is headphones,N/A: Facet only applies to audio-electronics products; this product is headphones,N/A: Facet only applies to audio-electronics products; this product is headphones,N/A: Facet only applies to audio-electronics products; this product is headphones,N/A: Facet only applies to accessories products; this product is headphones,N/A: Facet only applies to accessories products; this product is headphones,N/A: Facet only applies to accessories products; this product is headphones
PHPYj28HJdPDHAaIBCDAX8,"Meze Audio Strada Headphones",meze-audio-strada-headphones,headphones,Closed-Back,needs value,needs value,needs value,needs value,needs value,needs value,needs value,needs value,needs value,needs value,needs value,needs value,N/A: Facet only applies to audio-electronics products; this product is headphones,N/A: Facet only applies to audio-electronics products; this product is headphones,N/A: Facet only applies to audio-electronics products; this product is headphones,N/A: Facet only applies to audio-electronics products; this product is headphones,N/A: Facet only applies to audio-electronics products; this product is headphones,N/A: Facet only applies to audio-electronics products; this product is headphones,N/A: Facet only applies to audio-electronics products; this product is headphones,N/A: Facet only applies to accessories products; this product is headphones,N/A: Facet only applies to accessories products; this product is headphones,N/A: Facet only applies to accessories products; this product is headphones
PHPYj28HJdPDHAaIBCDRC4,"Dan Clark Audio E3 Headphones",dan-clark-audio-e3-headphones,headphones,Closed-Back,needs value,needs value,needs value,needs value,needs value,needs value,needs value,needs value,needs value,needs value,needs value,needs value,N/A: Facet only applies to audio-electronics products; this product is headphones,N/A: Facet only applies to audio-electronics products; this product is headphones,N/A: Facet only applies to audio-electronics products; this product is headphones,N/A: Facet only applies to audio-electronics products; this product is headphones,N/A: Facet only applies to audio-electronics products; this product is headphones,N/A: Facet only applies to audio-electronics products; this product is headphones,N/A: Facet only applies to audio-electronics products; this product is headphones,N/A: Facet only applies to accessories products; this product is headphones,N/A: Facet only applies to accessories products; this product is headphones,N/A: Facet only applies to accessories products; this product is headphones
PHPYj28HJdPDHAaIBCE9om,"CrinEar Daybreak In-Ear Headphones",crinear-daybreak-in-ear-headphones,headphones,Universal IEMs,needs value,needs value,needs value,needs value,needs value,N/A: IEMs (Universal IEMs) have no ear cup / back design,needs value,needs value,needs value,needs value,needs value,needs value,N/A: Facet only applies to audio-electronics products; this product is headphones,N/A: Facet only applies to audio-electronics products; this product is headphones,N/A: Facet only applies to audio-electronics products; this product is headphones,N/A: Facet only applies to audio-electronics products; this product is headphones,N/A: Facet only applies to audio-electronics products; this product is headphones,N/A: Facet only applies to audio-electronics products; this product is headphones,N/A: Facet only applies to audio-electronics products; this product is headphones,N/A: Facet only applies to accessories products; this product is headphones,N/A: Facet only applies to accessories products; this product is headphones,N/A: Facet only applies to accessories products; this product is headphones
PHPYj28HJdPDHAaIBCEZtk,"Thieaudio Hype 4 In-Ear Headphones",thieaudio-hype-4-in-ear-headphones,headphones,Universal IEMs,needs value,needs value,needs value,needs value,needs value,N/A: IEMs (Universal IEMs) have no ear cup / back design,needs value,needs value,needs value,needs value,needs value,needs value,N/A: Facet only applies to audio-electronics products; this product is headphones,N/A: Facet only applies to audio-electronics products; this product is headphones,N/A: Facet only applies to audio-electronics products; this product is headphones,N/A: Facet only applies to audio-electronics products; this product is headphones,N/A: Facet only applies to audio-electronics products; this product is headphones,N/A: Facet only applies to audio-electronics products; this product is headphones,N/A: Facet only applies to audio-electronics products; this product is headphones,N/A: Facet only applies to accessories products; this product is headphones,N/A: Facet only applies to accessories products; this product is headphones,N/A: Facet only applies to accessories products; this product is headphones
PHPYj28HJdPDHAaIBCEe6q,"Meze Audio Alba In-Ear Headphones",meze-audio-alba-in-ear-headphones,headphones,Universal IEMs,needs value,needs value,needs value,needs value,needs value,N/A: IEMs (Universal IEMs) have no ear cup / back design,needs value,needs value,needs value,needs value,needs value,needs value,N/A: Facet only applies to audio-electronics products; this product is headphones,N/A: Facet only applies to audio-electronics products; this product is headphones,N/A: Facet only applies to audio-electronics products; this product is headphones,N/A: Facet only applies to audio-electronics products; this product is headphones,N/A: Facet only applies to audio-electronics products; this product is headphones,N/A: Facet only applies to audio-electronics products; this product is headphones,N/A: Facet only applies to audio-electronics products; this product is headphones,N/A: Facet only applies to accessories products; this product is headphones,N/A: Facet only applies to accessories products; this product is headphones,N/A: Facet only applies to accessories products; this product is headphones
PHPYj28HJdPDHAaIBCEl18,"Sennheiser IE 200 In-Ear Headphones",sennheiser-ie-200-in-ear-headphones,headphones,Universal IEMs,needs value,needs value,needs value,needs value,needs value,N/A: IEMs (Universal IEMs) have no ear cup / back design,needs value,needs value,needs value,needs value,needs value,needs value,N/A: Facet only applies to audio-electronics products; this product is headphones,N/A: Facet only applies to audio-electronics products; this product is headphones,N/A: Facet only applies to audio-electronics products; this product is headphones,N/A: Facet only applies to audio-electronics products; this product is headphones,N/A: Facet only applies to audio-electronics products; this product is headphones,N/A: Facet only applies to audio-electronics products; this product is headphones,N/A: Facet only applies to audio-electronics products; this product is headphones,N/A: Facet only applies to accessories products; this product is headphones,N/A: Facet only applies to accessories products; this product is headphones,N/A: Facet only applies to accessories products; this product is headphones
PHPYj28HJdPDHAaIBCEzHC,"TRUTHEAR HEXA In-Ear Headphones",truthear-hexa-in-ear-headphones,headphones,Universal IEMs,needs value,needs value,needs value,needs value,needs value,N/A: IEMs (Universal IEMs) have no ear cup / back design,needs value,needs value,needs value,needs value,needs value,needs value,N/A: Facet only applies to audio-electronics products; this product is headphones,N/A: Facet only applies to audio-electronics products; this product is headphones,N/A: Facet only applies to audio-electronics products; this product is headphones,N/A: Facet only applies to audio-electronics products; this product is headphones,N/A: Facet only applies to audio-electronics products; this product is headphones,N/A: Facet only applies to audio-electronics products; this product is headphones,N/A: Facet only applies to audio-electronics products; this product is headphones,N/A: Facet only applies to accessories products; this product is headphones,N/A: Facet only applies to accessories products; this product is headphones,N/A: Facet only applies to accessories products; this product is headphones
PHPYj28HJdPDHAaIBCF9jM,"Symphonium Audio Titan In-Ear Headphones",symphonium-audio-titan-in-ear-headphones,headphones,Universal IEMs,needs value,needs value,needs value,needs value,needs value,N/A: IEMs (Universal IEMs) have no ear cup / back design,needs value,needs value,needs value,needs value,needs value,needs value,N/A: Facet only applies to audio-electronics products; this product is headphones,N/A: Facet only applies to audio-electronics products; this product is headphones,N/A: Facet only applies to audio-electronics products; this product is headphones,N/A: Facet only applies to audio-electronics products; this product is headphones,N/A: Facet only applies to audio-electronics products; this product is headphones,N/A: Facet only applies to audio-electronics products; this product is headphones,N/A: Facet only applies to audio-electronics products; this product is headphones,N/A: Facet only applies to accessories products; this product is headphones,N/A: Facet only applies to accessories products; this product is headphones,N/A: Facet only applies to accessories products; this product is headphones
PHPYj28HJdPDHAaIBCQ5Rc,"Astell&Kern A&ultima SP3000M Case | Leather Case",astell-kern-a-ultima-sp3000m-case-leather-case,accessories,Carrying Cases,needs value,needs value,needs value,needs value,N/A: Facet only applies to headphones products; this product is accessories,N/A: Facet only applies to headphones products; this product is accessories,N/A: Facet only applies to headphones products; this product is accessories,N/A: Facet only applies to headphones products; this product is accessories,N/A: Facet only applies to headphones products; this product is accessories,N/A: Facet only applies to headphones products; this product is accessories,N/A: Facet only applies to headphones products; this product is accessories,N/A: Facet only applies to headphones products; this product is accessories,N/A: Facet only applies to audio-electronics products; this product is accessories,N/A: Facet only applies to audio-electronics products; this product is accessories,N/A: Facet only applies to audio-electronics products; this product is accessories,N/A: Facet only applies to audio-electronics products; this product is accessories,N/A: Facet only applies to audio-electronics products; this product is accessories,N/A: Facet only applies to audio-electronics products; this product is accessories,N/A: Facet only applies to audio-electronics products; this product is accessories,needs value,N/A: Earpads, eartips, stands, cases and care products have no connector/termination,needs value
PHPYj28HJdPDHAaIBCQ9Og,"Astell&Kern Collector's Atelier Case | Leather Storage Box",astell-kern-collector-s-atelier-case-leather-storage-box,accessories,Carrying Cases,needs value,needs value,needs value,needs value,N/A: Facet only applies to headphones products; this product is accessories,N/A: Facet only applies to headphones products; this product is accessories,N/A: Facet only applies to headphones products; this product is accessories,N/A: Facet only applies to headphones products; this product is accessories,N/A: Facet only applies to headphones products; this product is accessories,N/A: Facet only applies to headphones products; this product is accessories,N/A: Facet only applies to headphones products; this product is accessories,N/A: Facet only applies to headphones products; this product is accessories,N/A: Facet only applies to audio-electronics products; this product is accessories,N/A: Facet only applies to audio-electronics products; this product is accessories,N/A: Facet only applies to audio-electronics products; this product is accessories,N/A: Facet only applies to audio-electronics products; this product is accessories,N/A: Facet only applies to audio-electronics products; this product is accessories,N/A: Facet only applies to audio-electronics products; this product is accessories,N/A: Facet only applies to audio-electronics products; this product is accessories,needs value,N/A: Earpads, eartips, stands, cases and care products have no connector/termination,needs value
PHPYj28HJdPDHAaIBCQJvQ,"Austrian Audio The Composer Travel Case | Hard Case",austrian-audio-the-composer-travel-case-hard-case,accessories,Carrying Cases,needs value,needs value,needs value,needs value,N/A: Facet only applies to headphones products; this product is accessories,N/A: Facet only applies to headphones products; this product is accessories,N/A: Facet only applies to headphones products; this product is accessories,N/A: Facet only applies to headphones products; this product is accessories,N/A: Facet only applies to headphones products; this product is accessories,N/A: Facet only applies to headphones products; this product is accessories,N/A: Facet only applies to headphones products; this product is accessories,N/A: Facet only applies to headphones products; this product is accessories,N/A: Facet only applies to audio-electronics products; this product is accessories,N/A: Facet only applies to audio-electronics products; this product is accessories,N/A: Facet only applies to audio-electronics products; this product is accessories,N/A: Facet only applies to audio-electronics products; this product is accessories,N/A: Facet only applies to audio-electronics products; this product is accessories,N/A: Facet only applies to audio-electronics products; this product is accessories,N/A: Facet only applies to audio-electronics products; this product is accessories,needs value,N/A: Earpads, eartips, stands, cases and care products have no connector/termination,needs value
PHPYj28HJdPDHAaIBCQgkq,"Cayin N3Ultra Case | Protective Leather DAP Case",cayin-n3ultra-case-protective-leather-dap-case,accessories,Carrying Cases,needs value,needs value,needs value,needs value,N/A: Facet only applies to headphones products; this product is accessories,N/A: Facet only applies to headphones products; this product is accessories,N/A: Facet only applies to headphones products; this product is accessories,N/A: Facet only applies to headphones products; this product is accessories,N/A: Facet only applies to headphones products; this product is accessories,N/A: Facet only applies to headphones products; this product is accessories,N/A: Facet only applies to headphones products; this product is accessories,N/A: Facet only applies to headphones products; this product is accessories,N/A: Facet only applies to audio-electronics products; this product is accessories,N/A: Facet only applies to audio-electronics products; this product is accessories,N/A: Facet only applies to audio-electronics products; this product is accessories,N/A: Facet only applies to audio-electronics products; this product is accessories,N/A: Facet only applies to audio-electronics products; this product is accessories,N/A: Facet only applies to audio-electronics products; this product is accessories,N/A: Facet only applies to audio-electronics products; this product is accessories,needs value,N/A: Earpads, eartips, stands, cases and care products have no connector/termination,needs value
PHPYj28HJdPDHAaIBCdwl6,"Replacement Adhesive Rings for Dekoni Audio LCD Series Earpads - One Pair",replacement-adhesive-rings-for-dekoni-audio-lcd-series-earpads-one-pair,accessories,Earpads,needs value,needs value,needs value,needs value,N/A: Facet only applies to headphones products; this product is accessories,N/A: Facet only applies to headphones products; this product is accessories,N/A: Facet only applies to headphones products; this product is accessories,N/A: Facet only applies to headphones products; this product is accessories,N/A: Facet only applies to headphones products; this product is accessories,N/A: Facet only applies to headphones products; this product is accessories,N/A: Facet only applies to headphones products; this product is accessories,N/A: Facet only applies to headphones products; this product is accessories,N/A: Facet only applies to audio-electronics products; this product is accessories,N/A: Facet only applies to audio-electronics products; this product is accessories,N/A: Facet only applies to audio-electronics products; this product is accessories,N/A: Facet only applies to audio-electronics products; this product is accessories,N/A: Facet only applies to audio-electronics products; this product is accessories,N/A: Facet only applies to audio-electronics products; this product is accessories,N/A: Facet only applies to audio-electronics products; this product is accessories,needs value,N/A: Earpads, eartips, stands, cases and care products have no connector/termination,needs value
PHPYj28HJdPDHAaIBCeGGO,"Replacement Earpads for Bose Quiet Comfort Noise Cancelling Headphones",replacement-earpads-for-bose-quiet-comfort-noise-cancelling-headphones,accessories,Earpads,needs value,needs value,needs value,needs value,N/A: Facet only applies to headphones products; this product is accessories,N/A: Facet only applies to headphones products; this product is accessories,N/A: Facet only applies to headphones products; this product is accessories,N/A: Facet only applies to headphones products; this product is accessories,N/A: Facet only applies to headphones products; this product is accessories,N/A: Facet only applies to headphones products; this product is accessories,N/A: Facet only applies to headphones products; this product is accessories,N/A: Facet only applies to headphones products; this product is accessories,N/A: Facet only applies to audio-electronics products; this product is accessories,N/A: Facet only applies to audio-electronics products; this product is accessories,N/A: Facet only applies to audio-electronics products; this product is accessories,N/A: Facet only applies to audio-electronics products; this product is accessories,N/A: Facet only applies to audio-electronics products; this product is accessories,N/A: Facet only applies to audio-electronics products; this product is accessories,N/A: Facet only applies to audio-electronics products; this product is accessories,needs value,N/A: Earpads, eartips, stands, cases and care products have no connector/termination,needs value
PHPYj28HJdPDHAaIBCeJDc,"Earpads for AKG K601, K701, and More",earpads-for-akg-k601-k701-and-more,accessories,Earpads,needs value,needs value,needs value,needs value,N/A: Facet only applies to headphones products; this product is accessories,N/A: Facet only applies to headphones products; this product is accessories,N/A: Facet only applies to headphones products; this product is accessories,N/A: Facet only applies to headphones products; this product is accessories,N/A: Facet only applies to headphones products; this product is accessories,N/A: Facet only applies to headphones products; this product is accessories,N/A: Facet only applies to headphones products; this product is accessories,N/A: Facet only applies to headphones products; this product is accessories,N/A: Facet only applies to audio-electronics products; this product is accessories,N/A: Facet only applies to audio-electronics products; this product is accessories,N/A: Facet only applies to audio-electronics products; this product is accessories,N/A: Facet only applies to audio-electronics products; this product is accessories,N/A: Facet only applies to audio-electronics products; this product is accessories,N/A: Facet only applies to audio-electronics products; this product is accessories,N/A: Facet only applies to audio-electronics products; this product is accessories,needs value,N/A: Earpads, eartips, stands, cases and care products have no connector/termination,needs value
PHPYj28HJdPDHAaIBCeREc,"Replacement Earpads for Sony WH1000Xm5 Headphones",replacement-earpads-for-sony-wh1000xm5-headphones,accessories,Earpads,needs value,needs value,needs value,needs value,N/A: Facet only applies to headphones products; this product is accessories,N/A: Facet only applies to headphones products; this product is accessories,N/A: Facet only applies to headphones products; this product is accessories,N/A: Facet only applies to headphones products; this product is accessories,N/A: Facet only applies to headphones products; this product is accessories,N/A: Facet only applies to headphones products; this product is accessories,N/A: Facet only applies to headphones products; this product is accessories,N/A: Facet only applies to headphones products; this product is accessories,N/A: Facet only applies to audio-electronics products; this product is accessories,N/A: Facet only applies to audio-electronics products; this product is accessories,N/A: Facet only applies to audio-electronics products; this product is accessories,N/A: Facet only applies to audio-electronics products; this product is accessories,N/A: Facet only applies to audio-electronics products; this product is accessories,N/A: Facet only applies to audio-electronics products; this product is accessories,N/A: Facet only applies to audio-electronics products; this product is accessories,needs value,N/A: Earpads, eartips, stands, cases and care products have no connector/termination,needs value
PHPYj28HJdPDHAaIBCeUBq,"Earpads for Sony WH1000XM4 ANC Headphones",earpads-for-sony-wh1000xm4-anc-headphones,accessories,Earpads,needs value,needs value,needs value,needs value,N/A: Facet only applies to headphones products; this product is accessories,N/A: Facet only applies to headphones products; this product is accessories,N/A: Facet only applies to headphones products; this product is accessories,N/A: Facet only applies to headphones products; this product is accessories,N/A: Facet only applies to headphones products; this product is accessories,N/A: Facet only applies to headphones products; this product is accessories,N/A: Facet only applies to headphones products; this product is accessories,N/A: Facet only applies to headphones products; this product is accessories,N/A: Facet only applies to audio-electronics products; this product is accessories,N/A: Facet only applies to audio-electronics products; this product is accessories,N/A: Facet only applies to audio-electronics products; this product is accessories,N/A: Facet only applies to audio-electronics products; this product is accessories,N/A: Facet only applies to audio-electronics products; this product is accessories,N/A: Facet only applies to audio-electronics products; this product is accessories,N/A: Facet only applies to audio-electronics products; this product is accessories,needs value,N/A: Earpads, eartips, stands, cases and care products have no connector/termination,needs value
PHPYj28HJdPDHAaIBCeaXm,"Replacement Earpads for AKG K371 Headphones",replacement-earpads-for-akg-k371-headphones,accessories,Earpads,needs value,needs value,needs value,needs value,N/A: Facet only applies to headphones products; this product is accessories,N/A: Facet only applies to headphones products; this product is accessories,N/A: Facet only applies to headphones products; this product is accessories,N/A: Facet only applies to headphones products; this product is accessories,N/A: Facet only applies to headphones products; this product is accessories,N/A: Facet only applies to headphones products; this product is accessories,N/A: Facet only applies to headphones products; this product is accessories,N/A: Facet only applies to headphones products; this product is accessories,N/A: Facet only applies to audio-electronics products; this product is accessories,N/A: Facet only applies to audio-electronics products; this product is accessories,N/A: Facet only applies to audio-electronics products; this product is accessories,N/A: Facet only applies to audio-electronics products; this product is accessories,N/A: Facet only applies to audio-electronics products; this product is accessories,N/A: Facet only applies to audio-electronics products; this product is accessories,N/A: Facet only applies to audio-electronics products; this product is accessories,needs value,N/A: Earpads, eartips, stands, cases and care products have no connector/termination,needs value
PHPYj28HJdPDHAaIBCedwU,"Replacement Earpads for Sony WH1000Xm6 Headphones",replacement-earpads-for-sony-wh1000xm6-headphones,accessories,Earpads,needs value,needs value,needs value,needs value,N/A: Facet only applies to headphones products; this product is accessories,N/A: Facet only applies to headphones products; this product is accessories,N/A: Facet only applies to headphones products; this product is accessories,N/A: Facet only applies to headphones products; this product is accessories,N/A: Facet only applies to headphones products; this product is accessories,N/A: Facet only applies to headphones products; this product is accessories,N/A: Facet only applies to headphones products; this product is accessories,N/A: Facet only applies to headphones products; this product is accessories,N/A: Facet only applies to audio-electronics products; this product is accessories,N/A: Facet only applies to audio-electronics products; this product is accessories,N/A: Facet only applies to audio-electronics products; this product is accessories,N/A: Facet only applies to audio-electronics products; this product is accessories,N/A: Facet only applies to audio-electronics products; this product is accessories,N/A: Facet only applies to audio-electronics products; this product is accessories,N/A: Facet only applies to audio-electronics products; this product is accessories,needs value,N/A: Earpads, eartips, stands, cases and care products have no connector/termination,needs value
PHPYj28HJdPDHAaIBCejqw,"Replacement Earpads for Audeze Maxwell 2 Gaming Headphone",replacement-earpads-for-audeze-maxwell-2-gaming-headphone,accessories,Earpads,needs value,needs value,needs value,needs value,N/A: Facet only applies to headphones products; this product is accessories,N/A: Facet only applies to headphones products; this product is accessories,N/A: Facet only applies to headphones products; this product is accessories,N/A: Facet only applies to headphones products; this product is accessories,N/A: Facet only applies to headphones products; this product is accessories,N/A: Facet only applies to headphones products; this product is accessories,N/A: Facet only applies to headphones products; this product is accessories,N/A: Facet only applies to headphones products; this product is accessories,N/A: Facet only applies to audio-electronics products; this product is accessories,N/A: Facet only applies to audio-electronics products; this product is accessories,N/A: Facet only applies to audio-electronics products; this product is accessories,N/A: Facet only applies to audio-electronics products; this product is accessories,N/A: Facet only applies to audio-electronics products; this product is accessories,N/A: Facet only applies to audio-electronics products; this product is accessories,N/A: Facet only applies to audio-electronics products; this product is accessories,needs value,N/A: Earpads, eartips, stands, cases and care products have no connector/termination,needs value
PHPYj28HJdPDHAaIBCfbSC,"Burson Audio Composer 3X Performance DAC - Open Box",burson-audio-composer-3x-performance-dac-open-box,audio-electronics,Standalone DACs,needs value,needs value,needs value,needs value,N/A: Facet only applies to headphones products; this product is audio-electronics,N/A: Facet only applies to headphones products; this product is audio-electronics,N/A: Facet only applies to headphones products; this product is audio-electronics,N/A: Facet only applies to headphones products; this product is audio-electronics,N/A: Facet only applies to headphones products; this product is audio-electronics,N/A: Facet only applies to headphones products; this product is audio-electronics,N/A: Facet only applies to headphones products; this product is audio-electronics,N/A: Facet only applies to headphones products; this product is audio-electronics,needs value,needs value,needs value,needs value,needs value,needs value,needs value,N/A: Facet only applies to accessories products; this product is audio-electronics,N/A: Facet only applies to accessories products; this product is audio-electronics,N/A: Facet only applies to accessories products; this product is audio-electronics
PHPYj28HJdPDHAaIBCgFZU,"iFi Audio iDSD NEO",ifi-audio-idsd-neo,audio-electronics,DAC/Amp Combos,needs value,needs value,needs value,needs value,N/A: Facet only applies to headphones products; this product is audio-electronics,N/A: Facet only applies to headphones products; this product is audio-electronics,N/A: Facet only applies to headphones products; this product is audio-electronics,N/A: Facet only applies to headphones products; this product is audio-electronics,N/A: Facet only applies to headphones products; this product is audio-electronics,N/A: Facet only applies to headphones products; this product is audio-electronics,N/A: Facet only applies to headphones products; this product is audio-electronics,N/A: Facet only applies to headphones products; this product is audio-electronics,needs value,needs value,needs value,needs value,needs value,needs value,needs value,N/A: Facet only applies to accessories products; this product is audio-electronics,N/A: Facet only applies to accessories products; this product is audio-electronics,N/A: Facet only applies to accessories products; this product is audio-electronics
PHPYj28HJdPDHAaIBCgRj0,"Questyle CMA 18 Master DAC and Headphone Amp",questyle-cma-18-master-dac-and-headphone-amp,audio-electronics,DAC/Amp Combos,needs value,needs value,needs value,needs value,N/A: Facet only applies to headphones products; this product is audio-electronics,N/A: Facet only applies to headphones products; this product is audio-electronics,N/A: Facet only applies to headphones products; this product is audio-electronics,N/A: Facet only applies to headphones products; this product is audio-electronics,N/A: Facet only applies to headphones products; this product is audio-electronics,N/A: Facet only applies to headphones products; this product is audio-electronics,N/A: Facet only applies to headphones products; this product is audio-electronics,N/A: Facet only applies to headphones products; this product is audio-electronics,needs value,needs value,needs value,needs value,needs value,needs value,needs value,N/A: Facet only applies to accessories products; this product is audio-electronics,N/A: Facet only applies to accessories products; this product is audio-electronics,N/A: Facet only applies to accessories products; this product is audio-electronics
PHPYj28HJdPDHAaIBCgUJK,"Questyle CMA Twelve Desktop DAC & Amp",questyle-cma-twelve-desktop-dac-amp,audio-electronics,DAC/Amp Combos,needs value,needs value,needs value,needs value,N/A: Facet only applies to headphones products; this product is audio-electronics,N/A: Facet only applies to headphones products; this product is audio-electronics,N/A: Facet only applies to headphones products; this product is audio-electronics,N/A: Facet only applies to headphones products; this product is audio-electronics,N/A: Facet only applies to headphones products; this product is audio-electronics,N/A: Facet only applies to headphones products; this product is audio-electronics,N/A: Facet only applies to headphones products; this product is audio-electronics,N/A: Facet only applies to headphones products; this product is audio-electronics,needs value,needs value,needs value,needs value,needs value,needs value,needs value,N/A: Facet only applies to accessories products; this product is audio-electronics,N/A: Facet only applies to accessories products; this product is audio-electronics,N/A: Facet only applies to accessories products; this product is audio-electronics
PHPYj28HJdPDHAaIBCgaYO,"Chord Electronics Anni",chord-electronics-anni,audio-electronics,Desktop Amps,needs value,needs value,needs value,needs value,N/A: Facet only applies to headphones products; this product is audio-electronics,N/A: Facet only applies to headphones products; this product is audio-electronics,N/A: Facet only applies to headphones products; this product is audio-electronics,N/A: Facet only applies to headphones products; this product is audio-electronics,N/A: Facet only applies to headphones products; this product is audio-electronics,N/A: Facet only applies to headphones products; this product is audio-electronics,N/A: Facet only applies to headphones products; this product is audio-electronics,N/A: Facet only applies to headphones products; this product is audio-electronics,needs value,needs value,needs value,needs value,needs value,needs value,needs value,N/A: Facet only applies to accessories products; this product is audio-electronics,N/A: Facet only applies to accessories products; this product is audio-electronics,N/A: Facet only applies to accessories products; this product is audio-electronics
PHPYj28HJdPDHAaIBCghLo,"Chord Electronics Alto Headphone Amplifier",chord-electronics-alto-headphone-amplifier,audio-electronics,Desktop Amps,needs value,needs value,needs value,needs value,N/A: Facet only applies to headphones products; this product is audio-electronics,N/A: Facet only applies to headphones products; this product is audio-electronics,N/A: Facet only applies to headphones products; this product is audio-electronics,N/A: Facet only applies to headphones products; this product is audio-electronics,N/A: Facet only applies to headphones products; this product is audio-electronics,N/A: Facet only applies to headphones products; this product is audio-electronics,N/A: Facet only applies to headphones products; this product is audio-electronics,N/A: Facet only applies to headphones products; this product is audio-electronics,needs value,needs value,needs value,needs value,needs value,needs value,needs value,N/A: Facet only applies to accessories products; this product is audio-electronics,N/A: Facet only applies to accessories products; this product is audio-electronics,N/A: Facet only applies to accessories products; this product is audio-electronics
PHPYj28HJdPDHAaIBCgrcW,"iFi Audio iCAN Phantom Headphone Amplifier and Energizer - Open Box",ifi-audio-ican-phantom-headphone-amplifier-and-energizer-open-box,audio-electronics,Desktop Amps,needs value,needs value,needs value,needs value,N/A: Facet only applies to headphones products; this product is audio-electronics,N/A: Facet only applies to headphones products; this product is audio-electronics,N/A: Facet only applies to headphones products; this product is audio-electronics,N/A: Facet only applies to headphones products; this product is audio-electronics,N/A: Facet only applies to headphones products; this product is audio-electronics,N/A: Facet only applies to headphones products; this product is audio-electronics,N/A: Facet only applies to headphones products; this product is audio-electronics,N/A: Facet only applies to headphones products; this product is audio-electronics,needs value,needs value,needs value,needs value,needs value,needs value,needs value,N/A: Facet only applies to accessories products; this product is audio-electronics,N/A: Facet only applies to accessories products; this product is audio-electronics,N/A: Facet only applies to accessories products; this product is audio-electronics
PHPYj28HJdPDHAaIBChGhe,"Enleum Amp-23r Desktop Headphone & Speaker Amplifier",enleum-amp-23r-desktop-headphone-speaker-amplifier,audio-electronics,Desktop Amps,needs value,needs value,needs value,needs value,N/A: Facet only applies to headphones products; this product is audio-electronics,N/A: Facet only applies to headphones products; this product is audio-electronics,N/A: Facet only applies to headphones products; this product is audio-electronics,N/A: Facet only applies to headphones products; this product is audio-electronics,N/A: Facet only applies to headphones products; this product is audio-electronics,N/A: Facet only applies to headphones products; this product is audio-electronics,N/A: Facet only applies to headphones products; this product is audio-electronics,N/A: Facet only applies to headphones products; this product is audio-electronics,needs value,needs value,needs value,needs value,needs value,needs value,needs value,N/A: Facet only applies to accessories products; this product is audio-electronics,N/A: Facet only applies to accessories products; this product is audio-electronics,N/A: Facet only applies to accessories products; this product is audio-electronics
PHPYj28HJdPDHAaIBChQCG,"Aune Audio A17 Headphone Amplifier",aune-audio-a17-headphone-amplifier,audio-electronics,Desktop Amps,needs value,needs value,needs value,needs value,N/A: Facet only applies to headphones products; this product is audio-electronics,N/A: Facet only applies to headphones products; this product is audio-electronics,N/A: Facet only applies to headphones products; this product is audio-electronics,N/A: Facet only applies to headphones products; this product is audio-electronics,N/A: Facet only applies to headphones products; this product is audio-electronics,N/A: Facet only applies to headphones products; this product is audio-electronics,N/A: Facet only applies to headphones products; this product is audio-electronics,N/A: Facet only applies to headphones products; this product is audio-electronics,needs value,needs value,needs value,needs value,needs value,needs value,needs value,N/A: Facet only applies to accessories products; this product is audio-electronics,N/A: Facet only applies to accessories products; this product is audio-electronics,N/A: Facet only applies to accessories products; this product is audio-electronics
PHPYj28HJdPDHAaIBChWTc,"Aune Audio S17 Pro EVO Headphone Amplifier",aune-audio-s17-pro-evo-headphone-amplifier,audio-electronics,Desktop Amps,needs value,needs value,needs value,needs value,N/A: Facet only applies to headphones products; this product is audio-electronics,N/A: Facet only applies to headphones products; this product is audio-electronics,N/A: Facet only applies to headphones products; this product is audio-electronics,N/A: Facet only applies to headphones products; this product is audio-electronics,N/A: Facet only applies to headphones products; this product is audio-electronics,N/A: Facet only applies to headphones products; this product is audio-electronics,N/A: Facet only applies to headphones products; this product is audio-electronics,N/A: Facet only applies to headphones products; this product is audio-electronics,needs value,needs value,needs value,needs value,needs value,needs value,needs value,N/A: Facet only applies to accessories products; this product is audio-electronics,N/A: Facet only applies to accessories products; this product is audio-electronics,N/A: Facet only applies to accessories products; this product is audio-electronics
PHPYj28HJdPDHAaIBChaz2,"Luxman P-100 Centennial Headphone Amplifier",luxman-p-100-centennial-headphone-amplifier,audio-electronics,Desktop Amps,needs value,needs value,needs value,needs value,N/A: Facet only applies to headphones products; this product is audio-electronics,N/A: Facet only applies to headphones products; this product is audio-electronics,N/A: Facet only applies to headphones products; this product is audio-electronics,N/A: Facet only applies to headphones products; this product is audio-electronics,N/A: Facet only applies to headphones products; this product is audio-electronics,N/A: Facet only applies to headphones products; this product is audio-electronics,N/A: Facet only applies to headphones products; this product is audio-electronics,N/A: Facet only applies to headphones products; this product is audio-electronics,needs value,needs value,needs value,needs value,needs value,needs value,needs value,N/A: Facet only applies to accessories products; this product is audio-electronics,N/A: Facet only applies to accessories products; this product is audio-electronics,N/A: Facet only applies to accessories products; this product is audio-electronics
PHPYj28HJdPDHAaIBChpSq,"Woo Audio WA23 LUNA",woo-audio-wa23-luna,audio-electronics,Desktop Amps,needs value,needs value,needs value,needs value,N/A: Facet only applies to headphones products; this product is audio-electronics,N/A: Facet only applies to headphones products; this product is audio-electronics,N/A: Facet only applies to headphones products; this product is audio-electronics,N/A: Facet only applies to headphones products; this product is audio-electronics,N/A: Facet only applies to headphones products; this product is audio-electronics,N/A: Facet only applies to headphones products; this product is audio-electronics,N/A: Facet only applies to headphones products; this product is audio-electronics,N/A: Facet only applies to headphones products; this product is audio-electronics,needs value,needs value,needs value,needs value,needs value,needs value,needs value,N/A: Facet only applies to accessories products; this product is audio-electronics,N/A: Facet only applies to accessories products; this product is audio-electronics,N/A: Facet only applies to accessories products; this product is audio-electronics
PHPYj28HJdPDHAaIBCiFsQ,"Dekoni Audio Ensemble 4.4mm 52' Braided Cable with 3.5mm Headphone Connectors",dekoni-audio-ensemble-4-4mm-52-braided-cable-with-3-5mm-headphone-connectors,accessories,Headphone Cables,needs value,needs value,needs value,needs value,N/A: Facet only applies to headphones products; this product is accessories,N/A: Facet only applies to headphones products; this product is accessories,N/A: Facet only applies to headphones products; this product is accessories,N/A: Facet only applies to headphones products; this product is accessories,N/A: Facet only applies to headphones products; this product is accessories,N/A: Facet only applies to headphones products; this product is accessories,N/A: Facet only applies to headphones products; this product is accessories,N/A: Facet only applies to headphones products; this product is accessories,N/A: Facet only applies to audio-electronics products; this product is accessories,N/A: Facet only applies to audio-electronics products; this product is accessories,N/A: Facet only applies to audio-electronics products; this product is accessories,N/A: Facet only applies to audio-electronics products; this product is accessories,N/A: Facet only applies to audio-electronics products; this product is accessories,N/A: Facet only applies to audio-electronics products; this product is accessories,N/A: Facet only applies to audio-electronics products; this product is accessories,needs value,needs value,needs value
PHPYj28HJdPDHAaIBCiKGy,"Dekoni Audio Ensemble 4.4mm 52' Nylon Wrapped Cable with HD600 Headphone Connectors",dekoni-audio-ensemble-4-4mm-52-nylon-wrapped-cable-with-hd600-headphone-connectors,accessories,Headphone Cables,needs value,needs value,needs value,needs value,N/A: Facet only applies to headphones products; this product is accessories,N/A: Facet only applies to headphones products; this product is accessories,N/A: Facet only applies to headphones products; this product is accessories,N/A: Facet only applies to headphones products; this product is accessories,N/A: Facet only applies to headphones products; this product is accessories,N/A: Facet only applies to headphones products; this product is accessories,N/A: Facet only applies to headphones products; this product is accessories,N/A: Facet only applies to headphones products; this product is accessories,N/A: Facet only applies to audio-electronics products; this product is accessories,N/A: Facet only applies to audio-electronics products; this product is accessories,N/A: Facet only applies to audio-electronics products; this product is accessories,N/A: Facet only applies to audio-electronics products; this product is accessories,N/A: Facet only applies to audio-electronics products; this product is accessories,N/A: Facet only applies to audio-electronics products; this product is accessories,N/A: Facet only applies to audio-electronics products; this product is accessories,needs value,needs value,needs value
PHPYj28HJdPDHAaIBCiXro,"Dekoni Audio Ensemble 1/8' 64' Nylon Jacket Cable with HD600 Headphone Connectors",dekoni-audio-ensemble-1-8-64-nylon-jacket-cable-with-hd600-headphone-connectors,accessories,Headphone Cables,needs value,needs value,needs value,needs value,N/A: Facet only applies to headphones products; this product is accessories,N/A: Facet only applies to headphones products; this product is accessories,N/A: Facet only applies to headphones products; this product is accessories,N/A: Facet only applies to headphones products; this product is accessories,N/A: Facet only applies to headphones products; this product is accessories,N/A: Facet only applies to headphones products; this product is accessories,N/A: Facet only applies to headphones products; this product is accessories,N/A: Facet only applies to headphones products; this product is accessories,N/A: Facet only applies to audio-electronics products; this product is accessories,N/A: Facet only applies to audio-electronics products; this product is accessories,N/A: Facet only applies to audio-electronics products; this product is accessories,N/A: Facet only applies to audio-electronics products; this product is accessories,N/A: Facet only applies to audio-electronics products; this product is accessories,N/A: Facet only applies to audio-electronics products; this product is accessories,N/A: Facet only applies to audio-electronics products; this product is accessories,needs value,needs value,needs value
PHPYj28HJdPDHAaIBCioiC,"Dekoni Audio Ensemble 1/4' 64' Braided Cable with 3.5mm Headphone Connectors",dekoni-audio-ensemble-1-4-64-braided-cable-with-3-5mm-headphone-connectors,accessories,Headphone Cables,needs value,needs value,needs value,needs value,N/A: Facet only applies to headphones products; this product is accessories,N/A: Facet only applies to headphones products; this product is accessories,N/A: Facet only applies to headphones products; this product is accessories,N/A: Facet only applies to headphones products; this product is accessories,N/A: Facet only applies to headphones products; this product is accessories,N/A: Facet only applies to headphones products; this product is accessories,N/A: Facet only applies to headphones products; this product is accessories,N/A: Facet only applies to headphones products; this product is accessories,N/A: Facet only applies to audio-electronics products; this product is accessories,N/A: Facet only applies to audio-electronics products; this product is accessories,N/A: Facet only applies to audio-electronics products; this product is accessories,N/A: Facet only applies to audio-electronics products; this product is accessories,N/A: Facet only applies to audio-electronics products; this product is accessories,N/A: Facet only applies to audio-electronics products; this product is accessories,N/A: Facet only applies to audio-electronics products; this product is accessories,needs value,needs value,needs value
PHPYj28HJdPDHAaIBCiv48,"Dekoni Audio Ensemble 1/4' 52' Braided Cable with HD600 Headphone Connectors",dekoni-audio-ensemble-1-4-52-braided-cable-with-hd600-headphone-connectors,accessories,Headphone Cables,needs value,needs value,needs value,needs value,N/A: Facet only applies to headphones products; this product is accessories,N/A: Facet only applies to headphones products; this product is accessories,N/A: Facet only applies to headphones products; this product is accessories,N/A: Facet only applies to headphones products; this product is accessories,N/A: Facet only applies to headphones products; this product is accessories,N/A: Facet only applies to headphones products; this product is accessories,N/A: Facet only applies to headphones products; this product is accessories,N/A: Facet only applies to headphones products; this product is accessories,N/A: Facet only applies to audio-electronics products; this product is accessories,N/A: Facet only applies to audio-electronics products; this product is accessories,N/A: Facet only applies to audio-electronics products; this product is accessories,N/A: Facet only applies to audio-electronics products; this product is accessories,N/A: Facet only applies to audio-electronics products; this product is accessories,N/A: Facet only applies to audio-electronics products; this product is accessories,N/A: Facet only applies to audio-electronics products; this product is accessories,needs value,needs value,needs value
PHPYj28HJdPDHAaIBCjTtu,"Dekoni Audio Ensemble 1/4' 64' PCUHD Cable with 4-pin Mini XLR Headphone Connectors",dekoni-audio-ensemble-1-4-64-pcuhd-cable-with-4-pin-mini-xlr-headphone-connectors,accessories,Headphone Cables,needs value,needs value,needs value,needs value,N/A: Facet only applies to headphones products; this product is accessories,N/A: Facet only applies to headphones products; this product is accessories,N/A: Facet only applies to headphones products; this product is accessories,N/A: Facet only applies to headphones products; this product is accessories,N/A: Facet only applies to headphones products; this product is accessories,N/A: Facet only applies to headphones products; this product is accessories,N/A: Facet only applies to headphones products; this product is accessories,N/A: Facet only applies to headphones products; this product is accessories,N/A: Facet only applies to audio-electronics products; this product is accessories,N/A: Facet only applies to audio-electronics products; this product is accessories,N/A: Facet only applies to audio-electronics products; this product is accessories,N/A: Facet only applies to audio-electronics products; this product is accessories,N/A: Facet only applies to audio-electronics products; this product is accessories,N/A: Facet only applies to audio-electronics products; this product is accessories,N/A: Facet only applies to audio-electronics products; this product is accessories,needs value,needs value,needs value
PHPYj28HJdPDHAaIBCjeeO,"Dekoni Audio Ensemble 4-Pin XLR 52' PCUHD Cable with 2 Pin Utopia Lemo Headphone Connectors",dekoni-audio-ensemble-4-pin-xlr-52-pcuhd-cable-with-2-pin-utopia-lemo-headphone-connectors,accessories,Headphone Cables,needs value,needs value,needs value,needs value,N/A: Facet only applies to headphones products; this product is accessories,N/A: Facet only applies to headphones products; this product is accessories,N/A: Facet only applies to headphones products; this product is accessories,N/A: Facet only applies to headphones products; this product is accessories,N/A: Facet only applies to headphones products; this product is accessories,N/A: Facet only applies to headphones products; this product is accessories,N/A: Facet only applies to headphones products; this product is accessories,N/A: Facet only applies to headphones products; this product is accessories,N/A: Facet only applies to audio-electronics products; this product is accessories,N/A: Facet only applies to audio-electronics products; this product is accessories,N/A: Facet only applies to audio-electronics products; this product is accessories,N/A: Facet only applies to audio-electronics products; this product is accessories,N/A: Facet only applies to audio-electronics products; this product is accessories,N/A: Facet only applies to audio-electronics products; this product is accessories,N/A: Facet only applies to audio-electronics products; this product is accessories,needs value,needs value,needs value
PHPYj28HJdPDHAaIBCk0IW,"Dekoni Audio Ensemble 4.4mm 52' Nylon Wrapped Cable with 4-pin Mini XLR Headphone Connectors",dekoni-audio-ensemble-4-4mm-52-nylon-wrapped-cable-with-4-pin-mini-xlr-headphone-connectors,accessories,Headphone Cables,needs value,needs value,needs value,needs value,N/A: Facet only applies to headphones products; this product is accessories,N/A: Facet only applies to headphones products; this product is accessories,N/A: Facet only applies to headphones products; this product is accessories,N/A: Facet only applies to headphones products; this product is accessories,N/A: Facet only applies to headphones products; this product is accessories,N/A: Facet only applies to headphones products; this product is accessories,N/A: Facet only applies to headphones products; this product is accessories,N/A: Facet only applies to headphones products; this product is accessories,N/A: Facet only applies to audio-electronics products; this product is accessories,N/A: Facet only applies to audio-electronics products; this product is accessories,N/A: Facet only applies to audio-electronics products; this product is accessories,N/A: Facet only applies to audio-electronics products; this product is accessories,N/A: Facet only applies to audio-electronics products; this product is accessories,N/A: Facet only applies to audio-electronics products; this product is accessories,N/A: Facet only applies to audio-electronics products; this product is accessories,needs value,needs value,needs value
PHPYj28HJdPDHAaIBCk4Vc,"Dekoni Audio Ensemble 1/4' 64' Braided Cable with HD600 Headphone Connectors",dekoni-audio-ensemble-1-4-64-braided-cable-with-hd600-headphone-connectors,accessories,Headphone Cables,needs value,needs value,needs value,needs value,N/A: Facet only applies to headphones products; this product is accessories,N/A: Facet only applies to headphones products; this product is accessories,N/A: Facet only applies to headphones products; this product is accessories,N/A: Facet only applies to headphones products; this product is accessories,N/A: Facet only applies to headphones products; this product is accessories,N/A: Facet only applies to headphones products; this product is accessories,N/A: Facet only applies to headphones products; this product is accessories,N/A: Facet only applies to headphones products; this product is accessories,N/A: Facet only applies to audio-electronics products; this product is accessories,N/A: Facet only applies to audio-electronics products; this product is accessories,N/A: Facet only applies to audio-electronics products; this product is accessories,N/A: Facet only applies to audio-electronics products; this product is accessories,N/A: Facet only applies to audio-electronics products; this product is accessories,N/A: Facet only applies to audio-electronics products; this product is accessories,N/A: Facet only applies to audio-electronics products; this product is accessories,needs value,needs value,needs value
PHPYj28HJdPDHAaIBCk6T0,"Dekoni Audio Ensemble 64' 4.4 + Mini XLR Blue Nylon Woven Jacket",dekoni-audio-ensemble-64-4-4-mini-xlr-blue-nylon-woven-jacket,accessories,Headphone Cables,needs value,needs value,needs value,needs value,N/A: Facet only applies to headphones products; this product is accessories,N/A: Facet only applies to headphones products; this product is accessories,N/A: Facet only applies to headphones products; this product is accessories,N/A: Facet only applies to headphones products; this product is accessories,N/A: Facet only applies to headphones products; this product is accessories,N/A: Facet only applies to headphones products; this product is accessories,N/A: Facet only applies to headphones products; this product is accessories,N/A: Facet only applies to headphones products; this product is accessories,N/A: Facet only applies to audio-electronics products; this product is accessories,N/A: Facet only applies to audio-electronics products; this product is accessories,N/A: Facet only applies to audio-electronics products; this product is accessories,N/A: Facet only applies to audio-electronics products; this product is accessories,N/A: Facet only applies to audio-electronics products; this product is accessories,N/A: Facet only applies to audio-electronics products; this product is accessories,N/A: Facet only applies to audio-electronics products; this product is accessories,needs value,needs value,needs value
PHPYj28HJdPDHAaIBCk9ZO,"Dekoni Audio Ensemble 1/8' 64' Nylon Jacket Cable with ATHM Headphone Connector",dekoni-audio-ensemble-1-8-64-nylon-jacket-cable-with-athm-headphone-connector,accessories,Headphone Cables,needs value,needs value,needs value,needs value,N/A: Facet only applies to headphones products; this product is accessories,N/A: Facet only applies to headphones products; this product is accessories,N/A: Facet only applies to headphones products; this product is accessories,N/A: Facet only applies to headphones products; this product is accessories,N/A: Facet only applies to headphones products; this product is accessories,N/A: Facet only applies to headphones products; this product is accessories,N/A: Facet only applies to headphones products; this product is accessories,N/A: Facet only applies to headphones products; this product is accessories,N/A: Facet only applies to audio-electronics products; this product is accessories,N/A: Facet only applies to audio-electronics products; this product is accessories,N/A: Facet only applies to audio-electronics products; this product is accessories,N/A: Facet only applies to audio-electronics products; this product is accessories,N/A: Facet only applies to audio-electronics products; this product is accessories,N/A: Facet only applies to audio-electronics products; this product is accessories,N/A: Facet only applies to audio-electronics products; this product is accessories,needs value,needs value,needs value
PHPYj28HJdPDHAaIBDrDFo,"Dan Clark Audio NOIRE XO Headphones",dan-clark-audio-noire-xo-headphones,headphones,Open-Back,needs value,needs value,needs value,needs value,needs value,needs value,needs value,needs value,needs value,needs value,needs value,needs value,N/A: Facet only applies to audio-electronics products; this product is headphones,N/A: Facet only applies to audio-electronics products; this product is headphones,N/A: Facet only applies to audio-electronics products; this product is headphones,N/A: Facet only applies to audio-electronics products; this product is headphones,N/A: Facet only applies to audio-electronics products; this product is headphones,N/A: Facet only applies to audio-electronics products; this product is headphones,N/A: Facet only applies to audio-electronics products; this product is headphones,N/A: Facet only applies to accessories products; this product is headphones,N/A: Facet only applies to accessories products; this product is headphones,N/A: Facet only applies to accessories products; this product is headphones
PHPYj28HJdPDHAaIBDrPvO,"Warwick Acoustics Bravura Headphones - Open Box",warwick-acoustics-bravura-headphones-open-box,headphones,Open-Back,needs value,needs value,needs value,needs value,needs value,needs value,needs value,needs value,needs value,needs value,needs value,needs value,N/A: Facet only applies to audio-electronics products; this product is headphones,N/A: Facet only applies to audio-electronics products; this product is headphones,N/A: Facet only applies to audio-electronics products; this product is headphones,N/A: Facet only applies to audio-electronics products; this product is headphones,N/A: Facet only applies to audio-electronics products; this product is headphones,N/A: Facet only applies to audio-electronics products; this product is headphones,N/A: Facet only applies to audio-electronics products; this product is headphones,N/A: Facet only applies to accessories products; this product is headphones,N/A: Facet only applies to accessories products; this product is headphones,N/A: Facet only applies to accessories products; this product is headphones
PHPYj28HJdPDHAaIBDrefE,"T+A Solitaire P-SE Headphones",t-a-solitaire-p-se-headphones,headphones,Open-Back,needs value,needs value,needs value,needs value,needs value,needs value,needs value,needs value,needs value,needs value,needs value,needs value,N/A: Facet only applies to audio-electronics products; this product is headphones,N/A: Facet only applies to audio-electronics products; this product is headphones,N/A: Facet only applies to audio-electronics products; this product is headphones,N/A: Facet only applies to audio-electronics products; this product is headphones,N/A: Facet only applies to audio-electronics products; this product is headphones,N/A: Facet only applies to audio-electronics products; this product is headphones,N/A: Facet only applies to audio-electronics products; this product is headphones,N/A: Facet only applies to accessories products; this product is headphones,N/A: Facet only applies to accessories products; this product is headphones,N/A: Facet only applies to accessories products; this product is headphones
PHPYj28HJdPDHAaIBDs64e,"Astell&Kern HC3 | Portable DAC and Amp",astell-kern-hc3-portable-dac-and-amp,audio-electronics,Portable Amps,needs value,needs value,needs value,needs value,N/A: Facet only applies to headphones products; this product is audio-electronics,N/A: Facet only applies to headphones products; this product is audio-electronics,N/A: Facet only applies to headphones products; this product is audio-electronics,N/A: Facet only applies to headphones products; this product is audio-electronics,N/A: Facet only applies to headphones products; this product is audio-electronics,N/A: Facet only applies to headphones products; this product is audio-electronics,N/A: Facet only applies to headphones products; this product is audio-electronics,N/A: Facet only applies to headphones products; this product is audio-electronics,needs value,needs value,needs value,needs value,needs value,needs value,needs value,N/A: Facet only applies to accessories products; this product is audio-electronics,N/A: Facet only applies to accessories products; this product is audio-electronics,N/A: Facet only applies to accessories products; this product is audio-electronics
PHPYj28HJdPDHAaIBDs9x8,"Astell&Kern AK HC4 | Portable DAC and Amp",astell-kern-ak-hc4-portable-dac-and-amp,audio-electronics,Portable Amps,needs value,needs value,needs value,needs value,N/A: Facet only applies to headphones products; this product is audio-electronics,N/A: Facet only applies to headphones products; this product is audio-electronics,N/A: Facet only applies to headphones products; this product is audio-electronics,N/A: Facet only applies to headphones products; this product is audio-electronics,N/A: Facet only applies to headphones products; this product is audio-electronics,N/A: Facet only applies to headphones products; this product is audio-electronics,N/A: Facet only applies to headphones products; this product is audio-electronics,N/A: Facet only applies to headphones products; this product is audio-electronics,needs value,needs value,needs value,needs value,needs value,needs value,needs value,N/A: Facet only applies to accessories products; this product is audio-electronics,N/A: Facet only applies to accessories products; this product is audio-electronics,N/A: Facet only applies to accessories products; this product is audio-electronics
PHPYj28HJdPDHAaIBDsCuM,"Denon AH-D9200 Headphones",denon-ah-d9200-headphones,headphones,Closed-Back,needs value,needs value,needs value,needs value,needs value,needs value,needs value,needs value,needs value,needs value,needs value,needs value,N/A: Facet only applies to audio-electronics products; this product is headphones,N/A: Facet only applies to audio-electronics products; this product is headphones,N/A: Facet only applies to audio-electronics products; this product is headphones,N/A: Facet only applies to audio-electronics products; this product is headphones,N/A: Facet only applies to audio-electronics products; this product is headphones,N/A: Facet only applies to audio-electronics products; this product is headphones,N/A: Facet only applies to audio-electronics products; this product is headphones,N/A: Facet only applies to accessories products; this product is headphones,N/A: Facet only applies to accessories products; this product is headphones,N/A: Facet only applies to accessories products; this product is headphones
PHPYj28HJdPDHAaIBDsKN0,"Denon PerL True Wireless In-Ear Headphones",denon-perl-true-wireless-in-ear-headphones,headphones,Universal IEMs,needs value,needs value,needs value,needs value,needs value,N/A: IEMs (Universal IEMs) have no ear cup / back design,needs value,needs value,needs value,needs value,needs value,needs value,N/A: Facet only applies to audio-electronics products; this product is headphones,N/A: Facet only applies to audio-electronics products; this product is headphones,N/A: Facet only applies to audio-electronics products; this product is headphones,N/A: Facet only applies to audio-electronics products; this product is headphones,N/A: Facet only applies to audio-electronics products; this product is headphones,N/A: Facet only applies to audio-electronics products; this product is headphones,N/A: Facet only applies to audio-electronics products; this product is headphones,N/A: Facet only applies to accessories products; this product is headphones,N/A: Facet only applies to accessories products; this product is headphones,N/A: Facet only applies to accessories products; this product is headphones
Pn6oyV4Ks5AcNbecjamOn3,"Cayin PH-35X | 4.4mm to 3.5mm Adapter",cayin-ph-35x-4-4mm-to-3-5mm-adapter,accessories,Adapters,needs value,needs value,needs value,needs value,N/A: Facet only applies to headphones products; this product is accessories,N/A: Facet only applies to headphones products; this product is accessories,N/A: Facet only applies to headphones products; this product is accessories,N/A: Facet only applies to headphones products; this product is accessories,N/A: Facet only applies to headphones products; this product is accessories,N/A: Facet only applies to headphones products; this product is accessories,N/A: Facet only applies to headphones products; this product is accessories,N/A: Facet only applies to headphones products; this product is accessories,N/A: Facet only applies to audio-electronics products; this product is accessories,N/A: Facet only applies to audio-electronics products; this product is accessories,N/A: Facet only applies to audio-electronics products; this product is accessories,N/A: Facet only applies to audio-electronics products; this product is accessories,N/A: Facet only applies to audio-electronics products; this product is accessories,N/A: Facet only applies to audio-electronics products; this product is accessories,N/A: Facet only applies to audio-electronics products; this product is accessories,needs value,needs value,needs value
Pn6oyV4Ks5AcNbecjap4tM,"Cayin PH-4X | 2.5mm to 4.4mm Adapter",cayin-ph-4x-2-5mm-to-4-4mm-adapter,accessories,Adapters,needs value,needs value,needs value,needs value,N/A: Facet only applies to headphones products; this product is accessories,N/A: Facet only applies to headphones products; this product is accessories,N/A: Facet only applies to headphones products; this product is accessories,N/A: Facet only applies to headphones products; this product is accessories,N/A: Facet only applies to headphones products; this product is accessories,N/A: Facet only applies to headphones products; this product is accessories,N/A: Facet only applies to headphones products; this product is accessories,N/A: Facet only applies to headphones products; this product is accessories,N/A: Facet only applies to audio-electronics products; this product is accessories,N/A: Facet only applies to audio-electronics products; this product is accessories,N/A: Facet only applies to audio-electronics products; this product is accessories,N/A: Facet only applies to audio-electronics products; this product is accessories,N/A: Facet only applies to audio-electronics products; this product is accessories,N/A: Facet only applies to audio-electronics products; this product is accessories,N/A: Facet only applies to audio-electronics products; this product is accessories,needs value,needs value,needs value
Pn6oyV4Ks5AcNbecjatqB5,"ddHiFi DJ44Gold Headphone Adapter | 4.4mm F to 3.5mm M",ddhifi-dj44gold-headphone-adapter-4-4mm-f-to-3-5mm-m,accessories,Adapters,needs value,needs value,needs value,needs value,N/A: Facet only applies to headphones products; this product is accessories,N/A: Facet only applies to headphones products; this product is accessories,N/A: Facet only applies to headphones products; this product is accessories,N/A: Facet only applies to headphones products; this product is accessories,N/A: Facet only applies to headphones products; this product is accessories,N/A: Facet only applies to headphones products; this product is accessories,N/A: Facet only applies to headphones products; this product is accessories,N/A: Facet only applies to headphones products; this product is accessories,N/A: Facet only applies to audio-electronics products; this product is accessories,N/A: Facet only applies to audio-electronics products; this product is accessories,N/A: Facet only applies to audio-electronics products; this product is accessories,N/A: Facet only applies to audio-electronics products; this product is accessories,N/A: Facet only applies to audio-electronics products; this product is accessories,N/A: Facet only applies to audio-electronics products; this product is accessories,N/A: Facet only applies to audio-electronics products; this product is accessories,needs value,needs value,needs value
Pn6oyV4Ks5AcNbecjayoLj,"Meze Audio Manta Headphone Stand | Headphone Stand",meze-audio-manta-headphone-stand-headphone-stand,accessories,Headphone Stands,needs value,needs value,needs value,needs value,N/A: Facet only applies to headphones products; this product is accessories,N/A: Facet only applies to headphones products; this product is accessories,N/A: Facet only applies to headphones products; this product is accessories,N/A: Facet only applies to headphones products; this product is accessories,N/A: Facet only applies to headphones products; this product is accessories,N/A: Facet only applies to headphones products; this product is accessories,N/A: Facet only applies to headphones products; this product is accessories,N/A: Facet only applies to headphones products; this product is accessories,N/A: Facet only applies to audio-electronics products; this product is accessories,N/A: Facet only applies to audio-electronics products; this product is accessories,N/A: Facet only applies to audio-electronics products; this product is accessories,N/A: Facet only applies to audio-electronics products; this product is accessories,N/A: Facet only applies to audio-electronics products; this product is accessories,N/A: Facet only applies to audio-electronics products; this product is accessories,N/A: Facet only applies to audio-electronics products; this product is accessories,needs value,N/A: Earpads, eartips, stands, cases and care products have no connector/termination,needs value
Pn6oyV4Ks5AcNbecjb0hIg,"Final Audio Type E | Silicone Ear Tips",final-audio-type-e-silicone-ear-tips,accessories,Eartips,needs value,needs value,needs value,needs value,N/A: Facet only applies to headphones products; this product is accessories,N/A: Facet only applies to headphones products; this product is accessories,N/A: Facet only applies to headphones products; this product is accessories,N/A: Facet only applies to headphones products; this product is accessories,N/A: Facet only applies to headphones products; this product is accessories,N/A: Facet only applies to headphones products; this product is accessories,N/A: Facet only applies to headphones products; this product is accessories,N/A: Facet only applies to headphones products; this product is accessories,N/A: Facet only applies to audio-electronics products; this product is accessories,N/A: Facet only applies to audio-electronics products; this product is accessories,N/A: Facet only applies to audio-electronics products; this product is accessories,N/A: Facet only applies to audio-electronics products; this product is accessories,N/A: Facet only applies to audio-electronics products; this product is accessories,N/A: Facet only applies to audio-electronics products; this product is accessories,N/A: Facet only applies to audio-electronics products; this product is accessories,needs value,N/A: Earpads, eartips, stands, cases and care products have no connector/termination,needs value
Pn6oyV4Ks5AcNbecjb0rnH,"SpinFit CP1025 | Premium Eartips for TWS/AirPods",spinfit-cp1025-premium-eartips-for-tws-airpods,accessories,Eartips,needs value,needs value,needs value,needs value,N/A: Facet only applies to headphones products; this product is accessories,N/A: Facet only applies to headphones products; this product is accessories,N/A: Facet only applies to headphones products; this product is accessories,N/A: Facet only applies to headphones products; this product is accessories,N/A: Facet only applies to headphones products; this product is accessories,N/A: Facet only applies to headphones products; this product is accessories,N/A: Facet only applies to headphones products; this product is accessories,N/A: Facet only applies to headphones products; this product is accessories,N/A: Facet only applies to audio-electronics products; this product is accessories,N/A: Facet only applies to audio-electronics products; this product is accessories,N/A: Facet only applies to audio-electronics products; this product is accessories,N/A: Facet only applies to audio-electronics products; this product is accessories,N/A: Facet only applies to audio-electronics products; this product is accessories,N/A: Facet only applies to audio-electronics products; this product is accessories,N/A: Facet only applies to audio-electronics products; this product is accessories,needs value,N/A: Earpads, eartips, stands, cases and care products have no connector/termination,needs value
Pn6oyV4Ks5AcNbecjb0zLq,"SpinFit CP240 | Premium Double Flange Eartips (1 Pair)",spinfit-cp240-premium-double-flange-eartips-1-pair,accessories,Eartips,needs value,needs value,needs value,needs value,N/A: Facet only applies to headphones products; this product is accessories,N/A: Facet only applies to headphones products; this product is accessories,N/A: Facet only applies to headphones products; this product is accessories,N/A: Facet only applies to headphones products; this product is accessories,N/A: Facet only applies to headphones products; this product is accessories,N/A: Facet only applies to headphones products; this product is accessories,N/A: Facet only applies to headphones products; this product is accessories,N/A: Facet only applies to headphones products; this product is accessories,N/A: Facet only applies to audio-electronics products; this product is accessories,N/A: Facet only applies to audio-electronics products; this product is accessories,N/A: Facet only applies to audio-electronics products; this product is accessories,N/A: Facet only applies to audio-electronics products; this product is accessories,N/A: Facet only applies to audio-electronics products; this product is accessories,N/A: Facet only applies to audio-electronics products; this product is accessories,N/A: Facet only applies to audio-electronics products; this product is accessories,needs value,N/A: Earpads, eartips, stands, cases and care products have no connector/termination,needs value
Pn6oyV4Ks5AcNbecjb12LF,"SpinFit NEO | Premium Silicone Eartips",spinfit-neo-premium-silicone-eartips,accessories,Eartips,needs value,needs value,needs value,needs value,N/A: Facet only applies to headphones products; this product is accessories,N/A: Facet only applies to headphones products; this product is accessories,N/A: Facet only applies to headphones products; this product is accessories,N/A: Facet only applies to headphones products; this product is accessories,N/A: Facet only applies to headphones products; this product is accessories,N/A: Facet only applies to headphones products; this product is accessories,N/A: Facet only applies to headphones products; this product is accessories,N/A: Facet only applies to headphones products; this product is accessories,N/A: Facet only applies to audio-electronics products; this product is accessories,N/A: Facet only applies to audio-electronics products; this product is accessories,N/A: Facet only applies to audio-electronics products; this product is accessories,N/A: Facet only applies to audio-electronics products; this product is accessories,N/A: Facet only applies to audio-electronics products; this product is accessories,N/A: Facet only applies to audio-electronics products; this product is accessories,N/A: Facet only applies to audio-electronics products; this product is accessories,needs value,N/A: Earpads, eartips, stands, cases and care products have no connector/termination,needs value
Pn6oyV4Ks5AcNbecjb1MSV,"Symbio W Eartips | Hybrid Silcone/Foam Eartips",symbio-w-eartips-hybrid-silcone-foam-eartips,accessories,Eartips,needs value,needs value,needs value,needs value,N/A: Facet only applies to headphones products; this product is accessories,N/A: Facet only applies to headphones products; this product is accessories,N/A: Facet only applies to headphones products; this product is accessories,N/A: Facet only applies to headphones products; this product is accessories,N/A: Facet only applies to headphones products; this product is accessories,N/A: Facet only applies to headphones products; this product is accessories,N/A: Facet only applies to headphones products; this product is accessories,N/A: Facet only applies to headphones products; this product is accessories,N/A: Facet only applies to audio-electronics products; this product is accessories,N/A: Facet only applies to audio-electronics products; this product is accessories,N/A: Facet only applies to audio-electronics products; this product is accessories,N/A: Facet only applies to audio-electronics products; this product is accessories,N/A: Facet only applies to audio-electronics products; this product is accessories,N/A: Facet only applies to audio-electronics products; this product is accessories,N/A: Facet only applies to audio-electronics products; this product is accessories,needs value,N/A: Earpads, eartips, stands, cases and care products have no connector/termination,needs value
Pn6oyV4Ks5AcNbecjb1QJq,"ddHiFi CZ300 Portable Case | Large-Capacity Storage Bag",ddhifi-cz300-portable-case-large-capacity-storage-bag,accessories,Carrying Cases,needs value,needs value,needs value,needs value,N/A: Facet only applies to headphones products; this product is accessories,N/A: Facet only applies to headphones products; this product is accessories,N/A: Facet only applies to headphones products; this product is accessories,N/A: Facet only applies to headphones products; this product is accessories,N/A: Facet only applies to headphones products; this product is accessories,N/A: Facet only applies to headphones products; this product is accessories,N/A: Facet only applies to headphones products; this product is accessories,N/A: Facet only applies to headphones products; this product is accessories,N/A: Facet only applies to audio-electronics products; this product is accessories,N/A: Facet only applies to audio-electronics products; this product is accessories,N/A: Facet only applies to audio-electronics products; this product is accessories,N/A: Facet only applies to audio-electronics products; this product is accessories,N/A: Facet only applies to audio-electronics products; this product is accessories,N/A: Facet only applies to audio-electronics products; this product is accessories,N/A: Facet only applies to audio-electronics products; this product is accessories,needs value,N/A: Earpads, eartips, stands, cases and care products have no connector/termination,needs value
Pn6oyV4Ks5AcNbecjbDXfF,"Earpiece Cleaning Tool",earpiece-cleaning-tool,accessories,Care & Cleaning,needs value,needs value,needs value,needs value,N/A: Facet only applies to headphones products; this product is accessories,N/A: Facet only applies to headphones products; this product is accessories,N/A: Facet only applies to headphones products; this product is accessories,N/A: Facet only applies to headphones products; this product is accessories,N/A: Facet only applies to headphones products; this product is accessories,N/A: Facet only applies to headphones products; this product is accessories,N/A: Facet only applies to headphones products; this product is accessories,N/A: Facet only applies to headphones products; this product is accessories,N/A: Facet only applies to audio-electronics products; this product is accessories,N/A: Facet only applies to audio-electronics products; this product is accessories,N/A: Facet only applies to audio-electronics products; this product is accessories,N/A: Facet only applies to audio-electronics products; this product is accessories,N/A: Facet only applies to audio-electronics products; this product is accessories,N/A: Facet only applies to audio-electronics products; this product is accessories,N/A: Facet only applies to audio-electronics products; this product is accessories,needs value,N/A: Earpads, eartips, stands, cases and care products have no connector/termination,needs value
Pn6oyV4Ks5AcNbecjbDai1,"Dry-Aid desiccant",dry-aid-desiccant,accessories,Care & Cleaning,needs value,needs value,needs value,needs value,N/A: Facet only applies to headphones products; this product is accessories,N/A: Facet only applies to headphones products; this product is accessories,N/A: Facet only applies to headphones products; this product is accessories,N/A: Facet only applies to headphones products; this product is accessories,N/A: Facet only applies to headphones products; this product is accessories,N/A: Facet only applies to headphones products; this product is accessories,N/A: Facet only applies to headphones products; this product is accessories,N/A: Facet only applies to headphones products; this product is accessories,N/A: Facet only applies to audio-electronics products; this product is accessories,N/A: Facet only applies to audio-electronics products; this product is accessories,N/A: Facet only applies to audio-electronics products; this product is accessories,N/A: Facet only applies to audio-electronics products; this product is accessories,N/A: Facet only applies to audio-electronics products; this product is accessories,N/A: Facet only applies to audio-electronics products; this product is accessories,N/A: Facet only applies to audio-electronics products; this product is accessories,needs value,N/A: Earpads, eartips, stands, cases and care products have no connector/termination,needs value
Pn6oyV4Ks5AcNbecjbDc7f,"Jodi-Vac (Consumer) IEM vacuum",jodi-vac-consumer-iem-vacuum,accessories,Care & Cleaning,needs value,needs value,needs value,needs value,N/A: Facet only applies to headphones products; this product is accessories,N/A: Facet only applies to headphones products; this product is accessories,N/A: Facet only applies to headphones products; this product is accessories,N/A: Facet only applies to headphones products; this product is accessories,N/A: Facet only applies to headphones products; this product is accessories,N/A: Facet only applies to headphones products; this product is accessories,N/A: Facet only applies to headphones products; this product is accessories,N/A: Facet only applies to headphones products; this product is accessories,N/A: Facet only applies to audio-electronics products; this product is accessories,N/A: Facet only applies to audio-electronics products; this product is accessories,N/A: Facet only applies to audio-electronics products; this product is accessories,N/A: Facet only applies to audio-electronics products; this product is accessories,N/A: Facet only applies to audio-electronics products; this product is accessories,N/A: Facet only applies to audio-electronics products; this product is accessories,N/A: Facet only applies to audio-electronics products; this product is accessories,needs value,N/A: Earpads, eartips, stands, cases and care products have no connector/termination,needs value
Pn6oyV4Ks5AcNbecjbKjAx,"Small Dehumidifier 3-Pack",small-dehumidifier-3-pack,accessories,Care & Cleaning,needs value,needs value,needs value,needs value,N/A: Facet only applies to headphones products; this product is accessories,N/A: Facet only applies to headphones products; this product is accessories,N/A: Facet only applies to headphones products; this product is accessories,N/A: Facet only applies to headphones products; this product is accessories,N/A: Facet only applies to headphones products; this product is accessories,N/A: Facet only applies to headphones products; this product is accessories,N/A: Facet only applies to headphones products; this product is accessories,N/A: Facet only applies to headphones products; this product is accessories,N/A: Facet only applies to audio-electronics products; this product is accessories,N/A: Facet only applies to audio-electronics products; this product is accessories,N/A: Facet only applies to audio-electronics products; this product is accessories,N/A: Facet only applies to audio-electronics products; this product is accessories,N/A: Facet only applies to audio-electronics products; this product is accessories,N/A: Facet only applies to audio-electronics products; this product is accessories,N/A: Facet only applies to audio-electronics products; this product is accessories,needs value,N/A: Earpads, eartips, stands, cases and care products have no connector/termination,needs value
Pn6oyV4Ks5AcNbecjbXRKV,"Audeze Premium Braided Upgrade Cable | 6.3 or XLR for LCD Series",audeze-premium-braided-upgrade-cable-6-3-or-xlr-for-lcd-series,accessories,Headphone Cables,needs value,needs value,needs value,needs value,N/A: Facet only applies to headphones products; this product is accessories,N/A: Facet only applies to headphones products; this product is accessories,N/A: Facet only applies to headphones products; this product is accessories,N/A: Facet only applies to headphones products; this product is accessories,N/A: Facet only applies to headphones products; this product is accessories,N/A: Facet only applies to headphones products; this product is accessories,N/A: Facet only applies to headphones products; this product is accessories,N/A: Facet only applies to headphones products; this product is accessories,N/A: Facet only applies to audio-electronics products; this product is accessories,N/A: Facet only applies to audio-electronics products; this product is accessories,N/A: Facet only applies to audio-electronics products; this product is accessories,N/A: Facet only applies to audio-electronics products; this product is accessories,N/A: Facet only applies to audio-electronics products; this product is accessories,N/A: Facet only applies to audio-electronics products; this product is accessories,N/A: Facet only applies to audio-electronics products; this product is accessories,needs value,needs value,needs value
Pn6oyV4Ks5AcNbecjbXY7s,"Dekoni Audio Balanced XLR Cable for Sennheiser HD800 | Replacement Headphone Cable",dekoni-audio-balanced-xlr-cable-for-sennheiser-hd800-replacement-headphone-cable,accessories,Headphone Cables,needs value,needs value,needs value,needs value,N/A: Facet only applies to headphones products; this product is accessories,N/A: Facet only applies to headphones products; this product is accessories,N/A: Facet only applies to headphones products; this product is accessories,N/A: Facet only applies to headphones products; this product is accessories,N/A: Facet only applies to headphones products; this product is accessories,N/A: Facet only applies to headphones products; this product is accessories,N/A: Facet only applies to headphones products; this product is accessories,N/A: Facet only applies to headphones products; this product is accessories,N/A: Facet only applies to audio-electronics products; this product is accessories,N/A: Facet only applies to audio-electronics products; this product is accessories,N/A: Facet only applies to audio-electronics products; this product is accessories,N/A: Facet only applies to audio-electronics products; this product is accessories,N/A: Facet only applies to audio-electronics products; this product is accessories,N/A: Facet only applies to audio-electronics products; this product is accessories,N/A: Facet only applies to audio-electronics products; this product is accessories,needs value,needs value,needs value
Pn6oyV4Ks5AcNbecjbXdBN,"Eletech Cassiel | Silver-Plated Copper Upgrade Cable for IEMs",eletech-cassiel-silver-plated-copper-upgrade-cable-for-iems,accessories,Headphone Cables,needs value,needs value,needs value,needs value,N/A: Facet only applies to headphones products; this product is accessories,N/A: Facet only applies to headphones products; this product is accessories,N/A: Facet only applies to headphones products; this product is accessories,N/A: Facet only applies to headphones products; this product is accessories,N/A: Facet only applies to headphones products; this product is accessories,N/A: Facet only applies to headphones products; this product is accessories,N/A: Facet only applies to headphones products; this product is accessories,N/A: Facet only applies to headphones products; this product is accessories,N/A: Facet only applies to audio-electronics products; this product is accessories,N/A: Facet only applies to audio-electronics products; this product is accessories,N/A: Facet only applies to audio-electronics products; this product is accessories,N/A: Facet only applies to audio-electronics products; this product is accessories,N/A: Facet only applies to audio-electronics products; this product is accessories,N/A: Facet only applies to audio-electronics products; this product is accessories,N/A: Facet only applies to audio-electronics products; this product is accessories,needs value,needs value,needs value
Pn6oyV4Ks5AcNbecjbXdtC,"Eletech Elegy to Lucia | Limited Flagship IEM Cable",eletech-elegy-to-lucia-limited-flagship-iem-cable,accessories,Headphone Cables,needs value,needs value,needs value,needs value,N/A: Facet only applies to headphones products; this product is accessories,N/A: Facet only applies to headphones products; this product is accessories,N/A: Facet only applies to headphones products; this product is accessories,N/A: Facet only applies to headphones products; this product is accessories,N/A: Facet only applies to headphones products; this product is accessories,N/A: Facet only applies to headphones products; this product is accessories,N/A: Facet only applies to headphones products; this product is accessories,N/A: Facet only applies to headphones products; this product is accessories,N/A: Facet only applies to audio-electronics products; this product is accessories,N/A: Facet only applies to audio-electronics products; this product is accessories,N/A: Facet only applies to audio-electronics products; this product is accessories,N/A: Facet only applies to audio-electronics products; this product is accessories,N/A: Facet only applies to audio-electronics products; this product is accessories,N/A: Facet only applies to audio-electronics products; this product is accessories,N/A: Facet only applies to audio-electronics products; this product is accessories,needs value,needs value,needs value
Pn6oyV4Ks5AcNbecjbXftv,"Eletech Euclid | Silver IEM Upgrade Cable",eletech-euclid-silver-iem-upgrade-cable,accessories,Headphone Cables,needs value,needs value,needs value,needs value,N/A: Facet only applies to headphones products; this product is accessories,N/A: Facet only applies to headphones products; this product is accessories,N/A: Facet only applies to headphones products; this product is accessories,N/A: Facet only applies to headphones products; this product is accessories,N/A: Facet only applies to headphones products; this product is accessories,N/A: Facet only applies to headphones products; this product is accessories,N/A: Facet only applies to headphones products; this product is accessories,N/A: Facet only applies to headphones products; this product is accessories,N/A: Facet only applies to audio-electronics products; this product is accessories,N/A: Facet only applies to audio-electronics products; this product is accessories,N/A: Facet only applies to audio-electronics products; this product is accessories,N/A: Facet only applies to audio-electronics products; this product is accessories,N/A: Facet only applies to audio-electronics products; this product is accessories,N/A: Facet only applies to audio-electronics products; this product is accessories,N/A: Facet only applies to audio-electronics products; this product is accessories,needs value,needs value,needs value
Pn6oyV4Ks5AcNbecjexfWP,"FiiO M17 Portable Music Player",fiio-m17-portable-music-player,audio-electronics,Digital Players (DAPs),needs value,needs value,needs value,needs value,N/A: Facet only applies to headphones products; this product is audio-electronics,N/A: Facet only applies to headphones products; this product is audio-electronics,N/A: Facet only applies to headphones products; this product is audio-electronics,N/A: Facet only applies to headphones products; this product is audio-electronics,N/A: Facet only applies to headphones products; this product is audio-electronics,N/A: Facet only applies to headphones products; this product is audio-electronics,N/A: Facet only applies to headphones products; this product is audio-electronics,N/A: Facet only applies to headphones products; this product is audio-electronics,needs value,needs value,needs value,needs value,needs value,needs value,needs value,N/A: Facet only applies to accessories products; this product is audio-electronics,N/A: Facet only applies to accessories products; this product is audio-electronics,N/A: Facet only applies to accessories products; this product is audio-electronics
Pn6oyV4Ks5AcNbecjgp8X6,"FiiO BTR17 Bluetooth DAC And Headphone Amp",fiio-btr17-bluetooth-dac-and-headphone-amp,audio-electronics,Bluetooth DAC/Amps,needs value,needs value,needs value,needs value,N/A: Facet only applies to headphones products; this product is audio-electronics,N/A: Facet only applies to headphones products; this product is audio-electronics,N/A: Facet only applies to headphones products; this product is audio-electronics,N/A: Facet only applies to headphones products; this product is audio-electronics,N/A: Facet only applies to headphones products; this product is audio-electronics,N/A: Facet only applies to headphones products; this product is audio-electronics,N/A: Facet only applies to headphones products; this product is audio-electronics,N/A: Facet only applies to headphones products; this product is audio-electronics,needs value,needs value,needs value,needs value,needs value,needs value,needs value,N/A: Facet only applies to accessories products; this product is audio-electronics,N/A: Facet only applies to accessories products; this product is audio-electronics,N/A: Facet only applies to accessories products; this product is audio-electronics
Pn6oyV4Ks5AcNbecjgpOZX,"FiiO BTR7 Portable DAC and Headphone Amp",fiio-btr7-portable-dac-and-headphone-amp,audio-electronics,Bluetooth DAC/Amps,needs value,needs value,needs value,needs value,N/A: Facet only applies to headphones products; this product is audio-electronics,N/A: Facet only applies to headphones products; this product is audio-electronics,N/A: Facet only applies to headphones products; this product is audio-electronics,N/A: Facet only applies to headphones products; this product is audio-electronics,N/A: Facet only applies to headphones products; this product is audio-electronics,N/A: Facet only applies to headphones products; this product is audio-electronics,N/A: Facet only applies to headphones products; this product is audio-electronics,N/A: Facet only applies to headphones products; this product is audio-electronics,needs value,needs value,needs value,needs value,needs value,needs value,needs value,N/A: Facet only applies to accessories products; this product is audio-electronics,N/A: Facet only applies to accessories products; this product is audio-electronics,N/A: Facet only applies to accessories products; this product is audio-electronics
Pn6oyV4Ks5AcNbecjgq7ah,"Hifiman Edition XS Headphones",hifiman-edition-xs-headphones,headphones,Open-Back,needs value,needs value,needs value,needs value,needs value,needs value,needs value,needs value,needs value,needs value,needs value,needs value,N/A: Facet only applies to audio-electronics products; this product is headphones,N/A: Facet only applies to audio-electronics products; this product is headphones,N/A: Facet only applies to audio-electronics products; this product is headphones,N/A: Facet only applies to audio-electronics products; this product is headphones,N/A: Facet only applies to audio-electronics products; this product is headphones,N/A: Facet only applies to audio-electronics products; this product is headphones,N/A: Facet only applies to audio-electronics products; this product is headphones,N/A: Facet only applies to accessories products; this product is headphones,N/A: Facet only applies to accessories products; this product is headphones,N/A: Facet only applies to accessories products; this product is headphones
Pn6oyV4Ks5AcNbecjgqHro,"Hifiman HE400se Entry-Level Headphones",hifiman-he400se-entry-level-headphones,headphones,Open-Back,needs value,needs value,needs value,needs value,needs value,needs value,needs value,needs value,needs value,needs value,needs value,needs value,N/A: Facet only applies to audio-electronics products; this product is headphones,N/A: Facet only applies to audio-electronics products; this product is headphones,N/A: Facet only applies to audio-electronics products; this product is headphones,N/A: Facet only applies to audio-electronics products; this product is headphones,N/A: Facet only applies to audio-electronics products; this product is headphones,N/A: Facet only applies to audio-electronics products; this product is headphones,N/A: Facet only applies to audio-electronics products; this product is headphones,N/A: Facet only applies to accessories products; this product is headphones,N/A: Facet only applies to accessories products; this product is headphones,N/A: Facet only applies to accessories products; this product is headphones
Pn6oyV4Ks5AcNbecjgqXuF,"Hifiman Arya Organic Headphones",hifiman-arya-organic-headphones,headphones,Open-Back,needs value,needs value,needs value,needs value,needs value,needs value,needs value,needs value,needs value,needs value,needs value,needs value,N/A: Facet only applies to audio-electronics products; this product is headphones,N/A: Facet only applies to audio-electronics products; this product is headphones,N/A: Facet only applies to audio-electronics products; this product is headphones,N/A: Facet only applies to audio-electronics products; this product is headphones,N/A: Facet only applies to audio-electronics products; this product is headphones,N/A: Facet only applies to audio-electronics products; this product is headphones,N/A: Facet only applies to audio-electronics products; this product is headphones,N/A: Facet only applies to accessories products; this product is headphones,N/A: Facet only applies to accessories products; this product is headphones,N/A: Facet only applies to accessories products; this product is headphones
Pn6oyV4Ks5AcNbecjgqaFC,"Hifiman HE1000se Headphones",hifiman-he1000se-headphones,headphones,Open-Back,needs value,needs value,needs value,needs value,needs value,needs value,needs value,needs value,needs value,needs value,needs value,needs value,N/A: Facet only applies to audio-electronics products; this product is headphones,N/A: Facet only applies to audio-electronics products; this product is headphones,N/A: Facet only applies to audio-electronics products; this product is headphones,N/A: Facet only applies to audio-electronics products; this product is headphones,N/A: Facet only applies to audio-electronics products; this product is headphones,N/A: Facet only applies to audio-electronics products; this product is headphones,N/A: Facet only applies to audio-electronics products; this product is headphones,N/A: Facet only applies to accessories products; this product is headphones,N/A: Facet only applies to accessories products; this product is headphones,N/A: Facet only applies to accessories products; this product is headphones
Pn6oyV4Ks5AcNbecjgql0e,"Focal Hadenys",focal-hadenys,headphones,Open-Back,needs value,needs value,needs value,needs value,needs value,needs value,needs value,needs value,needs value,needs value,needs value,needs value,N/A: Facet only applies to audio-electronics products; this product is headphones,N/A: Facet only applies to audio-electronics products; this product is headphones,N/A: Facet only applies to audio-electronics products; this product is headphones,N/A: Facet only applies to audio-electronics products; this product is headphones,N/A: Facet only applies to audio-electronics products; this product is headphones,N/A: Facet only applies to audio-electronics products; this product is headphones,N/A: Facet only applies to audio-electronics products; this product is headphones,N/A: Facet only applies to accessories products; this product is headphones,N/A: Facet only applies to accessories products; this product is headphones,N/A: Facet only applies to accessories products; this product is headphones
Pn6oyV4Ks5AcNbecjgrju8,"Sennheiser HD 600 Headphones",sennheiser-hd-600-headphones,headphones,Open-Back,needs value,needs value,needs value,needs value,needs value,needs value,needs value,needs value,needs value,needs value,needs value,needs value,N/A: Facet only applies to audio-electronics products; this product is headphones,N/A: Facet only applies to audio-electronics products; this product is headphones,N/A: Facet only applies to audio-electronics products; this product is headphones,N/A: Facet only applies to audio-electronics products; this product is headphones,N/A: Facet only applies to audio-electronics products; this product is headphones,N/A: Facet only applies to audio-electronics products; this product is headphones,N/A: Facet only applies to audio-electronics products; this product is headphones,N/A: Facet only applies to accessories products; this product is headphones,N/A: Facet only applies to accessories products; this product is headphones,N/A: Facet only applies to accessories products; this product is headphones
Pn6oyV4Ks5AcNbecjgrpEU,"Sennheiser HD 650 Headphones",sennheiser-hd-650-headphones,headphones,Open-Back,needs value,needs value,needs value,needs value,needs value,needs value,needs value,needs value,needs value,needs value,needs value,needs value,N/A: Facet only applies to audio-electronics products; this product is headphones,N/A: Facet only applies to audio-electronics products; this product is headphones,N/A: Facet only applies to audio-electronics products; this product is headphones,N/A: Facet only applies to audio-electronics products; this product is headphones,N/A: Facet only applies to audio-electronics products; this product is headphones,N/A: Facet only applies to audio-electronics products; this product is headphones,N/A: Facet only applies to audio-electronics products; this product is headphones,N/A: Facet only applies to accessories products; this product is headphones,N/A: Facet only applies to accessories products; this product is headphones,N/A: Facet only applies to accessories products; this product is headphones
Pn6oyV4Ks5AcNbecjgs488,"Meze Audio Manta Headphone Stand",meze-audio-manta-headphone-stand,accessories,Headphone Stands,needs value,needs value,needs value,needs value,N/A: Facet only applies to headphones products; this product is accessories,N/A: Facet only applies to headphones products; this product is accessories,N/A: Facet only applies to headphones products; this product is accessories,N/A: Facet only applies to headphones products; this product is accessories,N/A: Facet only applies to headphones products; this product is accessories,N/A: Facet only applies to headphones products; this product is accessories,N/A: Facet only applies to headphones products; this product is accessories,N/A: Facet only applies to headphones products; this product is accessories,N/A: Facet only applies to audio-electronics products; this product is accessories,N/A: Facet only applies to audio-electronics products; this product is accessories,N/A: Facet only applies to audio-electronics products; this product is accessories,N/A: Facet only applies to audio-electronics products; this product is accessories,N/A: Facet only applies to audio-electronics products; this product is accessories,N/A: Facet only applies to audio-electronics products; this product is accessories,N/A: Facet only applies to audio-electronics products; this product is accessories,needs value,N/A: Earpads, eartips, stands, cases and care products have no connector/termination,needs value
Pn6oyV4Ks5AcNbecjgsEF8,"Chord Electronics Mojo 2 Portable DAC and Headphone Amplifier (4.4mm)",chord-electronics-mojo-2-portable-dac-and-headphone-amplifier-4-4mm,audio-electronics,Portable Amps,needs value,needs value,needs value,needs value,N/A: Facet only applies to headphones products; this product is audio-electronics,N/A: Facet only applies to headphones products; this product is audio-electronics,N/A: Facet only applies to headphones products; this product is audio-electronics,N/A: Facet only applies to headphones products; this product is audio-electronics,N/A: Facet only applies to headphones products; this product is audio-electronics,N/A: Facet only applies to headphones products; this product is audio-electronics,N/A: Facet only applies to headphones products; this product is audio-electronics,N/A: Facet only applies to headphones products; this product is audio-electronics,needs value,needs value,needs value,needs value,needs value,needs value,needs value,N/A: Facet only applies to accessories products; this product is audio-electronics,N/A: Facet only applies to accessories products; this product is audio-electronics,N/A: Facet only applies to accessories products; this product is audio-electronics
Pn6oyV4Ks5AcNbecjgsda0,"Questyle M12i Portable USB DAC & Headphone Amp",questyle-m12i-portable-usb-dac-headphone-amp,audio-electronics,Portable Amps,needs value,needs value,needs value,needs value,N/A: Facet only applies to headphones products; this product is audio-electronics,N/A: Facet only applies to headphones products; this product is audio-electronics,N/A: Facet only applies to headphones products; this product is audio-electronics,N/A: Facet only applies to headphones products; this product is audio-electronics,N/A: Facet only applies to headphones products; this product is audio-electronics,N/A: Facet only applies to headphones products; this product is audio-electronics,N/A: Facet only applies to headphones products; this product is audio-electronics,N/A: Facet only applies to headphones products; this product is audio-electronics,needs value,needs value,needs value,needs value,needs value,needs value,needs value,N/A: Facet only applies to accessories products; this product is audio-electronics,N/A: Facet only applies to accessories products; this product is audio-electronics,N/A: Facet only applies to accessories products; this product is audio-electronics
Pn6oyV4Ks5AcNbecjgsvqe,"iFi Audio GO Bar Portable USB DAC & Headphone Amplifier",ifi-audio-go-bar-portable-usb-dac-headphone-amplifier,audio-electronics,Portable Amps,needs value,needs value,needs value,needs value,N/A: Facet only applies to headphones products; this product is audio-electronics,N/A: Facet only applies to headphones products; this product is audio-electronics,N/A: Facet only applies to headphones products; this product is audio-electronics,N/A: Facet only applies to headphones products; this product is audio-electronics,N/A: Facet only applies to headphones products; this product is audio-electronics,N/A: Facet only applies to headphones products; this product is audio-electronics,N/A: Facet only applies to headphones products; this product is audio-electronics,N/A: Facet only applies to headphones products; this product is audio-electronics,needs value,needs value,needs value,needs value,needs value,needs value,needs value,N/A: Facet only applies to accessories products; this product is audio-electronics,N/A: Facet only applies to accessories products; this product is audio-electronics,N/A: Facet only applies to accessories products; this product is audio-electronics
Pn6oyV4Ks5AcNbecjgtLZ7,"Eversolo DMP-A6 Streamer and DAC Gen 2",eversolo-dmp-a6-streamer-and-dac-gen-2,audio-electronics,Network Streamers,needs value,needs value,needs value,needs value,N/A: Facet only applies to headphones products; this product is audio-electronics,N/A: Facet only applies to headphones products; this product is audio-electronics,N/A: Facet only applies to headphones products; this product is audio-electronics,N/A: Facet only applies to headphones products; this product is audio-electronics,N/A: Facet only applies to headphones products; this product is audio-electronics,N/A: Facet only applies to headphones products; this product is audio-electronics,N/A: Facet only applies to headphones products; this product is audio-electronics,N/A: Facet only applies to headphones products; this product is audio-electronics,needs value,needs value,needs value,needs value,needs value,needs value,needs value,N/A: Facet only applies to accessories products; this product is audio-electronics,N/A: Facet only applies to accessories products; this product is audio-electronics,N/A: Facet only applies to accessories products; this product is audio-electronics
Pn6oyV4Ks5AcNbecjguCqf,"Ferrum WANDLA 2.0 DAC",ferrum-wandla-2-0-dac,audio-electronics,Standalone DACs,needs value,needs value,needs value,needs value,N/A: Facet only applies to headphones products; this product is audio-electronics,N/A: Facet only applies to headphones products; this product is audio-electronics,N/A: Facet only applies to headphones products; this product is audio-electronics,N/A: Facet only applies to headphones products; this product is audio-electronics,N/A: Facet only applies to headphones products; this product is audio-electronics,N/A: Facet only applies to headphones products; this product is audio-electronics,N/A: Facet only applies to headphones products; this product is audio-electronics,N/A: Facet only applies to headphones products; this product is audio-electronics,needs value,needs value,needs value,needs value,needs value,needs value,needs value,N/A: Facet only applies to accessories products; this product is audio-electronics,N/A: Facet only applies to accessories products; this product is audio-electronics,N/A: Facet only applies to accessories products; this product is audio-electronics
Pn6oyV4Ks5AcNbecjguegb,"RME ADI-2 DAC FS Desktop DAC & Headphone Amp",rme-adi-2-dac-fs-desktop-dac-headphone-amp,audio-electronics,DAC/Amp Combos,needs value,needs value,needs value,needs value,N/A: Facet only applies to headphones products; this product is audio-electronics,N/A: Facet only applies to headphones products; this product is audio-electronics,N/A: Facet only applies to headphones products; this product is audio-electronics,N/A: Facet only applies to headphones products; this product is audio-electronics,N/A: Facet only applies to headphones products; this product is audio-electronics,N/A: Facet only applies to headphones products; this product is audio-electronics,N/A: Facet only applies to headphones products; this product is audio-electronics,N/A: Facet only applies to headphones products; this product is audio-electronics,needs value,needs value,needs value,needs value,needs value,needs value,needs value,N/A: Facet only applies to accessories products; this product is audio-electronics,N/A: Facet only applies to accessories products; this product is audio-electronics,N/A: Facet only applies to accessories products; this product is audio-electronics
Pn6oyV4Ks5AcNbecjgysXB,"Audeze LCD-X Headphones | 2024 Creator's Edition",audeze-lcd-x-headphones-2024-creator-s-edition,headphones,Open-Back,needs value,needs value,needs value,needs value,needs value,needs value,needs value,needs value,needs value,needs value,needs value,needs value,N/A: Facet only applies to audio-electronics products; this product is headphones,N/A: Facet only applies to audio-electronics products; this product is headphones,N/A: Facet only applies to audio-electronics products; this product is headphones,N/A: Facet only applies to audio-electronics products; this product is headphones,N/A: Facet only applies to audio-electronics products; this product is headphones,N/A: Facet only applies to audio-electronics products; this product is headphones,N/A: Facet only applies to audio-electronics products; this product is headphones,N/A: Facet only applies to accessories products; this product is headphones,N/A: Facet only applies to accessories products; this product is headphones,N/A: Facet only applies to accessories products; this product is headphones
Pn6oyV4Ks5AcNbecjgz0Fr,"Audeze MM-100 Headphones",audeze-mm-100-headphones,headphones,Open-Back,needs value,needs value,needs value,needs value,needs value,needs value,needs value,needs value,needs value,needs value,needs value,needs value,N/A: Facet only applies to audio-electronics products; this product is headphones,N/A: Facet only applies to audio-electronics products; this product is headphones,N/A: Facet only applies to audio-electronics products; this product is headphones,N/A: Facet only applies to audio-electronics products; this product is headphones,N/A: Facet only applies to audio-electronics products; this product is headphones,N/A: Facet only applies to audio-electronics products; this product is headphones,N/A: Facet only applies to audio-electronics products; this product is headphones,N/A: Facet only applies to accessories products; this product is headphones,N/A: Facet only applies to accessories products; this product is headphones,N/A: Facet only applies to accessories products; this product is headphones
Pn6oyV4Ks5AcNbecjgzEw1,"HEDD Audio HEDDphone D1 Headphones",hedd-audio-heddphone-d1-headphones,headphones,Open-Back,needs value,needs value,needs value,needs value,needs value,needs value,needs value,needs value,needs value,needs value,needs value,needs value,N/A: Facet only applies to audio-electronics products; this product is headphones,N/A: Facet only applies to audio-electronics products; this product is headphones,N/A: Facet only applies to audio-electronics products; this product is headphones,N/A: Facet only applies to audio-electronics products; this product is headphones,N/A: Facet only applies to audio-electronics products; this product is headphones,N/A: Facet only applies to audio-electronics products; this product is headphones,N/A: Facet only applies to audio-electronics products; this product is headphones,N/A: Facet only applies to accessories products; this product is headphones,N/A: Facet only applies to accessories products; this product is headphones,N/A: Facet only applies to accessories products; this product is headphones
Pn6oyV4Ks5AcNbecjh0awA,"CrinEar Protocol Max",crinear-protocol-max,audio-electronics,Portable Amps,needs value,needs value,needs value,needs value,N/A: Facet only applies to headphones products; this product is audio-electronics,N/A: Facet only applies to headphones products; this product is audio-electronics,N/A: Facet only applies to headphones products; this product is audio-electronics,N/A: Facet only applies to headphones products; this product is audio-electronics,N/A: Facet only applies to headphones products; this product is audio-electronics,N/A: Facet only applies to headphones products; this product is audio-electronics,N/A: Facet only applies to headphones products; this product is audio-electronics,N/A: Facet only applies to headphones products; this product is audio-electronics,needs value,needs value,needs value,needs value,needs value,needs value,needs value,N/A: Facet only applies to accessories products; this product is audio-electronics,N/A: Facet only applies to accessories products; this product is audio-electronics,N/A: Facet only applies to accessories products; this product is audio-electronics
Pn6oyV4Ks5AcNbecjh1b8Y,"HiFi Rose RS150B Reference HiFi Network Streamer",hifi-rose-rs150b-reference-hifi-network-streamer,audio-electronics,Network Streamers,needs value,needs value,needs value,needs value,N/A: Facet only applies to headphones products; this product is audio-electronics,N/A: Facet only applies to headphones products; this product is audio-electronics,N/A: Facet only applies to headphones products; this product is audio-electronics,N/A: Facet only applies to headphones products; this product is audio-electronics,N/A: Facet only applies to headphones products; this product is audio-electronics,N/A: Facet only applies to headphones products; this product is audio-electronics,N/A: Facet only applies to headphones products; this product is audio-electronics,N/A: Facet only applies to headphones products; this product is audio-electronics,needs value,needs value,needs value,needs value,needs value,needs value,needs value,N/A: Facet only applies to accessories products; this product is audio-electronics,N/A: Facet only applies to accessories products; this product is audio-electronics,N/A: Facet only applies to accessories products; this product is audio-electronics
Pn6oyV4Ks5AcNbecjh34kd,"Feliks Audio Echo Classic",feliks-audio-echo-classic,audio-electronics,Desktop Amps,needs value,needs value,needs value,needs value,N/A: Facet only applies to headphones products; this product is audio-electronics,N/A: Facet only applies to headphones products; this product is audio-electronics,N/A: Facet only applies to headphones products; this product is audio-electronics,N/A: Facet only applies to headphones products; this product is audio-electronics,N/A: Facet only applies to headphones products; this product is audio-electronics,N/A: Facet only applies to headphones products; this product is audio-electronics,N/A: Facet only applies to headphones products; this product is audio-electronics,N/A: Facet only applies to headphones products; this product is audio-electronics,needs value,needs value,needs value,needs value,needs value,needs value,needs value,N/A: Facet only applies to accessories products; this product is audio-electronics,N/A: Facet only applies to accessories products; this product is audio-electronics,N/A: Facet only applies to accessories products; this product is audio-electronics
Pn6oyV4Ks5AcNbecjh3AqB,"Feliks Audio Envy Flagship Desktop Headphone Tube Amplifier",feliks-audio-envy-flagship-desktop-headphone-tube-amplifier,audio-electronics,Desktop Amps,needs value,needs value,needs value,needs value,N/A: Facet only applies to headphones products; this product is audio-electronics,N/A: Facet only applies to headphones products; this product is audio-electronics,N/A: Facet only applies to headphones products; this product is audio-electronics,N/A: Facet only applies to headphones products; this product is audio-electronics,N/A: Facet only applies to headphones products; this product is audio-electronics,N/A: Facet only applies to headphones products; this product is audio-electronics,N/A: Facet only applies to headphones products; this product is audio-electronics,N/A: Facet only applies to headphones products; this product is audio-electronics,needs value,needs value,needs value,needs value,needs value,needs value,needs value,N/A: Facet only applies to accessories products; this product is audio-electronics,N/A: Facet only applies to accessories products; this product is audio-electronics,N/A: Facet only applies to accessories products; this product is audio-electronics
Pn6oyV4Ks5AcNbecjh3egq,"HEDD Audio GTC HEDDphone TWO Cable",hedd-audio-gtc-heddphone-two-cable,accessories,Headphone Cables,needs value,needs value,needs value,needs value,N/A: Facet only applies to headphones products; this product is accessories,N/A: Facet only applies to headphones products; this product is accessories,N/A: Facet only applies to headphones products; this product is accessories,N/A: Facet only applies to headphones products; this product is accessories,N/A: Facet only applies to headphones products; this product is accessories,N/A: Facet only applies to headphones products; this product is accessories,N/A: Facet only applies to headphones products; this product is accessories,N/A: Facet only applies to headphones products; this product is accessories,N/A: Facet only applies to audio-electronics products; this product is accessories,N/A: Facet only applies to audio-electronics products; this product is accessories,N/A: Facet only applies to audio-electronics products; this product is accessories,N/A: Facet only applies to audio-electronics products; this product is accessories,N/A: Facet only applies to audio-electronics products; this product is accessories,N/A: Facet only applies to audio-electronics products; this product is accessories,N/A: Facet only applies to audio-electronics products; this product is accessories,needs value,needs value,needs value
Pn6oyV4Ks5AcNbecjh3ghZ,"Crystal Cable DUET for Focal Utopia",crystal-cable-duet-for-focal-utopia,accessories,Headphone Cables,needs value,needs value,needs value,needs value,N/A: Facet only applies to headphones products; this product is accessories,N/A: Facet only applies to headphones products; this product is accessories,N/A: Facet only applies to headphones products; this product is accessories,N/A: Facet only applies to headphones products; this product is accessories,N/A: Facet only applies to headphones products; this product is accessories,N/A: Facet only applies to headphones products; this product is accessories,N/A: Facet only applies to headphones products; this product is accessories,N/A: Facet only applies to headphones products; this product is accessories,N/A: Facet only applies to audio-electronics products; this product is accessories,N/A: Facet only applies to audio-electronics products; this product is accessories,N/A: Facet only applies to audio-electronics products; this product is accessories,N/A: Facet only applies to audio-electronics products; this product is accessories,N/A: Facet only applies to audio-electronics products; this product is accessories,N/A: Facet only applies to audio-electronics products; this product is accessories,N/A: Facet only applies to audio-electronics products; this product is accessories,needs value,needs value,needs value
Pn6oyV4Ks5AcNbecjh3y6H,"Astell&Kern A&ultima SP4000T | Vacuum Tube Digital Audio Player",astell-kern-a-ultima-sp4000t-vacuum-tube-digital-audio-player,audio-electronics,Digital Players (DAPs),needs value,needs value,needs value,needs value,N/A: Facet only applies to headphones products; this product is audio-electronics,N/A: Facet only applies to headphones products; this product is audio-electronics,N/A: Facet only applies to headphones products; this product is audio-electronics,N/A: Facet only applies to headphones products; this product is audio-electronics,N/A: Facet only applies to headphones products; this product is audio-electronics,N/A: Facet only applies to headphones products; this product is audio-electronics,N/A: Facet only applies to headphones products; this product is audio-electronics,N/A: Facet only applies to headphones products; this product is audio-electronics,needs value,needs value,needs value,needs value,needs value,needs value,needs value,N/A: Facet only applies to accessories products; this product is audio-electronics,N/A: Facet only applies to accessories products; this product is audio-electronics,N/A: Facet only applies to accessories products; this product is audio-electronics
Pn6oyV4Ks5AcNbecjh4ExH,"Astell&Kern PD10 | Digital Audio Player",astell-kern-pd10-digital-audio-player,audio-electronics,Digital Players (DAPs),needs value,needs value,needs value,needs value,N/A: Facet only applies to headphones products; this product is audio-electronics,N/A: Facet only applies to headphones products; this product is audio-electronics,N/A: Facet only applies to headphones products; this product is audio-electronics,N/A: Facet only applies to headphones products; this product is audio-electronics,N/A: Facet only applies to headphones products; this product is audio-electronics,N/A: Facet only applies to headphones products; this product is audio-electronics,N/A: Facet only applies to headphones products; this product is audio-electronics,N/A: Facet only applies to headphones products; this product is audio-electronics,needs value,needs value,needs value,needs value,needs value,needs value,needs value,N/A: Facet only applies to accessories products; this product is audio-electronics,N/A: Facet only applies to accessories products; this product is audio-electronics,N/A: Facet only applies to accessories products; this product is audio-electronics
Pn6oyV4Ks5AcNbecjh4PL8,"Astell&Kern A&ultima SP3000T | Vacuum Tube Digital Audio Player",astell-kern-a-ultima-sp3000t-vacuum-tube-digital-audio-player,audio-electronics,Digital Players (DAPs),needs value,needs value,needs value,needs value,N/A: Facet only applies to headphones products; this product is audio-electronics,N/A: Facet only applies to headphones products; this product is audio-electronics,N/A: Facet only applies to headphones products; this product is audio-electronics,N/A: Facet only applies to headphones products; this product is audio-electronics,N/A: Facet only applies to headphones products; this product is audio-electronics,N/A: Facet only applies to headphones products; this product is audio-electronics,N/A: Facet only applies to headphones products; this product is audio-electronics,N/A: Facet only applies to headphones products; this product is audio-electronics,needs value,needs value,needs value,needs value,needs value,needs value,needs value,N/A: Facet only applies to accessories products; this product is audio-electronics,N/A: Facet only applies to accessories products; this product is audio-electronics,N/A: Facet only applies to accessories products; this product is audio-electronics
Pn6oyV4Ks5AcNbecjjl5G7,"Focal Utopia Ear Pad",focal-utopia-ear-pad,accessories,Earpads,needs value,needs value,needs value,needs value,N/A: Facet only applies to headphones products; this product is accessories,N/A: Facet only applies to headphones products; this product is accessories,N/A: Facet only applies to headphones products; this product is accessories,N/A: Facet only applies to headphones products; this product is accessories,N/A: Facet only applies to headphones products; this product is accessories,N/A: Facet only applies to headphones products; this product is accessories,N/A: Facet only applies to headphones products; this product is accessories,N/A: Facet only applies to headphones products; this product is accessories,N/A: Facet only applies to audio-electronics products; this product is accessories,N/A: Facet only applies to audio-electronics products; this product is accessories,N/A: Facet only applies to audio-electronics products; this product is accessories,N/A: Facet only applies to audio-electronics products; this product is accessories,N/A: Facet only applies to audio-electronics products; this product is accessories,N/A: Facet only applies to audio-electronics products; this product is accessories,N/A: Facet only applies to audio-electronics products; this product is accessories,needs value,N/A: Earpads, eartips, stands, cases and care products have no connector/termination,needs value
Pn6oyV4Ks5AcNbecjjlPGd,"Dan Clark Audio AEON 2 Perforated Ear Pads",dan-clark-audio-aeon-2-perforated-ear-pads,accessories,Earpads,needs value,needs value,needs value,needs value,N/A: Facet only applies to headphones products; this product is accessories,N/A: Facet only applies to headphones products; this product is accessories,N/A: Facet only applies to headphones products; this product is accessories,N/A: Facet only applies to headphones products; this product is accessories,N/A: Facet only applies to headphones products; this product is accessories,N/A: Facet only applies to headphones products; this product is accessories,N/A: Facet only applies to headphones products; this product is accessories,N/A: Facet only applies to headphones products; this product is accessories,N/A: Facet only applies to audio-electronics products; this product is accessories,N/A: Facet only applies to audio-electronics products; this product is accessories,N/A: Facet only applies to audio-electronics products; this product is accessories,N/A: Facet only applies to audio-electronics products; this product is accessories,N/A: Facet only applies to audio-electronics products; this product is accessories,N/A: Facet only applies to audio-electronics products; this product is accessories,N/A: Facet only applies to audio-electronics products; this product is accessories,needs value,N/A: Earpads, eartips, stands, cases and care products have no connector/termination,needs value
Pn6oyV4Ks5AcNbecjjlRHM,"Meze Audio Empyrean Vegan Leather Ear Pads",meze-audio-empyrean-vegan-leather-ear-pads,accessories,Earpads,needs value,needs value,needs value,needs value,N/A: Facet only applies to headphones products; this product is accessories,N/A: Facet only applies to headphones products; this product is accessories,N/A: Facet only applies to headphones products; this product is accessories,N/A: Facet only applies to headphones products; this product is accessories,N/A: Facet only applies to headphones products; this product is accessories,N/A: Facet only applies to headphones products; this product is accessories,N/A: Facet only applies to headphones products; this product is accessories,N/A: Facet only applies to headphones products; this product is accessories,N/A: Facet only applies to audio-electronics products; this product is accessories,N/A: Facet only applies to audio-electronics products; this product is accessories,N/A: Facet only applies to audio-electronics products; this product is accessories,N/A: Facet only applies to audio-electronics products; this product is accessories,N/A: Facet only applies to audio-electronics products; this product is accessories,N/A: Facet only applies to audio-electronics products; this product is accessories,N/A: Facet only applies to audio-electronics products; this product is accessories,needs value,N/A: Earpads, eartips, stands, cases and care products have no connector/termination,needs value
Pn6oyV4Ks5AcNbecjjlbsh,"Dekoni Audio Savior v2 | Universal Headphone Carrying Case",dekoni-audio-savior-v2-universal-headphone-carrying-case,accessories,Carrying Cases,needs value,needs value,needs value,needs value,N/A: Facet only applies to headphones products; this product is accessories,N/A: Facet only applies to headphones products; this product is accessories,N/A: Facet only applies to headphones products; this product is accessories,N/A: Facet only applies to headphones products; this product is accessories,N/A: Facet only applies to headphones products; this product is accessories,N/A: Facet only applies to headphones products; this product is accessories,N/A: Facet only applies to headphones products; this product is accessories,N/A: Facet only applies to headphones products; this product is accessories,N/A: Facet only applies to audio-electronics products; this product is accessories,N/A: Facet only applies to audio-electronics products; this product is accessories,N/A: Facet only applies to audio-electronics products; this product is accessories,N/A: Facet only applies to audio-electronics products; this product is accessories,N/A: Facet only applies to audio-electronics products; this product is accessories,N/A: Facet only applies to audio-electronics products; this product is accessories,N/A: Facet only applies to audio-electronics products; this product is accessories,needs value,N/A: Earpads, eartips, stands, cases and care products have no connector/termination,needs value
Pn6oyV4Ks5AcNbecjjohGV,"64 Audio Nio In-Ear Headphones",64-audio-nio-in-ear-headphones,headphones,Universal IEMs,needs value,needs value,needs value,needs value,needs value,N/A: IEMs (Universal IEMs) have no ear cup / back design,needs value,needs value,needs value,needs value,needs value,needs value,N/A: Facet only applies to audio-electronics products; this product is headphones,N/A: Facet only applies to audio-electronics products; this product is headphones,N/A: Facet only applies to audio-electronics products; this product is headphones,N/A: Facet only applies to audio-electronics products; this product is headphones,N/A: Facet only applies to audio-electronics products; this product is headphones,N/A: Facet only applies to audio-electronics products; this product is headphones,N/A: Facet only applies to audio-electronics products; this product is headphones,N/A: Facet only applies to accessories products; this product is headphones,N/A: Facet only applies to accessories products; this product is headphones,N/A: Facet only applies to accessories products; this product is headphones
Pn6oyV4Ks5AcNbecjjpRo3,"Sennheiser IE 900 In-Ear Headphones",sennheiser-ie-900-in-ear-headphones,headphones,Universal IEMs,needs value,needs value,needs value,needs value,needs value,N/A: IEMs (Universal IEMs) have no ear cup / back design,needs value,needs value,needs value,needs value,needs value,needs value,N/A: Facet only applies to audio-electronics products; this product is headphones,N/A: Facet only applies to audio-electronics products; this product is headphones,N/A: Facet only applies to audio-electronics products; this product is headphones,N/A: Facet only applies to audio-electronics products; this product is headphones,N/A: Facet only applies to audio-electronics products; this product is headphones,N/A: Facet only applies to audio-electronics products; this product is headphones,N/A: Facet only applies to audio-electronics products; this product is headphones,N/A: Facet only applies to accessories products; this product is headphones,N/A: Facet only applies to accessories products; this product is headphones,N/A: Facet only applies to accessories products; this product is headphones
Pn6oyV4Ks5AcNbecjjpYAS,"Sennheiser MOMENTUM True Wireless 4",sennheiser-momentum-true-wireless-4,headphones,Universal IEMs,needs value,needs value,needs value,needs value,needs value,N/A: IEMs (Universal IEMs) have no ear cup / back design,needs value,needs value,needs value,needs value,needs value,needs value,N/A: Facet only applies to audio-electronics products; this product is headphones,N/A: Facet only applies to audio-electronics products; this product is headphones,N/A: Facet only applies to audio-electronics products; this product is headphones,N/A: Facet only applies to audio-electronics products; this product is headphones,N/A: Facet only applies to audio-electronics products; this product is headphones,N/A: Facet only applies to audio-electronics products; this product is headphones,N/A: Facet only applies to audio-electronics products; this product is headphones,N/A: Facet only applies to accessories products; this product is headphones,N/A: Facet only applies to accessories products; this product is headphones,N/A: Facet only applies to accessories products; this product is headphones
Pn6oyV4Ks5AcNbecjjppVn,"TRUTHEAR NOVA In-Ear Headphones",truthear-nova-in-ear-headphones,headphones,Universal IEMs,needs value,needs value,needs value,needs value,needs value,N/A: IEMs (Universal IEMs) have no ear cup / back design,needs value,needs value,needs value,needs value,needs value,needs value,N/A: Facet only applies to audio-electronics products; this product is headphones,N/A: Facet only applies to audio-electronics products; this product is headphones,N/A: Facet only applies to audio-electronics products; this product is headphones,N/A: Facet only applies to audio-electronics products; this product is headphones,N/A: Facet only applies to audio-electronics products; this product is headphones,N/A: Facet only applies to audio-electronics products; this product is headphones,N/A: Facet only applies to audio-electronics products; this product is headphones,N/A: Facet only applies to accessories products; this product is headphones,N/A: Facet only applies to accessories products; this product is headphones,N/A: Facet only applies to accessories products; this product is headphones
Pn6oyV4Ks5AcNbecjjpxmB,"Dunu Studio SA6 MK2 In-Ear Headphones",dunu-studio-sa6-mk2-in-ear-headphones,headphones,Universal IEMs,needs value,needs value,needs value,needs value,needs value,N/A: IEMs (Universal IEMs) have no ear cup / back design,needs value,needs value,needs value,needs value,needs value,needs value,N/A: Facet only applies to audio-electronics products; this product is headphones,N/A: Facet only applies to audio-electronics products; this product is headphones,N/A: Facet only applies to audio-electronics products; this product is headphones,N/A: Facet only applies to audio-electronics products; this product is headphones,N/A: Facet only applies to audio-electronics products; this product is headphones,N/A: Facet only applies to audio-electronics products; this product is headphones,N/A: Facet only applies to audio-electronics products; this product is headphones,N/A: Facet only applies to accessories products; this product is headphones,N/A: Facet only applies to accessories products; this product is headphones,N/A: Facet only applies to accessories products; this product is headphones
Pn6oyV4Ks5AcNbecjjqHIM,"Symphonium Audio Crimson In-Ear Headphones",symphonium-audio-crimson-in-ear-headphones,headphones,Universal IEMs,needs value,needs value,needs value,needs value,needs value,N/A: IEMs (Universal IEMs) have no ear cup / back design,needs value,needs value,needs value,needs value,needs value,needs value,N/A: Facet only applies to audio-electronics products; this product is headphones,N/A: Facet only applies to audio-electronics products; this product is headphones,N/A: Facet only applies to audio-electronics products; this product is headphones,N/A: Facet only applies to audio-electronics products; this product is headphones,N/A: Facet only applies to audio-electronics products; this product is headphones,N/A: Facet only applies to audio-electronics products; this product is headphones,N/A: Facet only applies to audio-electronics products; this product is headphones,N/A: Facet only applies to accessories products; this product is headphones,N/A: Facet only applies to accessories products; this product is headphones,N/A: Facet only applies to accessories products; this product is headphones
Pn6oyV4Ks5AcNbecjk66Sq,"Astell&Kern A&norma SR35 Case | Protective Case",astell-kern-a-norma-sr35-case-protective-case,accessories,Carrying Cases,needs value,needs value,needs value,needs value,N/A: Facet only applies to headphones products; this product is accessories,N/A: Facet only applies to headphones products; this product is accessories,N/A: Facet only applies to headphones products; this product is accessories,N/A: Facet only applies to headphones products; this product is accessories,N/A: Facet only applies to headphones products; this product is accessories,N/A: Facet only applies to headphones products; this product is accessories,N/A: Facet only applies to headphones products; this product is accessories,N/A: Facet only applies to headphones products; this product is accessories,N/A: Facet only applies to audio-electronics products; this product is accessories,N/A: Facet only applies to audio-electronics products; this product is accessories,N/A: Facet only applies to audio-electronics products; this product is accessories,N/A: Facet only applies to audio-electronics products; this product is accessories,N/A: Facet only applies to audio-electronics products; this product is accessories,N/A: Facet only applies to audio-electronics products; this product is accessories,N/A: Facet only applies to audio-electronics products; this product is accessories,needs value,N/A: Earpads, eartips, stands, cases and care products have no connector/termination,needs value
Pn6oyV4Ks5AcNbecjk6Pve,"Astell&Kern SP4000T Case | Premium Leather Case",astell-kern-sp4000t-case-premium-leather-case,accessories,Carrying Cases,needs value,needs value,needs value,needs value,N/A: Facet only applies to headphones products; this product is accessories,N/A: Facet only applies to headphones products; this product is accessories,N/A: Facet only applies to headphones products; this product is accessories,N/A: Facet only applies to headphones products; this product is accessories,N/A: Facet only applies to headphones products; this product is accessories,N/A: Facet only applies to headphones products; this product is accessories,N/A: Facet only applies to headphones products; this product is accessories,N/A: Facet only applies to headphones products; this product is accessories,N/A: Facet only applies to audio-electronics products; this product is accessories,N/A: Facet only applies to audio-electronics products; this product is accessories,N/A: Facet only applies to audio-electronics products; this product is accessories,N/A: Facet only applies to audio-electronics products; this product is accessories,N/A: Facet only applies to audio-electronics products; this product is accessories,N/A: Facet only applies to audio-electronics products; this product is accessories,N/A: Facet only applies to audio-electronics products; this product is accessories,needs value,N/A: Earpads, eartips, stands, cases and care products have no connector/termination,needs value
Pn6oyV4Ks5AcNbecjk6mXy,"Campfire Audio IEM Case | IEM Case",campfire-audio-iem-case-iem-case,accessories,Carrying Cases,needs value,needs value,needs value,needs value,N/A: Facet only applies to headphones products; this product is accessories,N/A: Facet only applies to headphones products; this product is accessories,N/A: Facet only applies to headphones products; this product is accessories,N/A: Facet only applies to headphones products; this product is accessories,N/A: Facet only applies to headphones products; this product is accessories,N/A: Facet only applies to headphones products; this product is accessories,N/A: Facet only applies to headphones products; this product is accessories,N/A: Facet only applies to headphones products; this product is accessories,N/A: Facet only applies to audio-electronics products; this product is accessories,N/A: Facet only applies to audio-electronics products; this product is accessories,N/A: Facet only applies to audio-electronics products; this product is accessories,N/A: Facet only applies to audio-electronics products; this product is accessories,N/A: Facet only applies to audio-electronics products; this product is accessories,N/A: Facet only applies to audio-electronics products; this product is accessories,N/A: Facet only applies to audio-electronics products; this product is accessories,needs value,N/A: Earpads, eartips, stands, cases and care products have no connector/termination,needs value
Pn6oyV4Ks5AcNbecjk6xTX,"Cayin CP6 Case | Leather Case for CP6",cayin-cp6-case-leather-case-for-cp6,accessories,Carrying Cases,needs value,needs value,needs value,needs value,N/A: Facet only applies to headphones products; this product is accessories,N/A: Facet only applies to headphones products; this product is accessories,N/A: Facet only applies to headphones products; this product is accessories,N/A: Facet only applies to headphones products; this product is accessories,N/A: Facet only applies to headphones products; this product is accessories,N/A: Facet only applies to headphones products; this product is accessories,N/A: Facet only applies to headphones products; this product is accessories,N/A: Facet only applies to headphones products; this product is accessories,N/A: Facet only applies to audio-electronics products; this product is accessories,N/A: Facet only applies to audio-electronics products; this product is accessories,N/A: Facet only applies to audio-electronics products; this product is accessories,N/A: Facet only applies to audio-electronics products; this product is accessories,N/A: Facet only applies to audio-electronics products; this product is accessories,N/A: Facet only applies to audio-electronics products; this product is accessories,N/A: Facet only applies to audio-electronics products; this product is accessories,needs value,N/A: Earpads, eartips, stands, cases and care products have no connector/termination,needs value
Pn6oyV4Ks5AcNbecjkRXld,"Replacement Earpads for the Fostex T20RP, T40RP, T50RP Series Headphones",replacement-earpads-for-the-fostex-t20rp-t40rp-t50rp-series-headphones,accessories,Earpads,needs value,needs value,needs value,needs value,N/A: Facet only applies to headphones products; this product is accessories,N/A: Facet only applies to headphones products; this product is accessories,N/A: Facet only applies to headphones products; this product is accessories,N/A: Facet only applies to headphones products; this product is accessories,N/A: Facet only applies to headphones products; this product is accessories,N/A: Facet only applies to headphones products; this product is accessories,N/A: Facet only applies to headphones products; this product is accessories,N/A: Facet only applies to headphones products; this product is accessories,N/A: Facet only applies to audio-electronics products; this product is accessories,N/A: Facet only applies to audio-electronics products; this product is accessories,N/A: Facet only applies to audio-electronics products; this product is accessories,N/A: Facet only applies to audio-electronics products; this product is accessories,N/A: Facet only applies to audio-electronics products; this product is accessories,N/A: Facet only applies to audio-electronics products; this product is accessories,N/A: Facet only applies to audio-electronics products; this product is accessories,needs value,N/A: Earpads, eartips, stands, cases and care products have no connector/termination,needs value
Pn6oyV4Ks5AcNbecjkRkNh,"Replacement Earpads for Dan Clark Audio Aeon 2 - Elite Sheepskin",replacement-earpads-for-dan-clark-audio-aeon-2-elite-sheepskin,accessories,Earpads,needs value,needs value,needs value,needs value,N/A: Facet only applies to headphones products; this product is accessories,N/A: Facet only applies to headphones products; this product is accessories,N/A: Facet only applies to headphones products; this product is accessories,N/A: Facet only applies to headphones products; this product is accessories,N/A: Facet only applies to headphones products; this product is accessories,N/A: Facet only applies to headphones products; this product is accessories,N/A: Facet only applies to headphones products; this product is accessories,N/A: Facet only applies to headphones products; this product is accessories,N/A: Facet only applies to audio-electronics products; this product is accessories,N/A: Facet only applies to audio-electronics products; this product is accessories,N/A: Facet only applies to audio-electronics products; this product is accessories,N/A: Facet only applies to audio-electronics products; this product is accessories,N/A: Facet only applies to audio-electronics products; this product is accessories,N/A: Facet only applies to audio-electronics products; this product is accessories,N/A: Facet only applies to audio-electronics products; this product is accessories,needs value,N/A: Earpads, eartips, stands, cases and care products have no connector/termination,needs value
Pn6oyV4Ks5AcNbecjkS947,"Dekoni Audio Memory Foam Upgrade Ear Pads for Sony Z1R Headphones Elite Sheepskin",dekoni-audio-memory-foam-upgrade-ear-pads-for-sony-z1r-headphones-elite-sheepskin,accessories,Earpads,needs value,needs value,needs value,needs value,N/A: Facet only applies to headphones products; this product is accessories,N/A: Facet only applies to headphones products; this product is accessories,N/A: Facet only applies to headphones products; this product is accessories,N/A: Facet only applies to headphones products; this product is accessories,N/A: Facet only applies to headphones products; this product is accessories,N/A: Facet only applies to headphones products; this product is accessories,N/A: Facet only applies to headphones products; this product is accessories,N/A: Facet only applies to headphones products; this product is accessories,N/A: Facet only applies to audio-electronics products; this product is accessories,N/A: Facet only applies to audio-electronics products; this product is accessories,N/A: Facet only applies to audio-electronics products; this product is accessories,N/A: Facet only applies to audio-electronics products; this product is accessories,N/A: Facet only applies to audio-electronics products; this product is accessories,N/A: Facet only applies to audio-electronics products; this product is accessories,N/A: Facet only applies to audio-electronics products; this product is accessories,needs value,N/A: Earpads, eartips, stands, cases and care products have no connector/termination,needs value
Pn6oyV4Ks5AcNbecjkSCNk,"Replacement Earpads for Audio Technica ATH-AD Series Open Back Audiophile Headphones - Elite Velour",replacement-earpads-for-audio-technica-ath-ad-series-open-back-audiophile-headphones-elite-velou,accessories,Earpads,needs value,needs value,needs value,needs value,N/A: Facet only applies to headphones products; this product is accessories,N/A: Facet only applies to headphones products; this product is accessories,N/A: Facet only applies to headphones products; this product is accessories,N/A: Facet only applies to headphones products; this product is accessories,N/A: Facet only applies to headphones products; this product is accessories,N/A: Facet only applies to headphones products; this product is accessories,N/A: Facet only applies to headphones products; this product is accessories,N/A: Facet only applies to headphones products; this product is accessories,N/A: Facet only applies to audio-electronics products; this product is accessories,N/A: Facet only applies to audio-electronics products; this product is accessories,N/A: Facet only applies to audio-electronics products; this product is accessories,N/A: Facet only applies to audio-electronics products; this product is accessories,N/A: Facet only applies to audio-electronics products; this product is accessories,N/A: Facet only applies to audio-electronics products; this product is accessories,N/A: Facet only applies to audio-electronics products; this product is accessories,needs value,N/A: Earpads, eartips, stands, cases and care products have no connector/termination,needs value
Pn6oyV4Ks5AcNbecjkSVqY,"Denon DNP-2000NE Streaming Music Player and Preamplifier",denon-dnp-2000ne-streaming-music-player-and-preamplifier,audio-electronics,Network Streamers,needs value,needs value,needs value,needs value,N/A: Facet only applies to headphones products; this product is audio-electronics,N/A: Facet only applies to headphones products; this product is audio-electronics,N/A: Facet only applies to headphones products; this product is audio-electronics,N/A: Facet only applies to headphones products; this product is audio-electronics,N/A: Facet only applies to headphones products; this product is audio-electronics,N/A: Facet only applies to headphones products; this product is audio-electronics,N/A: Facet only applies to headphones products; this product is audio-electronics,N/A: Facet only applies to headphones products; this product is audio-electronics,needs value,needs value,needs value,needs value,needs value,needs value,needs value,N/A: Facet only applies to accessories products; this product is audio-electronics,N/A: Facet only applies to accessories products; this product is audio-electronics,N/A: Facet only applies to accessories products; this product is audio-electronics
Pn6oyV4Ks5AcNbecjkStf2,"Cambridge Audio DacMagic 200M",cambridge-audio-dacmagic-200m,audio-electronics,Standalone DACs,needs value,needs value,needs value,needs value,N/A: Facet only applies to headphones products; this product is audio-electronics,N/A: Facet only applies to headphones products; this product is audio-electronics,N/A: Facet only applies to headphones products; this product is audio-electronics,N/A: Facet only applies to headphones products; this product is audio-electronics,N/A: Facet only applies to headphones products; this product is audio-electronics,N/A: Facet only applies to headphones products; this product is audio-electronics,N/A: Facet only applies to headphones products; this product is audio-electronics,N/A: Facet only applies to headphones products; this product is audio-electronics,needs value,needs value,needs value,needs value,needs value,needs value,needs value,N/A: Facet only applies to accessories products; this product is audio-electronics,N/A: Facet only applies to accessories products; this product is audio-electronics,N/A: Facet only applies to accessories products; this product is audio-electronics
Pn6oyV4Ks5AcNbecjkSwUK,"Cambridge Audio DacMagic 100",cambridge-audio-dacmagic-100,audio-electronics,Standalone DACs,needs value,needs value,needs value,needs value,N/A: Facet only applies to headphones products; this product is audio-electronics,N/A: Facet only applies to headphones products; this product is audio-electronics,N/A: Facet only applies to headphones products; this product is audio-electronics,N/A: Facet only applies to headphones products; this product is audio-electronics,N/A: Facet only applies to headphones products; this product is audio-electronics,N/A: Facet only applies to headphones products; this product is audio-electronics,N/A: Facet only applies to headphones products; this product is audio-electronics,N/A: Facet only applies to headphones products; this product is audio-electronics,needs value,needs value,needs value,needs value,needs value,needs value,needs value,N/A: Facet only applies to accessories products; this product is audio-electronics,N/A: Facet only applies to accessories products; this product is audio-electronics,N/A: Facet only applies to accessories products; this product is audio-electronics
Pn6oyV4Ks5AcNbecjkT8mA,"Burson Audio Conductor 3x Grand Tourer Desktop DAC & Amp",burson-audio-conductor-3x-grand-tourer-desktop-dac-amp,audio-electronics,DAC/Amp Combos,needs value,needs value,needs value,needs value,N/A: Facet only applies to headphones products; this product is audio-electronics,N/A: Facet only applies to headphones products; this product is audio-electronics,N/A: Facet only applies to headphones products; this product is audio-electronics,N/A: Facet only applies to headphones products; this product is audio-electronics,N/A: Facet only applies to headphones products; this product is audio-electronics,N/A: Facet only applies to headphones products; this product is audio-electronics,N/A: Facet only applies to headphones products; this product is audio-electronics,N/A: Facet only applies to headphones products; this product is audio-electronics,needs value,needs value,needs value,needs value,needs value,needs value,needs value,N/A: Facet only applies to accessories products; this product is audio-electronics,N/A: Facet only applies to accessories products; this product is audio-electronics,N/A: Facet only applies to accessories products; this product is audio-electronics
Pn6oyV4Ks5AcNbecjkTAjW,"Burson Audio Conductor 3x Performance - Open Box",burson-audio-conductor-3x-performance-open-box,audio-electronics,DAC/Amp Combos,needs value,needs value,needs value,needs value,N/A: Facet only applies to headphones products; this product is audio-electronics,N/A: Facet only applies to headphones products; this product is audio-electronics,N/A: Facet only applies to headphones products; this product is audio-electronics,N/A: Facet only applies to headphones products; this product is audio-electronics,N/A: Facet only applies to headphones products; this product is audio-electronics,N/A: Facet only applies to headphones products; this product is audio-electronics,N/A: Facet only applies to headphones products; this product is audio-electronics,N/A: Facet only applies to headphones products; this product is audio-electronics,needs value,needs value,needs value,needs value,needs value,needs value,needs value,N/A: Facet only applies to accessories products; this product is audio-electronics,N/A: Facet only applies to accessories products; this product is audio-electronics,N/A: Facet only applies to accessories products; this product is audio-electronics
Pn6oyV4Ks5AcNbecjkTEhb,"Burson Audio Timekeeper 3i Reference Integrated Amp & DAC",burson-audio-timekeeper-3i-reference-integrated-amp-dac,audio-electronics,DAC/Amp Combos,needs value,needs value,needs value,needs value,N/A: Facet only applies to headphones products; this product is audio-electronics,N/A: Facet only applies to headphones products; this product is audio-electronics,N/A: Facet only applies to headphones products; this product is audio-electronics,N/A: Facet only applies to headphones products; this product is audio-electronics,N/A: Facet only applies to headphones products; this product is audio-electronics,N/A: Facet only applies to headphones products; this product is audio-electronics,N/A: Facet only applies to headphones products; this product is audio-electronics,N/A: Facet only applies to headphones products; this product is audio-electronics,needs value,needs value,needs value,needs value,needs value,needs value,needs value,N/A: Facet only applies to accessories products; this product is audio-electronics,N/A: Facet only applies to accessories products; this product is audio-electronics,N/A: Facet only applies to accessories products; this product is audio-electronics
Pn6oyV4Ks5AcNbecjkTGp4,"Burson Audio Conductor 3 GT",burson-audio-conductor-3-gt,audio-electronics,DAC/Amp Combos,needs value,needs value,needs value,needs value,N/A: Facet only applies to headphones products; this product is audio-electronics,N/A: Facet only applies to headphones products; this product is audio-electronics,N/A: Facet only applies to headphones products; this product is audio-electronics,N/A: Facet only applies to headphones products; this product is audio-electronics,N/A: Facet only applies to headphones products; this product is audio-electronics,N/A: Facet only applies to headphones products; this product is audio-electronics,N/A: Facet only applies to headphones products; this product is audio-electronics,N/A: Facet only applies to headphones products; this product is audio-electronics,needs value,needs value,needs value,needs value,needs value,needs value,needs value,N/A: Facet only applies to accessories products; this product is audio-electronics,N/A: Facet only applies to accessories products; this product is audio-electronics,N/A: Facet only applies to accessories products; this product is audio-electronics
Pn6oyV4Ks5AcNbecjkTTlM,"Chord Electronics Hugo TT2 - Open Box",chord-electronics-hugo-tt2-open-box,audio-electronics,DAC/Amp Combos,needs value,needs value,needs value,needs value,N/A: Facet only applies to headphones products; this product is audio-electronics,N/A: Facet only applies to headphones products; this product is audio-electronics,N/A: Facet only applies to headphones products; this product is audio-electronics,N/A: Facet only applies to headphones products; this product is audio-electronics,N/A: Facet only applies to headphones products; this product is audio-electronics,N/A: Facet only applies to headphones products; this product is audio-electronics,N/A: Facet only applies to headphones products; this product is audio-electronics,N/A: Facet only applies to headphones products; this product is audio-electronics,needs value,needs value,needs value,needs value,needs value,needs value,needs value,N/A: Facet only applies to accessories products; this product is audio-electronics,N/A: Facet only applies to accessories products; this product is audio-electronics,N/A: Facet only applies to accessories products; this product is audio-electronics
Pn6oyV4Ks5AcNbecjkThBz,"Eversolo DAC-Z8 Desktop DAC and Amp",eversolo-dac-z8-desktop-dac-and-amp,audio-electronics,DAC/Amp Combos,needs value,needs value,needs value,needs value,N/A: Facet only applies to headphones products; this product is audio-electronics,N/A: Facet only applies to headphones products; this product is audio-electronics,N/A: Facet only applies to headphones products; this product is audio-electronics,N/A: Facet only applies to headphones products; this product is audio-electronics,N/A: Facet only applies to headphones products; this product is audio-electronics,N/A: Facet only applies to headphones products; this product is audio-electronics,N/A: Facet only applies to headphones products; this product is audio-electronics,N/A: Facet only applies to headphones products; this product is audio-electronics,needs value,needs value,needs value,needs value,needs value,needs value,needs value,N/A: Facet only applies to accessories products; this product is audio-electronics,N/A: Facet only applies to accessories products; this product is audio-electronics,N/A: Facet only applies to accessories products; this product is audio-electronics
Pn6oyV4Ks5AcNbecjkTlXf,"Ferrum WANDLA HP DAC and Headphone Amplifier",ferrum-wandla-hp-dac-and-headphone-amplifier,audio-electronics,DAC/Amp Combos,needs value,needs value,needs value,needs value,N/A: Facet only applies to headphones products; this product is audio-electronics,N/A: Facet only applies to headphones products; this product is audio-electronics,N/A: Facet only applies to headphones products; this product is audio-electronics,N/A: Facet only applies to headphones products; this product is audio-electronics,N/A: Facet only applies to headphones products; this product is audio-electronics,N/A: Facet only applies to headphones products; this product is audio-electronics,N/A: Facet only applies to headphones products; this product is audio-electronics,N/A: Facet only applies to headphones products; this product is audio-electronics,needs value,needs value,needs value,needs value,needs value,needs value,needs value,N/A: Facet only applies to accessories products; this product is audio-electronics,N/A: Facet only applies to accessories products; this product is audio-electronics,N/A: Facet only applies to accessories products; this product is audio-electronics
Pn6oyV4Ks5AcNbecjkU57D,"EarMen ST-Amp Fully Balanced DAC and Headphone Amplifier",earmen-st-amp-fully-balanced-dac-and-headphone-amplifier,audio-electronics,DAC/Amp Combos,needs value,needs value,needs value,needs value,N/A: Facet only applies to headphones products; this product is audio-electronics,N/A: Facet only applies to headphones products; this product is audio-electronics,N/A: Facet only applies to headphones products; this product is audio-electronics,N/A: Facet only applies to headphones products; this product is audio-electronics,N/A: Facet only applies to headphones products; this product is audio-electronics,N/A: Facet only applies to headphones products; this product is audio-electronics,N/A: Facet only applies to headphones products; this product is audio-electronics,N/A: Facet only applies to headphones products; this product is audio-electronics,needs value,needs value,needs value,needs value,needs value,needs value,needs value,N/A: Facet only applies to accessories products; this product is audio-electronics,N/A: Facet only applies to accessories products; this product is audio-electronics,N/A: Facet only applies to accessories products; this product is audio-electronics
Pn6oyV4Ks5AcNbecjkUefp,"EarMen Ch-Amp Headphone Amplifier - Open Box",earmen-ch-amp-headphone-amplifier-open-box,audio-electronics,Desktop Amps,needs value,needs value,needs value,needs value,N/A: Facet only applies to headphones products; this product is audio-electronics,N/A: Facet only applies to headphones products; this product is audio-electronics,N/A: Facet only applies to headphones products; this product is audio-electronics,N/A: Facet only applies to headphones products; this product is audio-electronics,N/A: Facet only applies to headphones products; this product is audio-electronics,N/A: Facet only applies to headphones products; this product is audio-electronics,N/A: Facet only applies to headphones products; this product is audio-electronics,N/A: Facet only applies to headphones products; this product is audio-electronics,needs value,needs value,needs value,needs value,needs value,needs value,needs value,N/A: Facet only applies to accessories products; this product is audio-electronics,N/A: Facet only applies to accessories products; this product is audio-electronics,N/A: Facet only applies to accessories products; this product is audio-electronics
Pn6oyV4Ks5AcNbecjkV2A5,"Hifiman Prelude Headphone Amplifier",hifiman-prelude-headphone-amplifier,audio-electronics,Desktop Amps,needs value,needs value,needs value,needs value,N/A: Facet only applies to headphones products; this product is audio-electronics,N/A: Facet only applies to headphones products; this product is audio-electronics,N/A: Facet only applies to headphones products; this product is audio-electronics,N/A: Facet only applies to headphones products; this product is audio-electronics,N/A: Facet only applies to headphones products; this product is audio-electronics,N/A: Facet only applies to headphones products; this product is audio-electronics,N/A: Facet only applies to headphones products; this product is audio-electronics,N/A: Facet only applies to headphones products; this product is audio-electronics,needs value,needs value,needs value,needs value,needs value,needs value,needs value,N/A: Facet only applies to accessories products; this product is audio-electronics,N/A: Facet only applies to accessories products; this product is audio-electronics,N/A: Facet only applies to accessories products; this product is audio-electronics
Pn6oyV4Ks5AcNbecjkVKDF,"Enleum HPA-23rm Headphone Amplifier",enleum-hpa-23rm-headphone-amplifier,audio-electronics,Desktop Amps,needs value,needs value,needs value,needs value,N/A: Facet only applies to headphones products; this product is audio-electronics,N/A: Facet only applies to headphones products; this product is audio-electronics,N/A: Facet only applies to headphones products; this product is audio-electronics,N/A: Facet only applies to headphones products; this product is audio-electronics,N/A: Facet only applies to headphones products; this product is audio-electronics,N/A: Facet only applies to headphones products; this product is audio-electronics,N/A: Facet only applies to headphones products; this product is audio-electronics,N/A: Facet only applies to headphones products; this product is audio-electronics,needs value,needs value,needs value,needs value,needs value,needs value,needs value,N/A: Facet only applies to accessories products; this product is audio-electronics,N/A: Facet only applies to accessories products; this product is audio-electronics,N/A: Facet only applies to accessories products; this product is audio-electronics
Pn6oyV4Ks5AcNbecjkVOLR,"Enleum Amp 23-RMH Headphone Amplifier",enleum-amp-23-rmh-headphone-amplifier,audio-electronics,Desktop Amps,needs value,needs value,needs value,needs value,N/A: Facet only applies to headphones products; this product is audio-electronics,N/A: Facet only applies to headphones products; this product is audio-electronics,N/A: Facet only applies to headphones products; this product is audio-electronics,N/A: Facet only applies to headphones products; this product is audio-electronics,N/A: Facet only applies to headphones products; this product is audio-electronics,N/A: Facet only applies to headphones products; this product is audio-electronics,N/A: Facet only applies to headphones products; this product is audio-electronics,N/A: Facet only applies to headphones products; this product is audio-electronics,needs value,needs value,needs value,needs value,needs value,needs value,needs value,N/A: Facet only applies to accessories products; this product is audio-electronics,N/A: Facet only applies to accessories products; this product is audio-electronics,N/A: Facet only applies to accessories products; this product is audio-electronics
Pn6oyV4Ks5AcNbecjkWvRG,"Dekoni Audio Ensemble 4.4mm 64' Braided Cable with 4-pin Mini XLR Headphone Connectors",dekoni-audio-ensemble-4-4mm-64-braided-cable-with-4-pin-mini-xlr-headphone-connectors,accessories,Headphone Cables,needs value,needs value,needs value,needs value,N/A: Facet only applies to headphones products; this product is accessories,N/A: Facet only applies to headphones products; this product is accessories,N/A: Facet only applies to headphones products; this product is accessories,N/A: Facet only applies to headphones products; this product is accessories,N/A: Facet only applies to headphones products; this product is accessories,N/A: Facet only applies to headphones products; this product is accessories,N/A: Facet only applies to headphones products; this product is accessories,N/A: Facet only applies to headphones products; this product is accessories,N/A: Facet only applies to audio-electronics products; this product is accessories,N/A: Facet only applies to audio-electronics products; this product is accessories,N/A: Facet only applies to audio-electronics products; this product is accessories,N/A: Facet only applies to audio-electronics products; this product is accessories,N/A: Facet only applies to audio-electronics products; this product is accessories,N/A: Facet only applies to audio-electronics products; this product is accessories,N/A: Facet only applies to audio-electronics products; this product is accessories,needs value,needs value,needs value
Pn6oyV4Ks5AcNbecjkXHP8,"Dekoni Audio Ensemble Post-Split Nylon Wrapped Cable with Single 3-pin Mini XLR",dekoni-audio-ensemble-post-split-nylon-wrapped-cable-with-single-3-pin-mini-xlr,accessories,Headphone Cables,needs value,needs value,needs value,needs value,N/A: Facet only applies to headphones products; this product is accessories,N/A: Facet only applies to headphones products; this product is accessories,N/A: Facet only applies to headphones products; this product is accessories,N/A: Facet only applies to headphones products; this product is accessories,N/A: Facet only applies to headphones products; this product is accessories,N/A: Facet only applies to headphones products; this product is accessories,N/A: Facet only applies to headphones products; this product is accessories,N/A: Facet only applies to headphones products; this product is accessories,N/A: Facet only applies to audio-electronics products; this product is accessories,N/A: Facet only applies to audio-electronics products; this product is accessories,N/A: Facet only applies to audio-electronics products; this product is accessories,N/A: Facet only applies to audio-electronics products; this product is accessories,N/A: Facet only applies to audio-electronics products; this product is accessories,N/A: Facet only applies to audio-electronics products; this product is accessories,N/A: Facet only applies to audio-electronics products; this product is accessories,needs value,needs value,needs value
Pn6oyV4Ks5AcNbecjkXZj9,"Dekoni Audio Ensemble 1/8' 64' Braided Cable with HD600 Headphone Connectors",dekoni-audio-ensemble-1-8-64-braided-cable-with-hd600-headphone-connectors,accessories,Headphone Cables,needs value,needs value,needs value,needs value,N/A: Facet only applies to headphones products; this product is accessories,N/A: Facet only applies to headphones products; this product is accessories,N/A: Facet only applies to headphones products; this product is accessories,N/A: Facet only applies to headphones products; this product is accessories,N/A: Facet only applies to headphones products; this product is accessories,N/A: Facet only applies to headphones products; this product is accessories,N/A: Facet only applies to headphones products; this product is accessories,N/A: Facet only applies to headphones products; this product is accessories,N/A: Facet only applies to audio-electronics products; this product is accessories,N/A: Facet only applies to audio-electronics products; this product is accessories,N/A: Facet only applies to audio-electronics products; this product is accessories,N/A: Facet only applies to audio-electronics products; this product is accessories,N/A: Facet only applies to audio-electronics products; this product is accessories,N/A: Facet only applies to audio-electronics products; this product is accessories,N/A: Facet only applies to audio-electronics products; this product is accessories,needs value,needs value,needs value
Pn6oyV4Ks5AcNbecjkXxA2,"Dekoni Audio Ensemble 4.4mm 52' Braided Cable with 4-pin Mini XLR Headphone Connectors",dekoni-audio-ensemble-4-4mm-52-braided-cable-with-4-pin-mini-xlr-headphone-connectors,accessories,Headphone Cables,needs value,needs value,needs value,needs value,N/A: Facet only applies to headphones products; this product is accessories,N/A: Facet only applies to headphones products; this product is accessories,N/A: Facet only applies to headphones products; this product is accessories,N/A: Facet only applies to headphones products; this product is accessories,N/A: Facet only applies to headphones products; this product is accessories,N/A: Facet only applies to headphones products; this product is accessories,N/A: Facet only applies to headphones products; this product is accessories,N/A: Facet only applies to headphones products; this product is accessories,N/A: Facet only applies to audio-electronics products; this product is accessories,N/A: Facet only applies to audio-electronics products; this product is accessories,N/A: Facet only applies to audio-electronics products; this product is accessories,N/A: Facet only applies to audio-electronics products; this product is accessories,N/A: Facet only applies to audio-electronics products; this product is accessories,N/A: Facet only applies to audio-electronics products; this product is accessories,N/A: Facet only applies to audio-electronics products; this product is accessories,needs value,needs value,needs value
Pn6oyV4Ks5AcNbecjkYFoH,"Dekoni Audio Ensemble 1/8' 64' Braided Cable with 3.5mm Headphone Connectors",dekoni-audio-ensemble-1-8-64-braided-cable-with-3-5mm-headphone-connectors,accessories,Headphone Cables,needs value,needs value,needs value,needs value,N/A: Facet only applies to headphones products; this product is accessories,N/A: Facet only applies to headphones products; this product is accessories,N/A: Facet only applies to headphones products; this product is accessories,N/A: Facet only applies to headphones products; this product is accessories,N/A: Facet only applies to headphones products; this product is accessories,N/A: Facet only applies to headphones products; this product is accessories,N/A: Facet only applies to headphones products; this product is accessories,N/A: Facet only applies to headphones products; this product is accessories,N/A: Facet only applies to audio-electronics products; this product is accessories,N/A: Facet only applies to audio-electronics products; this product is accessories,N/A: Facet only applies to audio-electronics products; this product is accessories,N/A: Facet only applies to audio-electronics products; this product is accessories,N/A: Facet only applies to audio-electronics products; this product is accessories,N/A: Facet only applies to audio-electronics products; this product is accessories,N/A: Facet only applies to audio-electronics products; this product is accessories,needs value,needs value,needs value
Pn6oyV4Ks5AcNbecjkYRpG,"Dekoni Audio Ensemble 4.4mm 64' Nylon Wrapped Cable with 3.5mm Headphone Connectors",dekoni-audio-ensemble-4-4mm-64-nylon-wrapped-cable-with-3-5mm-headphone-connectors,accessories,Headphone Cables,needs value,needs value,needs value,needs value,N/A: Facet only applies to headphones products; this product is accessories,N/A: Facet only applies to headphones products; this product is accessories,N/A: Facet only applies to headphones products; this product is accessories,N/A: Facet only applies to headphones products; this product is accessories,N/A: Facet only applies to headphones products; this product is accessories,N/A: Facet only applies to headphones products; this product is accessories,N/A: Facet only applies to headphones products; this product is accessories,N/A: Facet only applies to headphones products; this product is accessories,N/A: Facet only applies to audio-electronics products; this product is accessories,N/A: Facet only applies to audio-electronics products; this product is accessories,N/A: Facet only applies to audio-electronics products; this product is accessories,N/A: Facet only applies to audio-electronics products; this product is accessories,N/A: Facet only applies to audio-electronics products; this product is accessories,N/A: Facet only applies to audio-electronics products; this product is accessories,N/A: Facet only applies to audio-electronics products; this product is accessories,needs value,needs value,needs value
Pn6oyV4Ks5AcNbecjkYeAT,"Dekoni Audio Ensemble 4-Pin XLR 52' PCUHD Cable with 4-pin Mini XLR Headphone Connectors",dekoni-audio-ensemble-4-pin-xlr-52-pcuhd-cable-with-4-pin-mini-xlr-headphone-connectors,accessories,Headphone Cables,needs value,needs value,needs value,needs value,N/A: Facet only applies to headphones products; this product is accessories,N/A: Facet only applies to headphones products; this product is accessories,N/A: Facet only applies to headphones products; this product is accessories,N/A: Facet only applies to headphones products; this product is accessories,N/A: Facet only applies to headphones products; this product is accessories,N/A: Facet only applies to headphones products; this product is accessories,N/A: Facet only applies to headphones products; this product is accessories,N/A: Facet only applies to headphones products; this product is accessories,N/A: Facet only applies to audio-electronics products; this product is accessories,N/A: Facet only applies to audio-electronics products; this product is accessories,N/A: Facet only applies to audio-electronics products; this product is accessories,N/A: Facet only applies to audio-electronics products; this product is accessories,N/A: Facet only applies to audio-electronics products; this product is accessories,N/A: Facet only applies to audio-electronics products; this product is accessories,N/A: Facet only applies to audio-electronics products; this product is accessories,needs value,needs value,needs value
Pn6oyV4Ks5AcNbecjkZ08L,"Dekoni Audio Ensemble 1/4' 52' Nylon Wrapped Cable with HD600 Headphone Connectors",dekoni-audio-ensemble-1-4-52-nylon-wrapped-cable-with-hd600-headphone-connectors,accessories,Headphone Cables,needs value,needs value,needs value,needs value,N/A: Facet only applies to headphones products; this product is accessories,N/A: Facet only applies to headphones products; this product is accessories,N/A: Facet only applies to headphones products; this product is accessories,N/A: Facet only applies to headphones products; this product is accessories,N/A: Facet only applies to headphones products; this product is accessories,N/A: Facet only applies to headphones products; this product is accessories,N/A: Facet only applies to headphones products; this product is accessories,N/A: Facet only applies to headphones products; this product is accessories,N/A: Facet only applies to audio-electronics products; this product is accessories,N/A: Facet only applies to audio-electronics products; this product is accessories,N/A: Facet only applies to audio-electronics products; this product is accessories,N/A: Facet only applies to audio-electronics products; this product is accessories,N/A: Facet only applies to audio-electronics products; this product is accessories,N/A: Facet only applies to audio-electronics products; this product is accessories,N/A: Facet only applies to audio-electronics products; this product is accessories,needs value,needs value,needs value
Pn6oyV4Ks5AcNbecjkZ5FD,"Dekoni Audio Ensemble 1/4' 52' Nylon Wrapped Cable with 3.5mm Headphone Connectors",dekoni-audio-ensemble-1-4-52-nylon-wrapped-cable-with-3-5mm-headphone-connectors,accessories,Headphone Cables,needs value,needs value,needs value,needs value,N/A: Facet only applies to headphones products; this product is accessories,N/A: Facet only applies to headphones products; this product is accessories,N/A: Facet only applies to headphones products; this product is accessories,N/A: Facet only applies to headphones products; this product is accessories,N/A: Facet only applies to headphones products; this product is accessories,N/A: Facet only applies to headphones products; this product is accessories,N/A: Facet only applies to headphones products; this product is accessories,N/A: Facet only applies to headphones products; this product is accessories,N/A: Facet only applies to audio-electronics products; this product is accessories,N/A: Facet only applies to audio-electronics products; this product is accessories,N/A: Facet only applies to audio-electronics products; this product is accessories,N/A: Facet only applies to audio-electronics products; this product is accessories,N/A: Facet only applies to audio-electronics products; this product is accessories,N/A: Facet only applies to audio-electronics products; this product is accessories,N/A: Facet only applies to audio-electronics products; this product is accessories,needs value,needs value,needs value
Pn6oyV4Ks5AcNbecjkZ7Mg,"Dekoni Audio Ensemble 1/4' 52' Braided Cable with 4-pin Mini XLR Headphone Connectors",dekoni-audio-ensemble-1-4-52-braided-cable-with-4-pin-mini-xlr-headphone-connectors,accessories,Headphone Cables,needs value,needs value,needs value,needs value,N/A: Facet only applies to headphones products; this product is accessories,N/A: Facet only applies to headphones products; this product is accessories,N/A: Facet only applies to headphones products; this product is accessories,N/A: Facet only applies to headphones products; this product is accessories,N/A: Facet only applies to headphones products; this product is accessories,N/A: Facet only applies to headphones products; this product is accessories,N/A: Facet only applies to headphones products; this product is accessories,N/A: Facet only applies to headphones products; this product is accessories,N/A: Facet only applies to audio-electronics products; this product is accessories,N/A: Facet only applies to audio-electronics products; this product is accessories,N/A: Facet only applies to audio-electronics products; this product is accessories,N/A: Facet only applies to audio-electronics products; this product is accessories,N/A: Facet only applies to audio-electronics products; this product is accessories,N/A: Facet only applies to audio-electronics products; this product is accessories,N/A: Facet only applies to audio-electronics products; this product is accessories,needs value,needs value,needs value
Pn6oyV4Ks5AcNbecjkZv3k,"Dekoni Audio Ensemble 1/8' 64' Nylon Jacket Cable with 3.5mm Headphone Connectors",dekoni-audio-ensemble-1-8-64-nylon-jacket-cable-with-3-5mm-headphone-connectors,accessories,Headphone Cables,needs value,needs value,needs value,needs value,N/A: Facet only applies to headphones products; this product is accessories,N/A: Facet only applies to headphones products; this product is accessories,N/A: Facet only applies to headphones products; this product is accessories,N/A: Facet only applies to headphones products; this product is accessories,N/A: Facet only applies to headphones products; this product is accessories,N/A: Facet only applies to headphones products; this product is accessories,N/A: Facet only applies to headphones products; this product is accessories,N/A: Facet only applies to headphones products; this product is accessories,N/A: Facet only applies to audio-electronics products; this product is accessories,N/A: Facet only applies to audio-electronics products; this product is accessories,N/A: Facet only applies to audio-electronics products; this product is accessories,N/A: Facet only applies to audio-electronics products; this product is accessories,N/A: Facet only applies to audio-electronics products; this product is accessories,N/A: Facet only applies to audio-electronics products; this product is accessories,N/A: Facet only applies to audio-electronics products; this product is accessories,needs value,needs value,needs value
Pn6oyV4Ks5AcNbecjkZxOh,"Dekoni Audio Ensemble 1/4' 52' Braided Cable with 3.5mm Headphone Connectors",dekoni-audio-ensemble-1-4-52-braided-cable-with-3-5mm-headphone-connectors,accessories,Headphone Cables,needs value,needs value,needs value,needs value,N/A: Facet only applies to headphones products; this product is accessories,N/A: Facet only applies to headphones products; this product is accessories,N/A: Facet only applies to headphones products; this product is accessories,N/A: Facet only applies to headphones products; this product is accessories,N/A: Facet only applies to headphones products; this product is accessories,N/A: Facet only applies to headphones products; this product is accessories,N/A: Facet only applies to headphones products; this product is accessories,N/A: Facet only applies to headphones products; this product is accessories,N/A: Facet only applies to audio-electronics products; this product is accessories,N/A: Facet only applies to audio-electronics products; this product is accessories,N/A: Facet only applies to audio-electronics products; this product is accessories,N/A: Facet only applies to audio-electronics products; this product is accessories,N/A: Facet only applies to audio-electronics products; this product is accessories,N/A: Facet only applies to audio-electronics products; this product is accessories,N/A: Facet only applies to audio-electronics products; this product is accessories,needs value,needs value,needs value
Pn6oyV4Ks5AcNbecjmBwzI,"Aune Audio AR5000 Headphones",aune-audio-ar5000-headphones,headphones,Open-Back,needs value,needs value,needs value,needs value,needs value,needs value,needs value,needs value,needs value,needs value,needs value,needs value,N/A: Facet only applies to audio-electronics products; this product is headphones,N/A: Facet only applies to audio-electronics products; this product is headphones,N/A: Facet only applies to audio-electronics products; this product is headphones,N/A: Facet only applies to audio-electronics products; this product is headphones,N/A: Facet only applies to audio-electronics products; this product is headphones,N/A: Facet only applies to audio-electronics products; this product is headphones,N/A: Facet only applies to audio-electronics products; this product is headphones,N/A: Facet only applies to accessories products; this product is headphones,N/A: Facet only applies to accessories products; this product is headphones,N/A: Facet only applies to accessories products; this product is headphones
Pn6oyV4Ks5AcNbecjmCFMg,"FiiO FT1 Pro Headphones",fiio-ft1-pro-headphones,headphones,Open-Back,needs value,needs value,needs value,needs value,needs value,needs value,needs value,needs value,needs value,needs value,needs value,needs value,N/A: Facet only applies to audio-electronics products; this product is headphones,N/A: Facet only applies to audio-electronics products; this product is headphones,N/A: Facet only applies to audio-electronics products; this product is headphones,N/A: Facet only applies to audio-electronics products; this product is headphones,N/A: Facet only applies to audio-electronics products; this product is headphones,N/A: Facet only applies to audio-electronics products; this product is headphones,N/A: Facet only applies to audio-electronics products; this product is headphones,N/A: Facet only applies to accessories products; this product is headphones,N/A: Facet only applies to accessories products; this product is headphones,N/A: Facet only applies to accessories products; this product is headphones
Pn6oyV4Ks5AcNbecjmCnfl,"Final Audio D7000 Headphones",final-audio-d7000-headphones,headphones,Open-Back,needs value,needs value,needs value,needs value,needs value,needs value,needs value,needs value,needs value,needs value,needs value,needs value,N/A: Facet only applies to audio-electronics products; this product is headphones,N/A: Facet only applies to audio-electronics products; this product is headphones,N/A: Facet only applies to audio-electronics products; this product is headphones,N/A: Facet only applies to audio-electronics products; this product is headphones,N/A: Facet only applies to audio-electronics products; this product is headphones,N/A: Facet only applies to audio-electronics products; this product is headphones,N/A: Facet only applies to audio-electronics products; this product is headphones,N/A: Facet only applies to accessories products; this product is headphones,N/A: Facet only applies to accessories products; this product is headphones,N/A: Facet only applies to accessories products; this product is headphones
Pn6oyV4Ks5AcNbecjmCuqj,"T+A Solitaire P Headphones",t-a-solitaire-p-headphones,headphones,Open-Back,needs value,needs value,needs value,needs value,needs value,needs value,needs value,needs value,needs value,needs value,needs value,needs value,N/A: Facet only applies to audio-electronics products; this product is headphones,N/A: Facet only applies to audio-electronics products; this product is headphones,N/A: Facet only applies to audio-electronics products; this product is headphones,N/A: Facet only applies to audio-electronics products; this product is headphones,N/A: Facet only applies to audio-electronics products; this product is headphones,N/A: Facet only applies to audio-electronics products; this product is headphones,N/A: Facet only applies to audio-electronics products; this product is headphones,N/A: Facet only applies to accessories products; this product is headphones,N/A: Facet only applies to accessories products; this product is headphones,N/A: Facet only applies to accessories products; this product is headphones
Pn6oyV4Ks5AcNbecjmDlGL,"Softears Volume S In-Ear Headphones",softears-volume-s-in-ear-headphones,headphones,Universal IEMs,needs value,needs value,needs value,needs value,needs value,N/A: IEMs (Universal IEMs) have no ear cup / back design,needs value,needs value,needs value,needs value,needs value,needs value,N/A: Facet only applies to audio-electronics products; this product is headphones,N/A: Facet only applies to audio-electronics products; this product is headphones,N/A: Facet only applies to audio-electronics products; this product is headphones,N/A: Facet only applies to audio-electronics products; this product is headphones,N/A: Facet only applies to audio-electronics products; this product is headphones,N/A: Facet only applies to audio-electronics products; this product is headphones,N/A: Facet only applies to audio-electronics products; this product is headphones,N/A: Facet only applies to accessories products; this product is headphones,N/A: Facet only applies to accessories products; this product is headphones,N/A: Facet only applies to accessories products; this product is headphones
ULy5F1v4tquhHAic3WFNzN,"AudioQuest Perch Headphone Stand",audioquest-perch-headphone-stand,accessories,Headphone Stands,needs value,needs value,needs value,needs value,N/A: Facet only applies to headphones products; this product is accessories,N/A: Facet only applies to headphones products; this product is accessories,N/A: Facet only applies to headphones products; this product is accessories,N/A: Facet only applies to headphones products; this product is accessories,N/A: Facet only applies to headphones products; this product is accessories,N/A: Facet only applies to headphones products; this product is accessories,N/A: Facet only applies to headphones products; this product is accessories,N/A: Facet only applies to headphones products; this product is accessories,N/A: Facet only applies to audio-electronics products; this product is accessories,N/A: Facet only applies to audio-electronics products; this product is accessories,N/A: Facet only applies to audio-electronics products; this product is accessories,N/A: Facet only applies to audio-electronics products; this product is accessories,N/A: Facet only applies to audio-electronics products; this product is accessories,N/A: Facet only applies to audio-electronics products; this product is accessories,N/A: Facet only applies to audio-electronics products; this product is accessories,needs value,N/A: Earpads, eartips, stands, cases and care products have no connector/termination,needs value
ULy5F1v4tquhHAic3WSREZ,"Meze Audio Mono 3.5mm to 2.5mm Balanced Headphone Cable - 4.9 ft.",meze-audio-mono-3-5mm-to-2-5mm-balanced-headphone-cable-4-9-ft,accessories,Headphone Cables,needs value,needs value,needs value,needs value,N/A: Facet only applies to headphones products; this product is accessories,N/A: Facet only applies to headphones products; this product is accessories,N/A: Facet only applies to headphones products; this product is accessories,N/A: Facet only applies to headphones products; this product is accessories,N/A: Facet only applies to headphones products; this product is accessories,N/A: Facet only applies to headphones products; this product is accessories,N/A: Facet only applies to headphones products; this product is accessories,N/A: Facet only applies to headphones products; this product is accessories,N/A: Facet only applies to audio-electronics products; this product is accessories,N/A: Facet only applies to audio-electronics products; this product is accessories,N/A: Facet only applies to audio-electronics products; this product is accessories,N/A: Facet only applies to audio-electronics products; this product is accessories,N/A: Facet only applies to audio-electronics products; this product is accessories,N/A: Facet only applies to audio-electronics products; this product is accessories,N/A: Facet only applies to audio-electronics products; this product is accessories,needs value,needs value,needs value
ULy5F1v4tquhHAic3WSShK,"Meze Audio Mono 3.5mm 99 Series Gold Standard Cable - 9.94 ft.",meze-audio-mono-3-5mm-99-series-gold-standard-cable-9-94-ft,accessories,Headphone Cables,needs value,needs value,needs value,needs value,N/A: Facet only applies to headphones products; this product is accessories,N/A: Facet only applies to headphones products; this product is accessories,N/A: Facet only applies to headphones products; this product is accessories,N/A: Facet only applies to headphones products; this product is accessories,N/A: Facet only applies to headphones products; this product is accessories,N/A: Facet only applies to headphones products; this product is accessories,N/A: Facet only applies to headphones products; this product is accessories,N/A: Facet only applies to headphones products; this product is accessories,N/A: Facet only applies to audio-electronics products; this product is accessories,N/A: Facet only applies to audio-electronics products; this product is accessories,N/A: Facet only applies to audio-electronics products; this product is accessories,N/A: Facet only applies to audio-electronics products; this product is accessories,N/A: Facet only applies to audio-electronics products; this product is accessories,N/A: Facet only applies to audio-electronics products; this product is accessories,N/A: Facet only applies to audio-electronics products; this product is accessories,needs value,needs value,needs value
Y7l1IhzX2fnyiano4ipzcN,"iFi Audio iDSD Valkyrie Portable Amp & DAC",ifi-audio-idsd-valkyrie-portable-amp-dac,audio-electronics,Portable Amps,needs value,needs value,needs value,needs value,N/A: Facet only applies to headphones products; this product is audio-electronics,N/A: Facet only applies to headphones products; this product is audio-electronics,N/A: Facet only applies to headphones products; this product is audio-electronics,N/A: Facet only applies to headphones products; this product is audio-electronics,N/A: Facet only applies to headphones products; this product is audio-electronics,N/A: Facet only applies to headphones products; this product is audio-electronics,N/A: Facet only applies to headphones products; this product is audio-electronics,N/A: Facet only applies to headphones products; this product is audio-electronics,needs value,needs value,needs value,needs value,needs value,needs value,needs value,N/A: Facet only applies to accessories products; this product is audio-electronics,N/A: Facet only applies to accessories products; this product is audio-electronics,N/A: Facet only applies to accessories products; this product is audio-electronics
Y7l1IhzX2fnyiano4iq6jp,"iFi Audio Zen Can 3 Analog Headphone Amplifier",ifi-audio-zen-can-3-analog-headphone-amplifier,audio-electronics,Desktop Amps,needs value,needs value,needs value,needs value,N/A: Facet only applies to headphones products; this product is audio-electronics,N/A: Facet only applies to headphones products; this product is audio-electronics,N/A: Facet only applies to headphones products; this product is audio-electronics,N/A: Facet only applies to headphones products; this product is audio-electronics,N/A: Facet only applies to headphones products; this product is audio-electronics,N/A: Facet only applies to headphones products; this product is audio-electronics,N/A: Facet only applies to headphones products; this product is audio-electronics,N/A: Facet only applies to headphones products; this product is audio-electronics,needs value,needs value,needs value,needs value,needs value,needs value,needs value,N/A: Facet only applies to accessories products; this product is audio-electronics,N/A: Facet only applies to accessories products; this product is audio-electronics,N/A: Facet only applies to accessories products; this product is audio-electronics
Y7l1IhzX2fnyiano4irsdl,"Bose QuietComfort Wireless Noise Cancelling Ultra Earbuds - 2024 (Lunar Blue)",bose-quiet-comfort-ultra-earbuds-2024-lunar-blue,headphones,Universal IEMs,needs value,needs value,needs value,needs value,needs value,N/A: IEMs (Universal IEMs) have no ear cup / back design,needs value,needs value,needs value,needs value,needs value,needs value,N/A: Facet only applies to audio-electronics products; this product is headphones,N/A: Facet only applies to audio-electronics products; this product is headphones,N/A: Facet only applies to audio-electronics products; this product is headphones,N/A: Facet only applies to audio-electronics products; this product is headphones,N/A: Facet only applies to audio-electronics products; this product is headphones,N/A: Facet only applies to audio-electronics products; this product is headphones,N/A: Facet only applies to audio-electronics products; this product is headphones,N/A: Facet only applies to accessories products; this product is headphones,N/A: Facet only applies to accessories products; this product is headphones,N/A: Facet only applies to accessories products; this product is headphones
Y7l1IhzX2fnyiano4jO6bg,"iFi Audio hip-dac 3 Portable USB DAC & Amplifier",ifi-audio-hip-dac-3-portable-usb-dac-amplifier,audio-electronics,USB-C/Dongle DACs,needs value,needs value,needs value,needs value,N/A: Facet only applies to headphones products; this product is audio-electronics,N/A: Facet only applies to headphones products; this product is audio-electronics,N/A: Facet only applies to headphones products; this product is audio-electronics,N/A: Facet only applies to headphones products; this product is audio-electronics,N/A: Facet only applies to headphones products; this product is audio-electronics,N/A: Facet only applies to headphones products; this product is audio-electronics,N/A: Facet only applies to headphones products; this product is audio-electronics,N/A: Facet only applies to headphones products; this product is audio-electronics,needs value,needs value,needs value,needs value,needs value,needs value,needs value,N/A: Facet only applies to accessories products; this product is audio-electronics,N/A: Facet only applies to accessories products; this product is audio-electronics,N/A: Facet only applies to accessories products; this product is audio-electronics
Y7l1IhzX2fnyiano4jOIfY,"iFi Audio Zen DAC 3 Balanced Headphone Amp & DAC",ifi-audio-zen-dac-3-balanced-headphone-amp-dac,audio-electronics,USB-C/Dongle DACs,needs value,needs value,needs value,needs value,N/A: Facet only applies to headphones products; this product is audio-electronics,N/A: Facet only applies to headphones products; this product is audio-electronics,N/A: Facet only applies to headphones products; this product is audio-electronics,N/A: Facet only applies to headphones products; this product is audio-electronics,N/A: Facet only applies to headphones products; this product is audio-electronics,N/A: Facet only applies to headphones products; this product is audio-electronics,N/A: Facet only applies to headphones products; this product is audio-electronics,N/A: Facet only applies to headphones products; this product is audio-electronics,needs value,needs value,needs value,needs value,needs value,needs value,needs value,N/A: Facet only applies to accessories products; this product is audio-electronics,N/A: Facet only applies to accessories products; this product is audio-electronics,N/A: Facet only applies to accessories products; this product is audio-electronics
Y7l1IhzX2fnyiano57b1dx,"Ruark Audio TV Mount for R810 High Fidelity Radiogram",ruark-audio-r810-tv-mount-with-adjustable-av-shelf-for-r810-high-fidelity-radiogram,accessories,Headphone Stands,needs value,needs value,needs value,needs value,N/A: Facet only applies to headphones products; this product is accessories,N/A: Facet only applies to headphones products; this product is accessories,N/A: Facet only applies to headphones products; this product is accessories,N/A: Facet only applies to headphones products; this product is accessories,N/A: Facet only applies to headphones products; this product is accessories,N/A: Facet only applies to headphones products; this product is accessories,N/A: Facet only applies to headphones products; this product is accessories,N/A: Facet only applies to headphones products; this product is accessories,N/A: Facet only applies to audio-electronics products; this product is accessories,N/A: Facet only applies to audio-electronics products; this product is accessories,N/A: Facet only applies to audio-electronics products; this product is accessories,N/A: Facet only applies to audio-electronics products; this product is accessories,N/A: Facet only applies to audio-electronics products; this product is accessories,N/A: Facet only applies to audio-electronics products; this product is accessories,N/A: Facet only applies to audio-electronics products; this product is accessories,needs value,N/A: Earpads, eartips, stands, cases and care products have no connector/termination,needs value
Y7l1IhzX2fnyiano58Giz2,"JL Audio 2-Channel Core RCA Male to RCA Male Cables - 6 ft. (1.82m) - 2-Pack",jl-audio-2-channel-core-rca-male-to-rca-male-cables-6-ft-1-82m-2-pack,accessories,Interconnects,needs value,needs value,needs value,needs value,N/A: Facet only applies to headphones products; this product is accessories,N/A: Facet only applies to headphones products; this product is accessories,N/A: Facet only applies to headphones products; this product is accessories,N/A: Facet only applies to headphones products; this product is accessories,N/A: Facet only applies to headphones products; this product is accessories,N/A: Facet only applies to headphones products; this product is accessories,N/A: Facet only applies to headphones products; this product is accessories,N/A: Facet only applies to headphones products; this product is accessories,N/A: Facet only applies to audio-electronics products; this product is accessories,N/A: Facet only applies to audio-electronics products; this product is accessories,N/A: Facet only applies to audio-electronics products; this product is accessories,N/A: Facet only applies to audio-electronics products; this product is accessories,N/A: Facet only applies to audio-electronics products; this product is accessories,N/A: Facet only applies to audio-electronics products; this product is accessories,N/A: Facet only applies to audio-electronics products; this product is accessories,needs value,needs value,needs value
Y7l1IhzX2fnyiano58Gmxj,"AudioQuest Cinnamon USB to Micro Audio Cable - 2.46 ft. (.75m)",audioquest-cinnamon-usb-to-micro-audio-cable-2-46-ft-75m,accessories,Adapters,needs value,needs value,needs value,needs value,N/A: Facet only applies to headphones products; this product is accessories,N/A: Facet only applies to headphones products; this product is accessories,N/A: Facet only applies to headphones products; this product is accessories,N/A: Facet only applies to headphones products; this product is accessories,N/A: Facet only applies to headphones products; this product is accessories,N/A: Facet only applies to headphones products; this product is accessories,N/A: Facet only applies to headphones products; this product is accessories,N/A: Facet only applies to headphones products; this product is accessories,N/A: Facet only applies to audio-electronics products; this product is accessories,N/A: Facet only applies to audio-electronics products; this product is accessories,N/A: Facet only applies to audio-electronics products; this product is accessories,N/A: Facet only applies to audio-electronics products; this product is accessories,N/A: Facet only applies to audio-electronics products; this product is accessories,N/A: Facet only applies to audio-electronics products; this product is accessories,N/A: Facet only applies to audio-electronics products; this product is accessories,needs value,needs value,needs value
Y7l1IhzX2fnyiano58GsCK,"AudioQuest Forest USB to Micro High Definition Digital Audio Cable - 1.5M",audioquest-forest-usb-to-micro-high-definition-digital-audio-cable-1-5m,accessories,Adapters,needs value,needs value,needs value,needs value,N/A: Facet only applies to headphones products; this product is accessories,N/A: Facet only applies to headphones products; this product is accessories,N/A: Facet only applies to headphones products; this product is accessories,N/A: Facet only applies to headphones products; this product is accessories,N/A: Facet only applies to headphones products; this product is accessories,N/A: Facet only applies to headphones products; this product is accessories,N/A: Facet only applies to headphones products; this product is accessories,N/A: Facet only applies to headphones products; this product is accessories,N/A: Facet only applies to audio-electronics products; this product is accessories,N/A: Facet only applies to audio-electronics products; this product is accessories,N/A: Facet only applies to audio-electronics products; this product is accessories,N/A: Facet only applies to audio-electronics products; this product is accessories,N/A: Facet only applies to audio-electronics products; this product is accessories,N/A: Facet only applies to audio-electronics products; this product is accessories,N/A: Facet only applies to audio-electronics products; this product is accessories,needs value,needs value,needs value
Y7l1IhzX2fnyiano58H1hn,"Meze Audio Mono 3.5mm to 2.5mm Balanced Headphone Cable - 4.9 ft.",meze-audio-mono-3-5mm-to-2-5mm-balanced-headphone-cable-4-9-ft,accessories,Headphone Cables,needs value,needs value,needs value,needs value,N/A: Facet only applies to headphones products; this product is accessories,N/A: Facet only applies to headphones products; this product is accessories,N/A: Facet only applies to headphones products; this product is accessories,N/A: Facet only applies to headphones products; this product is accessories,N/A: Facet only applies to headphones products; this product is accessories,N/A: Facet only applies to headphones products; this product is accessories,N/A: Facet only applies to headphones products; this product is accessories,N/A: Facet only applies to headphones products; this product is accessories,N/A: Facet only applies to audio-electronics products; this product is accessories,N/A: Facet only applies to audio-electronics products; this product is accessories,N/A: Facet only applies to audio-electronics products; this product is accessories,N/A: Facet only applies to audio-electronics products; this product is accessories,N/A: Facet only applies to audio-electronics products; this product is accessories,N/A: Facet only applies to audio-electronics products; this product is accessories,N/A: Facet only applies to audio-electronics products; this product is accessories,needs value,needs value,needs value
Y7l1IhzX2fnyiano58H5OJ,"Meze Audio Mono 3.5mm to 4.4mm Balanced Silver-Plated Cable - 4.2 ft.",meze-audio-mono-3-5mm-to-4-4mm-balanced-silver-plated-cable-4-2-ft,accessories,Headphone Cables,needs value,needs value,needs value,needs value,N/A: Facet only applies to headphones products; this product is accessories,N/A: Facet only applies to headphones products; this product is accessories,N/A: Facet only applies to headphones products; this product is accessories,N/A: Facet only applies to headphones products; this product is accessories,N/A: Facet only applies to headphones products; this product is accessories,N/A: Facet only applies to headphones products; this product is accessories,N/A: Facet only applies to headphones products; this product is accessories,N/A: Facet only applies to headphones products; this product is accessories,N/A: Facet only applies to audio-electronics products; this product is accessories,N/A: Facet only applies to audio-electronics products; this product is accessories,N/A: Facet only applies to audio-electronics products; this product is accessories,N/A: Facet only applies to audio-electronics products; this product is accessories,N/A: Facet only applies to audio-electronics products; this product is accessories,N/A: Facet only applies to audio-electronics products; this product is accessories,N/A: Facet only applies to audio-electronics products; this product is accessories,needs value,needs value,needs value
ZuUKzmkqDyQwdcwhxl77C3,"iFi Audio Hip-dac2 Portable USB DAC and Headphone Amp with Soft Protective Case",ifi-audio-hip-dac2-portable-usb-dac-and-headphone-amp-with-soft-protective-case,audio-electronics,DAC/Amp Combos,needs value,needs value,needs value,needs value,N/A: Facet only applies to headphones products; this product is audio-electronics,N/A: Facet only applies to headphones products; this product is audio-electronics,N/A: Facet only applies to headphones products; this product is audio-electronics,N/A: Facet only applies to headphones products; this product is audio-electronics,N/A: Facet only applies to headphones products; this product is audio-electronics,N/A: Facet only applies to headphones products; this product is audio-electronics,N/A: Facet only applies to headphones products; this product is audio-electronics,N/A: Facet only applies to headphones products; this product is audio-electronics,needs value,needs value,needs value,needs value,needs value,needs value,needs value,N/A: Facet only applies to accessories products; this product is audio-electronics,N/A: Facet only applies to accessories products; this product is audio-electronics,N/A: Facet only applies to accessories products; this product is audio-electronics
ZuUKzmkqDyQwdcwhxl7Puy,"iFi Audio iCan Phantom Analog Headphone Amplifier",ifi-audio-ican-phantom-analog-headphone-amplifier,audio-electronics,Desktop Amps,needs value,needs value,needs value,needs value,N/A: Facet only applies to headphones products; this product is audio-electronics,N/A: Facet only applies to headphones products; this product is audio-electronics,N/A: Facet only applies to headphones products; this product is audio-electronics,N/A: Facet only applies to headphones products; this product is audio-electronics,N/A: Facet only applies to headphones products; this product is audio-electronics,N/A: Facet only applies to headphones products; this product is audio-electronics,N/A: Facet only applies to headphones products; this product is audio-electronics,N/A: Facet only applies to headphones products; this product is audio-electronics,needs value,needs value,needs value,needs value,needs value,needs value,needs value,N/A: Facet only applies to accessories products; this product is audio-electronics,N/A: Facet only applies to accessories products; this product is audio-electronics,N/A: Facet only applies to accessories products; this product is audio-electronics
ZuUKzmkqDyQwdcwhxl8p4E,"Bose Ultra Open Bluetooth Earbuds with Spatial Audio & Water Resistance (Moonstone Blue)",bose-quiet-comfort-ultra-open-earbuds-moonstone-blue,headphones,Universal IEMs,needs value,needs value,needs value,needs value,needs value,N/A: IEMs (Universal IEMs) have no ear cup / back design,needs value,needs value,needs value,needs value,needs value,needs value,N/A: Facet only applies to audio-electronics products; this product is headphones,N/A: Facet only applies to audio-electronics products; this product is headphones,N/A: Facet only applies to audio-electronics products; this product is headphones,N/A: Facet only applies to audio-electronics products; this product is headphones,N/A: Facet only applies to audio-electronics products; this product is headphones,N/A: Facet only applies to audio-electronics products; this product is headphones,N/A: Facet only applies to audio-electronics products; this product is headphones,N/A: Facet only applies to accessories products; this product is headphones,N/A: Facet only applies to accessories products; this product is headphones,N/A: Facet only applies to accessories products; this product is headphones
ZuUKzmkqDyQwdcwhxl8saP,"Bose QuietComfort Ultra Wireless Noise Cancelling Earbuds (Black)",bose-quietcomfort-ultra-wireless-noise-cancelling-earbuds-black,headphones,Universal IEMs,needs value,needs value,needs value,needs value,needs value,N/A: IEMs (Universal IEMs) have no ear cup / back design,needs value,needs value,needs value,needs value,needs value,needs value,N/A: Facet only applies to audio-electronics products; this product is headphones,N/A: Facet only applies to audio-electronics products; this product is headphones,N/A: Facet only applies to audio-electronics products; this product is headphones,N/A: Facet only applies to audio-electronics products; this product is headphones,N/A: Facet only applies to audio-electronics products; this product is headphones,N/A: Facet only applies to audio-electronics products; this product is headphones,N/A: Facet only applies to audio-electronics products; this product is headphones,N/A: Facet only applies to accessories products; this product is headphones,N/A: Facet only applies to accessories products; this product is headphones,N/A: Facet only applies to accessories products; this product is headphones
ZuUKzmkqDyQwdcwhxl96BU,"Sennheiser Accentum True Wireless Noise-Cancelling Earbuds (Black)",sennheiser-accentum-true-wireless-noise-cancelling-earbuds-black,headphones,Universal IEMs,needs value,needs value,needs value,needs value,needs value,N/A: IEMs (Universal IEMs) have no ear cup / back design,needs value,needs value,needs value,needs value,needs value,needs value,N/A: Facet only applies to audio-electronics products; this product is headphones,N/A: Facet only applies to audio-electronics products; this product is headphones,N/A: Facet only applies to audio-electronics products; this product is headphones,N/A: Facet only applies to audio-electronics products; this product is headphones,N/A: Facet only applies to audio-electronics products; this product is headphones,N/A: Facet only applies to audio-electronics products; this product is headphones,N/A: Facet only applies to audio-electronics products; this product is headphones,N/A: Facet only applies to accessories products; this product is headphones,N/A: Facet only applies to accessories products; this product is headphones,N/A: Facet only applies to accessories products; this product is headphones
ZuUKzmkqDyQwdcwhxl99sR,"Sony WF-1000XM5 Wireless Noise Cancelling In-Ear Headphone Bundle with gSport Hardshell Case (Black)",sony-wf-1000xm5-wireless-noise-cancelling-in-ear-headphone-bundle-with-gsport-hardshell-case-black,headphones,Universal IEMs,needs value,needs value,needs value,needs value,needs value,N/A: IEMs (Universal IEMs) have no ear cup / back design,needs value,needs value,needs value,needs value,needs value,needs value,N/A: Facet only applies to audio-electronics products; this product is headphones,N/A: Facet only applies to audio-electronics products; this product is headphones,N/A: Facet only applies to audio-electronics products; this product is headphones,N/A: Facet only applies to audio-electronics products; this product is headphones,N/A: Facet only applies to audio-electronics products; this product is headphones,N/A: Facet only applies to audio-electronics products; this product is headphones,N/A: Facet only applies to audio-electronics products; this product is headphones,N/A: Facet only applies to accessories products; this product is headphones,N/A: Facet only applies to accessories products; this product is headphones,N/A: Facet only applies to accessories products; this product is headphones
ZuUKzmkqDyQwdcwhxl9BBF,"Sony WH-1000XM5 Wireless Over-Ear Noise Canceling Headphones (Pink)",sony-wh-1000xm5-wireless-over-ear-noise-canceling-headphones-pink,headphones,Closed-Back,needs value,needs value,needs value,needs value,needs value,needs value,needs value,needs value,needs value,needs value,needs value,needs value,N/A: Facet only applies to audio-electronics products; this product is headphones,N/A: Facet only applies to audio-electronics products; this product is headphones,N/A: Facet only applies to audio-electronics products; this product is headphones,N/A: Facet only applies to audio-electronics products; this product is headphones,N/A: Facet only applies to audio-electronics products; this product is headphones,N/A: Facet only applies to audio-electronics products; this product is headphones,N/A: Facet only applies to audio-electronics products; this product is headphones,N/A: Facet only applies to accessories products; this product is headphones,N/A: Facet only applies to accessories products; this product is headphones,N/A: Facet only applies to accessories products; this product is headphones
ZuUKzmkqDyQwdcwhxl9CGa,"Soundcore Aerofit 2 Wireless Open-Ear Headphones (Black)",soundcore-aerofit-2-wireless-headphones-black,headphones,Semi-Open,needs value,needs value,needs value,needs value,needs value,needs value,needs value,needs value,needs value,needs value,needs value,needs value,N/A: Facet only applies to audio-electronics products; this product is headphones,N/A: Facet only applies to audio-electronics products; this product is headphones,N/A: Facet only applies to audio-electronics products; this product is headphones,N/A: Facet only applies to audio-electronics products; this product is headphones,N/A: Facet only applies to audio-electronics products; this product is headphones,N/A: Facet only applies to audio-electronics products; this product is headphones,N/A: Facet only applies to audio-electronics products; this product is headphones,N/A: Facet only applies to accessories products; this product is headphones,N/A: Facet only applies to accessories products; this product is headphones,N/A: Facet only applies to accessories products; this product is headphones
ZuUKzmkqDyQwdcwhxl9DU0,"Soundcore Aerofit 2 Wireless Open-Ear Headphones (Green)",soundcore-aerofit-2-wireless-open-ear-headphones-green,headphones,Semi-Open,needs value,needs value,needs value,needs value,needs value,needs value,needs value,needs value,needs value,needs value,needs value,needs value,N/A: Facet only applies to audio-electronics products; this product is headphones,N/A: Facet only applies to audio-electronics products; this product is headphones,N/A: Facet only applies to audio-electronics products; this product is headphones,N/A: Facet only applies to audio-electronics products; this product is headphones,N/A: Facet only applies to audio-electronics products; this product is headphones,N/A: Facet only applies to audio-electronics products; this product is headphones,N/A: Facet only applies to audio-electronics products; this product is headphones,N/A: Facet only applies to accessories products; this product is headphones,N/A: Facet only applies to accessories products; this product is headphones,N/A: Facet only applies to accessories products; this product is headphones
ZuUKzmkqDyQwdcwhxlIcNL,"Denon DCD-1700NE CD/SACD Player with Advanced AL32 Processing Plus (Black)",denon-dcd-1700ne-cd-sacd-player-with-advanced-al32-processing-plus-black,audio-electronics,Standalone DACs,needs value,needs value,needs value,needs value,N/A: Facet only applies to headphones products; this product is audio-electronics,N/A: Facet only applies to headphones products; this product is audio-electronics,N/A: Facet only applies to headphones products; this product is audio-electronics,N/A: Facet only applies to headphones products; this product is audio-electronics,N/A: Facet only applies to headphones products; this product is audio-electronics,N/A: Facet only applies to headphones products; this product is audio-electronics,N/A: Facet only applies to headphones products; this product is audio-electronics,N/A: Facet only applies to headphones products; this product is audio-electronics,needs value,needs value,needs value,needs value,needs value,needs value,needs value,N/A: Facet only applies to accessories products; this product is audio-electronics,N/A: Facet only applies to accessories products; this product is audio-electronics,N/A: Facet only applies to accessories products; this product is audio-electronics
ZuUKzmkqDyQwdcwhxlIfVH,"Marantz CD 60 CD Player (Silver Gold)",marantz-cd-60-cd-player-silver-gold,audio-electronics,Standalone DACs,needs value,needs value,needs value,needs value,N/A: Facet only applies to headphones products; this product is audio-electronics,N/A: Facet only applies to headphones products; this product is audio-electronics,N/A: Facet only applies to headphones products; this product is audio-electronics,N/A: Facet only applies to headphones products; this product is audio-electronics,N/A: Facet only applies to headphones products; this product is audio-electronics,N/A: Facet only applies to headphones products; this product is audio-electronics,N/A: Facet only applies to headphones products; this product is audio-electronics,N/A: Facet only applies to headphones products; this product is audio-electronics,needs value,needs value,needs value,needs value,needs value,needs value,needs value,N/A: Facet only applies to accessories products; this product is audio-electronics,N/A: Facet only applies to accessories products; this product is audio-electronics,N/A: Facet only applies to accessories products; this product is audio-electronics
ZuUKzmkqDyQwdcwhxlIflR,"Marantz SACD10 CD Player (Black)",marantz-sacd10-cd-player-black,audio-electronics,Standalone DACs,needs value,needs value,needs value,needs value,N/A: Facet only applies to headphones products; this product is audio-electronics,N/A: Facet only applies to headphones products; this product is audio-electronics,N/A: Facet only applies to headphones products; this product is audio-electronics,N/A: Facet only applies to headphones products; this product is audio-electronics,N/A: Facet only applies to headphones products; this product is audio-electronics,N/A: Facet only applies to headphones products; this product is audio-electronics,N/A: Facet only applies to headphones products; this product is audio-electronics,N/A: Facet only applies to headphones products; this product is audio-electronics,needs value,needs value,needs value,needs value,needs value,needs value,needs value,N/A: Facet only applies to accessories products; this product is audio-electronics,N/A: Facet only applies to accessories products; this product is audio-electronics,N/A: Facet only applies to accessories products; this product is audio-electronics
ZuUKzmkqDyQwdcwhxlJjyP,"Eversolo DMP-A8 Network Streamer with Built-In DAC",eversolo-dmp-a8-network-streamer-with-built-in-dac,audio-electronics,Network Streamers,needs value,needs value,needs value,needs value,N/A: Facet only applies to headphones products; this product is audio-electronics,N/A: Facet only applies to headphones products; this product is audio-electronics,N/A: Facet only applies to headphones products; this product is audio-electronics,N/A: Facet only applies to headphones products; this product is audio-electronics,N/A: Facet only applies to headphones products; this product is audio-electronics,N/A: Facet only applies to headphones products; this product is audio-electronics,N/A: Facet only applies to headphones products; this product is audio-electronics,N/A: Facet only applies to headphones products; this product is audio-electronics,needs value,needs value,needs value,needs value,needs value,needs value,needs value,N/A: Facet only applies to accessories products; this product is audio-electronics,N/A: Facet only applies to accessories products; this product is audio-electronics,N/A: Facet only applies to accessories products; this product is audio-electronics
ZuUKzmkqDyQwdcwhxlJkHG,"HiFi Rose RD160 DAC (Silver)",hifi-rose-rd160-network-streamer-dac-silver,audio-electronics,Standalone DACs,needs value,needs value,needs value,needs value,N/A: Facet only applies to headphones products; this product is audio-electronics,N/A: Facet only applies to headphones products; this product is audio-electronics,N/A: Facet only applies to headphones products; this product is audio-electronics,N/A: Facet only applies to headphones products; this product is audio-electronics,N/A: Facet only applies to headphones products; this product is audio-electronics,N/A: Facet only applies to headphones products; this product is audio-electronics,N/A: Facet only applies to headphones products; this product is audio-electronics,N/A: Facet only applies to headphones products; this product is audio-electronics,needs value,needs value,needs value,needs value,needs value,needs value,needs value,N/A: Facet only applies to accessories products; this product is audio-electronics,N/A: Facet only applies to accessories products; this product is audio-electronics,N/A: Facet only applies to accessories products; this product is audio-electronics
ZuUKzmkqDyQwdcwhxlJlJu,"iFi Audio GO bar Kensei Portable Hi-Res USB DAC and Preamp",ifi-audio-go-bar-kensei-portable-hi-res-usb-dac-and-preamp,audio-electronics,USB-C/Dongle DACs,needs value,needs value,needs value,needs value,N/A: Facet only applies to headphones products; this product is audio-electronics,N/A: Facet only applies to headphones products; this product is audio-electronics,N/A: Facet only applies to headphones products; this product is audio-electronics,N/A: Facet only applies to headphones products; this product is audio-electronics,N/A: Facet only applies to headphones products; this product is audio-electronics,N/A: Facet only applies to headphones products; this product is audio-electronics,N/A: Facet only applies to headphones products; this product is audio-electronics,N/A: Facet only applies to headphones products; this product is audio-electronics,needs value,needs value,needs value,needs value,needs value,needs value,needs value,N/A: Facet only applies to accessories products; this product is audio-electronics,N/A: Facet only applies to accessories products; this product is audio-electronics,N/A: Facet only applies to accessories products; this product is audio-electronics
ZuUKzmkqDyQwdcwhxlJpXB,"McIntosh DS200 Streaming DAC",mcintosh-ds200-streaming-dac,audio-electronics,Network Streamers,needs value,needs value,needs value,needs value,N/A: Facet only applies to headphones products; this product is audio-electronics,N/A: Facet only applies to headphones products; this product is audio-electronics,N/A: Facet only applies to headphones products; this product is audio-electronics,N/A: Facet only applies to headphones products; this product is audio-electronics,N/A: Facet only applies to headphones products; this product is audio-electronics,N/A: Facet only applies to headphones products; this product is audio-electronics,N/A: Facet only applies to headphones products; this product is audio-electronics,N/A: Facet only applies to headphones products; this product is audio-electronics,needs value,needs value,needs value,needs value,needs value,needs value,needs value,N/A: Facet only applies to accessories products; this product is audio-electronics,N/A: Facet only applies to accessories products; this product is audio-electronics,N/A: Facet only applies to accessories products; this product is audio-electronics
ZuUKzmkqDyQwdcwhxwQHiY,"Sennheiser Momentum Sport True Wireless Earbuds with Adaptive Noise Cancellation (Black)",sennheiser-momentum-sport-true-wireless-earbuds-with-adaptive-noise-cancellation-black,headphones,Universal IEMs,needs value,needs value,needs value,needs value,needs value,N/A: IEMs (Universal IEMs) have no ear cup / back design,needs value,needs value,needs value,needs value,needs value,needs value,N/A: Facet only applies to audio-electronics products; this product is headphones,N/A: Facet only applies to audio-electronics products; this product is headphones,N/A: Facet only applies to audio-electronics products; this product is headphones,N/A: Facet only applies to audio-electronics products; this product is headphones,N/A: Facet only applies to audio-electronics products; this product is headphones,N/A: Facet only applies to audio-electronics products; this product is headphones,N/A: Facet only applies to audio-electronics products; this product is headphones,N/A: Facet only applies to accessories products; this product is headphones,N/A: Facet only applies to accessories products; this product is headphones,N/A: Facet only applies to accessories products; this product is headphones
ZuUKzmkqDyQwdcwhxwQLK7,"Sony Linkbuds Fit Truly Wireless Noise Cancelling Earbuds (White)",sony-linkbuds-fit-truly-wireless-noise-cancelling-earbuds-white,headphones,Universal IEMs,needs value,needs value,needs value,needs value,needs value,N/A: IEMs (Universal IEMs) have no ear cup / back design,needs value,needs value,needs value,needs value,needs value,needs value,N/A: Facet only applies to audio-electronics products; this product is headphones,N/A: Facet only applies to audio-electronics products; this product is headphones,N/A: Facet only applies to audio-electronics products; this product is headphones,N/A: Facet only applies to audio-electronics products; this product is headphones,N/A: Facet only applies to audio-electronics products; this product is headphones,N/A: Facet only applies to audio-electronics products; this product is headphones,N/A: Facet only applies to audio-electronics products; this product is headphones,N/A: Facet only applies to accessories products; this product is headphones,N/A: Facet only applies to accessories products; this product is headphones,N/A: Facet only applies to accessories products; this product is headphones
ZuUKzmkqDyQwdcwhxwQPfT,"Sony WF-1000XM5 Wireless Noise Cancelling In-Ear Headphone Bundle with gSport Hardshell Case (Silver)",sony-wf-1000xm5-wireless-noise-cancelling-in-ear-headphone-bundle-with-gsport-hardshell-case-silver,headphones,Universal IEMs,needs value,needs value,needs value,needs value,needs value,N/A: IEMs (Universal IEMs) have no ear cup / back design,needs value,needs value,needs value,needs value,needs value,needs value,N/A: Facet only applies to audio-electronics products; this product is headphones,N/A: Facet only applies to audio-electronics products; this product is headphones,N/A: Facet only applies to audio-electronics products; this product is headphones,N/A: Facet only applies to audio-electronics products; this product is headphones,N/A: Facet only applies to audio-electronics products; this product is headphones,N/A: Facet only applies to audio-electronics products; this product is headphones,N/A: Facet only applies to audio-electronics products; this product is headphones,N/A: Facet only applies to accessories products; this product is headphones,N/A: Facet only applies to accessories products; this product is headphones,N/A: Facet only applies to accessories products; this product is headphones
apzyFbFDTajEZntmxsotCD,"AudioQuest Chicago RCA Analog Audio Interconnect Cable - Pair (6.56 ft.)",audioquest-chicago-rca-analog-audio-interconnect-cable-pair-6-56-ft,accessories,Interconnects,needs value,needs value,needs value,needs value,N/A: Facet only applies to headphones products; this product is accessories,N/A: Facet only applies to headphones products; this product is accessories,N/A: Facet only applies to headphones products; this product is accessories,N/A: Facet only applies to headphones products; this product is accessories,N/A: Facet only applies to headphones products; this product is accessories,N/A: Facet only applies to headphones products; this product is accessories,N/A: Facet only applies to headphones products; this product is accessories,N/A: Facet only applies to headphones products; this product is accessories,N/A: Facet only applies to audio-electronics products; this product is accessories,N/A: Facet only applies to audio-electronics products; this product is accessories,N/A: Facet only applies to audio-electronics products; this product is accessories,N/A: Facet only applies to audio-electronics products; this product is accessories,N/A: Facet only applies to audio-electronics products; this product is accessories,N/A: Facet only applies to audio-electronics products; this product is accessories,N/A: Facet only applies to audio-electronics products; this product is accessories,needs value,needs value,needs value
apzyFbFDTajEZntmxspOvR,"AudioQuest Evergreen 1m (3.28 ft) RCA Male to RCA Male Cable - Pair",audioquest-evergreen-1m-3-28-ft-rca-male-to-rca-male-cable-pair,accessories,Interconnects,needs value,needs value,needs value,needs value,N/A: Facet only applies to headphones products; this product is accessories,N/A: Facet only applies to headphones products; this product is accessories,N/A: Facet only applies to headphones products; this product is accessories,N/A: Facet only applies to headphones products; this product is accessories,N/A: Facet only applies to headphones products; this product is accessories,N/A: Facet only applies to headphones products; this product is accessories,N/A: Facet only applies to headphones products; this product is accessories,N/A: Facet only applies to headphones products; this product is accessories,N/A: Facet only applies to audio-electronics products; this product is accessories,N/A: Facet only applies to audio-electronics products; this product is accessories,N/A: Facet only applies to audio-electronics products; this product is accessories,N/A: Facet only applies to audio-electronics products; this product is accessories,N/A: Facet only applies to audio-electronics products; this product is accessories,N/A: Facet only applies to audio-electronics products; this product is accessories,N/A: Facet only applies to audio-electronics products; this product is accessories,needs value,needs value,needs value
apzyFbFDTajEZntmxspjB2,"AudioQuest Red River XLR to XLR Analog Audio Interconnect Cable - 1.64' (0.5m) - 2-Pack",audioquest-red-river-xlr-to-xlr-analog-audio-interconnect-cable-1-64-0-5m-2-pack,accessories,Interconnects,needs value,needs value,needs value,needs value,N/A: Facet only applies to headphones products; this product is accessories,N/A: Facet only applies to headphones products; this product is accessories,N/A: Facet only applies to headphones products; this product is accessories,N/A: Facet only applies to headphones products; this product is accessories,N/A: Facet only applies to headphones products; this product is accessories,N/A: Facet only applies to headphones products; this product is accessories,N/A: Facet only applies to headphones products; this product is accessories,N/A: Facet only applies to headphones products; this product is accessories,N/A: Facet only applies to audio-electronics products; this product is accessories,N/A: Facet only applies to audio-electronics products; this product is accessories,N/A: Facet only applies to audio-electronics products; this product is accessories,N/A: Facet only applies to audio-electronics products; this product is accessories,N/A: Facet only applies to audio-electronics products; this product is accessories,N/A: Facet only applies to audio-electronics products; this product is accessories,N/A: Facet only applies to audio-electronics products; this product is accessories,needs value,needs value,needs value
apzyFbFDTajEZntmxspxTm,"AudioQuest Red River XLR to XLR Analog Audio Interconnect Cables - 2.46' (0.75m) - 2-Pack",audioquest-red-river-xlr-to-xlr-analog-audio-interconnect-cables-2-46-0-75m-2-pack,accessories,Interconnects,needs value,needs value,needs value,needs value,N/A: Facet only applies to headphones products; this product is accessories,N/A: Facet only applies to headphones products; this product is accessories,N/A: Facet only applies to headphones products; this product is accessories,N/A: Facet only applies to headphones products; this product is accessories,N/A: Facet only applies to headphones products; this product is accessories,N/A: Facet only applies to headphones products; this product is accessories,N/A: Facet only applies to headphones products; this product is accessories,N/A: Facet only applies to headphones products; this product is accessories,N/A: Facet only applies to audio-electronics products; this product is accessories,N/A: Facet only applies to audio-electronics products; this product is accessories,N/A: Facet only applies to audio-electronics products; this product is accessories,N/A: Facet only applies to audio-electronics products; this product is accessories,N/A: Facet only applies to audio-electronics products; this product is accessories,N/A: Facet only applies to audio-electronics products; this product is accessories,N/A: Facet only applies to audio-electronics products; this product is accessories,needs value,needs value,needs value
apzyFbFDTajEZntmxsqSfT,"AudioQuest Chicago RCA Analog Audio Interconnect Cable - Pair (3.28 ft.)",audioquest-chicago-rca-analog-audio-interconnect-cable-pair-3-28-ft,accessories,Interconnects,needs value,needs value,needs value,needs value,N/A: Facet only applies to headphones products; this product is accessories,N/A: Facet only applies to headphones products; this product is accessories,N/A: Facet only applies to headphones products; this product is accessories,N/A: Facet only applies to headphones products; this product is accessories,N/A: Facet only applies to headphones products; this product is accessories,N/A: Facet only applies to headphones products; this product is accessories,N/A: Facet only applies to headphones products; this product is accessories,N/A: Facet only applies to headphones products; this product is accessories,N/A: Facet only applies to audio-electronics products; this product is accessories,N/A: Facet only applies to audio-electronics products; this product is accessories,N/A: Facet only applies to audio-electronics products; this product is accessories,N/A: Facet only applies to audio-electronics products; this product is accessories,N/A: Facet only applies to audio-electronics products; this product is accessories,N/A: Facet only applies to audio-electronics products; this product is accessories,N/A: Facet only applies to audio-electronics products; this product is accessories,needs value,needs value,needs value
apzyFbFDTajEZntmxsqhzY,"AudioQuest Chicago RCA Male to RCA Male Cable - Pair (4.92 ft.)",audioquest-chicago-rca-male-to-rca-male-cable-pair-4-92-ft,accessories,Interconnects,needs value,needs value,needs value,needs value,N/A: Facet only applies to headphones products; this product is accessories,N/A: Facet only applies to headphones products; this product is accessories,N/A: Facet only applies to headphones products; this product is accessories,N/A: Facet only applies to headphones products; this product is accessories,N/A: Facet only applies to headphones products; this product is accessories,N/A: Facet only applies to headphones products; this product is accessories,N/A: Facet only applies to headphones products; this product is accessories,N/A: Facet only applies to headphones products; this product is accessories,N/A: Facet only applies to audio-electronics products; this product is accessories,N/A: Facet only applies to audio-electronics products; this product is accessories,N/A: Facet only applies to audio-electronics products; this product is accessories,N/A: Facet only applies to audio-electronics products; this product is accessories,N/A: Facet only applies to audio-electronics products; this product is accessories,N/A: Facet only applies to audio-electronics products; this product is accessories,N/A: Facet only applies to audio-electronics products; this product is accessories,needs value,needs value,needs value
apzyFbFDTajEZntmxssHP5,"Polk Audio RC85i 2 Way In Wall Speakers - 4 Pack (White)",polk-audio-rc85i-2-way-in-wall-speakers-4-pack-white,accessories,Interconnects,needs value,needs value,needs value,needs value,N/A: Facet only applies to headphones products; this product is accessories,N/A: Facet only applies to headphones products; this product is accessories,N/A: Facet only applies to headphones products; this product is accessories,N/A: Facet only applies to headphones products; this product is accessories,N/A: Facet only applies to headphones products; this product is accessories,N/A: Facet only applies to headphones products; this product is accessories,N/A: Facet only applies to headphones products; this product is accessories,N/A: Facet only applies to headphones products; this product is accessories,N/A: Facet only applies to audio-electronics products; this product is accessories,N/A: Facet only applies to audio-electronics products; this product is accessories,N/A: Facet only applies to audio-electronics products; this product is accessories,N/A: Facet only applies to audio-electronics products; this product is accessories,N/A: Facet only applies to audio-electronics products; this product is accessories,N/A: Facet only applies to audio-electronics products; this product is accessories,N/A: Facet only applies to audio-electronics products; this product is accessories,needs value,needs value,needs value
apzyFbFDTajEZntmxssRcT,"Yamaha NS-IC800 140 Watt 8 Inch 2 Way In Ceiling Speakers - Pair (White)",yamaha-ns-ic800-140-watt-8-inch-2-way-in-ceiling-speakers-pair-white,accessories,Interconnects,needs value,needs value,needs value,needs value,N/A: Facet only applies to headphones products; this product is accessories,N/A: Facet only applies to headphones products; this product is accessories,N/A: Facet only applies to headphones products; this product is accessories,N/A: Facet only applies to headphones products; this product is accessories,N/A: Facet only applies to headphones products; this product is accessories,N/A: Facet only applies to headphones products; this product is accessories,N/A: Facet only applies to headphones products; this product is accessories,N/A: Facet only applies to headphones products; this product is accessories,N/A: Facet only applies to audio-electronics products; this product is accessories,N/A: Facet only applies to audio-electronics products; this product is accessories,N/A: Facet only applies to audio-electronics products; this product is accessories,N/A: Facet only applies to audio-electronics products; this product is accessories,N/A: Facet only applies to audio-electronics products; this product is accessories,N/A: Facet only applies to audio-electronics products; this product is accessories,N/A: Facet only applies to audio-electronics products; this product is accessories,needs value,needs value,needs value
apzyFbFDTajEZntmxstdpq,"SVS SoundPath RCA Audio Interconnect Cable for Subwoofers - 49.2 ft. (15m)",svs-soundpath-rca-audio-interconnect-cable-for-subwoofers-49-2-ft-15m,accessories,Interconnects,needs value,needs value,needs value,needs value,N/A: Facet only applies to headphones products; this product is accessories,N/A: Facet only applies to headphones products; this product is accessories,N/A: Facet only applies to headphones products; this product is accessories,N/A: Facet only applies to headphones products; this product is accessories,N/A: Facet only applies to headphones products; this product is accessories,N/A: Facet only applies to headphones products; this product is accessories,N/A: Facet only applies to headphones products; this product is accessories,N/A: Facet only applies to headphones products; this product is accessories,N/A: Facet only applies to audio-electronics products; this product is accessories,N/A: Facet only applies to audio-electronics products; this product is accessories,N/A: Facet only applies to audio-electronics products; this product is accessories,N/A: Facet only applies to audio-electronics products; this product is accessories,N/A: Facet only applies to audio-electronics products; this product is accessories,N/A: Facet only applies to audio-electronics products; this product is accessories,N/A: Facet only applies to audio-electronics products; this product is accessories,needs value,needs value,needs value
apzyFbFDTajEZntmxsuJqB,"SVS SoundPath RCA Audio Interconnect Cable for Subwoofers - 6.56 ft. (2m)",svs-soundpath-rca-audio-interconnect-cable-for-subwoofers-6-56-ft-2m,accessories,Interconnects,needs value,needs value,needs value,needs value,N/A: Facet only applies to headphones products; this product is accessories,N/A: Facet only applies to headphones products; this product is accessories,N/A: Facet only applies to headphones products; this product is accessories,N/A: Facet only applies to headphones products; this product is accessories,N/A: Facet only applies to headphones products; this product is accessories,N/A: Facet only applies to headphones products; this product is accessories,N/A: Facet only applies to headphones products; this product is accessories,N/A: Facet only applies to headphones products; this product is accessories,N/A: Facet only applies to audio-electronics products; this product is accessories,N/A: Facet only applies to audio-electronics products; this product is accessories,N/A: Facet only applies to audio-electronics products; this product is accessories,N/A: Facet only applies to audio-electronics products; this product is accessories,N/A: Facet only applies to audio-electronics products; this product is accessories,N/A: Facet only applies to audio-electronics products; this product is accessories,N/A: Facet only applies to audio-electronics products; this product is accessories,needs value,needs value,needs value
dLGDVDmEEI2lV8CArAcaQ0,"iFi Audio Go blu Portable Bluetooth DAC/Headphone Amp",ifi-audio-go-blu-portable-bluetooth-dac-headphone-amp,audio-electronics,DAC/Amp Combos,needs value,needs value,needs value,needs value,N/A: Facet only applies to headphones products; this product is audio-electronics,N/A: Facet only applies to headphones products; this product is audio-electronics,N/A: Facet only applies to headphones products; this product is audio-electronics,N/A: Facet only applies to headphones products; this product is audio-electronics,N/A: Facet only applies to headphones products; this product is audio-electronics,N/A: Facet only applies to headphones products; this product is audio-electronics,N/A: Facet only applies to headphones products; this product is audio-electronics,N/A: Facet only applies to headphones products; this product is audio-electronics,needs value,needs value,needs value,needs value,needs value,needs value,needs value,N/A: Facet only applies to accessories products; this product is audio-electronics,N/A: Facet only applies to accessories products; this product is audio-electronics,N/A: Facet only applies to accessories products; this product is audio-electronics
dLGDVDmEEI2lV8CArAcay4,"iFi Audio GO Link Max Portable Amp & DAC",ifi-audio-go-link-max-portable-amp-dac,audio-electronics,DAC/Amp Combos,needs value,needs value,needs value,needs value,N/A: Facet only applies to headphones products; this product is audio-electronics,N/A: Facet only applies to headphones products; this product is audio-electronics,N/A: Facet only applies to headphones products; this product is audio-electronics,N/A: Facet only applies to headphones products; this product is audio-electronics,N/A: Facet only applies to headphones products; this product is audio-electronics,N/A: Facet only applies to headphones products; this product is audio-electronics,N/A: Facet only applies to headphones products; this product is audio-electronics,N/A: Facet only applies to headphones products; this product is audio-electronics,needs value,needs value,needs value,needs value,needs value,needs value,needs value,N/A: Facet only applies to accessories products; this product is audio-electronics,N/A: Facet only applies to accessories products; this product is audio-electronics,N/A: Facet only applies to accessories products; this product is audio-electronics
dLGDVDmEEI2lV8CArAcd7E,"iFi Audio Hip-dac2 Portable USB DAC and Headphone Amp",ifi-audio-hip-dac2-portable-usb-dac-and-headphone-amp,audio-electronics,DAC/Amp Combos,needs value,needs value,needs value,needs value,N/A: Facet only applies to headphones products; this product is audio-electronics,N/A: Facet only applies to headphones products; this product is audio-electronics,N/A: Facet only applies to headphones products; this product is audio-electronics,N/A: Facet only applies to headphones products; this product is audio-electronics,N/A: Facet only applies to headphones products; this product is audio-electronics,N/A: Facet only applies to headphones products; this product is audio-electronics,N/A: Facet only applies to headphones products; this product is audio-electronics,N/A: Facet only applies to headphones products; this product is audio-electronics,needs value,needs value,needs value,needs value,needs value,needs value,needs value,N/A: Facet only applies to accessories products; this product is audio-electronics,N/A: Facet only applies to accessories products; this product is audio-electronics,N/A: Facet only applies to accessories products; this product is audio-electronics
dLGDVDmEEI2lV8CArAcfBk,"iFi Audio NEO iDSD Desktop USB DAC/Headphone Amp with Bluetooth",ifi-audio-neo-idsd-desktop-usb-dac-headphone-amp-with-bluetooth,audio-electronics,DAC/Amp Combos,needs value,needs value,needs value,needs value,N/A: Facet only applies to headphones products; this product is audio-electronics,N/A: Facet only applies to headphones products; this product is audio-electronics,N/A: Facet only applies to headphones products; this product is audio-electronics,N/A: Facet only applies to headphones products; this product is audio-electronics,N/A: Facet only applies to headphones products; this product is audio-electronics,N/A: Facet only applies to headphones products; this product is audio-electronics,N/A: Facet only applies to headphones products; this product is audio-electronics,N/A: Facet only applies to headphones products; this product is audio-electronics,needs value,needs value,needs value,needs value,needs value,needs value,needs value,N/A: Facet only applies to accessories products; this product is audio-electronics,N/A: Facet only applies to accessories products; this product is audio-electronics,N/A: Facet only applies to accessories products; this product is audio-electronics
dLGDVDmEEI2lV8CArAcgSi,"McIntosh MHA200 2-Channel Vacuum Tube Headphone Amplifier",mcintosh-mha200-2-channel-vacuum-tube-headphone-amplifier,audio-electronics,Desktop Amps,needs value,needs value,needs value,needs value,N/A: Facet only applies to headphones products; this product is audio-electronics,N/A: Facet only applies to headphones products; this product is audio-electronics,N/A: Facet only applies to headphones products; this product is audio-electronics,N/A: Facet only applies to headphones products; this product is audio-electronics,N/A: Facet only applies to headphones products; this product is audio-electronics,N/A: Facet only applies to headphones products; this product is audio-electronics,N/A: Facet only applies to headphones products; this product is audio-electronics,N/A: Facet only applies to headphones products; this product is audio-electronics,needs value,needs value,needs value,needs value,needs value,needs value,needs value,N/A: Facet only applies to accessories products; this product is audio-electronics,N/A: Facet only applies to accessories products; this product is audio-electronics,N/A: Facet only applies to accessories products; this product is audio-electronics
dLGDVDmEEI2lV8CArAcpNU,"iFi Audio ZEN Air CAN High-Power Analogue Headphone Amplifier",ifi-audio-zen-air-can-high-power-analogue-headphone-amplifier,audio-electronics,Desktop Amps,needs value,needs value,needs value,needs value,N/A: Facet only applies to headphones products; this product is audio-electronics,N/A: Facet only applies to headphones products; this product is audio-electronics,N/A: Facet only applies to headphones products; this product is audio-electronics,N/A: Facet only applies to headphones products; this product is audio-electronics,N/A: Facet only applies to headphones products; this product is audio-electronics,N/A: Facet only applies to headphones products; this product is audio-electronics,N/A: Facet only applies to headphones products; this product is audio-electronics,N/A: Facet only applies to headphones products; this product is audio-electronics,needs value,needs value,needs value,needs value,needs value,needs value,needs value,N/A: Facet only applies to accessories products; this product is audio-electronics,N/A: Facet only applies to accessories products; this product is audio-electronics,N/A: Facet only applies to accessories products; this product is audio-electronics
dLGDVDmEEI2lV8CArAdTYq,"Bose Ultra Open Bluetooth Earbuds with Spatial Audio & Water Resistance (White Smoke)",bose-ultra-open-bluetooth-earbuds-with-spatial-audio-water-resistance-white-smoke,headphones,Universal IEMs,needs value,needs value,needs value,needs value,needs value,N/A: IEMs (Universal IEMs) have no ear cup / back design,needs value,needs value,needs value,needs value,needs value,needs value,N/A: Facet only applies to audio-electronics products; this product is headphones,N/A: Facet only applies to audio-electronics products; this product is headphones,N/A: Facet only applies to audio-electronics products; this product is headphones,N/A: Facet only applies to audio-electronics products; this product is headphones,N/A: Facet only applies to audio-electronics products; this product is headphones,N/A: Facet only applies to audio-electronics products; this product is headphones,N/A: Facet only applies to audio-electronics products; this product is headphones,N/A: Facet only applies to accessories products; this product is headphones,N/A: Facet only applies to accessories products; this product is headphones,N/A: Facet only applies to accessories products; this product is headphones
dLGDVDmEEI2lV8CArIgBZs,"Bowers & Wilkins Pi6 In-Ear Bluetooth Wireless Earbuds (Forest Green)",bowers-wilkins-pi6-in-ear-bluetooth-wireless-earbuds-forest-green,headphones,Universal IEMs,needs value,needs value,needs value,needs value,needs value,N/A: IEMs (Universal IEMs) have no ear cup / back design,needs value,needs value,needs value,needs value,needs value,needs value,N/A: Facet only applies to audio-electronics products; this product is headphones,N/A: Facet only applies to audio-electronics products; this product is headphones,N/A: Facet only applies to audio-electronics products; this product is headphones,N/A: Facet only applies to audio-electronics products; this product is headphones,N/A: Facet only applies to audio-electronics products; this product is headphones,N/A: Facet only applies to audio-electronics products; this product is headphones,N/A: Facet only applies to audio-electronics products; this product is headphones,N/A: Facet only applies to accessories products; this product is headphones,N/A: Facet only applies to accessories products; this product is headphones,N/A: Facet only applies to accessories products; this product is headphones
dLGDVDmEEI2lV8CArIgBmG,"Bowers & Wilkins Pi6 In-Ear Bluetooth Wireless Earbuds (Glacier Blue)",bowers-wilkins-pi6-in-ear-bluetooth-wireless-earbuds-glacier-blue,headphones,Universal IEMs,needs value,needs value,needs value,needs value,needs value,N/A: IEMs (Universal IEMs) have no ear cup / back design,needs value,needs value,needs value,needs value,needs value,needs value,N/A: Facet only applies to audio-electronics products; this product is headphones,N/A: Facet only applies to audio-electronics products; this product is headphones,N/A: Facet only applies to audio-electronics products; this product is headphones,N/A: Facet only applies to audio-electronics products; this product is headphones,N/A: Facet only applies to audio-electronics products; this product is headphones,N/A: Facet only applies to audio-electronics products; this product is headphones,N/A: Facet only applies to audio-electronics products; this product is headphones,N/A: Facet only applies to accessories products; this product is headphones,N/A: Facet only applies to accessories products; this product is headphones,N/A: Facet only applies to accessories products; this product is headphones
dLGDVDmEEI2lV8CArIgC3I,"Bowers & Wilkins Pi6 In-Ear Bluetooth Wireless Earbuds (Storm Grey)",bowers-wilkins-pi6-in-ear-bluetooth-wireless-earbuds-storm-grey,headphones,Universal IEMs,needs value,needs value,needs value,needs value,needs value,N/A: IEMs (Universal IEMs) have no ear cup / back design,needs value,needs value,needs value,needs value,needs value,needs value,N/A: Facet only applies to audio-electronics products; this product is headphones,N/A: Facet only applies to audio-electronics products; this product is headphones,N/A: Facet only applies to audio-electronics products; this product is headphones,N/A: Facet only applies to audio-electronics products; this product is headphones,N/A: Facet only applies to audio-electronics products; this product is headphones,N/A: Facet only applies to audio-electronics products; this product is headphones,N/A: Facet only applies to audio-electronics products; this product is headphones,N/A: Facet only applies to accessories products; this product is headphones,N/A: Facet only applies to accessories products; this product is headphones,N/A: Facet only applies to accessories products; this product is headphones
dLGDVDmEEI2lV8CArIgKzc,"Bowers & Wilkins Pi8 In-Ear Bluetooth True Wireless Earbuds (Midnight Blue)",bowers-wilkins-pi8-in-ear-bluetooth-true-wireless-earbuds-midnight-blue,headphones,Universal IEMs,needs value,needs value,needs value,needs value,needs value,N/A: IEMs (Universal IEMs) have no ear cup / back design,needs value,needs value,needs value,needs value,needs value,needs value,N/A: Facet only applies to audio-electronics products; this product is headphones,N/A: Facet only applies to audio-electronics products; this product is headphones,N/A: Facet only applies to audio-electronics products; this product is headphones,N/A: Facet only applies to audio-electronics products; this product is headphones,N/A: Facet only applies to audio-electronics products; this product is headphones,N/A: Facet only applies to audio-electronics products; this product is headphones,N/A: Facet only applies to audio-electronics products; this product is headphones,N/A: Facet only applies to accessories products; this product is headphones,N/A: Facet only applies to accessories products; this product is headphones,N/A: Facet only applies to accessories products; this product is headphones
dLGDVDmEEI2lV8CArIgSA0,"Sony WF-G700N INZONE Buds Truly Wireless Noise Cancelling Earbud Bundle with gSport Case (Black)",sony-wf-g700n-inzone-buds-truly-wireless-noise-cancelling-earbud-bundle-with-gsport-case-black,headphones,Universal IEMs,needs value,needs value,needs value,needs value,needs value,N/A: IEMs (Universal IEMs) have no ear cup / back design,needs value,needs value,needs value,needs value,needs value,needs value,N/A: Facet only applies to audio-electronics products; this product is headphones,N/A: Facet only applies to audio-electronics products; this product is headphones,N/A: Facet only applies to audio-electronics products; this product is headphones,N/A: Facet only applies to audio-electronics products; this product is headphones,N/A: Facet only applies to audio-electronics products; this product is headphones,N/A: Facet only applies to audio-electronics products; this product is headphones,N/A: Facet only applies to audio-electronics products; this product is headphones,N/A: Facet only applies to accessories products; this product is headphones,N/A: Facet only applies to accessories products; this product is headphones,N/A: Facet only applies to accessories products; this product is headphones
dLGDVDmEEI2lV8CArIgVky,"Sony WFL910 Linkbuds Truly Wireless Earbuds (Black)",sony-wfl910-linkbuds-truly-wireless-earbuds-black,headphones,Universal IEMs,needs value,needs value,needs value,needs value,needs value,N/A: IEMs (Universal IEMs) have no ear cup / back design,needs value,needs value,needs value,needs value,needs value,needs value,N/A: Facet only applies to audio-electronics products; this product is headphones,N/A: Facet only applies to audio-electronics products; this product is headphones,N/A: Facet only applies to audio-electronics products; this product is headphones,N/A: Facet only applies to audio-electronics products; this product is headphones,N/A: Facet only applies to audio-electronics products; this product is headphones,N/A: Facet only applies to audio-electronics products; this product is headphones,N/A: Facet only applies to audio-electronics products; this product is headphones,N/A: Facet only applies to accessories products; this product is headphones,N/A: Facet only applies to accessories products; this product is headphones,N/A: Facet only applies to accessories products; this product is headphones
dLGDVDmEEI2lV8CArIgbTY,"Sony WHCH720N/B Hybrid Wired & Wireless Bluetooth Noise Canceling Headphones",sony-whch720n-b-hybrid-wired-wireless-bluetooth-noise-canceling-headphones-with-adjustable-ambient-sound-siri-google-assistant-compatible-built-in-microphone,headphones,Closed-Back,needs value,needs value,needs value,needs value,needs value,needs value,needs value,needs value,needs value,needs value,needs value,needs value,N/A: Facet only applies to audio-electronics products; this product is headphones,N/A: Facet only applies to audio-electronics products; this product is headphones,N/A: Facet only applies to audio-electronics products; this product is headphones,N/A: Facet only applies to audio-electronics products; this product is headphones,N/A: Facet only applies to audio-electronics products; this product is headphones,N/A: Facet only applies to audio-electronics products; this product is headphones,N/A: Facet only applies to audio-electronics products; this product is headphones,N/A: Facet only applies to accessories products; this product is headphones,N/A: Facet only applies to accessories products; this product is headphones,N/A: Facet only applies to accessories products; this product is headphones
dLGDVDmEEI2lV8CArIgbyW,"Soundcore Q20i Wireless Headphones (White)",soundcore-q20i-wireless-headphones-white,headphones,Closed-Back,needs value,needs value,needs value,needs value,needs value,needs value,needs value,needs value,needs value,needs value,needs value,needs value,N/A: Facet only applies to audio-electronics products; this product is headphones,N/A: Facet only applies to audio-electronics products; this product is headphones,N/A: Facet only applies to audio-electronics products; this product is headphones,N/A: Facet only applies to audio-electronics products; this product is headphones,N/A: Facet only applies to audio-electronics products; this product is headphones,N/A: Facet only applies to audio-electronics products; this product is headphones,N/A: Facet only applies to audio-electronics products; this product is headphones,N/A: Facet only applies to accessories products; this product is headphones,N/A: Facet only applies to accessories products; this product is headphones,N/A: Facet only applies to accessories products; this product is headphones
fisKNZUL2oYuqkoQMTzLCp,"Sanus Headphone Stand for Sonos Ace (White)",sanus-headphone-stand-for-sonos-ace-white,accessories,Headphone Stands,needs value,needs value,needs value,needs value,N/A: Facet only applies to headphones products; this product is accessories,N/A: Facet only applies to headphones products; this product is accessories,N/A: Facet only applies to headphones products; this product is accessories,N/A: Facet only applies to headphones products; this product is accessories,N/A: Facet only applies to headphones products; this product is accessories,N/A: Facet only applies to headphones products; this product is accessories,N/A: Facet only applies to headphones products; this product is accessories,N/A: Facet only applies to headphones products; this product is accessories,N/A: Facet only applies to audio-electronics products; this product is accessories,N/A: Facet only applies to audio-electronics products; this product is accessories,N/A: Facet only applies to audio-electronics products; this product is accessories,N/A: Facet only applies to audio-electronics products; this product is accessories,N/A: Facet only applies to audio-electronics products; this product is accessories,N/A: Facet only applies to audio-electronics products; this product is accessories,N/A: Facet only applies to audio-electronics products; this product is accessories,needs value,N/A: Earpads, eartips, stands, cases and care products have no connector/termination,needs value
fisKNZUL2oYuqkoQMUyJYb,"Universal Fit 100mm Replacement Earpads (Fits Beyerdynamic, AKG & More)",universal-fit-100mm-replacement-earpads-fits-beyerdynamic-akg-more,accessories,Earpads,needs value,needs value,needs value,needs value,N/A: Facet only applies to headphones products; this product is accessories,N/A: Facet only applies to headphones products; this product is accessories,N/A: Facet only applies to headphones products; this product is accessories,N/A: Facet only applies to headphones products; this product is accessories,N/A: Facet only applies to headphones products; this product is accessories,N/A: Facet only applies to headphones products; this product is accessories,N/A: Facet only applies to headphones products; this product is accessories,N/A: Facet only applies to headphones products; this product is accessories,N/A: Facet only applies to audio-electronics products; this product is accessories,N/A: Facet only applies to audio-electronics products; this product is accessories,N/A: Facet only applies to audio-electronics products; this product is accessories,N/A: Facet only applies to audio-electronics products; this product is accessories,N/A: Facet only applies to audio-electronics products; this product is accessories,N/A: Facet only applies to audio-electronics products; this product is accessories,N/A: Facet only applies to audio-electronics products; this product is accessories,needs value,N/A: Earpads, eartips, stands, cases and care products have no connector/termination,needs value
fisKNZUL2oYuqkoQMUyQ9x,"Replacement Earpads for HiFiMan HE Series Headphones and More",replacement-earpads-for-hifiman-he-series-headphones-and-more,accessories,Earpads,needs value,needs value,needs value,needs value,N/A: Facet only applies to headphones products; this product is accessories,N/A: Facet only applies to headphones products; this product is accessories,N/A: Facet only applies to headphones products; this product is accessories,N/A: Facet only applies to headphones products; this product is accessories,N/A: Facet only applies to headphones products; this product is accessories,N/A: Facet only applies to headphones products; this product is accessories,N/A: Facet only applies to headphones products; this product is accessories,N/A: Facet only applies to headphones products; this product is accessories,N/A: Facet only applies to audio-electronics products; this product is accessories,N/A: Facet only applies to audio-electronics products; this product is accessories,N/A: Facet only applies to audio-electronics products; this product is accessories,N/A: Facet only applies to audio-electronics products; this product is accessories,N/A: Facet only applies to audio-electronics products; this product is accessories,N/A: Facet only applies to audio-electronics products; this product is accessories,N/A: Facet only applies to audio-electronics products; this product is accessories,needs value,N/A: Earpads, eartips, stands, cases and care products have no connector/termination,needs value
fisKNZUL2oYuqkoQMUyapt,"Replacement Earpads for HiFiMan Arya",replacement-earpads-for-hifiman-arya,accessories,Earpads,needs value,needs value,needs value,needs value,N/A: Facet only applies to headphones products; this product is accessories,N/A: Facet only applies to headphones products; this product is accessories,N/A: Facet only applies to headphones products; this product is accessories,N/A: Facet only applies to headphones products; this product is accessories,N/A: Facet only applies to headphones products; this product is accessories,N/A: Facet only applies to headphones products; this product is accessories,N/A: Facet only applies to headphones products; this product is accessories,N/A: Facet only applies to headphones products; this product is accessories,N/A: Facet only applies to audio-electronics products; this product is accessories,N/A: Facet only applies to audio-electronics products; this product is accessories,N/A: Facet only applies to audio-electronics products; this product is accessories,N/A: Facet only applies to audio-electronics products; this product is accessories,N/A: Facet only applies to audio-electronics products; this product is accessories,N/A: Facet only applies to audio-electronics products; this product is accessories,N/A: Facet only applies to audio-electronics products; this product is accessories,needs value,N/A: Earpads, eartips, stands, cases and care products have no connector/termination,needs value
fisKNZUL2oYuqkoQMUz9XB,"Replacement Earpads for Grado Headphones",replacement-earpads-for-grado-headphones,accessories,Earpads,needs value,needs value,needs value,needs value,N/A: Facet only applies to headphones products; this product is accessories,N/A: Facet only applies to headphones products; this product is accessories,N/A: Facet only applies to headphones products; this product is accessories,N/A: Facet only applies to headphones products; this product is accessories,N/A: Facet only applies to headphones products; this product is accessories,N/A: Facet only applies to headphones products; this product is accessories,N/A: Facet only applies to headphones products; this product is accessories,N/A: Facet only applies to headphones products; this product is accessories,N/A: Facet only applies to audio-electronics products; this product is accessories,N/A: Facet only applies to audio-electronics products; this product is accessories,N/A: Facet only applies to audio-electronics products; this product is accessories,N/A: Facet only applies to audio-electronics products; this product is accessories,N/A: Facet only applies to audio-electronics products; this product is accessories,N/A: Facet only applies to audio-electronics products; this product is accessories,N/A: Facet only applies to audio-electronics products; this product is accessories,needs value,N/A: Earpads, eartips, stands, cases and care products have no connector/termination,needs value
fisKNZUL2oYuqkoQMUzDT3,"Replacement Earpads for Audeze Maxwell Gaming Headphone",replacement-earpads-for-audeze-maxwell-gaming-headphone,accessories,Earpads,needs value,needs value,needs value,needs value,N/A: Facet only applies to headphones products; this product is accessories,N/A: Facet only applies to headphones products; this product is accessories,N/A: Facet only applies to headphones products; this product is accessories,N/A: Facet only applies to headphones products; this product is accessories,N/A: Facet only applies to headphones products; this product is accessories,N/A: Facet only applies to headphones products; this product is accessories,N/A: Facet only applies to headphones products; this product is accessories,N/A: Facet only applies to headphones products; this product is accessories,N/A: Facet only applies to audio-electronics products; this product is accessories,N/A: Facet only applies to audio-electronics products; this product is accessories,N/A: Facet only applies to audio-electronics products; this product is accessories,N/A: Facet only applies to audio-electronics products; this product is accessories,N/A: Facet only applies to audio-electronics products; this product is accessories,N/A: Facet only applies to audio-electronics products; this product is accessories,N/A: Facet only applies to audio-electronics products; this product is accessories,needs value,N/A: Earpads, eartips, stands, cases and care products have no connector/termination,needs value
fisKNZUL2oYuqkoQMUzrVJ,"Memory Foam Earphone Tips for the Apple Airpods Pro & Airpods Pro 2",memory-foam-earphone-tips-for-the-apple-airpods-pro-airpods-pro-2,accessories,Eartips,needs value,needs value,needs value,needs value,N/A: Facet only applies to headphones products; this product is accessories,N/A: Facet only applies to headphones products; this product is accessories,N/A: Facet only applies to headphones products; this product is accessories,N/A: Facet only applies to headphones products; this product is accessories,N/A: Facet only applies to headphones products; this product is accessories,N/A: Facet only applies to headphones products; this product is accessories,N/A: Facet only applies to headphones products; this product is accessories,N/A: Facet only applies to headphones products; this product is accessories,N/A: Facet only applies to audio-electronics products; this product is accessories,N/A: Facet only applies to audio-electronics products; this product is accessories,N/A: Facet only applies to audio-electronics products; this product is accessories,N/A: Facet only applies to audio-electronics products; this product is accessories,N/A: Facet only applies to audio-electronics products; this product is accessories,N/A: Facet only applies to audio-electronics products; this product is accessories,N/A: Facet only applies to audio-electronics products; this product is accessories,needs value,N/A: Earpads, eartips, stands, cases and care products have no connector/termination,needs value
fisKNZUL2oYuqkoQMV1Bkp,"Memory Foam IEM Tips Black - Samsung Galaxy Buds Pro",memory-foam-iem-tips-black-samsung-galaxy-buds-pro,accessories,Eartips,needs value,needs value,needs value,needs value,N/A: Facet only applies to headphones products; this product is accessories,N/A: Facet only applies to headphones products; this product is accessories,N/A: Facet only applies to headphones products; this product is accessories,N/A: Facet only applies to headphones products; this product is accessories,N/A: Facet only applies to headphones products; this product is accessories,N/A: Facet only applies to headphones products; this product is accessories,N/A: Facet only applies to headphones products; this product is accessories,N/A: Facet only applies to headphones products; this product is accessories,N/A: Facet only applies to audio-electronics products; this product is accessories,N/A: Facet only applies to audio-electronics products; this product is accessories,N/A: Facet only applies to audio-electronics products; this product is accessories,N/A: Facet only applies to audio-electronics products; this product is accessories,N/A: Facet only applies to audio-electronics products; this product is accessories,N/A: Facet only applies to audio-electronics products; this product is accessories,N/A: Facet only applies to audio-electronics products; this product is accessories,needs value,N/A: Earpads, eartips, stands, cases and care products have no connector/termination,needs value
fisKNZUL2oYuqkoQMV1aTj,"Premium Headphone & Earbud Cleaning Wipes – Anti-Static & Alcohol-Free",premium-headphone-earbud-cleaning-wipes-anti-static-alcohol-free,accessories,Care & Cleaning,needs value,needs value,needs value,needs value,N/A: Facet only applies to headphones products; this product is accessories,N/A: Facet only applies to headphones products; this product is accessories,N/A: Facet only applies to headphones products; this product is accessories,N/A: Facet only applies to headphones products; this product is accessories,N/A: Facet only applies to headphones products; this product is accessories,N/A: Facet only applies to headphones products; this product is accessories,N/A: Facet only applies to headphones products; this product is accessories,N/A: Facet only applies to headphones products; this product is accessories,N/A: Facet only applies to audio-electronics products; this product is accessories,N/A: Facet only applies to audio-electronics products; this product is accessories,N/A: Facet only applies to audio-electronics products; this product is accessories,N/A: Facet only applies to audio-electronics products; this product is accessories,N/A: Facet only applies to audio-electronics products; this product is accessories,N/A: Facet only applies to audio-electronics products; this product is accessories,N/A: Facet only applies to audio-electronics products; this product is accessories,needs value,N/A: Earpads, eartips, stands, cases and care products have no connector/termination,needs value
fisKNZUL2oYuqkoQMV1sFV,"Dekoni Audio Headphone Savior - Universal Headphone Carrying Case",dekoni-audio-headphone-savior-universal-headphone-carrying-case,accessories,Carrying Cases,needs value,needs value,needs value,needs value,N/A: Facet only applies to headphones products; this product is accessories,N/A: Facet only applies to headphones products; this product is accessories,N/A: Facet only applies to headphones products; this product is accessories,N/A: Facet only applies to headphones products; this product is accessories,N/A: Facet only applies to headphones products; this product is accessories,N/A: Facet only applies to headphones products; this product is accessories,N/A: Facet only applies to headphones products; this product is accessories,N/A: Facet only applies to headphones products; this product is accessories,N/A: Facet only applies to audio-electronics products; this product is accessories,N/A: Facet only applies to audio-electronics products; this product is accessories,N/A: Facet only applies to audio-electronics products; this product is accessories,N/A: Facet only applies to audio-electronics products; this product is accessories,N/A: Facet only applies to audio-electronics products; this product is accessories,N/A: Facet only applies to audio-electronics products; this product is accessories,N/A: Facet only applies to audio-electronics products; this product is accessories,needs value,N/A: Earpads, eartips, stands, cases and care products have no connector/termination,needs value
fisKNZUL2oYuqkoQMV23hL,"Dekoni Audio x SKB Headphone Hero Heavy Duty Travel Case",dekoni-audio-x-skb-headphone-hero-heavy-duty-travel-case,accessories,Carrying Cases,needs value,needs value,needs value,needs value,N/A: Facet only applies to headphones products; this product is accessories,N/A: Facet only applies to headphones products; this product is accessories,N/A: Facet only applies to headphones products; this product is accessories,N/A: Facet only applies to headphones products; this product is accessories,N/A: Facet only applies to headphones products; this product is accessories,N/A: Facet only applies to headphones products; this product is accessories,N/A: Facet only applies to headphones products; this product is accessories,N/A: Facet only applies to headphones products; this product is accessories,N/A: Facet only applies to audio-electronics products; this product is accessories,N/A: Facet only applies to audio-electronics products; this product is accessories,N/A: Facet only applies to audio-electronics products; this product is accessories,N/A: Facet only applies to audio-electronics products; this product is accessories,N/A: Facet only applies to audio-electronics products; this product is accessories,N/A: Facet only applies to audio-electronics products; this product is accessories,N/A: Facet only applies to audio-electronics products; this product is accessories,needs value,N/A: Earpads, eartips, stands, cases and care products have no connector/termination,needs value
h2HZXAdWspjApNB9KwbQYY,"Standard Size Oval Replacement Earpads for Studio Monitor Headphones and Communication Headsets - Audio Technica, Sony, and More",standard-size-oval-replacement-earpads-for-studio-monitor-headphones-and-communication-headsets-,accessories,Earpads,needs value,needs value,needs value,needs value,N/A: Facet only applies to headphones products; this product is accessories,N/A: Facet only applies to headphones products; this product is accessories,N/A: Facet only applies to headphones products; this product is accessories,N/A: Facet only applies to headphones products; this product is accessories,N/A: Facet only applies to headphones products; this product is accessories,N/A: Facet only applies to headphones products; this product is accessories,N/A: Facet only applies to headphones products; this product is accessories,N/A: Facet only applies to headphones products; this product is accessories,N/A: Facet only applies to audio-electronics products; this product is accessories,N/A: Facet only applies to audio-electronics products; this product is accessories,N/A: Facet only applies to audio-electronics products; this product is accessories,N/A: Facet only applies to audio-electronics products; this product is accessories,N/A: Facet only applies to audio-electronics products; this product is accessories,N/A: Facet only applies to audio-electronics products; this product is accessories,N/A: Facet only applies to audio-electronics products; this product is accessories,needs value,N/A: Earpads, eartips, stands, cases and care products have no connector/termination,needs value
hrPfqTtkIIoluttvs2PJ0R,"Eletech Baroque Stage | Luxury HiFi Eartips for IEMs",eletech-baroque-stage-luxury-hifi-eartips-for-iems,accessories,Eartips,needs value,needs value,needs value,needs value,N/A: Facet only applies to headphones products; this product is accessories,N/A: Facet only applies to headphones products; this product is accessories,N/A: Facet only applies to headphones products; this product is accessories,N/A: Facet only applies to headphones products; this product is accessories,N/A: Facet only applies to headphones products; this product is accessories,N/A: Facet only applies to headphones products; this product is accessories,N/A: Facet only applies to headphones products; this product is accessories,N/A: Facet only applies to headphones products; this product is accessories,N/A: Facet only applies to audio-electronics products; this product is accessories,N/A: Facet only applies to audio-electronics products; this product is accessories,N/A: Facet only applies to audio-electronics products; this product is accessories,N/A: Facet only applies to audio-electronics products; this product is accessories,N/A: Facet only applies to audio-electronics products; this product is accessories,N/A: Facet only applies to audio-electronics products; this product is accessories,N/A: Facet only applies to audio-electronics products; this product is accessories,needs value,N/A: Earpads, eartips, stands, cases and care products have no connector/termination,needs value
k27n1AQuIbSr5iozFz7E1H,"Focal Radiance Headphones | Limited Edition",focal-radiance-headphones-|-limited-edition,headphones,Closed-Back,needs value,needs value,needs value,needs value,needs value,needs value,needs value,needs value,needs value,needs value,needs value,needs value,N/A: Facet only applies to audio-electronics products; this product is headphones,N/A: Facet only applies to audio-electronics products; this product is headphones,N/A: Facet only applies to audio-electronics products; this product is headphones,N/A: Facet only applies to audio-electronics products; this product is headphones,N/A: Facet only applies to audio-electronics products; this product is headphones,N/A: Facet only applies to audio-electronics products; this product is headphones,N/A: Facet only applies to audio-electronics products; this product is headphones,N/A: Facet only applies to accessories products; this product is headphones,N/A: Facet only applies to accessories products; this product is headphones,N/A: Facet only applies to accessories products; this product is headphones
k27n1AQuIbSr5iozFz7EE4,"Sennheiser HD 560S",sennheiser-hd-560s,headphones,Open-Back,needs value,needs value,needs value,needs value,needs value,needs value,needs value,needs value,needs value,needs value,needs value,needs value,N/A: Facet only applies to audio-electronics products; this product is headphones,N/A: Facet only applies to audio-electronics products; this product is headphones,N/A: Facet only applies to audio-electronics products; this product is headphones,N/A: Facet only applies to audio-electronics products; this product is headphones,N/A: Facet only applies to audio-electronics products; this product is headphones,N/A: Facet only applies to audio-electronics products; this product is headphones,N/A: Facet only applies to audio-electronics products; this product is headphones,N/A: Facet only applies to accessories products; this product is headphones,N/A: Facet only applies to accessories products; this product is headphones,N/A: Facet only applies to accessories products; this product is headphones
k27n1AQuIbSr5iozFz7EsP,"Focal Clear Mg Headphones",focal-clear-mg-headphones,headphones,Open-Back,needs value,needs value,needs value,needs value,needs value,needs value,needs value,needs value,needs value,needs value,needs value,needs value,N/A: Facet only applies to audio-electronics products; this product is headphones,N/A: Facet only applies to audio-electronics products; this product is headphones,N/A: Facet only applies to audio-electronics products; this product is headphones,N/A: Facet only applies to audio-electronics products; this product is headphones,N/A: Facet only applies to audio-electronics products; this product is headphones,N/A: Facet only applies to audio-electronics products; this product is headphones,N/A: Facet only applies to audio-electronics products; this product is headphones,N/A: Facet only applies to accessories products; this product is headphones,N/A: Facet only applies to accessories products; this product is headphones,N/A: Facet only applies to accessories products; this product is headphones
k27n1AQuIbSr5iozFz7FSo,"Focal Celestee High-End Headphones",focal-celestee-high-end-headphones,headphones,Closed-Back,needs value,needs value,needs value,needs value,needs value,needs value,needs value,needs value,needs value,needs value,needs value,needs value,N/A: Facet only applies to audio-electronics products; this product is headphones,N/A: Facet only applies to audio-electronics products; this product is headphones,N/A: Facet only applies to audio-electronics products; this product is headphones,N/A: Facet only applies to audio-electronics products; this product is headphones,N/A: Facet only applies to audio-electronics products; this product is headphones,N/A: Facet only applies to audio-electronics products; this product is headphones,N/A: Facet only applies to audio-electronics products; this product is headphones,N/A: Facet only applies to accessories products; this product is headphones,N/A: Facet only applies to accessories products; this product is headphones,N/A: Facet only applies to accessories products; this product is headphones
k27n1AQuIbSr5iozFz7Fdd,"Dan Clark Audio AEON 2 Noire Headphones",dan-clark-audio-aeon-2-noire-headphones,headphones,Closed-Back,needs value,needs value,needs value,needs value,needs value,needs value,needs value,needs value,needs value,needs value,needs value,needs value,N/A: Facet only applies to audio-electronics products; this product is headphones,N/A: Facet only applies to audio-electronics products; this product is headphones,N/A: Facet only applies to audio-electronics products; this product is headphones,N/A: Facet only applies to audio-electronics products; this product is headphones,N/A: Facet only applies to audio-electronics products; this product is headphones,N/A: Facet only applies to audio-electronics products; this product is headphones,N/A: Facet only applies to audio-electronics products; this product is headphones,N/A: Facet only applies to accessories products; this product is headphones,N/A: Facet only applies to accessories products; this product is headphones,N/A: Facet only applies to accessories products; this product is headphones
k27n1AQuIbSr5iozFz7FkW,"Audeze LCD-XC Headphones | 2021 Creator's Edition with Economy Travel Case - Open Box",audeze-lcd-xc-headphones-|-2021-creator's-edition-with-economy-travel-case---open-box,headphones,Closed-Back,needs value,needs value,needs value,needs value,needs value,needs value,needs value,needs value,needs value,needs value,needs value,needs value,N/A: Facet only applies to audio-electronics products; this product is headphones,N/A: Facet only applies to audio-electronics products; this product is headphones,N/A: Facet only applies to audio-electronics products; this product is headphones,N/A: Facet only applies to audio-electronics products; this product is headphones,N/A: Facet only applies to audio-electronics products; this product is headphones,N/A: Facet only applies to audio-electronics products; this product is headphones,N/A: Facet only applies to audio-electronics products; this product is headphones,N/A: Facet only applies to accessories products; this product is headphones,N/A: Facet only applies to accessories products; this product is headphones,N/A: Facet only applies to accessories products; this product is headphones
k27n1AQuIbSr5iozFz7GSn,"Sennheiser HD 620S Headphones",sennheiser-hd-620s-headphones,headphones,Closed-Back,needs value,needs value,needs value,needs value,needs value,needs value,needs value,needs value,needs value,needs value,needs value,needs value,N/A: Facet only applies to audio-electronics products; this product is headphones,N/A: Facet only applies to audio-electronics products; this product is headphones,N/A: Facet only applies to audio-electronics products; this product is headphones,N/A: Facet only applies to audio-electronics products; this product is headphones,N/A: Facet only applies to audio-electronics products; this product is headphones,N/A: Facet only applies to audio-electronics products; this product is headphones,N/A: Facet only applies to audio-electronics products; this product is headphones,N/A: Facet only applies to accessories products; this product is headphones,N/A: Facet only applies to accessories products; this product is headphones,N/A: Facet only applies to accessories products; this product is headphones
k27n1AQuIbSr5iozFz7HA5,"Dan Clark Audio Stealth Headphones",dan-clark-audio-stealth-headphones,headphones,Closed-Back,needs value,needs value,needs value,needs value,needs value,needs value,needs value,needs value,needs value,needs value,needs value,needs value,N/A: Facet only applies to audio-electronics products; this product is headphones,N/A: Facet only applies to audio-electronics products; this product is headphones,N/A: Facet only applies to audio-electronics products; this product is headphones,N/A: Facet only applies to audio-electronics products; this product is headphones,N/A: Facet only applies to audio-electronics products; this product is headphones,N/A: Facet only applies to audio-electronics products; this product is headphones,N/A: Facet only applies to audio-electronics products; this product is headphones,N/A: Facet only applies to accessories products; this product is headphones,N/A: Facet only applies to accessories products; this product is headphones,N/A: Facet only applies to accessories products; this product is headphones
k27n1AQuIbSr5iozFz7IlS,"Focal Azurys - Open Box",focal-azurys---open-box,headphones,Closed-Back,needs value,needs value,needs value,needs value,needs value,needs value,needs value,needs value,needs value,needs value,needs value,needs value,N/A: Facet only applies to audio-electronics products; this product is headphones,N/A: Facet only applies to audio-electronics products; this product is headphones,N/A: Facet only applies to audio-electronics products; this product is headphones,N/A: Facet only applies to audio-electronics products; this product is headphones,N/A: Facet only applies to audio-electronics products; this product is headphones,N/A: Facet only applies to audio-electronics products; this product is headphones,N/A: Facet only applies to audio-electronics products; this product is headphones,N/A: Facet only applies to accessories products; this product is headphones,N/A: Facet only applies to accessories products; this product is headphones,N/A: Facet only applies to accessories products; this product is headphones
k27n1AQuIbSr5iozFz7KCz,"HiFiMAN Audivina Closed-Back Headphones",hifiman-audivina-closed-back-headphones,headphones,Closed-Back,needs value,needs value,needs value,needs value,needs value,needs value,needs value,needs value,needs value,needs value,needs value,needs value,N/A: Facet only applies to audio-electronics products; this product is headphones,N/A: Facet only applies to audio-electronics products; this product is headphones,N/A: Facet only applies to audio-electronics products; this product is headphones,N/A: Facet only applies to audio-electronics products; this product is headphones,N/A: Facet only applies to audio-electronics products; this product is headphones,N/A: Facet only applies to audio-electronics products; this product is headphones,N/A: Facet only applies to audio-electronics products; this product is headphones,N/A: Facet only applies to accessories products; this product is headphones,N/A: Facet only applies to accessories products; this product is headphones,N/A: Facet only applies to accessories products; this product is headphones
k27n1AQuIbSr5iozFz7KdY,"Meze Audio LIRIC II Headphones - Open Box",meze-audio-liric-ii-headphones---open-box,headphones,Closed-Back,needs value,needs value,needs value,needs value,needs value,needs value,needs value,needs value,needs value,needs value,needs value,needs value,N/A: Facet only applies to audio-electronics products; this product is headphones,N/A: Facet only applies to audio-electronics products; this product is headphones,N/A: Facet only applies to audio-electronics products; this product is headphones,N/A: Facet only applies to audio-electronics products; this product is headphones,N/A: Facet only applies to audio-electronics products; this product is headphones,N/A: Facet only applies to audio-electronics products; this product is headphones,N/A: Facet only applies to audio-electronics products; this product is headphones,N/A: Facet only applies to accessories products; this product is headphones,N/A: Facet only applies to accessories products; this product is headphones,N/A: Facet only applies to accessories products; this product is headphones
k27n1AQuIbSr5iozG1vD4O,"iFi Audio Diablo-X DAC and Headphone Amplifier",ifi-audio-diablo-x-dac-and-headphone-amplifier,audio-electronics,DAC/Amp Combos,needs value,needs value,needs value,needs value,N/A: Facet only applies to headphones products; this product is audio-electronics,N/A: Facet only applies to headphones products; this product is audio-electronics,N/A: Facet only applies to headphones products; this product is audio-electronics,N/A: Facet only applies to headphones products; this product is audio-electronics,N/A: Facet only applies to headphones products; this product is audio-electronics,N/A: Facet only applies to headphones products; this product is audio-electronics,N/A: Facet only applies to headphones products; this product is audio-electronics,N/A: Facet only applies to headphones products; this product is audio-electronics,needs value,needs value,needs value,needs value,needs value,needs value,needs value,N/A: Facet only applies to accessories products; this product is audio-electronics,N/A: Facet only applies to accessories products; this product is audio-electronics,N/A: Facet only applies to accessories products; this product is audio-electronics
k27n1AQuIbSr5iozG1vDSz,"iFi Audio xDSD Gryphon Portable Bluetooth DAC & Headphone Amplifier",ifi-audio-xdsd-gryphon-portable-bluetooth-dac-&-headphone-amplifier,audio-electronics,Bluetooth DAC/Amps,needs value,needs value,needs value,needs value,N/A: Facet only applies to headphones products; this product is audio-electronics,N/A: Facet only applies to headphones products; this product is audio-electronics,N/A: Facet only applies to headphones products; this product is audio-electronics,N/A: Facet only applies to headphones products; this product is audio-electronics,N/A: Facet only applies to headphones products; this product is audio-electronics,N/A: Facet only applies to headphones products; this product is audio-electronics,N/A: Facet only applies to headphones products; this product is audio-electronics,N/A: Facet only applies to headphones products; this product is audio-electronics,needs value,needs value,needs value,needs value,needs value,needs value,needs value,N/A: Facet only applies to accessories products; this product is audio-electronics,N/A: Facet only applies to accessories products; this product is audio-electronics,N/A: Facet only applies to accessories products; this product is audio-electronics
k27n1AQuIbSr5iozG1vExT,"Feliks Audio Echo MK II",feliks-audio-echo-mk-ii,audio-electronics,Desktop Amps,needs value,needs value,needs value,needs value,N/A: Facet only applies to headphones products; this product is audio-electronics,N/A: Facet only applies to headphones products; this product is audio-electronics,N/A: Facet only applies to headphones products; this product is audio-electronics,N/A: Facet only applies to headphones products; this product is audio-electronics,N/A: Facet only applies to headphones products; this product is audio-electronics,N/A: Facet only applies to headphones products; this product is audio-electronics,N/A: Facet only applies to headphones products; this product is audio-electronics,N/A: Facet only applies to headphones products; this product is audio-electronics,needs value,needs value,needs value,needs value,needs value,needs value,needs value,N/A: Facet only applies to accessories products; this product is audio-electronics,N/A: Facet only applies to accessories products; this product is audio-electronics,N/A: Facet only applies to accessories products; this product is audio-electronics
k27n1AQuIbSr5iozG1vF9H,"Violectric V590 Desktop Headphone DAC/Amp",violectric-v590-desktop-headphone-dac/amp,audio-electronics,DAC/Amp Combos,needs value,needs value,needs value,needs value,N/A: Facet only applies to headphones products; this product is audio-electronics,N/A: Facet only applies to headphones products; this product is audio-electronics,N/A: Facet only applies to headphones products; this product is audio-electronics,N/A: Facet only applies to headphones products; this product is audio-electronics,N/A: Facet only applies to headphones products; this product is audio-electronics,N/A: Facet only applies to headphones products; this product is audio-electronics,N/A: Facet only applies to headphones products; this product is audio-electronics,N/A: Facet only applies to headphones products; this product is audio-electronics,needs value,needs value,needs value,needs value,needs value,needs value,needs value,N/A: Facet only applies to accessories products; this product is audio-electronics,N/A: Facet only applies to accessories products; this product is audio-electronics,N/A: Facet only applies to accessories products; this product is audio-electronics
k27n1AQuIbSr5iozG1vG7I,"Singxer SA1 V2 Headphone Amplifier",singxer-sa1-v2-headphone-amplifier,audio-electronics,Desktop Amps,needs value,needs value,needs value,needs value,N/A: Facet only applies to headphones products; this product is audio-electronics,N/A: Facet only applies to headphones products; this product is audio-electronics,N/A: Facet only applies to headphones products; this product is audio-electronics,N/A: Facet only applies to headphones products; this product is audio-electronics,N/A: Facet only applies to headphones products; this product is audio-electronics,N/A: Facet only applies to headphones products; this product is audio-electronics,N/A: Facet only applies to headphones products; this product is audio-electronics,N/A: Facet only applies to headphones products; this product is audio-electronics,needs value,needs value,needs value,needs value,needs value,needs value,needs value,N/A: Facet only applies to accessories products; this product is audio-electronics,N/A: Facet only applies to accessories products; this product is audio-electronics,N/A: Facet only applies to accessories products; this product is audio-electronics
k27n1AQuIbSr5iozG1vI8F,"EarMen Colibri Portable DAC and Headphone Amplifier",earmen-colibri-portable-dac-and-headphone-amplifier,audio-electronics,DAC/Amp Combos,needs value,needs value,needs value,needs value,N/A: Facet only applies to headphones products; this product is audio-electronics,N/A: Facet only applies to headphones products; this product is audio-electronics,N/A: Facet only applies to headphones products; this product is audio-electronics,N/A: Facet only applies to headphones products; this product is audio-electronics,N/A: Facet only applies to headphones products; this product is audio-electronics,N/A: Facet only applies to headphones products; this product is audio-electronics,N/A: Facet only applies to headphones products; this product is audio-electronics,N/A: Facet only applies to headphones products; this product is audio-electronics,needs value,needs value,needs value,needs value,needs value,needs value,needs value,N/A: Facet only applies to accessories products; this product is audio-electronics,N/A: Facet only applies to accessories products; this product is audio-electronics,N/A: Facet only applies to accessories products; this product is audio-electronics
k27n1AQuIbSr5iozG1vIfh,"Woo Audio WA8 Eclipse Portable Vacuum Tube Headphone Amp & DAC",woo-audio-wa8-eclipse-portable-vacuum-tube-headphone-amp-&-dac,audio-electronics,Portable Amps,needs value,needs value,needs value,needs value,N/A: Facet only applies to headphones products; this product is audio-electronics,N/A: Facet only applies to headphones products; this product is audio-electronics,N/A: Facet only applies to headphones products; this product is audio-electronics,N/A: Facet only applies to headphones products; this product is audio-electronics,N/A: Facet only applies to headphones products; this product is audio-electronics,N/A: Facet only applies to headphones products; this product is audio-electronics,N/A: Facet only applies to headphones products; this product is audio-electronics,N/A: Facet only applies to headphones products; this product is audio-electronics,needs value,needs value,needs value,needs value,needs value,needs value,needs value,N/A: Facet only applies to accessories products; this product is audio-electronics,N/A: Facet only applies to accessories products; this product is audio-electronics,N/A: Facet only applies to accessories products; this product is audio-electronics
k27n1AQuIbSr5iozG1vJ1L,"Matrix Audio Element i Network Streamer, DAC/Amp",matrix-audio-element-i-network-streamer,-dac/amp,audio-electronics,Network Streamers,needs value,needs value,needs value,needs value,N/A: Facet only applies to headphones products; this product is audio-electronics,N/A: Facet only applies to headphones products; this product is audio-electronics,N/A: Facet only applies to headphones products; this product is audio-electronics,N/A: Facet only applies to headphones products; this product is audio-electronics,N/A: Facet only applies to headphones products; this product is audio-electronics,N/A: Facet only applies to headphones products; this product is audio-electronics,N/A: Facet only applies to headphones products; this product is audio-electronics,N/A: Facet only applies to headphones products; this product is audio-electronics,needs value,needs value,needs value,needs value,needs value,needs value,needs value,N/A: Facet only applies to accessories products; this product is audio-electronics,N/A: Facet only applies to accessories products; this product is audio-electronics,N/A: Facet only applies to accessories products; this product is audio-electronics
k27n1AQuIbSr5iozG1vJMz,"Burson Audio Funk Amplifier - Open Box",burson-audio-funk-amplifier---open-box,audio-electronics,Desktop Amps,needs value,needs value,needs value,needs value,N/A: Facet only applies to headphones products; this product is audio-electronics,N/A: Facet only applies to headphones products; this product is audio-electronics,N/A: Facet only applies to headphones products; this product is audio-electronics,N/A: Facet only applies to headphones products; this product is audio-electronics,N/A: Facet only applies to headphones products; this product is audio-electronics,N/A: Facet only applies to headphones products; this product is audio-electronics,N/A: Facet only applies to headphones products; this product is audio-electronics,N/A: Facet only applies to headphones products; this product is audio-electronics,needs value,needs value,needs value,needs value,needs value,needs value,needs value,N/A: Facet only applies to accessories products; this product is audio-electronics,N/A: Facet only applies to accessories products; this product is audio-electronics,N/A: Facet only applies to accessories products; this product is audio-electronics
k27n1AQuIbSr5iozG1vKTr,"Lake People G111 Desktop Headphone Amplifier",lake-people-g111-desktop-headphone-amplifier,audio-electronics,Desktop Amps,needs value,needs value,needs value,needs value,N/A: Facet only applies to headphones products; this product is audio-electronics,N/A: Facet only applies to headphones products; this product is audio-electronics,N/A: Facet only applies to headphones products; this product is audio-electronics,N/A: Facet only applies to headphones products; this product is audio-electronics,N/A: Facet only applies to headphones products; this product is audio-electronics,N/A: Facet only applies to headphones products; this product is audio-electronics,N/A: Facet only applies to headphones products; this product is audio-electronics,N/A: Facet only applies to headphones products; this product is audio-electronics,needs value,needs value,needs value,needs value,needs value,needs value,needs value,N/A: Facet only applies to accessories products; this product is audio-electronics,N/A: Facet only applies to accessories products; this product is audio-electronics,N/A: Facet only applies to accessories products; this product is audio-electronics
k27n1AQuIbSr5iozG1vKge,"AudioQuest Jitterbug FMJ",audioquest-jitterbug-fmj,audio-electronics,Standalone DACs,needs value,needs value,needs value,needs value,N/A: Facet only applies to headphones products; this product is audio-electronics,N/A: Facet only applies to headphones products; this product is audio-electronics,N/A: Facet only applies to headphones products; this product is audio-electronics,N/A: Facet only applies to headphones products; this product is audio-electronics,N/A: Facet only applies to headphones products; this product is audio-electronics,N/A: Facet only applies to headphones products; this product is audio-electronics,N/A: Facet only applies to headphones products; this product is audio-electronics,N/A: Facet only applies to headphones products; this product is audio-electronics,needs value,needs value,needs value,needs value,needs value,needs value,needs value,N/A: Facet only applies to accessories products; this product is audio-electronics,N/A: Facet only applies to accessories products; this product is audio-electronics,N/A: Facet only applies to accessories products; this product is audio-electronics
k27n1AQuIbSr5iozG1vMai,"Chord Electronics Qutest",chord-electronics-qutest,audio-electronics,Standalone DACs,needs value,needs value,needs value,needs value,N/A: Facet only applies to headphones products; this product is audio-electronics,N/A: Facet only applies to headphones products; this product is audio-electronics,N/A: Facet only applies to headphones products; this product is audio-electronics,N/A: Facet only applies to headphones products; this product is audio-electronics,N/A: Facet only applies to headphones products; this product is audio-electronics,N/A: Facet only applies to headphones products; this product is audio-electronics,N/A: Facet only applies to headphones products; this product is audio-electronics,N/A: Facet only applies to headphones products; this product is audio-electronics,needs value,needs value,needs value,needs value,needs value,needs value,needs value,N/A: Facet only applies to accessories products; this product is audio-electronics,N/A: Facet only applies to accessories products; this product is audio-electronics,N/A: Facet only applies to accessories products; this product is audio-electronics
k27n1AQuIbSr5iozG1vNxK,"Niimbus US 5 Desktop Headphone Amplifier",niimbus-us-5-desktop-headphone-amplifier,audio-electronics,Desktop Amps,needs value,needs value,needs value,needs value,N/A: Facet only applies to headphones products; this product is audio-electronics,N/A: Facet only applies to headphones products; this product is audio-electronics,N/A: Facet only applies to headphones products; this product is audio-electronics,N/A: Facet only applies to headphones products; this product is audio-electronics,N/A: Facet only applies to headphones products; this product is audio-electronics,N/A: Facet only applies to headphones products; this product is audio-electronics,N/A: Facet only applies to headphones products; this product is audio-electronics,N/A: Facet only applies to headphones products; this product is audio-electronics,needs value,needs value,needs value,needs value,needs value,needs value,needs value,N/A: Facet only applies to accessories products; this product is audio-electronics,N/A: Facet only applies to accessories products; this product is audio-electronics,N/A: Facet only applies to accessories products; this product is audio-electronics
k27n1AQuIbSr5iozG1vOH0,"Burson Audio Soloist 3x Grand Tourer",burson-audio-soloist-3x-grand-tourer,audio-electronics,Desktop Amps,needs value,needs value,needs value,needs value,N/A: Facet only applies to headphones products; this product is audio-electronics,N/A: Facet only applies to headphones products; this product is audio-electronics,N/A: Facet only applies to headphones products; this product is audio-electronics,N/A: Facet only applies to headphones products; this product is audio-electronics,N/A: Facet only applies to headphones products; this product is audio-electronics,N/A: Facet only applies to headphones products; this product is audio-electronics,N/A: Facet only applies to headphones products; this product is audio-electronics,N/A: Facet only applies to headphones products; this product is audio-electronics,needs value,needs value,needs value,needs value,needs value,needs value,needs value,N/A: Facet only applies to accessories products; this product is audio-electronics,N/A: Facet only applies to accessories products; this product is audio-electronics,N/A: Facet only applies to accessories products; this product is audio-electronics
k27n1AQuIbSr5iozG1vPcd,"Burson Audio Composer 3X Performance DAC",burson-audio-composer-3x-performance-dac,audio-electronics,Standalone DACs,needs value,needs value,needs value,needs value,N/A: Facet only applies to headphones products; this product is audio-electronics,N/A: Facet only applies to headphones products; this product is audio-electronics,N/A: Facet only applies to headphones products; this product is audio-electronics,N/A: Facet only applies to headphones products; this product is audio-electronics,N/A: Facet only applies to headphones products; this product is audio-electronics,N/A: Facet only applies to headphones products; this product is audio-electronics,N/A: Facet only applies to headphones products; this product is audio-electronics,N/A: Facet only applies to headphones products; this product is audio-electronics,needs value,needs value,needs value,needs value,needs value,needs value,needs value,N/A: Facet only applies to accessories products; this product is audio-electronics,N/A: Facet only applies to accessories products; this product is audio-electronics,N/A: Facet only applies to accessories products; this product is audio-electronics
k27n1AQuIbSr5iozG1vPuL,"Enleum Amp-23r Desktop Headphone & Speaker Amplifier - Open Box",enleum-amp-23r-desktop-headphone-&-speaker-amplifier---open-box,audio-electronics,Desktop Amps,needs value,needs value,needs value,needs value,N/A: Facet only applies to headphones products; this product is audio-electronics,N/A: Facet only applies to headphones products; this product is audio-electronics,N/A: Facet only applies to headphones products; this product is audio-electronics,N/A: Facet only applies to headphones products; this product is audio-electronics,N/A: Facet only applies to headphones products; this product is audio-electronics,N/A: Facet only applies to headphones products; this product is audio-electronics,N/A: Facet only applies to headphones products; this product is audio-electronics,N/A: Facet only applies to headphones products; this product is audio-electronics,needs value,needs value,needs value,needs value,needs value,needs value,needs value,N/A: Facet only applies to accessories products; this product is audio-electronics,N/A: Facet only applies to accessories products; this product is audio-electronics,N/A: Facet only applies to accessories products; this product is audio-electronics
k27n1AQuIbSr5iozG1vSJt,"Burson Soloist 3X Performance",burson-soloist-3x-performance,audio-electronics,Desktop Amps,needs value,needs value,needs value,needs value,N/A: Facet only applies to headphones products; this product is audio-electronics,N/A: Facet only applies to headphones products; this product is audio-electronics,N/A: Facet only applies to headphones products; this product is audio-electronics,N/A: Facet only applies to headphones products; this product is audio-electronics,N/A: Facet only applies to headphones products; this product is audio-electronics,N/A: Facet only applies to headphones products; this product is audio-electronics,N/A: Facet only applies to headphones products; this product is audio-electronics,N/A: Facet only applies to headphones products; this product is audio-electronics,needs value,needs value,needs value,needs value,needs value,needs value,needs value,N/A: Facet only applies to accessories products; this product is audio-electronics,N/A: Facet only applies to accessories products; this product is audio-electronics,N/A: Facet only applies to accessories products; this product is audio-electronics
k27n1AQuIbSr5iozG1vTDy,"Topping G5",topping-g5,audio-electronics,Bluetooth DAC/Amps,needs value,needs value,needs value,needs value,N/A: Facet only applies to headphones products; this product is audio-electronics,N/A: Facet only applies to headphones products; this product is audio-electronics,N/A: Facet only applies to headphones products; this product is audio-electronics,N/A: Facet only applies to headphones products; this product is audio-electronics,N/A: Facet only applies to headphones products; this product is audio-electronics,N/A: Facet only applies to headphones products; this product is audio-electronics,N/A: Facet only applies to headphones products; this product is audio-electronics,N/A: Facet only applies to headphones products; this product is audio-electronics,needs value,needs value,needs value,needs value,needs value,needs value,needs value,N/A: Facet only applies to accessories products; this product is audio-electronics,N/A: Facet only applies to accessories products; this product is audio-electronics,N/A: Facet only applies to accessories products; this product is audio-electronics
k27n1AQuIbSr5iozG1vTNo,"Questyle M12i Portable USB DAC & Headphone Amp",questyle-m12i-portable-usb-dac-&-headphone-amp,audio-electronics,DAC/Amp Combos,needs value,needs value,needs value,needs value,N/A: Facet only applies to headphones products; this product is audio-electronics,N/A: Facet only applies to headphones products; this product is audio-electronics,N/A: Facet only applies to headphones products; this product is audio-electronics,N/A: Facet only applies to headphones products; this product is audio-electronics,N/A: Facet only applies to headphones products; this product is audio-electronics,N/A: Facet only applies to headphones products; this product is audio-electronics,N/A: Facet only applies to headphones products; this product is audio-electronics,N/A: Facet only applies to headphones products; this product is audio-electronics,needs value,needs value,needs value,needs value,needs value,needs value,needs value,N/A: Facet only applies to accessories products; this product is audio-electronics,N/A: Facet only applies to accessories products; this product is audio-electronics,N/A: Facet only applies to accessories products; this product is audio-electronics
k27n1AQuIbSr5iozG1vTYd,"SPL Phonitor XE Desktop Headphone Amplifier with Optional DAC",spl-phonitor-xe-desktop-headphone-amplifier-with-optional-dac,audio-electronics,Desktop Amps,needs value,needs value,needs value,needs value,N/A: Facet only applies to headphones products; this product is audio-electronics,N/A: Facet only applies to headphones products; this product is audio-electronics,N/A: Facet only applies to headphones products; this product is audio-electronics,N/A: Facet only applies to headphones products; this product is audio-electronics,N/A: Facet only applies to headphones products; this product is audio-electronics,N/A: Facet only applies to headphones products; this product is audio-electronics,N/A: Facet only applies to headphones products; this product is audio-electronics,N/A: Facet only applies to headphones products; this product is audio-electronics,needs value,needs value,needs value,needs value,needs value,needs value,needs value,N/A: Facet only applies to accessories products; this product is audio-electronics,N/A: Facet only applies to accessories products; this product is audio-electronics,N/A: Facet only applies to accessories products; this product is audio-electronics
k27n1AQuIbSr5iozG1vToN,"Topping DX9 DAC, Headphone Amplifier and Pre-Amp",topping-dx9-dac,-headphone-amplifier-and-pre-amp,audio-electronics,DAC/Amp Combos,needs value,needs value,needs value,needs value,N/A: Facet only applies to headphones products; this product is audio-electronics,N/A: Facet only applies to headphones products; this product is audio-electronics,N/A: Facet only applies to headphones products; this product is audio-electronics,N/A: Facet only applies to headphones products; this product is audio-electronics,N/A: Facet only applies to headphones products; this product is audio-electronics,N/A: Facet only applies to headphones products; this product is audio-electronics,N/A: Facet only applies to headphones products; this product is audio-electronics,N/A: Facet only applies to headphones products; this product is audio-electronics,needs value,needs value,needs value,needs value,needs value,needs value,needs value,N/A: Facet only applies to accessories products; this product is audio-electronics,N/A: Facet only applies to accessories products; this product is audio-electronics,N/A: Facet only applies to accessories products; this product is audio-electronics
k27n1AQuIbSr5iozG2itJe,"Sony LinkBuds Truly Wireless Earbuds",sony-linkbuds-truly-wireless-earbuds,headphones,Universal IEMs,needs value,needs value,needs value,needs value,needs value,N/A: IEMs (Universal IEMs) have no ear cup / back design,needs value,needs value,needs value,needs value,needs value,needs value,N/A: Facet only applies to audio-electronics products; this product is headphones,N/A: Facet only applies to audio-electronics products; this product is headphones,N/A: Facet only applies to audio-electronics products; this product is headphones,N/A: Facet only applies to audio-electronics products; this product is headphones,N/A: Facet only applies to audio-electronics products; this product is headphones,N/A: Facet only applies to audio-electronics products; this product is headphones,N/A: Facet only applies to audio-electronics products; this product is headphones,N/A: Facet only applies to accessories products; this product is headphones,N/A: Facet only applies to accessories products; this product is headphones,N/A: Facet only applies to accessories products; this product is headphones
k27n1AQuIbSr5iozG2ivGf,"Sennheiser HD 450BT Headphones",sennheiser-hd-450bt-headphones,headphones,Closed-Back,needs value,needs value,needs value,needs value,needs value,needs value,needs value,needs value,needs value,needs value,needs value,needs value,N/A: Facet only applies to audio-electronics products; this product is headphones,N/A: Facet only applies to audio-electronics products; this product is headphones,N/A: Facet only applies to audio-electronics products; this product is headphones,N/A: Facet only applies to audio-electronics products; this product is headphones,N/A: Facet only applies to audio-electronics products; this product is headphones,N/A: Facet only applies to audio-electronics products; this product is headphones,N/A: Facet only applies to audio-electronics products; this product is headphones,N/A: Facet only applies to accessories products; this product is headphones,N/A: Facet only applies to accessories products; this product is headphones,N/A: Facet only applies to accessories products; this product is headphones
k27n1AQuIbSr5iozG2ixn6,"iFi Audio Zen Stream",ifi-audio-zen-stream,audio-electronics,Network Streamers,needs value,needs value,needs value,needs value,N/A: Facet only applies to headphones products; this product is audio-electronics,N/A: Facet only applies to headphones products; this product is audio-electronics,N/A: Facet only applies to headphones products; this product is audio-electronics,N/A: Facet only applies to headphones products; this product is audio-electronics,N/A: Facet only applies to headphones products; this product is audio-electronics,N/A: Facet only applies to headphones products; this product is audio-electronics,N/A: Facet only applies to headphones products; this product is audio-electronics,N/A: Facet only applies to headphones products; this product is audio-electronics,needs value,needs value,needs value,needs value,needs value,needs value,needs value,N/A: Facet only applies to accessories products; this product is audio-electronics,N/A: Facet only applies to accessories products; this product is audio-electronics,N/A: Facet only applies to accessories products; this product is audio-electronics
k27n1AQuIbSr5iozG2iyZJ,"Mark Levinson № 5909 Active Noise Cancellation Headphones",mark-levinson-№-5909-active-noise-cancellation-headphones,headphones,Closed-Back,needs value,needs value,needs value,needs value,needs value,needs value,needs value,needs value,needs value,needs value,needs value,needs value,N/A: Facet only applies to audio-electronics products; this product is headphones,N/A: Facet only applies to audio-electronics products; this product is headphones,N/A: Facet only applies to audio-electronics products; this product is headphones,N/A: Facet only applies to audio-electronics products; this product is headphones,N/A: Facet only applies to audio-electronics products; this product is headphones,N/A: Facet only applies to audio-electronics products; this product is headphones,N/A: Facet only applies to audio-electronics products; this product is headphones,N/A: Facet only applies to accessories products; this product is headphones,N/A: Facet only applies to accessories products; this product is headphones,N/A: Facet only applies to accessories products; this product is headphones
k27n1AQuIbSr5iozG2iztx,"iFi Audio Zen Stream - Open Box",ifi-audio-zen-stream---open-box,audio-electronics,Network Streamers,needs value,needs value,needs value,needs value,N/A: Facet only applies to headphones products; this product is audio-electronics,N/A: Facet only applies to headphones products; this product is audio-electronics,N/A: Facet only applies to headphones products; this product is audio-electronics,N/A: Facet only applies to headphones products; this product is audio-electronics,N/A: Facet only applies to headphones products; this product is audio-electronics,N/A: Facet only applies to headphones products; this product is audio-electronics,N/A: Facet only applies to headphones products; this product is audio-electronics,N/A: Facet only applies to headphones products; this product is audio-electronics,needs value,needs value,needs value,needs value,needs value,needs value,needs value,N/A: Facet only applies to accessories products; this product is audio-electronics,N/A: Facet only applies to accessories products; this product is audio-electronics,N/A: Facet only applies to accessories products; this product is audio-electronics
k27n1AQuIbSr5iozG2j6zk,"HiFi Rose RS250A Network Streamer",hifi-rose-rs250a-network-streamer,audio-electronics,Network Streamers,needs value,needs value,needs value,needs value,N/A: Facet only applies to headphones products; this product is audio-electronics,N/A: Facet only applies to headphones products; this product is audio-electronics,N/A: Facet only applies to headphones products; this product is audio-electronics,N/A: Facet only applies to headphones products; this product is audio-electronics,N/A: Facet only applies to headphones products; this product is audio-electronics,N/A: Facet only applies to headphones products; this product is audio-electronics,N/A: Facet only applies to headphones products; this product is audio-electronics,N/A: Facet only applies to headphones products; this product is audio-electronics,needs value,needs value,needs value,needs value,needs value,needs value,needs value,N/A: Facet only applies to accessories products; this product is audio-electronics,N/A: Facet only applies to accessories products; this product is audio-electronics,N/A: Facet only applies to accessories products; this product is audio-electronics
k27n1AQuIbSr5iozG2j7uo,"Bowers & Wilkins PI7 True Wireless Noise Cancelling In-Ear Headphones",bowers-&-wilkins-pi7-true-wireless-noise-cancelling-in-ear-headphones,headphones,Universal IEMs,needs value,needs value,needs value,needs value,needs value,N/A: IEMs (Universal IEMs) have no ear cup / back design,needs value,needs value,needs value,needs value,needs value,needs value,N/A: Facet only applies to audio-electronics products; this product is headphones,N/A: Facet only applies to audio-electronics products; this product is headphones,N/A: Facet only applies to audio-electronics products; this product is headphones,N/A: Facet only applies to audio-electronics products; this product is headphones,N/A: Facet only applies to audio-electronics products; this product is headphones,N/A: Facet only applies to audio-electronics products; this product is headphones,N/A: Facet only applies to audio-electronics products; this product is headphones,N/A: Facet only applies to accessories products; this product is headphones,N/A: Facet only applies to accessories products; this product is headphones,N/A: Facet only applies to accessories products; this product is headphones
k27n1AQuIbSr5iozG2jAqp,"Bowers & Wilkins PI5 True Wireless Earbuds",bowers-&-wilkins-pi5-true-wireless-earbuds,headphones,Universal IEMs,needs value,needs value,needs value,needs value,needs value,N/A: IEMs (Universal IEMs) have no ear cup / back design,needs value,needs value,needs value,needs value,needs value,needs value,N/A: Facet only applies to audio-electronics products; this product is headphones,N/A: Facet only applies to audio-electronics products; this product is headphones,N/A: Facet only applies to audio-electronics products; this product is headphones,N/A: Facet only applies to audio-electronics products; this product is headphones,N/A: Facet only applies to audio-electronics products; this product is headphones,N/A: Facet only applies to audio-electronics products; this product is headphones,N/A: Facet only applies to audio-electronics products; this product is headphones,N/A: Facet only applies to accessories products; this product is headphones,N/A: Facet only applies to accessories products; this product is headphones,N/A: Facet only applies to accessories products; this product is headphones
mhejwYdgiH5W70wqaK7ngk,"AudioQuest Pearl USB-A to USB-B Cable - 4.92ft. (1.5m)",audioquest-pearl-usb-a-to-usb-b-cable-4-92ft-1-5m,accessories,Interconnects,needs value,needs value,needs value,needs value,N/A: Facet only applies to headphones products; this product is accessories,N/A: Facet only applies to headphones products; this product is accessories,N/A: Facet only applies to headphones products; this product is accessories,N/A: Facet only applies to headphones products; this product is accessories,N/A: Facet only applies to headphones products; this product is accessories,N/A: Facet only applies to headphones products; this product is accessories,N/A: Facet only applies to headphones products; this product is accessories,N/A: Facet only applies to headphones products; this product is accessories,N/A: Facet only applies to audio-electronics products; this product is accessories,N/A: Facet only applies to audio-electronics products; this product is accessories,N/A: Facet only applies to audio-electronics products; this product is accessories,N/A: Facet only applies to audio-electronics products; this product is accessories,N/A: Facet only applies to audio-electronics products; this product is accessories,N/A: Facet only applies to audio-electronics products; this product is accessories,N/A: Facet only applies to audio-electronics products; this product is accessories,needs value,needs value,needs value
moXlkADK7m1DHgGwWtUHWs,"Utopia",focal-utopia-reference-open-back-hi-fi-headphones,headphones,Open-Back,needs value,needs value,needs value,needs value,needs value,needs value,needs value,needs value,needs value,needs value,needs value,needs value,N/A: Facet only applies to audio-electronics products; this product is headphones,N/A: Facet only applies to audio-electronics products; this product is headphones,N/A: Facet only applies to audio-electronics products; this product is headphones,N/A: Facet only applies to audio-electronics products; this product is headphones,N/A: Facet only applies to audio-electronics products; this product is headphones,N/A: Facet only applies to audio-electronics products; this product is headphones,N/A: Facet only applies to audio-electronics products; this product is headphones,N/A: Facet only applies to accessories products; this product is headphones,N/A: Facet only applies to accessories products; this product is headphones,N/A: Facet only applies to accessories products; this product is headphones
moXlkADK7m1DHgGwWtWl8T,"Audeze Maxwell Wireless Headphones",audeze-maxwell-wireless-headphones,headphones,Closed-Back,needs value,needs value,needs value,needs value,needs value,needs value,needs value,needs value,needs value,needs value,needs value,needs value,N/A: Facet only applies to audio-electronics products; this product is headphones,N/A: Facet only applies to audio-electronics products; this product is headphones,N/A: Facet only applies to audio-electronics products; this product is headphones,N/A: Facet only applies to audio-electronics products; this product is headphones,N/A: Facet only applies to audio-electronics products; this product is headphones,N/A: Facet only applies to audio-electronics products; this product is headphones,N/A: Facet only applies to audio-electronics products; this product is headphones,N/A: Facet only applies to accessories products; this product is headphones,N/A: Facet only applies to accessories products; this product is headphones,N/A: Facet only applies to accessories products; this product is headphones
moXlkADK7m1DHgGwWtX5bB,"Focal Bathys Headphones - Open Box",focal-bathys-headphones---open-box,headphones,Closed-Back,needs value,needs value,needs value,needs value,needs value,needs value,needs value,needs value,needs value,needs value,needs value,needs value,N/A: Facet only applies to audio-electronics products; this product is headphones,N/A: Facet only applies to audio-electronics products; this product is headphones,N/A: Facet only applies to audio-electronics products; this product is headphones,N/A: Facet only applies to audio-electronics products; this product is headphones,N/A: Facet only applies to audio-electronics products; this product is headphones,N/A: Facet only applies to audio-electronics products; this product is headphones,N/A: Facet only applies to audio-electronics products; this product is headphones,N/A: Facet only applies to accessories products; this product is headphones,N/A: Facet only applies to accessories products; this product is headphones,N/A: Facet only applies to accessories products; this product is headphones
moXlkADK7m1DHgGwWtXu6V,"Hifiman Arya Headphones | Stealth Magnets Edition",hifiman-arya-headphones-|-stealth-magnets-edition,headphones,Open-Back,needs value,needs value,needs value,needs value,needs value,needs value,needs value,needs value,needs value,needs value,needs value,needs value,N/A: Facet only applies to audio-electronics products; this product is headphones,N/A: Facet only applies to audio-electronics products; this product is headphones,N/A: Facet only applies to audio-electronics products; this product is headphones,N/A: Facet only applies to audio-electronics products; this product is headphones,N/A: Facet only applies to audio-electronics products; this product is headphones,N/A: Facet only applies to audio-electronics products; this product is headphones,N/A: Facet only applies to audio-electronics products; this product is headphones,N/A: Facet only applies to accessories products; this product is headphones,N/A: Facet only applies to accessories products; this product is headphones,N/A: Facet only applies to accessories products; this product is headphones
moXlkADK7m1DHgGwWtbizC,"Audeze LCD-X Headphones | 2024 Creator's Edition",audeze-lcd-x-headphones-|-2024-creator's-edition,headphones,Open-Back,needs value,needs value,needs value,needs value,needs value,needs value,needs value,needs value,needs value,needs value,needs value,needs value,N/A: Facet only applies to audio-electronics products; this product is headphones,N/A: Facet only applies to audio-electronics products; this product is headphones,N/A: Facet only applies to audio-electronics products; this product is headphones,N/A: Facet only applies to audio-electronics products; this product is headphones,N/A: Facet only applies to audio-electronics products; this product is headphones,N/A: Facet only applies to audio-electronics products; this product is headphones,N/A: Facet only applies to audio-electronics products; this product is headphones,N/A: Facet only applies to accessories products; this product is headphones,N/A: Facet only applies to accessories products; this product is headphones,N/A: Facet only applies to accessories products; this product is headphones
moXlkADK7m1DHgGwWtbjv7,"FiiO FT1 Headphones",fiio-ft1-headphones,headphones,Closed-Back,needs value,needs value,needs value,needs value,needs value,needs value,needs value,needs value,needs value,needs value,needs value,needs value,N/A: Facet only applies to audio-electronics products; this product is headphones,N/A: Facet only applies to audio-electronics products; this product is headphones,N/A: Facet only applies to audio-electronics products; this product is headphones,N/A: Facet only applies to audio-electronics products; this product is headphones,N/A: Facet only applies to audio-electronics products; this product is headphones,N/A: Facet only applies to audio-electronics products; this product is headphones,N/A: Facet only applies to audio-electronics products; this product is headphones,N/A: Facet only applies to accessories products; this product is headphones,N/A: Facet only applies to accessories products; this product is headphones,N/A: Facet only applies to accessories products; this product is headphones
moXlkADK7m1DHgGwWtbklW,"Sennheiser HD 820 Headphones",sennheiser-hd-820-headphones,headphones,Closed-Back,needs value,needs value,needs value,needs value,needs value,needs value,needs value,needs value,needs value,needs value,needs value,needs value,N/A: Facet only applies to audio-electronics products; this product is headphones,N/A: Facet only applies to audio-electronics products; this product is headphones,N/A: Facet only applies to audio-electronics products; this product is headphones,N/A: Facet only applies to audio-electronics products; this product is headphones,N/A: Facet only applies to audio-electronics products; this product is headphones,N/A: Facet only applies to audio-electronics products; this product is headphones,N/A: Facet only applies to audio-electronics products; this product is headphones,N/A: Facet only applies to accessories products; this product is headphones,N/A: Facet only applies to accessories products; this product is headphones,N/A: Facet only applies to accessories products; this product is headphones
moXlkADK7m1DHgGwWtbkq7,"Dan Clark Audio E3 Headphones - Open Box",dan-clark-audio-e3-headphones---open-box,headphones,Closed-Back,needs value,needs value,needs value,needs value,needs value,needs value,needs value,needs value,needs value,needs value,needs value,needs value,N/A: Facet only applies to audio-electronics products; this product is headphones,N/A: Facet only applies to audio-electronics products; this product is headphones,N/A: Facet only applies to audio-electronics products; this product is headphones,N/A: Facet only applies to audio-electronics products; this product is headphones,N/A: Facet only applies to audio-electronics products; this product is headphones,N/A: Facet only applies to audio-electronics products; this product is headphones,N/A: Facet only applies to audio-electronics products; this product is headphones,N/A: Facet only applies to accessories products; this product is headphones,N/A: Facet only applies to accessories products; this product is headphones,N/A: Facet only applies to accessories products; this product is headphones
moXlkADK7m1DHgGwWtblBG,"Meze Audio LIRIC II Headphones",meze-audio-liric-ii-headphones,headphones,Closed-Back,needs value,needs value,needs value,needs value,needs value,needs value,needs value,needs value,needs value,needs value,needs value,needs value,N/A: Facet only applies to audio-electronics products; this product is headphones,N/A: Facet only applies to audio-electronics products; this product is headphones,N/A: Facet only applies to audio-electronics products; this product is headphones,N/A: Facet only applies to audio-electronics products; this product is headphones,N/A: Facet only applies to audio-electronics products; this product is headphones,N/A: Facet only applies to audio-electronics products; this product is headphones,N/A: Facet only applies to audio-electronics products; this product is headphones,N/A: Facet only applies to accessories products; this product is headphones,N/A: Facet only applies to accessories products; this product is headphones,N/A: Facet only applies to accessories products; this product is headphones
moXlkADK7m1DHgGwWtblsT,"Sony WH-1000XM5 Wireless Headphones",sony-wh-1000xm5-wireless-headphones,headphones,Closed-Back,needs value,needs value,needs value,needs value,needs value,needs value,needs value,needs value,needs value,needs value,needs value,needs value,N/A: Facet only applies to audio-electronics products; this product is headphones,N/A: Facet only applies to audio-electronics products; this product is headphones,N/A: Facet only applies to audio-electronics products; this product is headphones,N/A: Facet only applies to audio-electronics products; this product is headphones,N/A: Facet only applies to audio-electronics products; this product is headphones,N/A: Facet only applies to audio-electronics products; this product is headphones,N/A: Facet only applies to audio-electronics products; this product is headphones,N/A: Facet only applies to accessories products; this product is headphones,N/A: Facet only applies to accessories products; this product is headphones,N/A: Facet only applies to accessories products; this product is headphones
moXlkADK7m1DHgGwWtbmis,"Denon AHD9200 Headphones",denon-ahd9200-headphones,headphones,Closed-Back,needs value,needs value,needs value,needs value,needs value,needs value,needs value,needs value,needs value,needs value,needs value,needs value,N/A: Facet only applies to audio-electronics products; this product is headphones,N/A: Facet only applies to audio-electronics products; this product is headphones,N/A: Facet only applies to audio-electronics products; this product is headphones,N/A: Facet only applies to audio-electronics products; this product is headphones,N/A: Facet only applies to audio-electronics products; this product is headphones,N/A: Facet only applies to audio-electronics products; this product is headphones,N/A: Facet only applies to audio-electronics products; this product is headphones,N/A: Facet only applies to accessories products; this product is headphones,N/A: Facet only applies to accessories products; this product is headphones,N/A: Facet only applies to accessories products; this product is headphones
moXlkADK7m1DHgGwWtbnF3,"Denon AH-D7200 Headphones",denon-ah-d7200-headphones,headphones,Closed-Back,needs value,needs value,needs value,needs value,needs value,needs value,needs value,needs value,needs value,needs value,needs value,needs value,N/A: Facet only applies to audio-electronics products; this product is headphones,N/A: Facet only applies to audio-electronics products; this product is headphones,N/A: Facet only applies to audio-electronics products; this product is headphones,N/A: Facet only applies to audio-electronics products; this product is headphones,N/A: Facet only applies to audio-electronics products; this product is headphones,N/A: Facet only applies to audio-electronics products; this product is headphones,N/A: Facet only applies to audio-electronics products; this product is headphones,N/A: Facet only applies to accessories products; this product is headphones,N/A: Facet only applies to accessories products; this product is headphones,N/A: Facet only applies to accessories products; this product is headphones
moXlkADK7m1DHgGwWwESUS,"Hifiman EF400 Headphone Amplifier and DAC",hifiman-ef400-headphone-amplifier-and-dac,audio-electronics,DAC/Amp Combos,needs value,needs value,needs value,needs value,N/A: Facet only applies to headphones products; this product is audio-electronics,N/A: Facet only applies to headphones products; this product is audio-electronics,N/A: Facet only applies to headphones products; this product is audio-electronics,N/A: Facet only applies to headphones products; this product is audio-electronics,N/A: Facet only applies to headphones products; this product is audio-electronics,N/A: Facet only applies to headphones products; this product is audio-electronics,N/A: Facet only applies to headphones products; this product is audio-electronics,N/A: Facet only applies to headphones products; this product is audio-electronics,needs value,needs value,needs value,needs value,needs value,needs value,needs value,N/A: Facet only applies to accessories products; this product is audio-electronics,N/A: Facet only applies to accessories products; this product is audio-electronics,N/A: Facet only applies to accessories products; this product is audio-electronics
moXlkADK7m1DHgGwWwESiF,"Burson Conductor 3 Reference",burson-conductor-3-reference,audio-electronics,DAC/Amp Combos,needs value,needs value,needs value,needs value,N/A: Facet only applies to headphones products; this product is audio-electronics,N/A: Facet only applies to headphones products; this product is audio-electronics,N/A: Facet only applies to headphones products; this product is audio-electronics,N/A: Facet only applies to headphones products; this product is audio-electronics,N/A: Facet only applies to headphones products; this product is audio-electronics,N/A: Facet only applies to headphones products; this product is audio-electronics,N/A: Facet only applies to headphones products; this product is audio-electronics,N/A: Facet only applies to headphones products; this product is audio-electronics,needs value,needs value,needs value,needs value,needs value,needs value,needs value,N/A: Facet only applies to accessories products; this product is audio-electronics,N/A: Facet only applies to accessories products; this product is audio-electronics,N/A: Facet only applies to accessories products; this product is audio-electronics
moXlkADK7m1DHgGwWwET3O,"iFi Audio Pro iCAN Signature Headphone Amplifier",ifi-audio-pro-ican-signature-headphone-amplifier,audio-electronics,Desktop Amps,needs value,needs value,needs value,needs value,N/A: Facet only applies to headphones products; this product is audio-electronics,N/A: Facet only applies to headphones products; this product is audio-electronics,N/A: Facet only applies to headphones products; this product is audio-electronics,N/A: Facet only applies to headphones products; this product is audio-electronics,N/A: Facet only applies to headphones products; this product is audio-electronics,N/A: Facet only applies to headphones products; this product is audio-electronics,N/A: Facet only applies to headphones products; this product is audio-electronics,N/A: Facet only applies to headphones products; this product is audio-electronics,needs value,needs value,needs value,needs value,needs value,needs value,needs value,N/A: Facet only applies to accessories products; this product is audio-electronics,N/A: Facet only applies to accessories products; this product is audio-electronics,N/A: Facet only applies to accessories products; this product is audio-electronics
moXlkADK7m1DHgGwWwETNc,"EarMen Tradutto Desktop DAC",earmen-tradutto-desktop-dac,audio-electronics,Standalone DACs,needs value,needs value,needs value,needs value,N/A: Facet only applies to headphones products; this product is audio-electronics,N/A: Facet only applies to headphones products; this product is audio-electronics,N/A: Facet only applies to headphones products; this product is audio-electronics,N/A: Facet only applies to headphones products; this product is audio-electronics,N/A: Facet only applies to headphones products; this product is audio-electronics,N/A: Facet only applies to headphones products; this product is audio-electronics,N/A: Facet only applies to headphones products; this product is audio-electronics,N/A: Facet only applies to headphones products; this product is audio-electronics,needs value,needs value,needs value,needs value,needs value,needs value,needs value,N/A: Facet only applies to accessories products; this product is audio-electronics,N/A: Facet only applies to accessories products; this product is audio-electronics,N/A: Facet only applies to accessories products; this product is audio-electronics
moXlkADK7m1DHgGwWwETaU,"LeeLoo Desktop Tube Headphone Amplifier",leeloo-desktop-tube-headphone-amplifier,audio-electronics,Desktop Amps,needs value,needs value,needs value,needs value,N/A: Facet only applies to headphones products; this product is audio-electronics,N/A: Facet only applies to headphones products; this product is audio-electronics,N/A: Facet only applies to headphones products; this product is audio-electronics,N/A: Facet only applies to headphones products; this product is audio-electronics,N/A: Facet only applies to headphones products; this product is audio-electronics,N/A: Facet only applies to headphones products; this product is audio-electronics,N/A: Facet only applies to headphones products; this product is audio-electronics,N/A: Facet only applies to headphones products; this product is audio-electronics,needs value,needs value,needs value,needs value,needs value,needs value,needs value,N/A: Facet only applies to accessories products; this product is audio-electronics,N/A: Facet only applies to accessories products; this product is audio-electronics,N/A: Facet only applies to accessories products; this product is audio-electronics
moXlkADK7m1DHgGwWwEUpi,"DAC204 Desktop DAC",weiss-dac204-desktop-dac,audio-electronics,Standalone DACs,needs value,needs value,needs value,needs value,N/A: Facet only applies to headphones products; this product is audio-electronics,N/A: Facet only applies to headphones products; this product is audio-electronics,N/A: Facet only applies to headphones products; this product is audio-electronics,N/A: Facet only applies to headphones products; this product is audio-electronics,N/A: Facet only applies to headphones products; this product is audio-electronics,N/A: Facet only applies to headphones products; this product is audio-electronics,N/A: Facet only applies to headphones products; this product is audio-electronics,N/A: Facet only applies to headphones products; this product is audio-electronics,needs value,needs value,needs value,needs value,needs value,needs value,needs value,N/A: Facet only applies to accessories products; this product is audio-electronics,N/A: Facet only applies to accessories products; this product is audio-electronics,N/A: Facet only applies to accessories products; this product is audio-electronics
moXlkADK7m1DHgGwWwEZTT,"Violectric Chronos Portable USB DAC/Amp",violectric-chronos-portable-usb-dac/amp,audio-electronics,USB-C/Dongle DACs,needs value,needs value,needs value,needs value,N/A: Facet only applies to headphones products; this product is audio-electronics,N/A: Facet only applies to headphones products; this product is audio-electronics,N/A: Facet only applies to headphones products; this product is audio-electronics,N/A: Facet only applies to headphones products; this product is audio-electronics,N/A: Facet only applies to headphones products; this product is audio-electronics,N/A: Facet only applies to headphones products; this product is audio-electronics,N/A: Facet only applies to headphones products; this product is audio-electronics,N/A: Facet only applies to headphones products; this product is audio-electronics,needs value,needs value,needs value,needs value,needs value,needs value,needs value,N/A: Facet only applies to accessories products; this product is audio-electronics,N/A: Facet only applies to accessories products; this product is audio-electronics,N/A: Facet only applies to accessories products; this product is audio-electronics
moXlkADK7m1DHgGwWwEaXf,"SMSL SU-6 Desktop DAC",smsl-su-6-desktop-dac,audio-electronics,Standalone DACs,needs value,needs value,needs value,needs value,N/A: Facet only applies to headphones products; this product is audio-electronics,N/A: Facet only applies to headphones products; this product is audio-electronics,N/A: Facet only applies to headphones products; this product is audio-electronics,N/A: Facet only applies to headphones products; this product is audio-electronics,N/A: Facet only applies to headphones products; this product is audio-electronics,N/A: Facet only applies to headphones products; this product is audio-electronics,N/A: Facet only applies to headphones products; this product is audio-electronics,N/A: Facet only applies to headphones products; this product is audio-electronics,needs value,needs value,needs value,needs value,needs value,needs value,needs value,N/A: Facet only applies to accessories products; this product is audio-electronics,N/A: Facet only applies to accessories products; this product is audio-electronics,N/A: Facet only applies to accessories products; this product is audio-electronics
moXlkADK7m1DHgGwWwEdEz,"Topping L50 Desktop Headphone Amplifier - Open Box",topping-l50-desktop-headphone-amplifier---open-box,audio-electronics,Desktop Amps,needs value,needs value,needs value,needs value,N/A: Facet only applies to headphones products; this product is audio-electronics,N/A: Facet only applies to headphones products; this product is audio-electronics,N/A: Facet only applies to headphones products; this product is audio-electronics,N/A: Facet only applies to headphones products; this product is audio-electronics,N/A: Facet only applies to headphones products; this product is audio-electronics,N/A: Facet only applies to headphones products; this product is audio-electronics,N/A: Facet only applies to headphones products; this product is audio-electronics,N/A: Facet only applies to headphones products; this product is audio-electronics,needs value,needs value,needs value,needs value,needs value,needs value,needs value,N/A: Facet only applies to accessories products; this product is audio-electronics,N/A: Facet only applies to accessories products; this product is audio-electronics,N/A: Facet only applies to accessories products; this product is audio-electronics
moXlkADK7m1DHgGwWwEdNG,"Burson Audio Conductor 3x Grand Tourer Desktop DAC & Amp",burson-audio-conductor-3x-grand-tourer-desktop-dac-&-amp,audio-electronics,DAC/Amp Combos,needs value,needs value,needs value,needs value,N/A: Facet only applies to headphones products; this product is audio-electronics,N/A: Facet only applies to headphones products; this product is audio-electronics,N/A: Facet only applies to headphones products; this product is audio-electronics,N/A: Facet only applies to headphones products; this product is audio-electronics,N/A: Facet only applies to headphones products; this product is audio-electronics,N/A: Facet only applies to headphones products; this product is audio-electronics,N/A: Facet only applies to headphones products; this product is audio-electronics,N/A: Facet only applies to headphones products; this product is audio-electronics,needs value,needs value,needs value,needs value,needs value,needs value,needs value,N/A: Facet only applies to accessories products; this product is audio-electronics,N/A: Facet only applies to accessories products; this product is audio-electronics,N/A: Facet only applies to accessories products; this product is audio-electronics
moXlkADK7m1DHgGwWwEdoq,"SPL Phonitor One D",spl-phonitor-one-d,audio-electronics,DAC/Amp Combos,needs value,needs value,needs value,needs value,N/A: Facet only applies to headphones products; this product is audio-electronics,N/A: Facet only applies to headphones products; this product is audio-electronics,N/A: Facet only applies to headphones products; this product is audio-electronics,N/A: Facet only applies to headphones products; this product is audio-electronics,N/A: Facet only applies to headphones products; this product is audio-electronics,N/A: Facet only applies to headphones products; this product is audio-electronics,N/A: Facet only applies to headphones products; this product is audio-electronics,N/A: Facet only applies to headphones products; this product is audio-electronics,needs value,needs value,needs value,needs value,needs value,needs value,needs value,N/A: Facet only applies to accessories products; this product is audio-electronics,N/A: Facet only applies to accessories products; this product is audio-electronics,N/A: Facet only applies to accessories products; this product is audio-electronics
moXlkADK7m1DHgGwWwEeK6,"Feliks Audio Envy Flagship Desktop Headphone Tube Amplifier - Open Box",feliks-audio-envy-flagship-desktop-headphone-tube-amplifier---open-box,audio-electronics,Desktop Amps,needs value,needs value,needs value,needs value,N/A: Facet only applies to headphones products; this product is audio-electronics,N/A: Facet only applies to headphones products; this product is audio-electronics,N/A: Facet only applies to headphones products; this product is audio-electronics,N/A: Facet only applies to headphones products; this product is audio-electronics,N/A: Facet only applies to headphones products; this product is audio-electronics,N/A: Facet only applies to headphones products; this product is audio-electronics,N/A: Facet only applies to headphones products; this product is audio-electronics,N/A: Facet only applies to headphones products; this product is audio-electronics,needs value,needs value,needs value,needs value,needs value,needs value,needs value,N/A: Facet only applies to accessories products; this product is audio-electronics,N/A: Facet only applies to accessories products; this product is audio-electronics,N/A: Facet only applies to accessories products; this product is audio-electronics
moXlkADK7m1DHgGwWwEenW,"SPL Phonitor One",spl-phonitor-one,audio-electronics,Desktop Amps,needs value,needs value,needs value,needs value,N/A: Facet only applies to headphones products; this product is audio-electronics,N/A: Facet only applies to headphones products; this product is audio-electronics,N/A: Facet only applies to headphones products; this product is audio-electronics,N/A: Facet only applies to headphones products; this product is audio-electronics,N/A: Facet only applies to headphones products; this product is audio-electronics,N/A: Facet only applies to headphones products; this product is audio-electronics,N/A: Facet only applies to headphones products; this product is audio-electronics,N/A: Facet only applies to headphones products; this product is audio-electronics,needs value,needs value,needs value,needs value,needs value,needs value,needs value,N/A: Facet only applies to accessories products; this product is audio-electronics,N/A: Facet only applies to accessories products; this product is audio-electronics,N/A: Facet only applies to accessories products; this product is audio-electronics
moXlkADK7m1DHgGwWwEfPD,"Chord Electronics Hugo TT2",chord-electronics-hugo-tt2,audio-electronics,Standalone DACs,needs value,needs value,needs value,needs value,N/A: Facet only applies to headphones products; this product is audio-electronics,N/A: Facet only applies to headphones products; this product is audio-electronics,N/A: Facet only applies to headphones products; this product is audio-electronics,N/A: Facet only applies to headphones products; this product is audio-electronics,N/A: Facet only applies to headphones products; this product is audio-electronics,N/A: Facet only applies to headphones products; this product is audio-electronics,N/A: Facet only applies to headphones products; this product is audio-electronics,N/A: Facet only applies to headphones products; this product is audio-electronics,needs value,needs value,needs value,needs value,needs value,needs value,needs value,N/A: Facet only applies to accessories products; this product is audio-electronics,N/A: Facet only applies to accessories products; this product is audio-electronics,N/A: Facet only applies to accessories products; this product is audio-electronics
moXlkADK7m1DHgGwWwEgQe,"AudioQuest Dragonfly Cobalt USB DAC/Amp",audioquest-dragonfly-cobalt-usb-dac/amp,audio-electronics,Portable Amps,needs value,needs value,needs value,needs value,N/A: Facet only applies to headphones products; this product is audio-electronics,N/A: Facet only applies to headphones products; this product is audio-electronics,N/A: Facet only applies to headphones products; this product is audio-electronics,N/A: Facet only applies to headphones products; this product is audio-electronics,N/A: Facet only applies to headphones products; this product is audio-electronics,N/A: Facet only applies to headphones products; this product is audio-electronics,N/A: Facet only applies to headphones products; this product is audio-electronics,N/A: Facet only applies to headphones products; this product is audio-electronics,needs value,needs value,needs value,needs value,needs value,needs value,needs value,N/A: Facet only applies to accessories products; this product is audio-electronics,N/A: Facet only applies to accessories products; this product is audio-electronics,N/A: Facet only applies to accessories products; this product is audio-electronics
moXlkADK7m1DHgGwWwEgal,"Topping DX3 Pro+ Desktop DAC & Headphone Amplifier",topping-dx3-pro+-desktop-dac-&-headphone-amplifier,audio-electronics,DAC/Amp Combos,needs value,needs value,needs value,needs value,N/A: Facet only applies to headphones products; this product is audio-electronics,N/A: Facet only applies to headphones products; this product is audio-electronics,N/A: Facet only applies to headphones products; this product is audio-electronics,N/A: Facet only applies to headphones products; this product is audio-electronics,N/A: Facet only applies to headphones products; this product is audio-electronics,N/A: Facet only applies to headphones products; this product is audio-electronics,N/A: Facet only applies to headphones products; this product is audio-electronics,N/A: Facet only applies to headphones products; this product is audio-electronics,needs value,needs value,needs value,needs value,needs value,needs value,needs value,N/A: Facet only applies to accessories products; this product is audio-electronics,N/A: Facet only applies to accessories products; this product is audio-electronics,N/A: Facet only applies to accessories products; this product is audio-electronics
moXlkADK7m1DHgGwWwzejm,"Chord Electronics Poly V3",chord-electronics-poly-v3,audio-electronics,Network Streamers,needs value,needs value,needs value,needs value,N/A: Facet only applies to headphones products; this product is audio-electronics,N/A: Facet only applies to headphones products; this product is audio-electronics,N/A: Facet only applies to headphones products; this product is audio-electronics,N/A: Facet only applies to headphones products; this product is audio-electronics,N/A: Facet only applies to headphones products; this product is audio-electronics,N/A: Facet only applies to headphones products; this product is audio-electronics,N/A: Facet only applies to headphones products; this product is audio-electronics,N/A: Facet only applies to headphones products; this product is audio-electronics,needs value,needs value,needs value,needs value,needs value,needs value,needs value,N/A: Facet only applies to accessories products; this product is audio-electronics,N/A: Facet only applies to accessories products; this product is audio-electronics,N/A: Facet only applies to accessories products; this product is audio-electronics
moXlkADK7m1DHgGwWwzgHO,"Sennheiser AMBEO Max Soundbar",sennheiser-ambeo-max-soundbar,headphones,Closed-Back,needs value,needs value,needs value,needs value,needs value,needs value,needs value,needs value,needs value,needs value,needs value,needs value,N/A: Facet only applies to audio-electronics products; this product is headphones,N/A: Facet only applies to audio-electronics products; this product is headphones,N/A: Facet only applies to audio-electronics products; this product is headphones,N/A: Facet only applies to audio-electronics products; this product is headphones,N/A: Facet only applies to audio-electronics products; this product is headphones,N/A: Facet only applies to audio-electronics products; this product is headphones,N/A: Facet only applies to audio-electronics products; this product is headphones,N/A: Facet only applies to accessories products; this product is headphones,N/A: Facet only applies to accessories products; this product is headphones,N/A: Facet only applies to accessories products; this product is headphones
moXlkADK7m1DHgGwWwzkms,"JBL Tour Pro 2 True Wireless In-Ear Headphones",jbl-tour-pro-2-true-wireless-in-ear-headphones,headphones,Dynamic,needs value,needs value,needs value,needs value,needs value,needs value,needs value,needs value,needs value,needs value,needs value,needs value,N/A: Facet only applies to audio-electronics products; this product is headphones,N/A: Facet only applies to audio-electronics products; this product is headphones,N/A: Facet only applies to audio-electronics products; this product is headphones,N/A: Facet only applies to audio-electronics products; this product is headphones,N/A: Facet only applies to audio-electronics products; this product is headphones,N/A: Facet only applies to audio-electronics products; this product is headphones,N/A: Facet only applies to audio-electronics products; this product is headphones,N/A: Facet only applies to accessories products; this product is headphones,N/A: Facet only applies to accessories products; this product is headphones,N/A: Facet only applies to accessories products; this product is headphones
moXlkADK7m1DHgGwWwznPb,"Bowers & Wilkins Pi7 S2 Wireless In-Ear Headphones",bowers-&-wilkins-pi7-s2-wireless-in-ear-headphones,headphones,Dynamic,needs value,needs value,needs value,needs value,needs value,needs value,needs value,needs value,needs value,needs value,needs value,needs value,N/A: Facet only applies to audio-electronics products; this product is headphones,N/A: Facet only applies to audio-electronics products; this product is headphones,N/A: Facet only applies to audio-electronics products; this product is headphones,N/A: Facet only applies to audio-electronics products; this product is headphones,N/A: Facet only applies to audio-electronics products; this product is headphones,N/A: Facet only applies to audio-electronics products; this product is headphones,N/A: Facet only applies to audio-electronics products; this product is headphones,N/A: Facet only applies to accessories products; this product is headphones,N/A: Facet only applies to accessories products; this product is headphones,N/A: Facet only applies to accessories products; this product is headphones
moXlkADK7m1DHgGwWwzwUF,"Noble Audio FoKus Apollo Wireless Headphones",noble-audio-fokus-apollo-wireless-headphones,headphones,Closed-Back,needs value,needs value,needs value,needs value,needs value,needs value,needs value,needs value,needs value,needs value,needs value,needs value,N/A: Facet only applies to audio-electronics products; this product is headphones,N/A: Facet only applies to audio-electronics products; this product is headphones,N/A: Facet only applies to audio-electronics products; this product is headphones,N/A: Facet only applies to audio-electronics products; this product is headphones,N/A: Facet only applies to audio-electronics products; this product is headphones,N/A: Facet only applies to audio-electronics products; this product is headphones,N/A: Facet only applies to audio-electronics products; this product is headphones,N/A: Facet only applies to accessories products; this product is headphones,N/A: Facet only applies to accessories products; this product is headphones,N/A: Facet only applies to accessories products; this product is headphones
moXlkADK7m1DHgGwWx071u,"Final Audio ZE8000 True Wireless In-Ear Headphones",final-audio-ze8000-true-wireless-in-ear-headphones,headphones,Dynamic,needs value,needs value,needs value,needs value,needs value,needs value,needs value,needs value,needs value,needs value,needs value,needs value,N/A: Facet only applies to audio-electronics products; this product is headphones,N/A: Facet only applies to audio-electronics products; this product is headphones,N/A: Facet only applies to audio-electronics products; this product is headphones,N/A: Facet only applies to audio-electronics products; this product is headphones,N/A: Facet only applies to audio-electronics products; this product is headphones,N/A: Facet only applies to audio-electronics products; this product is headphones,N/A: Facet only applies to audio-electronics products; this product is headphones,N/A: Facet only applies to accessories products; this product is headphones,N/A: Facet only applies to accessories products; this product is headphones,N/A: Facet only applies to accessories products; this product is headphones
moXlkADK7m1DHgGwWxMkkd,"Moondrop Free DSP USB-C IEM Cable",moondrop-free-dsp-usb-c-iem-cable,accessories,Headphone Cables,needs value,needs value,needs value,needs value,N/A: Facet only applies to headphones products; this product is accessories,N/A: Facet only applies to headphones products; this product is accessories,N/A: Facet only applies to headphones products; this product is accessories,N/A: Facet only applies to headphones products; this product is accessories,N/A: Facet only applies to headphones products; this product is accessories,N/A: Facet only applies to headphones products; this product is accessories,N/A: Facet only applies to headphones products; this product is accessories,N/A: Facet only applies to headphones products; this product is accessories,N/A: Facet only applies to audio-electronics products; this product is accessories,N/A: Facet only applies to audio-electronics products; this product is accessories,N/A: Facet only applies to audio-electronics products; this product is accessories,N/A: Facet only applies to audio-electronics products; this product is accessories,N/A: Facet only applies to audio-electronics products; this product is accessories,N/A: Facet only applies to audio-electronics products; this product is accessories,N/A: Facet only applies to audio-electronics products; this product is accessories,needs value,needs value,needs value
moXlkADK7m1DHgGwWxMmzS,"Meze Audio Copper PCUHD 4-Pin Mini-XLR Replacement Cable",meze-audio-copper-pcuhd-4-pin-mini-xlr-replacement-cable,accessories,Headphone Cables,needs value,needs value,needs value,needs value,N/A: Facet only applies to headphones products; this product is accessories,N/A: Facet only applies to headphones products; this product is accessories,N/A: Facet only applies to headphones products; this product is accessories,N/A: Facet only applies to headphones products; this product is accessories,N/A: Facet only applies to headphones products; this product is accessories,N/A: Facet only applies to headphones products; this product is accessories,N/A: Facet only applies to headphones products; this product is accessories,N/A: Facet only applies to headphones products; this product is accessories,N/A: Facet only applies to audio-electronics products; this product is accessories,N/A: Facet only applies to audio-electronics products; this product is accessories,N/A: Facet only applies to audio-electronics products; this product is accessories,N/A: Facet only applies to audio-electronics products; this product is accessories,N/A: Facet only applies to audio-electronics products; this product is accessories,N/A: Facet only applies to audio-electronics products; this product is accessories,N/A: Facet only applies to audio-electronics products; this product is accessories,needs value,needs value,needs value
moXlkADK7m1DHgGwWxMnjQ,"AudioQuest DragonTail USB Extender and Adapter",audioquest-dragontail-usb-extender-and-adapter,accessories,Adapters,needs value,needs value,needs value,needs value,N/A: Facet only applies to headphones products; this product is accessories,N/A: Facet only applies to headphones products; this product is accessories,N/A: Facet only applies to headphones products; this product is accessories,N/A: Facet only applies to headphones products; this product is accessories,N/A: Facet only applies to headphones products; this product is accessories,N/A: Facet only applies to headphones products; this product is accessories,N/A: Facet only applies to headphones products; this product is accessories,N/A: Facet only applies to headphones products; this product is accessories,N/A: Facet only applies to audio-electronics products; this product is accessories,N/A: Facet only applies to audio-electronics products; this product is accessories,N/A: Facet only applies to audio-electronics products; this product is accessories,N/A: Facet only applies to audio-electronics products; this product is accessories,N/A: Facet only applies to audio-electronics products; this product is accessories,N/A: Facet only applies to audio-electronics products; this product is accessories,N/A: Facet only applies to audio-electronics products; this product is accessories,needs value,needs value,needs value
n10eAegrGspodtsQvneN6x,"Sennheiser HD 569 Headphones",sennheiser-hd-569-headphones,headphones,Closed-Back,needs value,needs value,needs value,needs value,needs value,needs value,needs value,needs value,needs value,needs value,needs value,needs value,N/A: Facet only applies to audio-electronics products; this product is headphones,N/A: Facet only applies to audio-electronics products; this product is headphones,N/A: Facet only applies to audio-electronics products; this product is headphones,N/A: Facet only applies to audio-electronics products; this product is headphones,N/A: Facet only applies to audio-electronics products; this product is headphones,N/A: Facet only applies to audio-electronics products; this product is headphones,N/A: Facet only applies to audio-electronics products; this product is headphones,N/A: Facet only applies to accessories products; this product is headphones,N/A: Facet only applies to accessories products; this product is headphones,N/A: Facet only applies to accessories products; this product is headphones
n10eAegrGspodtsQvneQBQ,"Dan Clark Audio NOIRE X Headphones",dan-clark-audio-noire-x-headphones,headphones,Closed-Back,needs value,needs value,needs value,needs value,needs value,needs value,needs value,needs value,needs value,needs value,needs value,needs value,N/A: Facet only applies to audio-electronics products; this product is headphones,N/A: Facet only applies to audio-electronics products; this product is headphones,N/A: Facet only applies to audio-electronics products; this product is headphones,N/A: Facet only applies to audio-electronics products; this product is headphones,N/A: Facet only applies to audio-electronics products; this product is headphones,N/A: Facet only applies to audio-electronics products; this product is headphones,N/A: Facet only applies to audio-electronics products; this product is headphones,N/A: Facet only applies to accessories products; this product is headphones,N/A: Facet only applies to accessories products; this product is headphones,N/A: Facet only applies to accessories products; this product is headphones
n10eAegrGspodtsQvneQzx,"Sennheiser HD 820 - Open Box",sennheiser-hd-820---open-box,headphones,Closed-Back,needs value,needs value,needs value,needs value,needs value,needs value,needs value,needs value,needs value,needs value,needs value,needs value,N/A: Facet only applies to audio-electronics products; this product is headphones,N/A: Facet only applies to audio-electronics products; this product is headphones,N/A: Facet only applies to audio-electronics products; this product is headphones,N/A: Facet only applies to audio-electronics products; this product is headphones,N/A: Facet only applies to audio-electronics products; this product is headphones,N/A: Facet only applies to audio-electronics products; this product is headphones,N/A: Facet only applies to audio-electronics products; this product is headphones,N/A: Facet only applies to accessories products; this product is headphones,N/A: Facet only applies to accessories products; this product is headphones,N/A: Facet only applies to accessories products; this product is headphones
n10eAegrGspodtsQvneRgi,"Meze 99 Classics Headphones - Open Box",meze-99-classics-headphones---open-box,headphones,Closed-Back,needs value,needs value,needs value,needs value,needs value,needs value,needs value,needs value,needs value,needs value,needs value,needs value,N/A: Facet only applies to audio-electronics products; this product is headphones,N/A: Facet only applies to audio-electronics products; this product is headphones,N/A: Facet only applies to audio-electronics products; this product is headphones,N/A: Facet only applies to audio-electronics products; this product is headphones,N/A: Facet only applies to audio-electronics products; this product is headphones,N/A: Facet only applies to audio-electronics products; this product is headphones,N/A: Facet only applies to audio-electronics products; this product is headphones,N/A: Facet only applies to accessories products; this product is headphones,N/A: Facet only applies to accessories products; this product is headphones,N/A: Facet only applies to accessories products; this product is headphones
n10eAegrGspodtsQvy3cvI,"SMSL SU-X Desktop DAC",smsl-su-x-desktop-dac,audio-electronics,Standalone DACs,needs value,needs value,needs value,needs value,N/A: Facet only applies to headphones products; this product is audio-electronics,N/A: Facet only applies to headphones products; this product is audio-electronics,N/A: Facet only applies to headphones products; this product is audio-electronics,N/A: Facet only applies to headphones products; this product is audio-electronics,N/A: Facet only applies to headphones products; this product is audio-electronics,N/A: Facet only applies to headphones products; this product is audio-electronics,N/A: Facet only applies to headphones products; this product is audio-electronics,N/A: Facet only applies to headphones products; this product is audio-electronics,needs value,needs value,needs value,needs value,needs value,needs value,needs value,N/A: Facet only applies to accessories products; this product is audio-electronics,N/A: Facet only applies to accessories products; this product is audio-electronics,N/A: Facet only applies to accessories products; this product is audio-electronics
n10eAegrGspodtsQvy3fgK,"Topping L30 II",topping-l30-ii,audio-electronics,Desktop Amps,needs value,needs value,needs value,needs value,N/A: Facet only applies to headphones products; this product is audio-electronics,N/A: Facet only applies to headphones products; this product is audio-electronics,N/A: Facet only applies to headphones products; this product is audio-electronics,N/A: Facet only applies to headphones products; this product is audio-electronics,N/A: Facet only applies to headphones products; this product is audio-electronics,N/A: Facet only applies to headphones products; this product is audio-electronics,N/A: Facet only applies to headphones products; this product is audio-electronics,N/A: Facet only applies to headphones products; this product is audio-electronics,needs value,needs value,needs value,needs value,needs value,needs value,needs value,N/A: Facet only applies to accessories products; this product is audio-electronics,N/A: Facet only applies to accessories products; this product is audio-electronics,N/A: Facet only applies to accessories products; this product is audio-electronics
n10eAegrGspodtsQvy3jJm,"Questyle CMA Fifteen Desktop DAC and Headphone Amplifier",questyle-cma-fifteen-desktop-dac-and-headphone-amplifier,audio-electronics,DAC/Amp Combos,needs value,needs value,needs value,needs value,N/A: Facet only applies to headphones products; this product is audio-electronics,N/A: Facet only applies to headphones products; this product is audio-electronics,N/A: Facet only applies to headphones products; this product is audio-electronics,N/A: Facet only applies to headphones products; this product is audio-electronics,N/A: Facet only applies to headphones products; this product is audio-electronics,N/A: Facet only applies to headphones products; this product is audio-electronics,N/A: Facet only applies to headphones products; this product is audio-electronics,N/A: Facet only applies to headphones products; this product is audio-electronics,needs value,needs value,needs value,needs value,needs value,needs value,needs value,N/A: Facet only applies to accessories products; this product is audio-electronics,N/A: Facet only applies to accessories products; this product is audio-electronics,N/A: Facet only applies to accessories products; this product is audio-electronics
n10eAegrGspodtsQvy3lt9,"Matrix Audio X-Sabre 3 Desktop DAC",matrix-audio-x-sabre-3-desktop-dac,audio-electronics,Standalone DACs,needs value,needs value,needs value,needs value,N/A: Facet only applies to headphones products; this product is audio-electronics,N/A: Facet only applies to headphones products; this product is audio-electronics,N/A: Facet only applies to headphones products; this product is audio-electronics,N/A: Facet only applies to headphones products; this product is audio-electronics,N/A: Facet only applies to headphones products; this product is audio-electronics,N/A: Facet only applies to headphones products; this product is audio-electronics,N/A: Facet only applies to headphones products; this product is audio-electronics,N/A: Facet only applies to headphones products; this product is audio-electronics,needs value,needs value,needs value,needs value,needs value,needs value,needs value,N/A: Facet only applies to accessories products; this product is audio-electronics,N/A: Facet only applies to accessories products; this product is audio-electronics,N/A: Facet only applies to accessories products; this product is audio-electronics
n10eAegrGspodtsQvy3xAp,"Sennheiser HDV 820 Headphone Amplifier",sennheiser-hdv-820-headphone-amplifier,audio-electronics,Desktop Amps,needs value,needs value,needs value,needs value,N/A: Facet only applies to headphones products; this product is audio-electronics,N/A: Facet only applies to headphones products; this product is audio-electronics,N/A: Facet only applies to headphones products; this product is audio-electronics,N/A: Facet only applies to headphones products; this product is audio-electronics,N/A: Facet only applies to headphones products; this product is audio-electronics,N/A: Facet only applies to headphones products; this product is audio-electronics,N/A: Facet only applies to headphones products; this product is audio-electronics,N/A: Facet only applies to headphones products; this product is audio-electronics,needs value,needs value,needs value,needs value,needs value,needs value,needs value,N/A: Facet only applies to accessories products; this product is audio-electronics,N/A: Facet only applies to accessories products; this product is audio-electronics,N/A: Facet only applies to accessories products; this product is audio-electronics
n10eAegrGspodtsQvy4D2G,"iFi Audio Uno",ifi-audio-uno,audio-electronics,DAC/Amp Combos,needs value,needs value,needs value,needs value,N/A: Facet only applies to headphones products; this product is audio-electronics,N/A: Facet only applies to headphones products; this product is audio-electronics,N/A: Facet only applies to headphones products; this product is audio-electronics,N/A: Facet only applies to headphones products; this product is audio-electronics,N/A: Facet only applies to headphones products; this product is audio-electronics,N/A: Facet only applies to headphones products; this product is audio-electronics,N/A: Facet only applies to headphones products; this product is audio-electronics,N/A: Facet only applies to headphones products; this product is audio-electronics,needs value,needs value,needs value,needs value,needs value,needs value,needs value,N/A: Facet only applies to accessories products; this product is audio-electronics,N/A: Facet only applies to accessories products; this product is audio-electronics,N/A: Facet only applies to accessories products; this product is audio-electronics
n10eAegrGspodtsQvy4Df8,"Benchmark HPA4 Desktop Headphone Amplifier (SILVER)",benchmark-hpa4-desktop-headphone-amplifier-(silver),audio-electronics,Desktop Amps,needs value,needs value,needs value,needs value,N/A: Facet only applies to headphones products; this product is audio-electronics,N/A: Facet only applies to headphones products; this product is audio-electronics,N/A: Facet only applies to headphones products; this product is audio-electronics,N/A: Facet only applies to headphones products; this product is audio-electronics,N/A: Facet only applies to headphones products; this product is audio-electronics,N/A: Facet only applies to headphones products; this product is audio-electronics,N/A: Facet only applies to headphones products; this product is audio-electronics,N/A: Facet only applies to headphones products; this product is audio-electronics,needs value,needs value,needs value,needs value,needs value,needs value,needs value,N/A: Facet only applies to accessories products; this product is audio-electronics,N/A: Facet only applies to accessories products; this product is audio-electronics,N/A: Facet only applies to accessories products; this product is audio-electronics
n10eAegrGspodtsQvy4Nwc,"Chord Electronics Hugo 2 Portable DAC & Headphone Amplifier",chord-electronics-hugo-2-portable-dac-&-headphone-amplifier,audio-electronics,DAC/Amp Combos,needs value,needs value,needs value,needs value,N/A: Facet only applies to headphones products; this product is audio-electronics,N/A: Facet only applies to headphones products; this product is audio-electronics,N/A: Facet only applies to headphones products; this product is audio-electronics,N/A: Facet only applies to headphones products; this product is audio-electronics,N/A: Facet only applies to headphones products; this product is audio-electronics,N/A: Facet only applies to headphones products; this product is audio-electronics,N/A: Facet only applies to headphones products; this product is audio-electronics,N/A: Facet only applies to headphones products; this product is audio-electronics,needs value,needs value,needs value,needs value,needs value,needs value,needs value,N/A: Facet only applies to accessories products; this product is audio-electronics,N/A: Facet only applies to accessories products; this product is audio-electronics,N/A: Facet only applies to accessories products; this product is audio-electronics
n10eAegrGspodtsQvy4P4a,"Topping A50 III Headphone Amplifier",topping-a50-iii-headphone-amplifier,audio-electronics,Desktop Amps,needs value,needs value,needs value,needs value,N/A: Facet only applies to headphones products; this product is audio-electronics,N/A: Facet only applies to headphones products; this product is audio-electronics,N/A: Facet only applies to headphones products; this product is audio-electronics,N/A: Facet only applies to headphones products; this product is audio-electronics,N/A: Facet only applies to headphones products; this product is audio-electronics,N/A: Facet only applies to headphones products; this product is audio-electronics,N/A: Facet only applies to headphones products; this product is audio-electronics,N/A: Facet only applies to headphones products; this product is audio-electronics,needs value,needs value,needs value,needs value,needs value,needs value,needs value,N/A: Facet only applies to accessories products; this product is audio-electronics,N/A: Facet only applies to accessories products; this product is audio-electronics,N/A: Facet only applies to accessories products; this product is audio-electronics
n10eAegrGspodtsQvy4Rpc,"Burson Audio Soloist Voyager",burson-audio-soloist-voyager,audio-electronics,Desktop Amps,needs value,needs value,needs value,needs value,N/A: Facet only applies to headphones products; this product is audio-electronics,N/A: Facet only applies to headphones products; this product is audio-electronics,N/A: Facet only applies to headphones products; this product is audio-electronics,N/A: Facet only applies to headphones products; this product is audio-electronics,N/A: Facet only applies to headphones products; this product is audio-electronics,N/A: Facet only applies to headphones products; this product is audio-electronics,N/A: Facet only applies to headphones products; this product is audio-electronics,N/A: Facet only applies to headphones products; this product is audio-electronics,needs value,needs value,needs value,needs value,needs value,needs value,needs value,N/A: Facet only applies to accessories products; this product is audio-electronics,N/A: Facet only applies to accessories products; this product is audio-electronics,N/A: Facet only applies to accessories products; this product is audio-electronics
n10eAegrGspodtsQvy4UmJ,"Chord Electronics Mojo 2 Portable DAC and Headphone Amplifier",chord-electronics-mojo-2-portable-dac-and-headphone-amplifier,audio-electronics,DAC/Amp Combos,needs value,needs value,needs value,needs value,N/A: Facet only applies to headphones products; this product is audio-electronics,N/A: Facet only applies to headphones products; this product is audio-electronics,N/A: Facet only applies to headphones products; this product is audio-electronics,N/A: Facet only applies to headphones products; this product is audio-electronics,N/A: Facet only applies to headphones products; this product is audio-electronics,N/A: Facet only applies to headphones products; this product is audio-electronics,N/A: Facet only applies to headphones products; this product is audio-electronics,N/A: Facet only applies to headphones products; this product is audio-electronics,needs value,needs value,needs value,needs value,needs value,needs value,needs value,N/A: Facet only applies to accessories products; this product is audio-electronics,N/A: Facet only applies to accessories products; this product is audio-electronics,N/A: Facet only applies to accessories products; this product is audio-electronics
n10eAegrGspodtsQvy4Z6W,"Topping A70 Pro Headphone Amplifier",topping-a70-pro-headphone-amplifier,audio-electronics,Desktop Amps,needs value,needs value,needs value,needs value,N/A: Facet only applies to headphones products; this product is audio-electronics,N/A: Facet only applies to headphones products; this product is audio-electronics,N/A: Facet only applies to headphones products; this product is audio-electronics,N/A: Facet only applies to headphones products; this product is audio-electronics,N/A: Facet only applies to headphones products; this product is audio-electronics,N/A: Facet only applies to headphones products; this product is audio-electronics,N/A: Facet only applies to headphones products; this product is audio-electronics,N/A: Facet only applies to headphones products; this product is audio-electronics,needs value,needs value,needs value,needs value,needs value,needs value,needs value,N/A: Facet only applies to accessories products; this product is audio-electronics,N/A: Facet only applies to accessories products; this product is audio-electronics,N/A: Facet only applies to accessories products; this product is audio-electronics
n10eAegrGspodtsQvy4b6u,"Ferrum WANDLA DAC - GoldenSound Edition",ferrum-wandla-dac---goldensound-edition,audio-electronics,Standalone DACs,needs value,needs value,needs value,needs value,N/A: Facet only applies to headphones products; this product is audio-electronics,N/A: Facet only applies to headphones products; this product is audio-electronics,N/A: Facet only applies to headphones products; this product is audio-electronics,N/A: Facet only applies to headphones products; this product is audio-electronics,N/A: Facet only applies to headphones products; this product is audio-electronics,N/A: Facet only applies to headphones products; this product is audio-electronics,N/A: Facet only applies to headphones products; this product is audio-electronics,N/A: Facet only applies to headphones products; this product is audio-electronics,needs value,needs value,needs value,needs value,needs value,needs value,needs value,N/A: Facet only applies to accessories products; this product is audio-electronics,N/A: Facet only applies to accessories products; this product is audio-electronics,N/A: Facet only applies to accessories products; this product is audio-electronics
n10eAegrGspodtsQvy4cvd,"SPL Phonitor X Desktop Headphone Amplifier with Optional DAC",spl-phonitor-x-desktop-headphone-amplifier-with-optional-dac,audio-electronics,Desktop Amps,needs value,needs value,needs value,needs value,N/A: Facet only applies to headphones products; this product is audio-electronics,N/A: Facet only applies to headphones products; this product is audio-electronics,N/A: Facet only applies to headphones products; this product is audio-electronics,N/A: Facet only applies to headphones products; this product is audio-electronics,N/A: Facet only applies to headphones products; this product is audio-electronics,N/A: Facet only applies to headphones products; this product is audio-electronics,N/A: Facet only applies to headphones products; this product is audio-electronics,N/A: Facet only applies to headphones products; this product is audio-electronics,needs value,needs value,needs value,needs value,needs value,needs value,needs value,N/A: Facet only applies to accessories products; this product is audio-electronics,N/A: Facet only applies to accessories products; this product is audio-electronics,N/A: Facet only applies to accessories products; this product is audio-electronics
n10eAegrGspodtsQw12meG,"Sony WF-1000XM5 Wireless In-Ear Headphones",sony-wf-1000xm5-wireless-in-ear-headphones,headphones,Dynamic,needs value,needs value,needs value,needs value,needs value,needs value,needs value,needs value,needs value,needs value,needs value,needs value,N/A: Facet only applies to audio-electronics products; this product is headphones,N/A: Facet only applies to audio-electronics products; this product is headphones,N/A: Facet only applies to audio-electronics products; this product is headphones,N/A: Facet only applies to audio-electronics products; this product is headphones,N/A: Facet only applies to audio-electronics products; this product is headphones,N/A: Facet only applies to audio-electronics products; this product is headphones,N/A: Facet only applies to audio-electronics products; this product is headphones,N/A: Facet only applies to accessories products; this product is headphones,N/A: Facet only applies to accessories products; this product is headphones,N/A: Facet only applies to accessories products; this product is headphones
n10eAegrGspodtsQw12tbj,"Eversolo DMP-A8 All-In-One Streamer, DAC Amp, Preamp",eversolo-dmp-a8-all-in-one-streamer,-dac-amp,-preamp,audio-electronics,DAC/Amp Combos,needs value,needs value,needs value,needs value,N/A: Facet only applies to headphones products; this product is audio-electronics,N/A: Facet only applies to headphones products; this product is audio-electronics,N/A: Facet only applies to headphones products; this product is audio-electronics,N/A: Facet only applies to headphones products; this product is audio-electronics,N/A: Facet only applies to headphones products; this product is audio-electronics,N/A: Facet only applies to headphones products; this product is audio-electronics,N/A: Facet only applies to headphones products; this product is audio-electronics,N/A: Facet only applies to headphones products; this product is audio-electronics,needs value,needs value,needs value,needs value,needs value,needs value,needs value,N/A: Facet only applies to accessories products; this product is audio-electronics,N/A: Facet only applies to accessories products; this product is audio-electronics,N/A: Facet only applies to accessories products; this product is audio-electronics
n10eAegrGspodtsQw134Ce,"Eversolo DMP-A6 Streamer and DAC",eversolo-dmp-a6-streamer-and-dac,audio-electronics,Network Streamers,needs value,needs value,needs value,needs value,N/A: Facet only applies to headphones products; this product is audio-electronics,N/A: Facet only applies to headphones products; this product is audio-electronics,N/A: Facet only applies to headphones products; this product is audio-electronics,N/A: Facet only applies to headphones products; this product is audio-electronics,N/A: Facet only applies to headphones products; this product is audio-electronics,N/A: Facet only applies to headphones products; this product is audio-electronics,N/A: Facet only applies to headphones products; this product is audio-electronics,N/A: Facet only applies to headphones products; this product is audio-electronics,needs value,needs value,needs value,needs value,needs value,needs value,needs value,N/A: Facet only applies to accessories products; this product is audio-electronics,N/A: Facet only applies to accessories products; this product is audio-electronics,N/A: Facet only applies to accessories products; this product is audio-electronics
n10eAegrGspodtsQw136D2,"Hifiman Ananda BT Wireless Headphones - 2024 Edition",hifiman-ananda-bt-wireless-headphones---2024-edition,headphones,Open-Back,needs value,needs value,needs value,needs value,needs value,needs value,needs value,needs value,needs value,needs value,needs value,needs value,N/A: Facet only applies to audio-electronics products; this product is headphones,N/A: Facet only applies to audio-electronics products; this product is headphones,N/A: Facet only applies to audio-electronics products; this product is headphones,N/A: Facet only applies to audio-electronics products; this product is headphones,N/A: Facet only applies to audio-electronics products; this product is headphones,N/A: Facet only applies to audio-electronics products; this product is headphones,N/A: Facet only applies to audio-electronics products; this product is headphones,N/A: Facet only applies to accessories products; this product is headphones,N/A: Facet only applies to accessories products; this product is headphones,N/A: Facet only applies to accessories products; this product is headphones
n10eAegrGspodtsQw13Qpt,"Matrix Audio Element X - Open Box",matrix-audio-element-x---open-box,audio-electronics,Network Streamers,needs value,needs value,needs value,needs value,N/A: Facet only applies to headphones products; this product is audio-electronics,N/A: Facet only applies to headphones products; this product is audio-electronics,N/A: Facet only applies to headphones products; this product is audio-electronics,N/A: Facet only applies to headphones products; this product is audio-electronics,N/A: Facet only applies to headphones products; this product is audio-electronics,N/A: Facet only applies to headphones products; this product is audio-electronics,N/A: Facet only applies to headphones products; this product is audio-electronics,N/A: Facet only applies to headphones products; this product is audio-electronics,needs value,needs value,needs value,needs value,needs value,needs value,needs value,N/A: Facet only applies to accessories products; this product is audio-electronics,N/A: Facet only applies to accessories products; this product is audio-electronics,N/A: Facet only applies to accessories products; this product is audio-electronics
n10eAegrGspodtsQw13RKz,"Bluesound Node Wireless Music Streamer",bluesound-node-wireless-music-streamer,audio-electronics,Network Streamers,needs value,needs value,needs value,needs value,N/A: Facet only applies to headphones products; this product is audio-electronics,N/A: Facet only applies to headphones products; this product is audio-electronics,N/A: Facet only applies to headphones products; this product is audio-electronics,N/A: Facet only applies to headphones products; this product is audio-electronics,N/A: Facet only applies to headphones products; this product is audio-electronics,N/A: Facet only applies to headphones products; this product is audio-electronics,N/A: Facet only applies to headphones products; this product is audio-electronics,N/A: Facet only applies to headphones products; this product is audio-electronics,needs value,needs value,needs value,needs value,needs value,needs value,needs value,N/A: Facet only applies to accessories products; this product is audio-electronics,N/A: Facet only applies to accessories products; this product is audio-electronics,N/A: Facet only applies to accessories products; this product is audio-electronics
n10eAegrGspodtsQw13THU,"Moondrop Alice True Wireless In-Ear Headphones",moondrop-alice-true-wireless-in-ear-headphones,headphones,Closed-Back,needs value,needs value,needs value,needs value,needs value,needs value,needs value,needs value,needs value,needs value,needs value,needs value,N/A: Facet only applies to audio-electronics products; this product is headphones,N/A: Facet only applies to audio-electronics products; this product is headphones,N/A: Facet only applies to audio-electronics products; this product is headphones,N/A: Facet only applies to audio-electronics products; this product is headphones,N/A: Facet only applies to audio-electronics products; this product is headphones,N/A: Facet only applies to audio-electronics products; this product is headphones,N/A: Facet only applies to audio-electronics products; this product is headphones,N/A: Facet only applies to accessories products; this product is headphones,N/A: Facet only applies to accessories products; this product is headphones,N/A: Facet only applies to accessories products; this product is headphones
prod-0b357ab1-22a,"Dekoni Audio Choice Leather Earpads for Hifiman Sundara",dekoni-audio-choice-leather-earpads-for-hifiman-sundara,accessories,Earpads,needs value,needs value,needs value,needs value,N/A: Facet only applies to headphones products; this product is accessories,N/A: Facet only applies to headphones products; this product is accessories,N/A: Facet only applies to headphones products; this product is accessories,N/A: Facet only applies to headphones products; this product is accessories,N/A: Facet only applies to headphones products; this product is accessories,N/A: Facet only applies to headphones products; this product is accessories,N/A: Facet only applies to headphones products; this product is accessories,N/A: Facet only applies to headphones products; this product is accessories,N/A: Facet only applies to audio-electronics products; this product is accessories,N/A: Facet only applies to audio-electronics products; this product is accessories,N/A: Facet only applies to audio-electronics products; this product is accessories,N/A: Facet only applies to audio-electronics products; this product is accessories,N/A: Facet only applies to audio-electronics products; this product is accessories,N/A: Facet only applies to audio-electronics products; this product is accessories,N/A: Facet only applies to audio-electronics products; this product is accessories,needs value,N/A: Earpads, eartips, stands, cases and care products have no connector/termination,needs value
prod-4717de40-092,"Dekoni Audio Protective Headphone Travel Pouch",dekoni-audio-protective-headphone-travel-pouch,accessories,Carrying Cases,needs value,needs value,needs value,needs value,N/A: Facet only applies to headphones products; this product is accessories,N/A: Facet only applies to headphones products; this product is accessories,N/A: Facet only applies to headphones products; this product is accessories,N/A: Facet only applies to headphones products; this product is accessories,N/A: Facet only applies to headphones products; this product is accessories,N/A: Facet only applies to headphones products; this product is accessories,N/A: Facet only applies to headphones products; this product is accessories,N/A: Facet only applies to headphones products; this product is accessories,N/A: Facet only applies to audio-electronics products; this product is accessories,N/A: Facet only applies to audio-electronics products; this product is accessories,N/A: Facet only applies to audio-electronics products; this product is accessories,N/A: Facet only applies to audio-electronics products; this product is accessories,N/A: Facet only applies to audio-electronics products; this product is accessories,N/A: Facet only applies to audio-electronics products; this product is accessories,N/A: Facet only applies to audio-electronics products; this product is accessories,needs value,N/A: Earpads, eartips, stands, cases and care products have no connector/termination,needs value
prod-4b6fb239-96a,"Focal Clear Mg Replacement Ear Pads",focal-clear-mg-replacement-ear-pads,accessories,Earpads,needs value,needs value,needs value,needs value,N/A: Facet only applies to headphones products; this product is accessories,N/A: Facet only applies to headphones products; this product is accessories,N/A: Facet only applies to headphones products; this product is accessories,N/A: Facet only applies to headphones products; this product is accessories,N/A: Facet only applies to headphones products; this product is accessories,N/A: Facet only applies to headphones products; this product is accessories,N/A: Facet only applies to headphones products; this product is accessories,N/A: Facet only applies to headphones products; this product is accessories,N/A: Facet only applies to audio-electronics products; this product is accessories,N/A: Facet only applies to audio-electronics products; this product is accessories,N/A: Facet only applies to audio-electronics products; this product is accessories,N/A: Facet only applies to audio-electronics products; this product is accessories,N/A: Facet only applies to audio-electronics products; this product is accessories,N/A: Facet only applies to audio-electronics products; this product is accessories,N/A: Facet only applies to audio-electronics products; this product is accessories,needs value,N/A: Earpads, eartips, stands, cases and care products have no connector/termination,needs value
prod-5d5e5ef2-61e,"Dekoni Audio Elite Fenestrated Sheepskin Pads for Sennheiser HD6XX",dekoni-audio-elite-fenestrated-sheepskin-pads-for-sennheiser-hd6xx,accessories,Earpads,needs value,needs value,needs value,needs value,N/A: Facet only applies to headphones products; this product is accessories,N/A: Facet only applies to headphones products; this product is accessories,N/A: Facet only applies to headphones products; this product is accessories,N/A: Facet only applies to headphones products; this product is accessories,N/A: Facet only applies to headphones products; this product is accessories,N/A: Facet only applies to headphones products; this product is accessories,N/A: Facet only applies to headphones products; this product is accessories,N/A: Facet only applies to headphones products; this product is accessories,N/A: Facet only applies to audio-electronics products; this product is accessories,N/A: Facet only applies to audio-electronics products; this product is accessories,N/A: Facet only applies to audio-electronics products; this product is accessories,N/A: Facet only applies to audio-electronics products; this product is accessories,N/A: Facet only applies to audio-electronics products; this product is accessories,N/A: Facet only applies to audio-electronics products; this product is accessories,N/A: Facet only applies to audio-electronics products; this product is accessories,needs value,N/A: Earpads, eartips, stands, cases and care products have no connector/termination,needs value
x2LkzHeaGqoEz8JhogYAsA,"AudioQuest Black Beauty RCA Interconnect Cable - 4.92' (1.5m)",audioquest-black-beauty-rca-interconnect-cable-4-92-1-5m,accessories,Interconnects,needs value,needs value,needs value,needs value,N/A: Facet only applies to headphones products; this product is accessories,N/A: Facet only applies to headphones products; this product is accessories,N/A: Facet only applies to headphones products; this product is accessories,N/A: Facet only applies to headphones products; this product is accessories,N/A: Facet only applies to headphones products; this product is accessories,N/A: Facet only applies to headphones products; this product is accessories,N/A: Facet only applies to headphones products; this product is accessories,N/A: Facet only applies to headphones products; this product is accessories,N/A: Facet only applies to audio-electronics products; this product is accessories,N/A: Facet only applies to audio-electronics products; this product is accessories,N/A: Facet only applies to audio-electronics products; this product is accessories,N/A: Facet only applies to audio-electronics products; this product is accessories,N/A: Facet only applies to audio-electronics products; this product is accessories,N/A: Facet only applies to audio-electronics products; this product is accessories,N/A: Facet only applies to audio-electronics products; this product is accessories,needs value,needs value,needs value
x2LkzHeaGqoEz8JhogYPz8,"AudioQuest Sydney 2m RCA to RCA Analog Audio Interconnect Cable",audioquest-sydney-2m-rca-to-rca-analog-audio-interconnect-cable,accessories,Interconnects,needs value,needs value,needs value,needs value,N/A: Facet only applies to headphones products; this product is accessories,N/A: Facet only applies to headphones products; this product is accessories,N/A: Facet only applies to headphones products; this product is accessories,N/A: Facet only applies to headphones products; this product is accessories,N/A: Facet only applies to headphones products; this product is accessories,N/A: Facet only applies to headphones products; this product is accessories,N/A: Facet only applies to headphones products; this product is accessories,N/A: Facet only applies to headphones products; this product is accessories,N/A: Facet only applies to audio-electronics products; this product is accessories,N/A: Facet only applies to audio-electronics products; this product is accessories,N/A: Facet only applies to audio-electronics products; this product is accessories,N/A: Facet only applies to audio-electronics products; this product is accessories,N/A: Facet only applies to audio-electronics products; this product is accessories,N/A: Facet only applies to audio-electronics products; this product is accessories,N/A: Facet only applies to audio-electronics products; this product is accessories,needs value,needs value,needs value
x2LkzHeaGqoEz8JhogZLeA,"AudioQuest Yukon RCA to RCA Cable - Pair (1.64 ft.)",audioquest-yukon-rca-to-rca-cable-pair-1-64-ft,accessories,Interconnects,needs value,needs value,needs value,needs value,N/A: Facet only applies to headphones products; this product is accessories,N/A: Facet only applies to headphones products; this product is accessories,N/A: Facet only applies to headphones products; this product is accessories,N/A: Facet only applies to headphones products; this product is accessories,N/A: Facet only applies to headphones products; this product is accessories,N/A: Facet only applies to headphones products; this product is accessories,N/A: Facet only applies to headphones products; this product is accessories,N/A: Facet only applies to headphones products; this product is accessories,N/A: Facet only applies to audio-electronics products; this product is accessories,N/A: Facet only applies to audio-electronics products; this product is accessories,N/A: Facet only applies to audio-electronics products; this product is accessories,N/A: Facet only applies to audio-electronics products; this product is accessories,N/A: Facet only applies to audio-electronics products; this product is accessories,N/A: Facet only applies to audio-electronics products; this product is accessories,N/A: Facet only applies to audio-electronics products; this product is accessories,needs value,needs value,needs value
x2LkzHeaGqoEz8JhogaDCU,"AudioQuest Golden Gate RCA to RCA Analog Interconnect Cable - 0.6 meters",audioquest-golden-gate-rca-to-rca-analog-interconnect-cable-0-6-meters,accessories,Interconnects,needs value,needs value,needs value,needs value,N/A: Facet only applies to headphones products; this product is accessories,N/A: Facet only applies to headphones products; this product is accessories,N/A: Facet only applies to headphones products; this product is accessories,N/A: Facet only applies to headphones products; this product is accessories,N/A: Facet only applies to headphones products; this product is accessories,N/A: Facet only applies to headphones products; this product is accessories,N/A: Facet only applies to headphones products; this product is accessories,N/A: Facet only applies to headphones products; this product is accessories,N/A: Facet only applies to audio-electronics products; this product is accessories,N/A: Facet only applies to audio-electronics products; this product is accessories,N/A: Facet only applies to audio-electronics products; this product is accessories,N/A: Facet only applies to audio-electronics products; this product is accessories,N/A: Facet only applies to audio-electronics products; this product is accessories,N/A: Facet only applies to audio-electronics products; this product is accessories,N/A: Facet only applies to audio-electronics products; this product is accessories,needs value,needs value,needs value
x2LkzHeaGqoEz8JhogaPNW,"AudioQuest Sydney 3.5mm to 3.5mm Analog Audio Interconnect Cable - 4.92ft. (1.5m)",audioquest-sydney-3-5mm-to-3-5mm-analog-audio-interconnect-cable-4-92ft-1-5m,accessories,Interconnects,needs value,needs value,needs value,needs value,N/A: Facet only applies to headphones products; this product is accessories,N/A: Facet only applies to headphones products; this product is accessories,N/A: Facet only applies to headphones products; this product is accessories,N/A: Facet only applies to headphones products; this product is accessories,N/A: Facet only applies to headphones products; this product is accessories,N/A: Facet only applies to headphones products; this product is accessories,N/A: Facet only applies to headphones products; this product is accessories,N/A: Facet only applies to headphones products; this product is accessories,N/A: Facet only applies to audio-electronics products; this product is accessories,N/A: Facet only applies to audio-electronics products; this product is accessories,N/A: Facet only applies to audio-electronics products; this product is accessories,N/A: Facet only applies to audio-electronics products; this product is accessories,N/A: Facet only applies to audio-electronics products; this product is accessories,N/A: Facet only applies to audio-electronics products; this product is accessories,N/A: Facet only applies to audio-electronics products; this product is accessories,needs value,needs value,needs value
x2LkzHeaGqoEz8JhogaWUi,"AudioQuest Sydney 3.5mm Mini to RCA Audio Cable (1.97 ft.)",audioquest-sydney-3-5mm-mini-to-rca-audio-cable-1-97-ft,accessories,Interconnects,needs value,needs value,needs value,needs value,N/A: Facet only applies to headphones products; this product is accessories,N/A: Facet only applies to headphones products; this product is accessories,N/A: Facet only applies to headphones products; this product is accessories,N/A: Facet only applies to headphones products; this product is accessories,N/A: Facet only applies to headphones products; this product is accessories,N/A: Facet only applies to headphones products; this product is accessories,N/A: Facet only applies to headphones products; this product is accessories,N/A: Facet only applies to headphones products; this product is accessories,N/A: Facet only applies to audio-electronics products; this product is accessories,N/A: Facet only applies to audio-electronics products; this product is accessories,N/A: Facet only applies to audio-electronics products; this product is accessories,N/A: Facet only applies to audio-electronics products; this product is accessories,N/A: Facet only applies to audio-electronics products; this product is accessories,N/A: Facet only applies to audio-electronics products; this product is accessories,N/A: Facet only applies to audio-electronics products; this product is accessories,needs value,needs value,needs value
x2LkzHeaGqoEz8Jhogc6j0,"JBL Wireless Two Microphone System with Dual-Channel Receiver",jbl-wireless-two-microphone-system-with-dual-channel-receiver,accessories,Interconnects,needs value,needs value,needs value,needs value,N/A: Facet only applies to headphones products; this product is accessories,N/A: Facet only applies to headphones products; this product is accessories,N/A: Facet only applies to headphones products; this product is accessories,N/A: Facet only applies to headphones products; this product is accessories,N/A: Facet only applies to headphones products; this product is accessories,N/A: Facet only applies to headphones products; this product is accessories,N/A: Facet only applies to headphones products; this product is accessories,N/A: Facet only applies to headphones products; this product is accessories,N/A: Facet only applies to audio-electronics products; this product is accessories,N/A: Facet only applies to audio-electronics products; this product is accessories,N/A: Facet only applies to audio-electronics products; this product is accessories,N/A: Facet only applies to audio-electronics products; this product is accessories,N/A: Facet only applies to audio-electronics products; this product is accessories,N/A: Facet only applies to audio-electronics products; this product is accessories,N/A: Facet only applies to audio-electronics products; this product is accessories,needs value,needs value,needs value
x2LkzHeaGqoEz8Jhogdmti,"McIntosh MQ112 Environmental Equalizer",mcintosh-mq112-environmental-equalizer,accessories,Interconnects,needs value,needs value,needs value,needs value,N/A: Facet only applies to headphones products; this product is accessories,N/A: Facet only applies to headphones products; this product is accessories,N/A: Facet only applies to headphones products; this product is accessories,N/A: Facet only applies to headphones products; this product is accessories,N/A: Facet only applies to headphones products; this product is accessories,N/A: Facet only applies to headphones products; this product is accessories,N/A: Facet only applies to headphones products; this product is accessories,N/A: Facet only applies to headphones products; this product is accessories,N/A: Facet only applies to audio-electronics products; this product is accessories,N/A: Facet only applies to audio-electronics products; this product is accessories,N/A: Facet only applies to audio-electronics products; this product is accessories,N/A: Facet only applies to audio-electronics products; this product is accessories,N/A: Facet only applies to audio-electronics products; this product is accessories,N/A: Facet only applies to audio-electronics products; this product is accessories,N/A: Facet only applies to audio-electronics products; this product is accessories,needs value,needs value,needs value
x2LkzHeaGqoEz8Jhogegs8,"SVS SoundPath RCA Audio Interconnect Cable for Subwoofers - 26.24 ft. (8m)",svs-soundpath-rca-audio-interconnect-cable-for-subwoofers-26-24-ft-8m,accessories,Interconnects,needs value,needs value,needs value,needs value,N/A: Facet only applies to headphones products; this product is accessories,N/A: Facet only applies to headphones products; this product is accessories,N/A: Facet only applies to headphones products; this product is accessories,N/A: Facet only applies to headphones products; this product is accessories,N/A: Facet only applies to headphones products; this product is accessories,N/A: Facet only applies to headphones products; this product is accessories,N/A: Facet only applies to headphones products; this product is accessories,N/A: Facet only applies to headphones products; this product is accessories,N/A: Facet only applies to audio-electronics products; this product is accessories,N/A: Facet only applies to audio-electronics products; this product is accessories,N/A: Facet only applies to audio-electronics products; this product is accessories,N/A: Facet only applies to audio-electronics products; this product is accessories,N/A: Facet only applies to audio-electronics products; this product is accessories,N/A: Facet only applies to audio-electronics products; this product is accessories,N/A: Facet only applies to audio-electronics products; this product is accessories,needs value,needs value,needs value
xMEqvkRBbdrlJXyFG8b45F,"Dekoni Audio EPZ-ARYA-FNSK Replacement Ear Pads for HiFiMan Arya Headphones Elite Fenestrated Sheepskin",dekoni-audio-epz-arya-fnsk-replacement-ear-pads-for-hifiman-arya-headphones-elite-fenestrated-sh,accessories,Earpads,needs value,needs value,needs value,needs value,N/A: Facet only applies to headphones products; this product is accessories,N/A: Facet only applies to headphones products; this product is accessories,N/A: Facet only applies to headphones products; this product is accessories,N/A: Facet only applies to headphones products; this product is accessories,N/A: Facet only applies to headphones products; this product is accessories,N/A: Facet only applies to headphones products; this product is accessories,N/A: Facet only applies to headphones products; this product is accessories,N/A: Facet only applies to headphones products; this product is accessories,N/A: Facet only applies to audio-electronics products; this product is accessories,N/A: Facet only applies to audio-electronics products; this product is accessories,N/A: Facet only applies to audio-electronics products; this product is accessories,N/A: Facet only applies to audio-electronics products; this product is accessories,N/A: Facet only applies to audio-electronics products; this product is accessories,N/A: Facet only applies to audio-electronics products; this product is accessories,N/A: Facet only applies to audio-electronics products; this product is accessories,needs value,N/A: Earpads, eartips, stands, cases and care products have no connector/termination,needs value
xMEqvkRBbdrlJXyFG8b7UD,"Dekoni Audio EPZ-HD600-FNSK Replacement Ear Pads for Sennheiser HD600 Series Headphones Elite Fenestrated Sheepskin",dekoni-audio-epz-hd600-fnsk-replacement-ear-pads-for-sennheiser-hd600-series-headphones-elite-fe,accessories,Earpads,needs value,needs value,needs value,needs value,N/A: Facet only applies to headphones products; this product is accessories,N/A: Facet only applies to headphones products; this product is accessories,N/A: Facet only applies to headphones products; this product is accessories,N/A: Facet only applies to headphones products; this product is accessories,N/A: Facet only applies to headphones products; this product is accessories,N/A: Facet only applies to headphones products; this product is accessories,N/A: Facet only applies to headphones products; this product is accessories,N/A: Facet only applies to headphones products; this product is accessories,N/A: Facet only applies to audio-electronics products; this product is accessories,N/A: Facet only applies to audio-electronics products; this product is accessories,N/A: Facet only applies to audio-electronics products; this product is accessories,N/A: Facet only applies to audio-electronics products; this product is accessories,N/A: Facet only applies to audio-electronics products; this product is accessories,N/A: Facet only applies to audio-electronics products; this product is accessories,N/A: Facet only applies to audio-electronics products; this product is accessories,needs value,N/A: Earpads, eartips, stands, cases and care products have no connector/termination,needs value
xMEqvkRBbdrlJXyFG8bEZj,"Apos x Community Gremlin Tube Amp",apos-x-community-gremlin-tube-amp,accessories,Earpads,needs value,needs value,needs value,needs value,N/A: Facet only applies to headphones products; this product is accessories,N/A: Facet only applies to headphones products; this product is accessories,N/A: Facet only applies to headphones products; this product is accessories,N/A: Facet only applies to headphones products; this product is accessories,N/A: Facet only applies to headphones products; this product is accessories,N/A: Facet only applies to headphones products; this product is accessories,N/A: Facet only applies to headphones products; this product is accessories,N/A: Facet only applies to headphones products; this product is accessories,N/A: Facet only applies to audio-electronics products; this product is accessories,N/A: Facet only applies to audio-electronics products; this product is accessories,N/A: Facet only applies to audio-electronics products; this product is accessories,N/A: Facet only applies to audio-electronics products; this product is accessories,N/A: Facet only applies to audio-electronics products; this product is accessories,N/A: Facet only applies to audio-electronics products; this product is accessories,N/A: Facet only applies to audio-electronics products; this product is accessories,needs value,N/A: Earpads, eartips, stands, cases and care products have no connector/termination,needs value
xMEqvkRBbdrlJXyFG8bJ71,"Apos x Geshelli Merlin AKM Desktop DAC",apos-x-geshelli-merlin-akm-desktop-dac,accessories,Earpads,needs value,needs value,needs value,needs value,N/A: Facet only applies to headphones products; this product is accessories,N/A: Facet only applies to headphones products; this product is accessories,N/A: Facet only applies to headphones products; this product is accessories,N/A: Facet only applies to headphones products; this product is accessories,N/A: Facet only applies to headphones products; this product is accessories,N/A: Facet only applies to headphones products; this product is accessories,N/A: Facet only applies to headphones products; this product is accessories,N/A: Facet only applies to headphones products; this product is accessories,N/A: Facet only applies to audio-electronics products; this product is accessories,N/A: Facet only applies to audio-electronics products; this product is accessories,N/A: Facet only applies to audio-electronics products; this product is accessories,N/A: Facet only applies to audio-electronics products; this product is accessories,N/A: Facet only applies to audio-electronics products; this product is accessories,N/A: Facet only applies to audio-electronics products; this product is accessories,N/A: Facet only applies to audio-electronics products; this product is accessories,needs value,N/A: Earpads, eartips, stands, cases and care products have no connector/termination,needs value
xMEqvkRBbdrlJXyFG8bwF9,"Focal Utopia Ear Pads",focal-utopia-ear-pads,accessories,Earpads,needs value,needs value,needs value,needs value,N/A: Facet only applies to headphones products; this product is accessories,N/A: Facet only applies to headphones products; this product is accessories,N/A: Facet only applies to headphones products; this product is accessories,N/A: Facet only applies to headphones products; this product is accessories,N/A: Facet only applies to headphones products; this product is accessories,N/A: Facet only applies to headphones products; this product is accessories,N/A: Facet only applies to headphones products; this product is accessories,N/A: Facet only applies to headphones products; this product is accessories,N/A: Facet only applies to audio-electronics products; this product is accessories,N/A: Facet only applies to audio-electronics products; this product is accessories,N/A: Facet only applies to audio-electronics products; this product is accessories,N/A: Facet only applies to audio-electronics products; this product is accessories,N/A: Facet only applies to audio-electronics products; this product is accessories,N/A: Facet only applies to audio-electronics products; this product is accessories,N/A: Facet only applies to audio-electronics products; this product is accessories,needs value,N/A: Earpads, eartips, stands, cases and care products have no connector/termination,needs value
xMEqvkRBbdrlJXyFG8c4h3,"Apos x Audio-Technica Refine Pads",apos-x-audio-technica-refine-pads,accessories,Earpads,needs value,needs value,needs value,needs value,N/A: Facet only applies to headphones products; this product is accessories,N/A: Facet only applies to headphones products; this product is accessories,N/A: Facet only applies to headphones products; this product is accessories,N/A: Facet only applies to headphones products; this product is accessories,N/A: Facet only applies to headphones products; this product is accessories,N/A: Facet only applies to headphones products; this product is accessories,N/A: Facet only applies to headphones products; this product is accessories,N/A: Facet only applies to headphones products; this product is accessories,N/A: Facet only applies to audio-electronics products; this product is accessories,N/A: Facet only applies to audio-electronics products; this product is accessories,N/A: Facet only applies to audio-electronics products; this product is accessories,N/A: Facet only applies to audio-electronics products; this product is accessories,N/A: Facet only applies to audio-electronics products; this product is accessories,N/A: Facet only applies to audio-electronics products; this product is accessories,N/A: Facet only applies to audio-electronics products; this product is accessories,needs value,N/A: Earpads, eartips, stands, cases and care products have no connector/termination,needs value
xMEqvkRBbdrlJXyFG8cA8b,"Bose QC45 Replacement Ear Pads",bose-qc45-replacement-ear-pads,accessories,Earpads,needs value,needs value,needs value,needs value,N/A: Facet only applies to headphones products; this product is accessories,N/A: Facet only applies to headphones products; this product is accessories,N/A: Facet only applies to headphones products; this product is accessories,N/A: Facet only applies to headphones products; this product is accessories,N/A: Facet only applies to headphones products; this product is accessories,N/A: Facet only applies to headphones products; this product is accessories,N/A: Facet only applies to headphones products; this product is accessories,N/A: Facet only applies to headphones products; this product is accessories,N/A: Facet only applies to audio-electronics products; this product is accessories,N/A: Facet only applies to audio-electronics products; this product is accessories,N/A: Facet only applies to audio-electronics products; this product is accessories,N/A: Facet only applies to audio-electronics products; this product is accessories,N/A: Facet only applies to audio-electronics products; this product is accessories,N/A: Facet only applies to audio-electronics products; this product is accessories,N/A: Facet only applies to audio-electronics products; this product is accessories,needs value,N/A: Earpads, eartips, stands, cases and care products have no connector/termination,needs value
xMEqvkRBbdrlJXyFG8cCZn,"Beats Solo Earpads",beats-solo-earpads,accessories,Earpads,needs value,needs value,needs value,needs value,N/A: Facet only applies to headphones products; this product is accessories,N/A: Facet only applies to headphones products; this product is accessories,N/A: Facet only applies to headphones products; this product is accessories,N/A: Facet only applies to headphones products; this product is accessories,N/A: Facet only applies to headphones products; this product is accessories,N/A: Facet only applies to headphones products; this product is accessories,N/A: Facet only applies to headphones products; this product is accessories,N/A: Facet only applies to headphones products; this product is accessories,N/A: Facet only applies to audio-electronics products; this product is accessories,N/A: Facet only applies to audio-electronics products; this product is accessories,N/A: Facet only applies to audio-electronics products; this product is accessories,N/A: Facet only applies to audio-electronics products; this product is accessories,N/A: Facet only applies to audio-electronics products; this product is accessories,N/A: Facet only applies to audio-electronics products; this product is accessories,N/A: Facet only applies to audio-electronics products; this product is accessories,needs value,N/A: Earpads, eartips, stands, cases and care products have no connector/termination,needs value
xMEqvkRBbdrlJXyFG8cWMv,"Upgraded Corsair Virtuoso Ear pads",upgraded-corsair-virtuoso-ear-pads,accessories,Earpads,needs value,needs value,needs value,needs value,N/A: Facet only applies to headphones products; this product is accessories,N/A: Facet only applies to headphones products; this product is accessories,N/A: Facet only applies to headphones products; this product is accessories,N/A: Facet only applies to headphones products; this product is accessories,N/A: Facet only applies to headphones products; this product is accessories,N/A: Facet only applies to headphones products; this product is accessories,N/A: Facet only applies to headphones products; this product is accessories,N/A: Facet only applies to headphones products; this product is accessories,N/A: Facet only applies to audio-electronics products; this product is accessories,N/A: Facet only applies to audio-electronics products; this product is accessories,N/A: Facet only applies to audio-electronics products; this product is accessories,N/A: Facet only applies to audio-electronics products; this product is accessories,N/A: Facet only applies to audio-electronics products; this product is accessories,N/A: Facet only applies to audio-electronics products; this product is accessories,N/A: Facet only applies to audio-electronics products; this product is accessories,needs value,N/A: Earpads, eartips, stands, cases and care products have no connector/termination,needs value
xMEqvkRBbdrlJXyFG8cdgV,"HyperX Cloud FPS Gaming Earpads - WC StealthZ Cloud",hyperx-cloud-fps-gaming-earpads-wc-stealthz-cloud,accessories,Earpads,needs value,needs value,needs value,needs value,N/A: Facet only applies to headphones products; this product is accessories,N/A: Facet only applies to headphones products; this product is accessories,N/A: Facet only applies to headphones products; this product is accessories,N/A: Facet only applies to headphones products; this product is accessories,N/A: Facet only applies to headphones products; this product is accessories,N/A: Facet only applies to headphones products; this product is accessories,N/A: Facet only applies to headphones products; this product is accessories,N/A: Facet only applies to headphones products; this product is accessories,N/A: Facet only applies to audio-electronics products; this product is accessories,N/A: Facet only applies to audio-electronics products; this product is accessories,N/A: Facet only applies to audio-electronics products; this product is accessories,N/A: Facet only applies to audio-electronics products; this product is accessories,N/A: Facet only applies to audio-electronics products; this product is accessories,N/A: Facet only applies to audio-electronics products; this product is accessories,N/A: Facet only applies to audio-electronics products; this product is accessories,needs value,N/A: Earpads, eartips, stands, cases and care products have no connector/termination,needs value
xMEqvkRBbdrlJXyFG8cpQL,"Upgraded Sony XM5 Replacement Ear Pads",upgraded-sony-xm5-replacement-ear-pads,accessories,Earpads,needs value,needs value,needs value,needs value,N/A: Facet only applies to headphones products; this product is accessories,N/A: Facet only applies to headphones products; this product is accessories,N/A: Facet only applies to headphones products; this product is accessories,N/A: Facet only applies to headphones products; this product is accessories,N/A: Facet only applies to headphones products; this product is accessories,N/A: Facet only applies to headphones products; this product is accessories,N/A: Facet only applies to headphones products; this product is accessories,N/A: Facet only applies to headphones products; this product is accessories,N/A: Facet only applies to audio-electronics products; this product is accessories,N/A: Facet only applies to audio-electronics products; this product is accessories,N/A: Facet only applies to audio-electronics products; this product is accessories,N/A: Facet only applies to audio-electronics products; this product is accessories,N/A: Facet only applies to audio-electronics products; this product is accessories,N/A: Facet only applies to audio-electronics products; this product is accessories,N/A: Facet only applies to audio-electronics products; this product is accessories,needs value,N/A: Earpads, eartips, stands, cases and care products have no connector/termination,needs value
xMEqvkRBbdrlJXyFG8cqYf,"ATH M50X Earpads",ath-m50x-earpads,accessories,Earpads,needs value,needs value,needs value,needs value,N/A: Facet only applies to headphones products; this product is accessories,N/A: Facet only applies to headphones products; this product is accessories,N/A: Facet only applies to headphones products; this product is accessories,N/A: Facet only applies to headphones products; this product is accessories,N/A: Facet only applies to headphones products; this product is accessories,N/A: Facet only applies to headphones products; this product is accessories,N/A: Facet only applies to headphones products; this product is accessories,N/A: Facet only applies to headphones products; this product is accessories,N/A: Facet only applies to audio-electronics products; this product is accessories,N/A: Facet only applies to audio-electronics products; this product is accessories,N/A: Facet only applies to audio-electronics products; this product is accessories,N/A: Facet only applies to audio-electronics products; this product is accessories,N/A: Facet only applies to audio-electronics products; this product is accessories,N/A: Facet only applies to audio-electronics products; this product is accessories,N/A: Facet only applies to audio-electronics products; this product is accessories,needs value,N/A: Earpads, eartips, stands, cases and care products have no connector/termination,needs value
xMEqvkRBbdrlJXyFG8cxoj,"Ear Pads For Sony WH1000XM3 Over-Ear Headphones",ear-pads-for-sony-wh1000xm3-over-ear-headphones,accessories,Earpads,needs value,needs value,needs value,needs value,N/A: Facet only applies to headphones products; this product is accessories,N/A: Facet only applies to headphones products; this product is accessories,N/A: Facet only applies to headphones products; this product is accessories,N/A: Facet only applies to headphones products; this product is accessories,N/A: Facet only applies to headphones products; this product is accessories,N/A: Facet only applies to headphones products; this product is accessories,N/A: Facet only applies to headphones products; this product is accessories,N/A: Facet only applies to headphones products; this product is accessories,N/A: Facet only applies to audio-electronics products; this product is accessories,N/A: Facet only applies to audio-electronics products; this product is accessories,N/A: Facet only applies to audio-electronics products; this product is accessories,N/A: Facet only applies to audio-electronics products; this product is accessories,N/A: Facet only applies to audio-electronics products; this product is accessories,N/A: Facet only applies to audio-electronics products; this product is accessories,N/A: Facet only applies to audio-electronics products; this product is accessories,needs value,N/A: Earpads, eartips, stands, cases and care products have no connector/termination,needs value
xMEqvkRBbdrlJXyFG8djHj,"Dekoni Audio ETZ-GEMINI Premium Memory Foam Isolation Earphone Tips Gemini 3mm",dekoni-audio-etz-gemini-premium-memory-foam-isolation-earphone-tips-gemini-3mm,accessories,Eartips,needs value,needs value,needs value,needs value,N/A: Facet only applies to headphones products; this product is accessories,N/A: Facet only applies to headphones products; this product is accessories,N/A: Facet only applies to headphones products; this product is accessories,N/A: Facet only applies to headphones products; this product is accessories,N/A: Facet only applies to headphones products; this product is accessories,N/A: Facet only applies to headphones products; this product is accessories,N/A: Facet only applies to headphones products; this product is accessories,N/A: Facet only applies to headphones products; this product is accessories,N/A: Facet only applies to audio-electronics products; this product is accessories,N/A: Facet only applies to audio-electronics products; this product is accessories,N/A: Facet only applies to audio-electronics products; this product is accessories,N/A: Facet only applies to audio-electronics products; this product is accessories,N/A: Facet only applies to audio-electronics products; this product is accessories,N/A: Facet only applies to audio-electronics products; this product is accessories,N/A: Facet only applies to audio-electronics products; this product is accessories,needs value,N/A: Earpads, eartips, stands, cases and care products have no connector/termination,needs value
xMEqvkRBbdrlJXyFG8duy3,"Apos x SATCHELZ Leather Clamshell IEM Carry Case",apos-x-satchelz-leather-clamshell-iem-carry-case,accessories,Carrying Cases,needs value,needs value,needs value,needs value,N/A: Facet only applies to headphones products; this product is accessories,N/A: Facet only applies to headphones products; this product is accessories,N/A: Facet only applies to headphones products; this product is accessories,N/A: Facet only applies to headphones products; this product is accessories,N/A: Facet only applies to headphones products; this product is accessories,N/A: Facet only applies to headphones products; this product is accessories,N/A: Facet only applies to headphones products; this product is accessories,N/A: Facet only applies to headphones products; this product is accessories,N/A: Facet only applies to audio-electronics products; this product is accessories,N/A: Facet only applies to audio-electronics products; this product is accessories,N/A: Facet only applies to audio-electronics products; this product is accessories,N/A: Facet only applies to audio-electronics products; this product is accessories,N/A: Facet only applies to audio-electronics products; this product is accessories,N/A: Facet only applies to audio-electronics products; this product is accessories,N/A: Facet only applies to audio-electronics products; this product is accessories,needs value,N/A: Earpads, eartips, stands, cases and care products have no connector/termination,needs value
xMEqvkRBbdrlJXyFG8eD0B,"iFi ZEN Blue 3 Bluetooth Desktop DAC",ifi-zen-blue-3-bluetooth-desktop-dac,audio-electronics,Bluetooth DAC/Amps,needs value,needs value,needs value,needs value,N/A: Facet only applies to headphones products; this product is audio-electronics,N/A: Facet only applies to headphones products; this product is audio-electronics,N/A: Facet only applies to headphones products; this product is audio-electronics,N/A: Facet only applies to headphones products; this product is audio-electronics,N/A: Facet only applies to headphones products; this product is audio-electronics,N/A: Facet only applies to headphones products; this product is audio-electronics,N/A: Facet only applies to headphones products; this product is audio-electronics,N/A: Facet only applies to headphones products; this product is audio-electronics,needs value,needs value,needs value,needs value,needs value,needs value,needs value,N/A: Facet only applies to accessories products; this product is audio-electronics,N/A: Facet only applies to accessories products; this product is audio-electronics,N/A: Facet only applies to accessories products; this product is audio-electronics
xMEqvkRBbdrlJXyFG8eFfR,"iFi GO blu Air Portable Hi-Res Bluetooth DAC & Headphone Amp",ifi-go-blu-air-portable-hi-res-bluetooth-dac-headphone-amp,audio-electronics,Bluetooth DAC/Amps,needs value,needs value,needs value,needs value,N/A: Facet only applies to headphones products; this product is audio-electronics,N/A: Facet only applies to headphones products; this product is audio-electronics,N/A: Facet only applies to headphones products; this product is audio-electronics,N/A: Facet only applies to headphones products; this product is audio-electronics,N/A: Facet only applies to headphones products; this product is audio-electronics,N/A: Facet only applies to headphones products; this product is audio-electronics,N/A: Facet only applies to headphones products; this product is audio-electronics,N/A: Facet only applies to headphones products; this product is audio-electronics,needs value,needs value,needs value,needs value,needs value,needs value,needs value,N/A: Facet only applies to accessories products; this product is audio-electronics,N/A: Facet only applies to accessories products; this product is audio-electronics,N/A: Facet only applies to accessories products; this product is audio-electronics
xMEqvkRBbdrlJXyFG8eR7h,"SJY Zeph Open-Back Planar Magnetic Headphones",sjy-zeph-open-back-planar-magnetic-headphones,headphones,Open-Back,needs value,needs value,needs value,needs value,needs value,needs value,needs value,needs value,needs value,needs value,needs value,needs value,N/A: Facet only applies to audio-electronics products; this product is headphones,N/A: Facet only applies to audio-electronics products; this product is headphones,N/A: Facet only applies to audio-electronics products; this product is headphones,N/A: Facet only applies to audio-electronics products; this product is headphones,N/A: Facet only applies to audio-electronics products; this product is headphones,N/A: Facet only applies to audio-electronics products; this product is headphones,N/A: Facet only applies to audio-electronics products; this product is headphones,N/A: Facet only applies to accessories products; this product is headphones,N/A: Facet only applies to accessories products; this product is headphones,N/A: Facet only applies to accessories products; this product is headphones
xMEqvkRBbdrlJXyFG8ekB7,"Meze 105 Silva Open-Back Headphones",meze-105-silva-open-back-headphones,headphones,Open-Back,needs value,needs value,needs value,needs value,needs value,needs value,needs value,needs value,needs value,needs value,needs value,needs value,N/A: Facet only applies to audio-electronics products; this product is headphones,N/A: Facet only applies to audio-electronics products; this product is headphones,N/A: Facet only applies to audio-electronics products; this product is headphones,N/A: Facet only applies to audio-electronics products; this product is headphones,N/A: Facet only applies to audio-electronics products; this product is headphones,N/A: Facet only applies to audio-electronics products; this product is headphones,N/A: Facet only applies to audio-electronics products; this product is headphones,N/A: Facet only applies to accessories products; this product is headphones,N/A: Facet only applies to accessories products; this product is headphones,N/A: Facet only applies to accessories products; this product is headphones
xMEqvkRBbdrlJXyFG8elsb,"Audeze LCD-2 Open Back Headphone",audeze-lcd-2-open-back-headphone,headphones,Open-Back,needs value,needs value,needs value,needs value,needs value,needs value,needs value,needs value,needs value,needs value,needs value,needs value,N/A: Facet only applies to audio-electronics products; this product is headphones,N/A: Facet only applies to audio-electronics products; this product is headphones,N/A: Facet only applies to audio-electronics products; this product is headphones,N/A: Facet only applies to audio-electronics products; this product is headphones,N/A: Facet only applies to audio-electronics products; this product is headphones,N/A: Facet only applies to audio-electronics products; this product is headphones,N/A: Facet only applies to audio-electronics products; this product is headphones,N/A: Facet only applies to accessories products; this product is headphones,N/A: Facet only applies to accessories products; this product is headphones,N/A: Facet only applies to accessories products; this product is headphones
xMEqvkRBbdrlJXyFG8enyh,"Audeze LCD-2 Classic (Apos Certified)",audeze-lcd-2-classic-apos-certified,headphones,Open-Back,needs value,needs value,needs value,needs value,needs value,needs value,needs value,needs value,needs value,needs value,needs value,needs value,N/A: Facet only applies to audio-electronics products; this product is headphones,N/A: Facet only applies to audio-electronics products; this product is headphones,N/A: Facet only applies to audio-electronics products; this product is headphones,N/A: Facet only applies to audio-electronics products; this product is headphones,N/A: Facet only applies to audio-electronics products; this product is headphones,N/A: Facet only applies to audio-electronics products; this product is headphones,N/A: Facet only applies to audio-electronics products; this product is headphones,N/A: Facet only applies to accessories products; this product is headphones,N/A: Facet only applies to accessories products; this product is headphones,N/A: Facet only applies to accessories products; this product is headphones
xMEqvkRBbdrlJXyFG8erD7,"Sennheiser HD 600 Open-back Reference Headphones",sennheiser-hd-600-open-back-reference-headphones,headphones,Open-Back,needs value,needs value,needs value,needs value,needs value,needs value,needs value,needs value,needs value,needs value,needs value,needs value,N/A: Facet only applies to audio-electronics products; this product is headphones,N/A: Facet only applies to audio-electronics products; this product is headphones,N/A: Facet only applies to audio-electronics products; this product is headphones,N/A: Facet only applies to audio-electronics products; this product is headphones,N/A: Facet only applies to audio-electronics products; this product is headphones,N/A: Facet only applies to audio-electronics products; this product is headphones,N/A: Facet only applies to audio-electronics products; this product is headphones,N/A: Facet only applies to accessories products; this product is headphones,N/A: Facet only applies to accessories products; this product is headphones,N/A: Facet only applies to accessories products; this product is headphones
xMEqvkRBbdrlJXyFG8euj7,"Sennheiser HD 660S2 Dynamic Open-back Headphones",sennheiser-hd-660s2-dynamic-open-back-headphones,headphones,Open-Back,needs value,needs value,needs value,needs value,needs value,needs value,needs value,needs value,needs value,needs value,needs value,needs value,N/A: Facet only applies to audio-electronics products; this product is headphones,N/A: Facet only applies to audio-electronics products; this product is headphones,N/A: Facet only applies to audio-electronics products; this product is headphones,N/A: Facet only applies to audio-electronics products; this product is headphones,N/A: Facet only applies to audio-electronics products; this product is headphones,N/A: Facet only applies to audio-electronics products; this product is headphones,N/A: Facet only applies to audio-electronics products; this product is headphones,N/A: Facet only applies to accessories products; this product is headphones,N/A: Facet only applies to accessories products; this product is headphones,N/A: Facet only applies to accessories products; this product is headphones
xMEqvkRBbdrlJXyFG8f1l7,"Focal Utopia (2022) Open-Back Headphones",focal-utopia-2022-open-back-headphones,headphones,Open-Back,needs value,needs value,needs value,needs value,needs value,needs value,needs value,needs value,needs value,needs value,needs value,needs value,N/A: Facet only applies to audio-electronics products; this product is headphones,N/A: Facet only applies to audio-electronics products; this product is headphones,N/A: Facet only applies to audio-electronics products; this product is headphones,N/A: Facet only applies to audio-electronics products; this product is headphones,N/A: Facet only applies to audio-electronics products; this product is headphones,N/A: Facet only applies to audio-electronics products; this product is headphones,N/A: Facet only applies to audio-electronics products; this product is headphones,N/A: Facet only applies to accessories products; this product is headphones,N/A: Facet only applies to accessories products; this product is headphones,N/A: Facet only applies to accessories products; this product is headphones
xMEqvkRBbdrlJXyFG8fHrh,"GUSTARD R30 Fully-Discrete R2R Network Streaming DAC",gustard-r30-fully-discrete-r2r-network-streaming-dac,audio-electronics,Network Streamers,needs value,needs value,needs value,needs value,N/A: Facet only applies to headphones products; this product is audio-electronics,N/A: Facet only applies to headphones products; this product is audio-electronics,N/A: Facet only applies to headphones products; this product is audio-electronics,N/A: Facet only applies to headphones products; this product is audio-electronics,N/A: Facet only applies to headphones products; this product is audio-electronics,N/A: Facet only applies to headphones products; this product is audio-electronics,N/A: Facet only applies to headphones products; this product is audio-electronics,N/A: Facet only applies to headphones products; this product is audio-electronics,needs value,needs value,needs value,needs value,needs value,needs value,needs value,N/A: Facet only applies to accessories products; this product is audio-electronics,N/A: Facet only applies to accessories products; this product is audio-electronics,N/A: Facet only applies to accessories products; this product is audio-electronics
xMEqvkRBbdrlJXyFG8fIQr,"GUSTARD X30 4xES9039SPRO Streamer Digital to Analog Convertor (DAC)",gustard-x30-4xes9039spro-streamer-digital-to-analog-convertor-dac,audio-electronics,Network Streamers,needs value,needs value,needs value,needs value,N/A: Facet only applies to headphones products; this product is audio-electronics,N/A: Facet only applies to headphones products; this product is audio-electronics,N/A: Facet only applies to headphones products; this product is audio-electronics,N/A: Facet only applies to headphones products; this product is audio-electronics,N/A: Facet only applies to headphones products; this product is audio-electronics,N/A: Facet only applies to headphones products; this product is audio-electronics,N/A: Facet only applies to headphones products; this product is audio-electronics,N/A: Facet only applies to headphones products; this product is audio-electronics,needs value,needs value,needs value,needs value,needs value,needs value,needs value,N/A: Facet only applies to accessories products; this product is audio-electronics,N/A: Facet only applies to accessories products; this product is audio-electronics,N/A: Facet only applies to accessories products; this product is audio-electronics
xMEqvkRBbdrlJXyFG8fV4x,"YULONG DAART D39 ESS9039PRO Music Streamer & Desktop DAC",yulong-daart-d39-ess9039pro-music-streamer-desktop-dac,audio-electronics,Network Streamers,needs value,needs value,needs value,needs value,N/A: Facet only applies to headphones products; this product is audio-electronics,N/A: Facet only applies to headphones products; this product is audio-electronics,N/A: Facet only applies to headphones products; this product is audio-electronics,N/A: Facet only applies to headphones products; this product is audio-electronics,N/A: Facet only applies to headphones products; this product is audio-electronics,N/A: Facet only applies to headphones products; this product is audio-electronics,N/A: Facet only applies to headphones products; this product is audio-electronics,N/A: Facet only applies to headphones products; this product is audio-electronics,needs value,needs value,needs value,needs value,needs value,needs value,needs value,N/A: Facet only applies to accessories products; this product is audio-electronics,N/A: Facet only applies to accessories products; this product is audio-electronics,N/A: Facet only applies to accessories products; this product is audio-electronics
xMEqvkRBbdrlJXyFG8fa0r,"Matrix NT-1 Network Transport",matrix-nt-1-network-transport,audio-electronics,Network Streamers,needs value,needs value,needs value,needs value,N/A: Facet only applies to headphones products; this product is audio-electronics,N/A: Facet only applies to headphones products; this product is audio-electronics,N/A: Facet only applies to headphones products; this product is audio-electronics,N/A: Facet only applies to headphones products; this product is audio-electronics,N/A: Facet only applies to headphones products; this product is audio-electronics,N/A: Facet only applies to headphones products; this product is audio-electronics,N/A: Facet only applies to headphones products; this product is audio-electronics,N/A: Facet only applies to headphones products; this product is audio-electronics,needs value,needs value,needs value,needs value,needs value,needs value,needs value,N/A: Facet only applies to accessories products; this product is audio-electronics,N/A: Facet only applies to accessories products; this product is audio-electronics,N/A: Facet only applies to accessories products; this product is audio-electronics
xMEqvkRBbdrlJXyFG8fdhP,"TOPPING D10s DAC (Digital-to-Analog Converter)",topping-d10s-dac-digital-to-analog-converter,audio-electronics,Standalone DACs,needs value,needs value,needs value,needs value,N/A: Facet only applies to headphones products; this product is audio-electronics,N/A: Facet only applies to headphones products; this product is audio-electronics,N/A: Facet only applies to headphones products; this product is audio-electronics,N/A: Facet only applies to headphones products; this product is audio-electronics,N/A: Facet only applies to headphones products; this product is audio-electronics,N/A: Facet only applies to headphones products; this product is audio-electronics,N/A: Facet only applies to headphones products; this product is audio-electronics,N/A: Facet only applies to headphones products; this product is audio-electronics,needs value,needs value,needs value,needs value,needs value,needs value,needs value,N/A: Facet only applies to accessories products; this product is audio-electronics,N/A: Facet only applies to accessories products; this product is audio-electronics,N/A: Facet only applies to accessories products; this product is audio-electronics
xMEqvkRBbdrlJXyFG8ffSP,"TOPPING E70 VELVET AK4499EX Desktop DAC (Digital-to-Analog-Convertor)",topping-e70-velvet-ak4499ex-desktop-dac-digital-to-analog-convertor,audio-electronics,Standalone DACs,needs value,needs value,needs value,needs value,N/A: Facet only applies to headphones products; this product is audio-electronics,N/A: Facet only applies to headphones products; this product is audio-electronics,N/A: Facet only applies to headphones products; this product is audio-electronics,N/A: Facet only applies to headphones products; this product is audio-electronics,N/A: Facet only applies to headphones products; this product is audio-electronics,N/A: Facet only applies to headphones products; this product is audio-electronics,N/A: Facet only applies to headphones products; this product is audio-electronics,N/A: Facet only applies to headphones products; this product is audio-electronics,needs value,needs value,needs value,needs value,needs value,needs value,needs value,N/A: Facet only applies to accessories products; this product is audio-electronics,N/A: Facet only applies to accessories products; this product is audio-electronics,N/A: Facet only applies to accessories products; this product is audio-electronics
xMEqvkRBbdrlJXyFG8fkYr,"GUSTARD X26 III Dual ES9039SPRO Digital to Analog Convertor (DAC)",gustard-x26-iii-dual-es9039spro-digital-to-analog-convertor-dac,audio-electronics,Standalone DACs,needs value,needs value,needs value,needs value,N/A: Facet only applies to headphones products; this product is audio-electronics,N/A: Facet only applies to headphones products; this product is audio-electronics,N/A: Facet only applies to headphones products; this product is audio-electronics,N/A: Facet only applies to headphones products; this product is audio-electronics,N/A: Facet only applies to headphones products; this product is audio-electronics,N/A: Facet only applies to headphones products; this product is audio-electronics,N/A: Facet only applies to headphones products; this product is audio-electronics,N/A: Facet only applies to headphones products; this product is audio-electronics,needs value,needs value,needs value,needs value,needs value,needs value,needs value,N/A: Facet only applies to accessories products; this product is audio-electronics,N/A: Facet only applies to accessories products; this product is audio-electronics,N/A: Facet only applies to accessories products; this product is audio-electronics
xMEqvkRBbdrlJXyFG8fsmh,"GUSTARD DAC-R26II Network Streaming R2R DAC (Apos Certified)",gustard-dac-r26ii-network-streaming-r2r-dac-apos-certified,audio-electronics,Standalone DACs,needs value,needs value,needs value,needs value,N/A: Facet only applies to headphones products; this product is audio-electronics,N/A: Facet only applies to headphones products; this product is audio-electronics,N/A: Facet only applies to headphones products; this product is audio-electronics,N/A: Facet only applies to headphones products; this product is audio-electronics,N/A: Facet only applies to headphones products; this product is audio-electronics,N/A: Facet only applies to headphones products; this product is audio-electronics,N/A: Facet only applies to headphones products; this product is audio-electronics,N/A: Facet only applies to headphones products; this product is audio-electronics,needs value,needs value,needs value,needs value,needs value,needs value,needs value,N/A: Facet only applies to accessories products; this product is audio-electronics,N/A: Facet only applies to accessories products; this product is audio-electronics,N/A: Facet only applies to accessories products; this product is audio-electronics
xMEqvkRBbdrlJXyFG8fuQf,"LADDER Schumann Desktop DAC",ladder-schumann-desktop-dac,audio-electronics,Standalone DACs,needs value,needs value,needs value,needs value,N/A: Facet only applies to headphones products; this product is audio-electronics,N/A: Facet only applies to headphones products; this product is audio-electronics,N/A: Facet only applies to headphones products; this product is audio-electronics,N/A: Facet only applies to headphones products; this product is audio-electronics,N/A: Facet only applies to headphones products; this product is audio-electronics,N/A: Facet only applies to headphones products; this product is audio-electronics,N/A: Facet only applies to headphones products; this product is audio-electronics,N/A: Facet only applies to headphones products; this product is audio-electronics,needs value,needs value,needs value,needs value,needs value,needs value,needs value,N/A: Facet only applies to accessories products; this product is audio-electronics,N/A: Facet only applies to accessories products; this product is audio-electronics,N/A: Facet only applies to accessories products; this product is audio-electronics
xMEqvkRBbdrlJXyFG8gRUZ,"FiiO K13 R2R Desktop DAC/Amp (Apos Certified)",fiio-k13-r2r-desktop-dac-amp-apos-certified,audio-electronics,DAC/Amp Combos,needs value,needs value,needs value,needs value,N/A: Facet only applies to headphones products; this product is audio-electronics,N/A: Facet only applies to headphones products; this product is audio-electronics,N/A: Facet only applies to headphones products; this product is audio-electronics,N/A: Facet only applies to headphones products; this product is audio-electronics,N/A: Facet only applies to headphones products; this product is audio-electronics,N/A: Facet only applies to headphones products; this product is audio-electronics,N/A: Facet only applies to headphones products; this product is audio-electronics,N/A: Facet only applies to headphones products; this product is audio-electronics,needs value,needs value,needs value,needs value,needs value,needs value,needs value,N/A: Facet only applies to accessories products; this product is audio-electronics,N/A: Facet only applies to accessories products; this product is audio-electronics,N/A: Facet only applies to accessories products; this product is audio-electronics
xMEqvkRBbdrlJXyFG8gbWv,"xDuoo XA-10 DAC/Headphone Amp",xduoo-xa-10-dac-headphone-amp,audio-electronics,DAC/Amp Combos,needs value,needs value,needs value,needs value,N/A: Facet only applies to headphones products; this product is audio-electronics,N/A: Facet only applies to headphones products; this product is audio-electronics,N/A: Facet only applies to headphones products; this product is audio-electronics,N/A: Facet only applies to headphones products; this product is audio-electronics,N/A: Facet only applies to headphones products; this product is audio-electronics,N/A: Facet only applies to headphones products; this product is audio-electronics,N/A: Facet only applies to headphones products; this product is audio-electronics,N/A: Facet only applies to headphones products; this product is audio-electronics,needs value,needs value,needs value,needs value,needs value,needs value,needs value,N/A: Facet only applies to accessories products; this product is audio-electronics,N/A: Facet only applies to accessories products; this product is audio-electronics,N/A: Facet only applies to accessories products; this product is audio-electronics
xMEqvkRBbdrlJXyFG8gx1X,"Yulong Aquila II DAC/Amp",yulong-aquila-ii-dac-amp,audio-electronics,DAC/Amp Combos,needs value,needs value,needs value,needs value,N/A: Facet only applies to headphones products; this product is audio-electronics,N/A: Facet only applies to headphones products; this product is audio-electronics,N/A: Facet only applies to headphones products; this product is audio-electronics,N/A: Facet only applies to headphones products; this product is audio-electronics,N/A: Facet only applies to headphones products; this product is audio-electronics,N/A: Facet only applies to headphones products; this product is audio-electronics,N/A: Facet only applies to headphones products; this product is audio-electronics,N/A: Facet only applies to headphones products; this product is audio-electronics,needs value,needs value,needs value,needs value,needs value,needs value,needs value,N/A: Facet only applies to accessories products; this product is audio-electronics,N/A: Facet only applies to accessories products; this product is audio-electronics,N/A: Facet only applies to accessories products; this product is audio-electronics
xMEqvkRBbdrlJXyFG8hoYl,"xDuoo TA-30 Tube Headphone Amp",xduoo-ta-30-tube-headphone-amp,audio-electronics,Desktop Amps,needs value,needs value,needs value,needs value,N/A: Facet only applies to headphones products; this product is audio-electronics,N/A: Facet only applies to headphones products; this product is audio-electronics,N/A: Facet only applies to headphones products; this product is audio-electronics,N/A: Facet only applies to headphones products; this product is audio-electronics,N/A: Facet only applies to headphones products; this product is audio-electronics,N/A: Facet only applies to headphones products; this product is audio-electronics,N/A: Facet only applies to headphones products; this product is audio-electronics,N/A: Facet only applies to headphones products; this product is audio-electronics,needs value,needs value,needs value,needs value,needs value,needs value,needs value,N/A: Facet only applies to accessories products; this product is audio-electronics,N/A: Facet only applies to accessories products; this product is audio-electronics,N/A: Facet only applies to accessories products; this product is audio-electronics
xMEqvkRBbdrlJXyFG8huOv,"iFi Zen CAN 3",ifi-zen-can-3,audio-electronics,Desktop Amps,needs value,needs value,needs value,needs value,N/A: Facet only applies to headphones products; this product is audio-electronics,N/A: Facet only applies to headphones products; this product is audio-electronics,N/A: Facet only applies to headphones products; this product is audio-electronics,N/A: Facet only applies to headphones products; this product is audio-electronics,N/A: Facet only applies to headphones products; this product is audio-electronics,N/A: Facet only applies to headphones products; this product is audio-electronics,N/A: Facet only applies to headphones products; this product is audio-electronics,N/A: Facet only applies to headphones products; this product is audio-electronics,needs value,needs value,needs value,needs value,needs value,needs value,needs value,N/A: Facet only applies to accessories products; this product is audio-electronics,N/A: Facet only applies to accessories products; this product is audio-electronics,N/A: Facet only applies to accessories products; this product is audio-electronics
xMEqvkRBbdrlJXyFG8hyzj,"Singxer SA-2 Fully-balanced Headphone Amplifier (Apos Certified)",singxer-sa-2-fully-balanced-headphone-amplifier-apos-certified,audio-electronics,Desktop Amps,needs value,needs value,needs value,needs value,N/A: Facet only applies to headphones products; this product is audio-electronics,N/A: Facet only applies to headphones products; this product is audio-electronics,N/A: Facet only applies to headphones products; this product is audio-electronics,N/A: Facet only applies to headphones products; this product is audio-electronics,N/A: Facet only applies to headphones products; this product is audio-electronics,N/A: Facet only applies to headphones products; this product is audio-electronics,N/A: Facet only applies to headphones products; this product is audio-electronics,N/A: Facet only applies to headphones products; this product is audio-electronics,needs value,needs value,needs value,needs value,needs value,needs value,needs value,N/A: Facet only applies to accessories products; this product is audio-electronics,N/A: Facet only applies to accessories products; this product is audio-electronics,N/A: Facet only applies to accessories products; this product is audio-electronics
xMEqvkRBbdrlJXyFG8i3hZ,"Burson Soloist Voyager Flagship Class-A Headphone Amplifier",burson-soloist-voyager-flagship-class-a-headphone-amplifier,audio-electronics,Desktop Amps,needs value,needs value,needs value,needs value,N/A: Facet only applies to headphones products; this product is audio-electronics,N/A: Facet only applies to headphones products; this product is audio-electronics,N/A: Facet only applies to headphones products; this product is audio-electronics,N/A: Facet only applies to headphones products; this product is audio-electronics,N/A: Facet only applies to headphones products; this product is audio-electronics,N/A: Facet only applies to headphones products; this product is audio-electronics,N/A: Facet only applies to headphones products; this product is audio-electronics,N/A: Facet only applies to headphones products; this product is audio-electronics,needs value,needs value,needs value,needs value,needs value,needs value,needs value,N/A: Facet only applies to accessories products; this product is audio-electronics,N/A: Facet only applies to accessories products; this product is audio-electronics,N/A: Facet only applies to accessories products; this product is audio-electronics
xMEqvkRBbdrlJXyFG8i9Jf,"Orchard Audio Valencia Balanced Headphone Power Amp",orchard-audio-valencia-balanced-headphone-power-amp,audio-electronics,Desktop Amps,needs value,needs value,needs value,needs value,N/A: Facet only applies to headphones products; this product is audio-electronics,N/A: Facet only applies to headphones products; this product is audio-electronics,N/A: Facet only applies to headphones products; this product is audio-electronics,N/A: Facet only applies to headphones products; this product is audio-electronics,N/A: Facet only applies to headphones products; this product is audio-electronics,N/A: Facet only applies to headphones products; this product is audio-electronics,N/A: Facet only applies to headphones products; this product is audio-electronics,N/A: Facet only applies to headphones products; this product is audio-electronics,needs value,needs value,needs value,needs value,needs value,needs value,needs value,N/A: Facet only applies to accessories products; this product is audio-electronics,N/A: Facet only applies to accessories products; this product is audio-electronics,N/A: Facet only applies to accessories products; this product is audio-electronics
xMEqvkRBbdrlJXyFG8igwj,"Focal Stellia Closed-Back Headphones",focal-stellia-closed-back-headphones,headphones,Closed-Back,needs value,needs value,needs value,needs value,needs value,needs value,needs value,needs value,needs value,needs value,needs value,needs value,N/A: Facet only applies to audio-electronics products; this product is headphones,N/A: Facet only applies to audio-electronics products; this product is headphones,N/A: Facet only applies to audio-electronics products; this product is headphones,N/A: Facet only applies to audio-electronics products; this product is headphones,N/A: Facet only applies to audio-electronics products; this product is headphones,N/A: Facet only applies to audio-electronics products; this product is headphones,N/A: Facet only applies to audio-electronics products; this product is headphones,N/A: Facet only applies to accessories products; this product is headphones,N/A: Facet only applies to accessories products; this product is headphones,N/A: Facet only applies to accessories products; this product is headphones
xMEqvkRBbdrlJXyFG8inkf,"Audio-Technica ATH-MSR7b Headphone",audio-technica-ath-msr7b-headphone,headphones,Closed-Back,needs value,needs value,needs value,needs value,needs value,needs value,needs value,needs value,needs value,needs value,needs value,needs value,N/A: Facet only applies to audio-electronics products; this product is headphones,N/A: Facet only applies to audio-electronics products; this product is headphones,N/A: Facet only applies to audio-electronics products; this product is headphones,N/A: Facet only applies to audio-electronics products; this product is headphones,N/A: Facet only applies to audio-electronics products; this product is headphones,N/A: Facet only applies to audio-electronics products; this product is headphones,N/A: Facet only applies to audio-electronics products; this product is headphones,N/A: Facet only applies to accessories products; this product is headphones,N/A: Facet only applies to accessories products; this product is headphones,N/A: Facet only applies to accessories products; this product is headphones
xMEqvkRBbdrlJXyFG8iyTD,"Audio-Technica ATH-M40x Professional Studio Monitor Headphones",audio-technica-ath-m40x-professional-studio-monitor-headphones,headphones,Closed-Back,needs value,needs value,needs value,needs value,needs value,needs value,needs value,needs value,needs value,needs value,needs value,needs value,N/A: Facet only applies to audio-electronics products; this product is headphones,N/A: Facet only applies to audio-electronics products; this product is headphones,N/A: Facet only applies to audio-electronics products; this product is headphones,N/A: Facet only applies to audio-electronics products; this product is headphones,N/A: Facet only applies to audio-electronics products; this product is headphones,N/A: Facet only applies to audio-electronics products; this product is headphones,N/A: Facet only applies to audio-electronics products; this product is headphones,N/A: Facet only applies to accessories products; this product is headphones,N/A: Facet only applies to accessories products; this product is headphones,N/A: Facet only applies to accessories products; this product is headphones
xMEqvkRBbdrlJXyFG8j1Bz,"Audio-Technica NARUKAMI ATH-AWKG Audiophile Closed-back Dynamic Wooden Headphones",audio-technica-narukami-ath-awkg-audiophile-closed-back-dynamic-wooden-headphones,headphones,Closed-Back,needs value,needs value,needs value,needs value,needs value,needs value,needs value,needs value,needs value,needs value,needs value,needs value,N/A: Facet only applies to audio-electronics products; this product is headphones,N/A: Facet only applies to audio-electronics products; this product is headphones,N/A: Facet only applies to audio-electronics products; this product is headphones,N/A: Facet only applies to audio-electronics products; this product is headphones,N/A: Facet only applies to audio-electronics products; this product is headphones,N/A: Facet only applies to audio-electronics products; this product is headphones,N/A: Facet only applies to audio-electronics products; this product is headphones,N/A: Facet only applies to accessories products; this product is headphones,N/A: Facet only applies to accessories products; this product is headphones,N/A: Facet only applies to accessories products; this product is headphones
xMEqvkRBbdrlJXyFG8j4QP,"Noble FoKus Apollo ANC Over-Ear Headphones",noble-fokus-apollo-anc-over-ear-headphones,headphones,Closed-Back,needs value,needs value,needs value,needs value,needs value,needs value,needs value,needs value,needs value,needs value,needs value,needs value,N/A: Facet only applies to audio-electronics products; this product is headphones,N/A: Facet only applies to audio-electronics products; this product is headphones,N/A: Facet only applies to audio-electronics products; this product is headphones,N/A: Facet only applies to audio-electronics products; this product is headphones,N/A: Facet only applies to audio-electronics products; this product is headphones,N/A: Facet only applies to audio-electronics products; this product is headphones,N/A: Facet only applies to audio-electronics products; this product is headphones,N/A: Facet only applies to accessories products; this product is headphones,N/A: Facet only applies to accessories products; this product is headphones,N/A: Facet only applies to accessories products; this product is headphones
xMEqvkRBbdrlJXyFG8j8S3,"Noble FoKus Apollo ANC Over-Ear Headphones (Apos Certified)",noble-fokus-apollo-anc-over-ear-headphones-apos-certified,headphones,Closed-Back,needs value,needs value,needs value,needs value,needs value,needs value,needs value,needs value,needs value,needs value,needs value,needs value,N/A: Facet only applies to audio-electronics products; this product is headphones,N/A: Facet only applies to audio-electronics products; this product is headphones,N/A: Facet only applies to audio-electronics products; this product is headphones,N/A: Facet only applies to audio-electronics products; this product is headphones,N/A: Facet only applies to audio-electronics products; this product is headphones,N/A: Facet only applies to audio-electronics products; this product is headphones,N/A: Facet only applies to audio-electronics products; this product is headphones,N/A: Facet only applies to accessories products; this product is headphones,N/A: Facet only applies to accessories products; this product is headphones,N/A: Facet only applies to accessories products; this product is headphones
xMEqvkRBbdrlJXyFG8jrTr,"Moondrop Kadenz Flagship 10mm IEMs",moondrop-kadenz-flagship-10mm-iems,headphones,Universal IEMs,needs value,needs value,needs value,needs value,needs value,N/A: IEMs (Universal IEMs) have no ear cup / back design,needs value,needs value,needs value,needs value,needs value,needs value,N/A: Facet only applies to audio-electronics products; this product is headphones,N/A: Facet only applies to audio-electronics products; this product is headphones,N/A: Facet only applies to audio-electronics products; this product is headphones,N/A: Facet only applies to audio-electronics products; this product is headphones,N/A: Facet only applies to audio-electronics products; this product is headphones,N/A: Facet only applies to audio-electronics products; this product is headphones,N/A: Facet only applies to audio-electronics products; this product is headphones,N/A: Facet only applies to accessories products; this product is headphones,N/A: Facet only applies to accessories products; this product is headphones,N/A: Facet only applies to accessories products; this product is headphones
xMEqvkRBbdrlJXyFG8jtEr,"Kinera Freya In-Ear Monitor (IEM) Earphone",kinera-freya-in-ear-monitor-iem-earphone,headphones,Universal IEMs,needs value,needs value,needs value,needs value,needs value,N/A: IEMs (Universal IEMs) have no ear cup / back design,needs value,needs value,needs value,needs value,needs value,needs value,N/A: Facet only applies to audio-electronics products; this product is headphones,N/A: Facet only applies to audio-electronics products; this product is headphones,N/A: Facet only applies to audio-electronics products; this product is headphones,N/A: Facet only applies to audio-electronics products; this product is headphones,N/A: Facet only applies to audio-electronics products; this product is headphones,N/A: Facet only applies to audio-electronics products; this product is headphones,N/A: Facet only applies to audio-electronics products; this product is headphones,N/A: Facet only applies to accessories products; this product is headphones,N/A: Facet only applies to accessories products; this product is headphones,N/A: Facet only applies to accessories products; this product is headphones
xMEqvkRBbdrlJXyFG8jv3N,"Kinera NANNA In-Ear Monitor (IEM) Earphone",kinera-nanna-in-ear-monitor-iem-earphone,headphones,Universal IEMs,needs value,needs value,needs value,needs value,needs value,N/A: IEMs (Universal IEMs) have no ear cup / back design,needs value,needs value,needs value,needs value,needs value,needs value,N/A: Facet only applies to audio-electronics products; this product is headphones,N/A: Facet only applies to audio-electronics products; this product is headphones,N/A: Facet only applies to audio-electronics products; this product is headphones,N/A: Facet only applies to audio-electronics products; this product is headphones,N/A: Facet only applies to audio-electronics products; this product is headphones,N/A: Facet only applies to audio-electronics products; this product is headphones,N/A: Facet only applies to audio-electronics products; this product is headphones,N/A: Facet only applies to accessories products; this product is headphones,N/A: Facet only applies to accessories products; this product is headphones,N/A: Facet only applies to accessories products; this product is headphones
xMEqvkRBbdrlJXyFG8kExX,"HIFIMAN Sundara Planar Magnetic Headphones",hifiman-sundara-planar-magnetic-headphones,headphones,Planar Magnetic,needs value,needs value,needs value,needs value,needs value,needs value,needs value,needs value,needs value,needs value,needs value,needs value,N/A: Facet only applies to audio-electronics products; this product is headphones,N/A: Facet only applies to audio-electronics products; this product is headphones,N/A: Facet only applies to audio-electronics products; this product is headphones,N/A: Facet only applies to audio-electronics products; this product is headphones,N/A: Facet only applies to audio-electronics products; this product is headphones,N/A: Facet only applies to audio-electronics products; this product is headphones,N/A: Facet only applies to audio-electronics products; this product is headphones,N/A: Facet only applies to accessories products; this product is headphones,N/A: Facet only applies to accessories products; this product is headphones,N/A: Facet only applies to accessories products; this product is headphones
xMEqvkRBbdrlJXyFG8kHLD,"HIFIMAN Edition XS Planar Magnetic Headphone",hifiman-edition-xs-planar-magnetic-headphone,headphones,Planar Magnetic,needs value,needs value,needs value,needs value,needs value,needs value,needs value,needs value,needs value,needs value,needs value,needs value,N/A: Facet only applies to audio-electronics products; this product is headphones,N/A: Facet only applies to audio-electronics products; this product is headphones,N/A: Facet only applies to audio-electronics products; this product is headphones,N/A: Facet only applies to audio-electronics products; this product is headphones,N/A: Facet only applies to audio-electronics products; this product is headphones,N/A: Facet only applies to audio-electronics products; this product is headphones,N/A: Facet only applies to audio-electronics products; this product is headphones,N/A: Facet only applies to accessories products; this product is headphones,N/A: Facet only applies to accessories products; this product is headphones,N/A: Facet only applies to accessories products; this product is headphones
xMEqvkRBbdrlJXyFG8kOlp,"HIFIMAN Arya Planar Magnetic Headphone - Stealth Magnet Version",hifiman-arya-planar-magnetic-headphone-stealth-magnet-version,headphones,Planar Magnetic,needs value,needs value,needs value,needs value,needs value,needs value,needs value,needs value,needs value,needs value,needs value,needs value,N/A: Facet only applies to audio-electronics products; this product is headphones,N/A: Facet only applies to audio-electronics products; this product is headphones,N/A: Facet only applies to audio-electronics products; this product is headphones,N/A: Facet only applies to audio-electronics products; this product is headphones,N/A: Facet only applies to audio-electronics products; this product is headphones,N/A: Facet only applies to audio-electronics products; this product is headphones,N/A: Facet only applies to audio-electronics products; this product is headphones,N/A: Facet only applies to accessories products; this product is headphones,N/A: Facet only applies to accessories products; this product is headphones,N/A: Facet only applies to accessories products; this product is headphones
xMEqvkRBbdrlJXyFG8kR2T,"HIFIMAN Ananda Stealth Planar Magnetic Headphone",hifiman-ananda-stealth-planar-magnetic-headphone,headphones,Planar Magnetic,needs value,needs value,needs value,needs value,needs value,needs value,needs value,needs value,needs value,needs value,needs value,needs value,N/A: Facet only applies to audio-electronics products; this product is headphones,N/A: Facet only applies to audio-electronics products; this product is headphones,N/A: Facet only applies to audio-electronics products; this product is headphones,N/A: Facet only applies to audio-electronics products; this product is headphones,N/A: Facet only applies to audio-electronics products; this product is headphones,N/A: Facet only applies to audio-electronics products; this product is headphones,N/A: Facet only applies to audio-electronics products; this product is headphones,N/A: Facet only applies to accessories products; this product is headphones,N/A: Facet only applies to accessories products; this product is headphones,N/A: Facet only applies to accessories products; this product is headphones
xMEqvkRBbdrlJXyFG8ki6p,"Meze POET Planar Magnetic Headphones",meze-poet-planar-magnetic-headphones,headphones,Planar Magnetic,needs value,needs value,needs value,needs value,needs value,needs value,needs value,needs value,needs value,needs value,needs value,needs value,N/A: Facet only applies to audio-electronics products; this product is headphones,N/A: Facet only applies to audio-electronics products; this product is headphones,N/A: Facet only applies to audio-electronics products; this product is headphones,N/A: Facet only applies to audio-electronics products; this product is headphones,N/A: Facet only applies to audio-electronics products; this product is headphones,N/A: Facet only applies to audio-electronics products; this product is headphones,N/A: Facet only applies to audio-electronics products; this product is headphones,N/A: Facet only applies to accessories products; this product is headphones,N/A: Facet only applies to accessories products; this product is headphones,N/A: Facet only applies to accessories products; this product is headphones
xMEqvkRBbdrlJXyFG8kl09,"Audeze LCD-5s Planar Magnetic Headphone",audeze-lcd-5s-planar-magnetic-headphone,headphones,Planar Magnetic,needs value,needs value,needs value,needs value,needs value,needs value,needs value,needs value,needs value,needs value,needs value,needs value,N/A: Facet only applies to audio-electronics products; this product is headphones,N/A: Facet only applies to audio-electronics products; this product is headphones,N/A: Facet only applies to audio-electronics products; this product is headphones,N/A: Facet only applies to audio-electronics products; this product is headphones,N/A: Facet only applies to audio-electronics products; this product is headphones,N/A: Facet only applies to audio-electronics products; this product is headphones,N/A: Facet only applies to audio-electronics products; this product is headphones,N/A: Facet only applies to accessories products; this product is headphones,N/A: Facet only applies to accessories products; this product is headphones,N/A: Facet only applies to accessories products; this product is headphones
xMEqvkRBbdrlJXyFG8kmvh,"ES Lab ES-2a 90mm Electrostatic Headphones",es-lab-es-2a-90mm-electrostatic-headphones,headphones,Electrostatic,needs value,needs value,needs value,needs value,needs value,needs value,needs value,needs value,needs value,needs value,needs value,needs value,N/A: Facet only applies to audio-electronics products; this product is headphones,N/A: Facet only applies to audio-electronics products; this product is headphones,N/A: Facet only applies to audio-electronics products; this product is headphones,N/A: Facet only applies to audio-electronics products; this product is headphones,N/A: Facet only applies to audio-electronics products; this product is headphones,N/A: Facet only applies to audio-electronics products; this product is headphones,N/A: Facet only applies to audio-electronics products; this product is headphones,N/A: Facet only applies to accessories products; this product is headphones,N/A: Facet only applies to accessories products; this product is headphones,N/A: Facet only applies to accessories products; this product is headphones
xMEqvkRBbdrlJXyFG8ko41,"ES Lab EX-1a Electrostatic Headphones",es-lab-ex-1a-electrostatic-headphones,headphones,Electrostatic,needs value,needs value,needs value,needs value,needs value,needs value,needs value,needs value,needs value,needs value,needs value,needs value,N/A: Facet only applies to audio-electronics products; this product is headphones,N/A: Facet only applies to audio-electronics products; this product is headphones,N/A: Facet only applies to audio-electronics products; this product is headphones,N/A: Facet only applies to audio-electronics products; this product is headphones,N/A: Facet only applies to audio-electronics products; this product is headphones,N/A: Facet only applies to audio-electronics products; this product is headphones,N/A: Facet only applies to audio-electronics products; this product is headphones,N/A: Facet only applies to accessories products; this product is headphones,N/A: Facet only applies to accessories products; this product is headphones,N/A: Facet only applies to accessories products; this product is headphones
xMEqvkRBbdrlJXyFG8l0p9,"Sennheiser HD 560S Open-back Reference Headphones",sennheiser-hd-560s-open-back-reference-headphones,headphones,Semi-Open,needs value,needs value,needs value,needs value,needs value,needs value,needs value,needs value,needs value,needs value,needs value,needs value,N/A: Facet only applies to audio-electronics products; this product is headphones,N/A: Facet only applies to audio-electronics products; this product is headphones,N/A: Facet only applies to audio-electronics products; this product is headphones,N/A: Facet only applies to audio-electronics products; this product is headphones,N/A: Facet only applies to audio-electronics products; this product is headphones,N/A: Facet only applies to audio-electronics products; this product is headphones,N/A: Facet only applies to audio-electronics products; this product is headphones,N/A: Facet only applies to accessories products; this product is headphones,N/A: Facet only applies to accessories products; this product is headphones,N/A: Facet only applies to accessories products; this product is headphones
xMEqvkRBbdrlJXyFG8l4SB,"FiiO KA11 Dongle DAC/Headphone Amplifier",fiio-ka11-dongle-dac-headphone-amplifier,audio-electronics,USB-C/Dongle DACs,needs value,needs value,needs value,needs value,N/A: Facet only applies to headphones products; this product is audio-electronics,N/A: Facet only applies to headphones products; this product is audio-electronics,N/A: Facet only applies to headphones products; this product is audio-electronics,N/A: Facet only applies to headphones products; this product is audio-electronics,N/A: Facet only applies to headphones products; this product is audio-electronics,N/A: Facet only applies to headphones products; this product is audio-electronics,N/A: Facet only applies to headphones products; this product is audio-electronics,N/A: Facet only applies to headphones products; this product is audio-electronics,needs value,needs value,needs value,needs value,needs value,needs value,needs value,N/A: Facet only applies to accessories products; this product is audio-electronics,N/A: Facet only applies to accessories products; this product is audio-electronics,N/A: Facet only applies to accessories products; this product is audio-electronics
xMEqvkRBbdrlJXyFG8l6fJ,"Moondrop Dawn Pro 2 Dual Portable DAC/Amp",moondrop-dawn-pro-2-dual-portable-dac-amp,audio-electronics,USB-C/Dongle DACs,needs value,needs value,needs value,needs value,N/A: Facet only applies to headphones products; this product is audio-electronics,N/A: Facet only applies to headphones products; this product is audio-electronics,N/A: Facet only applies to headphones products; this product is audio-electronics,N/A: Facet only applies to headphones products; this product is audio-electronics,N/A: Facet only applies to headphones products; this product is audio-electronics,N/A: Facet only applies to headphones products; this product is audio-electronics,N/A: Facet only applies to headphones products; this product is audio-electronics,N/A: Facet only applies to headphones products; this product is audio-electronics,needs value,needs value,needs value,needs value,needs value,needs value,needs value,N/A: Facet only applies to accessories products; this product is audio-electronics,N/A: Facet only applies to accessories products; this product is audio-electronics,N/A: Facet only applies to accessories products; this product is audio-electronics
xMEqvkRBbdrlJXyFG8lEY3,"iFi Hip-DAC 3",ifi-hip-dac-3,audio-electronics,USB-C/Dongle DACs,needs value,needs value,needs value,needs value,N/A: Facet only applies to headphones products; this product is audio-electronics,N/A: Facet only applies to headphones products; this product is audio-electronics,N/A: Facet only applies to headphones products; this product is audio-electronics,N/A: Facet only applies to headphones products; this product is audio-electronics,N/A: Facet only applies to headphones products; this product is audio-electronics,N/A: Facet only applies to headphones products; this product is audio-electronics,N/A: Facet only applies to headphones products; this product is audio-electronics,N/A: Facet only applies to headphones products; this product is audio-electronics,needs value,needs value,needs value,needs value,needs value,needs value,needs value,N/A: Facet only applies to accessories products; this product is audio-electronics,N/A: Facet only applies to accessories products; this product is audio-electronics,N/A: Facet only applies to accessories products; this product is audio-electronics
xMEqvkRBbdrlJXyFG8lIgj,"Cayin RU7 1-Bit Resistor Network Portable DAC",cayin-ru7-1-bit-resistor-network-portable-dac,audio-electronics,USB-C/Dongle DACs,needs value,needs value,needs value,needs value,N/A: Facet only applies to headphones products; this product is audio-electronics,N/A: Facet only applies to headphones products; this product is audio-electronics,N/A: Facet only applies to headphones products; this product is audio-electronics,N/A: Facet only applies to headphones products; this product is audio-electronics,N/A: Facet only applies to headphones products; this product is audio-electronics,N/A: Facet only applies to headphones products; this product is audio-electronics,N/A: Facet only applies to headphones products; this product is audio-electronics,N/A: Facet only applies to headphones products; this product is audio-electronics,needs value,needs value,needs value,needs value,needs value,needs value,needs value,N/A: Facet only applies to accessories products; this product is audio-electronics,N/A: Facet only applies to accessories products; this product is audio-electronics,N/A: Facet only applies to accessories products; this product is audio-electronics