_id,name,slug,brand,facet,note
0IQ2UjkdXJma4iOcjnwqbl,AudioQuest DragonTail Carbon USB A to C Adapter,audioquest-dragontail-carbon-usb-a-to-c-adapter,AudioQuest,Accessory type,No matching field found for Accessory type / Type
0IQ2UjkdXJma4iOcjnwqbl,AudioQuest DragonTail Carbon USB A to C Adapter,audioquest-dragontail-carbon-usb-a-to-c-adapter,AudioQuest,Connector / termination,No matching field found for Connector / termination / Connector / Termination
0IQ2UjkdXJma4iOcjnwqbl,AudioQuest DragonTail Carbon USB A to C Adapter,audioquest-dragontail-carbon-usb-a-to-c-adapter,AudioQuest,Compatibility,No matching field found for Compatibility / Compatible with / Fits
0IQ2UjkdXJma4iOcjnwrjp,SVS SoundPath Tri-Band Wireless Receiver for SoundPath Wireless Audio Adapter,svs-soundpath-tri-band-wireless-receiver-for-soundpath-wireless-audio-adapter,SVS,Accessory type,No matching field found for Accessory type / Type
0IQ2UjkdXJma4iOcjnwrjp,SVS SoundPath Tri-Band Wireless Receiver for SoundPath Wireless Audio Adapter,svs-soundpath-tri-band-wireless-receiver-for-soundpath-wireless-audio-adapter,SVS,Connector / termination,No matching field found for Connector / termination / Connector / Termination
0IQ2UjkdXJma4iOcjnwrjp,SVS SoundPath Tri-Band Wireless Receiver for SoundPath Wireless Audio Adapter,svs-soundpath-tri-band-wireless-receiver-for-soundpath-wireless-audio-adapter,SVS,Compatibility,No matching field found for Compatibility / Compatible with / Fits
0IQ2UjkdXJma4iOcjobwvF,"Ear Pads for Audeze LCD Series Headphones - Fits variants of LCD-2, LCD-3, LCD-4, LCD-X",ear-pads-for-audeze-lcd-series-headphones-fits-variants-of-lcd-2-lcd-3-lcd-4-lcd-x,Dekoni Audio,Accessory type,No matching field found for Accessory type / Type
0IQ2UjkdXJma4iOcjobwvF,"Ear Pads for Audeze LCD Series Headphones - Fits variants of LCD-2, LCD-3, LCD-4, LCD-X",ear-pads-for-audeze-lcd-series-headphones-fits-variants-of-lcd-2-lcd-3-lcd-4-lcd-x,Dekoni Audio,Compatibility,No matching field found for Compatibility / Compatible with / Fits
0IQ2UjkdXJma4iOcjocCJs,"Replacement Earpads for Focal Headphones - Stellia, Radiante, Utopia, Clear, ClearMG, Celestee",replacement-earpads-for-focal-headphones-stellia-radiante-utopia-clear-clearmg-celestee,Dekoni Audio,Accessory type,No matching field found for Accessory type / Type
0IQ2UjkdXJma4iOcjocCJs,"Replacement Earpads for Focal Headphones - Stellia, Radiante, Utopia, Clear, ClearMG, Celestee",replacement-earpads-for-focal-headphones-stellia-radiante-utopia-clear-clearmg-celestee,Dekoni Audio,Compatibility,No matching field found for Compatibility / Compatible with / Fits
0IQ2UjkdXJma4iOcjodDq5,Memory Foam Isolation Earphone Tips Black 4.9mm Mercury,memory-foam-isolation-earphone-tips-black-4-9mm-mercury,Dekoni Audio,Accessory type,No matching field found for Accessory type / Type
0IQ2UjkdXJma4iOcjodDq5,Memory Foam Isolation Earphone Tips Black 4.9mm Mercury,memory-foam-isolation-earphone-tips-black-4-9mm-mercury,Dekoni Audio,Compatibility,No matching field found for Compatibility / Compatible with / Fits
0IQ2UjkdXJma4iOcjodeA0,Memory Foam Isolation Earphone Tips Black - Samsung Galaxy Buds2 Pro,memory-foam-isolation-earphone-tips-black-samsung-galaxy-buds2-pro,Dekoni Audio,Accessory type,No matching field found for Accessory type / Type
0IQ2UjkdXJma4iOcjodeA0,Memory Foam Isolation Earphone Tips Black - Samsung Galaxy Buds2 Pro,memory-foam-isolation-earphone-tips-black-samsung-galaxy-buds2-pro,Dekoni Audio,Compatibility,No matching field found for Compatibility / Compatible with / Fits
0IQ2UjkdXJma4iOcjodsEt,Dekoni Audio Headphone Cleaning Kit with Cleaning Spray and Cloth,dekoni-audio-headphone-cleaning-kit-with-cleaning-spray-and-cloth,Dekoni Audio,Accessory type,No matching field found for Accessory type / Type
0IQ2UjkdXJma4iOcjodsEt,Dekoni Audio Headphone Cleaning Kit with Cleaning Spray and Cloth,dekoni-audio-headphone-cleaning-kit-with-cleaning-spray-and-cloth,Dekoni Audio,Compatibility,No matching field found for Compatibility / Compatible with / Fits
3O1ZNp54LWQGln4uEAU7Vs,Meze Audio 99 Series 2.5mm or 4.4mm Replacement Cable,meze-audio-99-series-2-5mm-or-4-4mm-replacement-cable,Meze Audio,Accessory type,"Field ""Type"" raw value ""Audio Cable"" does not map to the closed vocabulary for Accessory type"
3O1ZNp54LWQGln4uEAU7Vs,Meze Audio 99 Series 2.5mm or 4.4mm Replacement Cable,meze-audio-99-series-2-5mm-or-4-4mm-replacement-cable,Meze Audio,Connector / termination,No matching field found for Connector / termination / Connector / Termination
3O1ZNp54LWQGln4uEAU7Vs,Meze Audio 99 Series 2.5mm or 4.4mm Replacement Cable,meze-audio-99-series-2-5mm-or-4-4mm-replacement-cable,Meze Audio,Compatibility,No matching field found for Compatibility / Compatible with / Fits
3O1ZNp54LWQGln4uEAUGAa,64 Audio Premium Pearl Cable (3.5mm),64-audio-premium-pearl-cable-3-5mm,64 Audio,Accessory type,"Field ""Type"" raw value ""Audio Cable"" does not map to the closed vocabulary for Accessory type"
3O1ZNp54LWQGln4uEAUGAa,64 Audio Premium Pearl Cable (3.5mm),64-audio-premium-pearl-cable-3-5mm,64 Audio,Connector / termination,No matching field found for Connector / termination / Connector / Termination
3O1ZNp54LWQGln4uEAUGAa,64 Audio Premium Pearl Cable (3.5mm),64-audio-premium-pearl-cable-3-5mm,64 Audio,Compatibility,No matching field found for Compatibility / Compatible with / Fits
3O1ZNp54LWQGln4uEAUGRi,Meze Audio OFC Mini 4-Pin XLR Replacement Cable,meze-audio-ofc-mini-4-pin-xlr-replacement-cable,Meze Audio,Accessory type,"Field ""Type"" raw value ""Audio Cable"" does not map to the closed vocabulary for Accessory type"
3O1ZNp54LWQGln4uEAUGRi,Meze Audio OFC Mini 4-Pin XLR Replacement Cable,meze-audio-ofc-mini-4-pin-xlr-replacement-cable,Meze Audio,Connector / termination,No matching field found for Connector / termination / Connector / Termination
3O1ZNp54LWQGln4uEAUGRi,Meze Audio OFC Mini 4-Pin XLR Replacement Cable,meze-audio-ofc-mini-4-pin-xlr-replacement-cable,Meze Audio,Compatibility,No matching field found for Compatibility / Compatible with / Fits
3O1ZNp54LWQGln4uEAUIek,Aune Audio AR3,aune-audio-ar3,Aune Audio,Accessory type,"Field ""Type"" raw value ""Audio Cable"" does not map to the closed vocabulary for Accessory type"
3O1ZNp54LWQGln4uEAUIek,Aune Audio AR3,aune-audio-ar3,Aune Audio,Connector / termination,No matching field found for Connector / termination / Connector / Termination
3O1ZNp54LWQGln4uEAUIek,Aune Audio AR3,aune-audio-ar3,Aune Audio,Compatibility,No matching field found for Compatibility / Compatible with / Fits
3ue0Qq0vhQXjVDzPYWpU1M,Dekoni Audio Elite Sheepskin Ear Pads for Audeze LCD Series,dekoni-audio-elite-sheepskin-ear-pads-for-audeze-lcd-series,Dekoni Audio,Accessory type,No matching field found for Accessory type / Type
3ue0Qq0vhQXjVDzPYWpU1M,Dekoni Audio Elite Sheepskin Ear Pads for Audeze LCD Series,dekoni-audio-elite-sheepskin-ear-pads-for-audeze-lcd-series,Dekoni Audio,Compatibility,No matching field found for Compatibility / Compatible with / Fits
A5Y8wEwAn6Fo0zYQ5BM7Yv,Meze Audio Mono 3.5mm to Balanced 4.4mm Silver-Plated Headphone Cable - 3.9ft.,meze-audio-mono-3-5mm-to-balanced-4-4mm-silver-plated-headphone-cable-3-9ft,Meze Audio,Accessory type,No matching field found for Accessory type / Type
A5Y8wEwAn6Fo0zYQ5BM7Yv,Meze Audio Mono 3.5mm to Balanced 4.4mm Silver-Plated Headphone Cable - 3.9ft.,meze-audio-mono-3-5mm-to-balanced-4-4mm-silver-plated-headphone-cable-3-9ft,Meze Audio,Connector / termination,No matching field found for Connector / termination / Connector / Termination
A5Y8wEwAn6Fo0zYQ5BM7Yv,Meze Audio Mono 3.5mm to Balanced 4.4mm Silver-Plated Headphone Cable - 3.9ft.,meze-audio-mono-3-5mm-to-balanced-4-4mm-silver-plated-headphone-cable-3-9ft,Meze Audio,Compatibility,"Compatibility raw value ""99 NEO, 99 CLASSICS, 109 PRO, LIRIC"" could not be matched to canonical product slugs. Unmatched parts: 99 NEO, 99 CLASSICS, 109 PRO, LIRIC"
Agdc7UdudmikAzJtKWUOut,CrinEar Reference In-Ear Headphones,crinear-reference-in-ear-headphones,CrinEar,Wearing style,No matching field found for Wearing style
Agdc7UdudmikAzJtKWUOut,CrinEar Reference In-Ear Headphones,crinear-reference-in-ear-headphones,CrinEar,Driver type,No matching field found for Driver type / Driver Type
Agdc7UdudmikAzJtKWUOut,CrinEar Reference In-Ear Headphones,crinear-reference-in-ear-headphones,CrinEar,Connectivity,No matching field found for Connectivity
Agdc7UdudmikAzJtKWUOut,CrinEar Reference In-Ear Headphones,crinear-reference-in-ear-headphones,CrinEar,Connector / plug,No matching field found for Connector / Connector / plug
Agdc7UdudmikAzJtKWUOut,CrinEar Reference In-Ear Headphones,crinear-reference-in-ear-headphones,CrinEar,Microphone,No matching field found for Microphone / Microphones
Agdc7UdudmikAzJtKWUOut,CrinEar Reference In-Ear Headphones,crinear-reference-in-ear-headphones,CrinEar,Noise cancelling,No matching field found for Noise cancelling / Noise canceling / ANC / Active noise cancelling
Agdc7UdudmikAzJtKWUOut,CrinEar Reference In-Ear Headphones,crinear-reference-in-ear-headphones,CrinEar,Requires amplifier,No matching field found for Amp required / Requires amplifier / Amplifier required
Agdc7UdudmikAzJtKWUVPW,64 Audio U4s In-Ear Headphones,64-audio-u4s-in-ear-headphones,64 Audio,Wearing style,No matching field found for Wearing style
Agdc7UdudmikAzJtKWUVPW,64 Audio U4s In-Ear Headphones,64-audio-u4s-in-ear-headphones,64 Audio,Driver type,No matching field found for Driver type / Driver Type
Agdc7UdudmikAzJtKWUVPW,64 Audio U4s In-Ear Headphones,64-audio-u4s-in-ear-headphones,64 Audio,Connectivity,No matching field found for Connectivity
Agdc7UdudmikAzJtKWUVPW,64 Audio U4s In-Ear Headphones,64-audio-u4s-in-ear-headphones,64 Audio,Connector / plug,No matching field found for Connector / Connector / plug
Agdc7UdudmikAzJtKWUVPW,64 Audio U4s In-Ear Headphones,64-audio-u4s-in-ear-headphones,64 Audio,Microphone,No matching field found for Microphone / Microphones
Agdc7UdudmikAzJtKWUVPW,64 Audio U4s In-Ear Headphones,64-audio-u4s-in-ear-headphones,64 Audio,Noise cancelling,No matching field found for Noise cancelling / Noise canceling / ANC / Active noise cancelling
Agdc7UdudmikAzJtKWUVPW,64 Audio U4s In-Ear Headphones,64-audio-u4s-in-ear-headphones,64 Audio,Requires amplifier,No matching field found for Amp required / Requires amplifier / Amplifier required
C0JSb66CHOxy1G14ni5ga1,Kanto Headphone Stand,kanto-headphone-stand,Kanto,Accessory type,No matching field found for Accessory type / Type
C0JSb66CHOxy1G14ni5ga1,Kanto Headphone Stand,kanto-headphone-stand,Kanto,Compatibility,No matching field found for Compatibility / Compatible with / Fits
DZc43yHr6ydfgE7zB3xGkY,Dekoni Audio EPZ-HD800-ELVL Replacement Ear Pads for Sennheiser HD800 and HD800S Elite Velour,dekoni-audio-epz-hd800-elvl-replacement-ear-pads-for-sennheiser-hd800-and-hd800s-elite-velour,Dekoni Audio,Accessory type,No matching field found for Accessory type / Type
DZc43yHr6ydfgE7zB3xGkY,Dekoni Audio EPZ-HD800-ELVL Replacement Ear Pads for Sennheiser HD800 and HD800S Elite Velour,dekoni-audio-epz-hd800-elvl-replacement-ear-pads-for-sennheiser-hd800-and-hd800s-elite-velour,Dekoni Audio,Compatibility,"Compatibility raw value ""Sennheiser HD 800 and HD 800S"" could not be matched to canonical product slugs. Unmatched parts: Sennheiser HD 800, HD 800S"
DZc43yHr6ydfgE7zB3xQZo,Apos x Community Rock Lobster IEMs,apos-x-community-rock-lobster-iems,Dekoni Audio,Accessory type,No matching field found for Accessory type / Type
DZc43yHr6ydfgE7zB3xQZo,Apos x Community Rock Lobster IEMs,apos-x-community-rock-lobster-iems,Dekoni Audio,Compatibility,No matching field found for Compatibility / Compatible with / Fits
DZc43yHr6ydfgE7zB3xWAf,"ErgoDox 76 ""Hot Dox"" V2 Mechanical Keyboard",ergodox-76-hot-dox-v2-mechanical-keyboard,Dekoni Audio,Accessory type,No matching field found for Accessory type / Type
DZc43yHr6ydfgE7zB3xWAf,"ErgoDox 76 ""Hot Dox"" V2 Mechanical Keyboard",ergodox-76-hot-dox-v2-mechanical-keyboard,Dekoni Audio,Compatibility,No matching field found for Compatibility / Compatible with / Fits
DZc43yHr6ydfgE7zB3xXvF,Apos x Bob Ross Panoramic Scenic Keycaps,apos-x-bob-ross-panoramic-scenic-keycaps,Dekoni Audio,Accessory type,No matching field found for Accessory type / Type
DZc43yHr6ydfgE7zB3xXvF,Apos x Bob Ross Panoramic Scenic Keycaps,apos-x-bob-ross-panoramic-scenic-keycaps,Dekoni Audio,Compatibility,"Compatibility raw value ""MX switches"" could not be matched to canonical product slugs. Unmatched parts: MX switches"
DZc43yHr6ydfgE7zB3xYMO,Linus Tech Tips Keycaps,linus-tech-tips-keycaps,Dekoni Audio,Accessory type,No matching field found for Accessory type / Type
DZc43yHr6ydfgE7zB3xYMO,Linus Tech Tips Keycaps,linus-tech-tips-keycaps,Dekoni Audio,Compatibility,"Compatibility raw value ""Full-size, TKL, WhiteFox Eclipse"" could not be matched to canonical product slugs. Unmatched parts: Full-size, TKL, WhiteFox Eclipse"
DZc43yHr6ydfgE7zB3xyL0,Bose QC35 Replacement Ear Pads,bose-qc35-replacement-ear-pads,Wicked Cushions,Accessory type,No matching field found for Accessory type / Type
DZc43yHr6ydfgE7zB3xyL0,Bose QC35 Replacement Ear Pads,bose-qc35-replacement-ear-pads,Wicked Cushions,Compatibility,No matching field found for Compatibility / Compatible with / Fits
DZc43yHr6ydfgE7zB3y0Zk,Bose QC35 Cooling Gel Earpads - WC FreeZe,bose-qc35-cooling-gel-earpads-wc-freeze,Wicked Cushions,Accessory type,No matching field found for Accessory type / Type
DZc43yHr6ydfgE7zB3y0Zk,Bose QC35 Cooling Gel Earpads - WC FreeZe,bose-qc35-cooling-gel-earpads-wc-freeze,Wicked Cushions,Compatibility,No matching field found for Compatibility / Compatible with / Fits
DZc43yHr6ydfgE7zB3y3Fd,Earpads For Sony WH900N,earpads-for-sony-wh900n,Wicked Cushions,Accessory type,No matching field found for Accessory type / Type
DZc43yHr6ydfgE7zB3y3Fd,Earpads For Sony WH900N,earpads-for-sony-wh900n,Wicked Cushions,Compatibility,No matching field found for Compatibility / Compatible with / Fits
DZc43yHr6ydfgE7zB3yCRg,Dekoni Audio EPZ-DT78990-ELVL Replacement Ear Pads for Beyerdynamic DT and AKG K Series Elite Velour,dekoni-audio-epz-dt78990-elvl-replacement-ear-pads-for-beyerdynamic-dt-and-akg-k-series-elite-ve,Dekoni Audio,Accessory type,No matching field found for Accessory type / Type
DZc43yHr6ydfgE7zB3yCRg,Dekoni Audio EPZ-DT78990-ELVL Replacement Ear Pads for Beyerdynamic DT and AKG K Series Elite Velour,dekoni-audio-epz-dt78990-elvl-replacement-ear-pads-for-beyerdynamic-dt-and-akg-k-series-elite-ve,Dekoni Audio,Compatibility,No matching field found for Compatibility / Compatible with / Fits
DZc43yHr6ydfgE7zB3yFnn,Dekoni Audio EPZ-FOCAL-STELLIA Replacement Ear Pads for Focal Headphones,dekoni-audio-epz-focal-stellia-replacement-ear-pads-for-focal-headphones,Dekoni Audio,Accessory type,No matching field found for Accessory type / Type
DZc43yHr6ydfgE7zB3yFnn,Dekoni Audio EPZ-FOCAL-STELLIA Replacement Ear Pads for Focal Headphones,dekoni-audio-epz-focal-stellia-replacement-ear-pads-for-focal-headphones,Dekoni Audio,Compatibility,No matching field found for Compatibility / Compatible with / Fits
DZc43yHr6ydfgE7zB3ycZL,Bose QuietComfort Ultra Gen 1 & Gen 2 Cooling Gel Earpads - WC FreeZe QC Ultra,bose-quietcomfort-ultra-gen-1-gen-2-cooling-gel-earpads-wc-freeze-qc-ultra,Wicked Cushions,Accessory type,No matching field found for Accessory type / Type
DZc43yHr6ydfgE7zB3ycZL,Bose QuietComfort Ultra Gen 1 & Gen 2 Cooling Gel Earpads - WC FreeZe QC Ultra,bose-quietcomfort-ultra-gen-1-gen-2-cooling-gel-earpads-wc-freeze-qc-ultra,Wicked Cushions,Compatibility,No matching field found for Compatibility / Compatible with / Fits
DZc43yHr6ydfgE7zB3yg1U,Beats Studio Earpads - WC FreeZe Cooling Gel,beats-studio-earpads-wc-freeze-cooling-gel,Wicked Cushions,Accessory type,No matching field found for Accessory type / Type
DZc43yHr6ydfgE7zB3yg1U,Beats Studio Earpads - WC FreeZe Cooling Gel,beats-studio-earpads-wc-freeze-cooling-gel,Wicked Cushions,Compatibility,No matching field found for Compatibility / Compatible with / Fits
DZc43yHr6ydfgE7zB3ylNG,Replacement Ear Pads For Bose QC3,replacement-ear-pads-for-bose-qc3,Wicked Cushions,Accessory type,No matching field found for Accessory type / Type
DZc43yHr6ydfgE7zB3ylNG,Replacement Ear Pads For Bose QC3,replacement-ear-pads-for-bose-qc3,Wicked Cushions,Compatibility,No matching field found for Compatibility / Compatible with / Fits
DZc43yHr6ydfgE7zB3yu8A,ATH M50X Earpads - Velour Hybrid,ath-m50x-earpads-velour-hybrid,Wicked Cushions,Accessory type,No matching field found for Accessory type / Type
DZc43yHr6ydfgE7zB3yu8A,ATH M50X Earpads - Velour Hybrid,ath-m50x-earpads-velour-hybrid,Wicked Cushions,Compatibility,No matching field found for Compatibility / Compatible with / Fits
DZc43yHr6ydfgE7zB3yvCW,Beats Studio Earpads,beats-studio-earpads,Wicked Cushions,Accessory type,No matching field found for Accessory type / Type
DZc43yHr6ydfgE7zB3yvCW,Beats Studio Earpads,beats-studio-earpads,Wicked Cushions,Compatibility,No matching field found for Compatibility / Compatible with / Fits
DZc43yHr6ydfgE7zB3yz2n,Corsair Virtuoso Earpads - WC FreeZe Cooling Gel,corsair-virtuoso-earpads-wc-freeze-cooling-gel,Wicked Cushions,Accessory type,No matching field found for Accessory type / Type
DZc43yHr6ydfgE7zB3yz2n,Corsair Virtuoso Earpads - WC FreeZe Cooling Gel,corsair-virtuoso-earpads-wc-freeze-cooling-gel,Wicked Cushions,Compatibility,No matching field found for Compatibility / Compatible with / Fits
DZc43yHr6ydfgE7zB3zLuN,Dekoni Audio ETZ-MERCURY Premium Memory Foam Isolation Earphone Tips Mercury 4.9mm,dekoni-audio-etz-mercury-premium-memory-foam-isolation-earphone-tips-mercury-4-9mm,Dekoni Audio,Accessory type,No matching field found for Accessory type / Type
DZc43yHr6ydfgE7zB3zLuN,Dekoni Audio ETZ-MERCURY Premium Memory Foam Isolation Earphone Tips Mercury 4.9mm,dekoni-audio-etz-mercury-premium-memory-foam-isolation-earphone-tips-mercury-4-9mm,Dekoni Audio,Compatibility,No matching field found for Compatibility / Compatible with / Fits
DZc43yHr6ydfgE7zB3zNex,Dekoni Audio ETZ-TWS Premium Memory Foam Isolation Earphone Tips True Wireless,dekoni-audio-etz-tws-premium-memory-foam-isolation-earphone-tips-true-wireless,Dekoni Audio,Accessory type,No matching field found for Accessory type / Type
DZc43yHr6ydfgE7zB3zNex,Dekoni Audio ETZ-TWS Premium Memory Foam Isolation Earphone Tips True Wireless,dekoni-audio-etz-tws-premium-memory-foam-isolation-earphone-tips-true-wireless,Dekoni Audio,Compatibility,No matching field found for Compatibility / Compatible with / Fits
DZc43yHr6ydfgE7zB3zTLq,Silicone Case for Samsung Galaxy Buds3 Pro,silicone-case-for-samsung-galaxy-buds3-pro,Comply,Accessory type,No matching field found for Accessory type / Type
DZc43yHr6ydfgE7zB3zTLq,Silicone Case for Samsung Galaxy Buds3 Pro,silicone-case-for-samsung-galaxy-buds3-pro,Comply,Compatibility,No matching field found for Compatibility / Compatible with / Fits
DZc43yHr6ydfgE7zB3znRV,iFi Audio Go Pod Max Portable IEM Bluetooth DAC/AMP (Unit Only),ifi-audio-go-pod-max-portable-iem-bluetooth-dac-amp-unit-only,iFi Audio,Device type,No matching field found for Device type / Product type / Type
DZc43yHr6ydfgE7zB3znRV,iFi Audio Go Pod Max Portable IEM Bluetooth DAC/AMP (Unit Only),ifi-audio-go-pod-max-portable-iem-bluetooth-dac-amp-unit-only,iFi Audio,Form factor,No matching field found for Form factor / Portability
DZc43yHr6ydfgE7zB3znRV,iFi Audio Go Pod Max Portable IEM Bluetooth DAC/AMP (Unit Only),ifi-audio-go-pod-max-portable-iem-bluetooth-dac-amp-unit-only,iFi Audio,Amplification,No matching field found for Amplifier type / Amplification
DZc43yHr6ydfgE7zB3znRV,iFi Audio Go Pod Max Portable IEM Bluetooth DAC/AMP (Unit Only),ifi-audio-go-pod-max-portable-iem-bluetooth-dac-amp-unit-only,iFi Audio,DAC included,No matching field found for DAC included / DAC / Built-in DAC
DZc43yHr6ydfgE7zB3znRV,iFi Audio Go Pod Max Portable IEM Bluetooth DAC/AMP (Unit Only),ifi-audio-go-pod-max-portable-iem-bluetooth-dac-amp-unit-only,iFi Audio,Balanced output,No matching field found for Balanced output / Balanced / Balanced connection
DZc43yHr6ydfgE7zB3znRV,iFi Audio Go Pod Max Portable IEM Bluetooth DAC/AMP (Unit Only),ifi-audio-go-pod-max-portable-iem-bluetooth-dac-amp-unit-only,iFi Audio,Inputs,No matching field found for Inputs / Input
DZc43yHr6ydfgE7zB3znRV,iFi Audio Go Pod Max Portable IEM Bluetooth DAC/AMP (Unit Only),ifi-audio-go-pod-max-portable-iem-bluetooth-dac-amp-unit-only,iFi Audio,Outputs,No matching field found for Outputs / Output
DZc43yHr6ydfgE7zB3zokw,FiiO BTR17 Bluetooth USB DAC/Amp,fiio-btr17-bluetooth-usb-dac-amp,FiiO,Device type,No matching field found for Device type / Product type / Type
DZc43yHr6ydfgE7zB3zokw,FiiO BTR17 Bluetooth USB DAC/Amp,fiio-btr17-bluetooth-usb-dac-amp,FiiO,Form factor,No matching field found for Form factor / Portability
DZc43yHr6ydfgE7zB3zokw,FiiO BTR17 Bluetooth USB DAC/Amp,fiio-btr17-bluetooth-usb-dac-amp,FiiO,Amplification,No matching field found for Amplifier type / Amplification
DZc43yHr6ydfgE7zB3zokw,FiiO BTR17 Bluetooth USB DAC/Amp,fiio-btr17-bluetooth-usb-dac-amp,FiiO,DAC included,No matching field found for DAC included / DAC / Built-in DAC
DZc43yHr6ydfgE7zB3zokw,FiiO BTR17 Bluetooth USB DAC/Amp,fiio-btr17-bluetooth-usb-dac-amp,FiiO,Balanced output,No matching field found for Balanced output / Balanced / Balanced connection
DZc43yHr6ydfgE7zB3zokw,FiiO BTR17 Bluetooth USB DAC/Amp,fiio-btr17-bluetooth-usb-dac-amp,FiiO,Inputs,No matching field found for Inputs / Input
DZc43yHr6ydfgE7zB3zokw,FiiO BTR17 Bluetooth USB DAC/Amp,fiio-btr17-bluetooth-usb-dac-amp,FiiO,Outputs,No matching field found for Outputs / Output
DZc43yHr6ydfgE7zB3zuIm,Meze Audio 109 PRO Dynamic Open-Back Headphone,meze-audio-109-pro-dynamic-open-back-headphone,Meze Audio,Wearing style,No matching field found for Wearing style
DZc43yHr6ydfgE7zB3zuIm,Meze Audio 109 PRO Dynamic Open-Back Headphone,meze-audio-109-pro-dynamic-open-back-headphone,Meze Audio,Back design,No matching field found for Back design / Cup style / Cup / back design
DZc43yHr6ydfgE7zB3zuIm,Meze Audio 109 PRO Dynamic Open-Back Headphone,meze-audio-109-pro-dynamic-open-back-headphone,Meze Audio,Connectivity,No matching field found for Connectivity
DZc43yHr6ydfgE7zB3zuIm,Meze Audio 109 PRO Dynamic Open-Back Headphone,meze-audio-109-pro-dynamic-open-back-headphone,Meze Audio,Connector / plug,No matching field found for Connector / Connector / plug
DZc43yHr6ydfgE7zB3zuIm,Meze Audio 109 PRO Dynamic Open-Back Headphone,meze-audio-109-pro-dynamic-open-back-headphone,Meze Audio,Microphone,No matching field found for Microphone / Microphones
DZc43yHr6ydfgE7zB3zuIm,Meze Audio 109 PRO Dynamic Open-Back Headphone,meze-audio-109-pro-dynamic-open-back-headphone,Meze Audio,Noise cancelling,No matching field found for Noise cancelling / Noise canceling / ANC / Active noise cancelling
DZc43yHr6ydfgE7zB3zuIm,Meze Audio 109 PRO Dynamic Open-Back Headphone,meze-audio-109-pro-dynamic-open-back-headphone,Meze Audio,Requires amplifier,No matching field found for Amp required / Requires amplifier / Amplifier required
DZc43yHr6ydfgE7zB4098h,Meze Audio Empyrean II Open Back Headphones,meze-audio-empyrean-ii-open-back-headphones,Meze Audio,Wearing style,No matching field found for Wearing style
DZc43yHr6ydfgE7zB4098h,Meze Audio Empyrean II Open Back Headphones,meze-audio-empyrean-ii-open-back-headphones,Meze Audio,Back design,No matching field found for Back design / Cup style / Cup / back design
DZc43yHr6ydfgE7zB4098h,Meze Audio Empyrean II Open Back Headphones,meze-audio-empyrean-ii-open-back-headphones,Meze Audio,Driver type,No matching field found for Driver type / Driver Type
DZc43yHr6ydfgE7zB4098h,Meze Audio Empyrean II Open Back Headphones,meze-audio-empyrean-ii-open-back-headphones,Meze Audio,Connectivity,No matching field found for Connectivity
DZc43yHr6ydfgE7zB4098h,Meze Audio Empyrean II Open Back Headphones,meze-audio-empyrean-ii-open-back-headphones,Meze Audio,Connector / plug,No matching field found for Connector / Connector / plug
DZc43yHr6ydfgE7zB4098h,Meze Audio Empyrean II Open Back Headphones,meze-audio-empyrean-ii-open-back-headphones,Meze Audio,Microphone,No matching field found for Microphone / Microphones
DZc43yHr6ydfgE7zB4098h,Meze Audio Empyrean II Open Back Headphones,meze-audio-empyrean-ii-open-back-headphones,Meze Audio,Noise cancelling,No matching field found for Noise cancelling / Noise canceling / ANC / Active noise cancelling
DZc43yHr6ydfgE7zB4098h,Meze Audio Empyrean II Open Back Headphones,meze-audio-empyrean-ii-open-back-headphones,Meze Audio,Requires amplifier,No matching field found for Amp required / Requires amplifier / Amplifier required
DZc43yHr6ydfgE7zB40XMj,Apos x Audio-Technica ATH-R70x Refine Headphone,apos-x-audio-technica-ath-r70x-refine-headphone,Audio-Technica,Wearing style,No matching field found for Wearing style
DZc43yHr6ydfgE7zB40XMj,Apos x Audio-Technica ATH-R70x Refine Headphone,apos-x-audio-technica-ath-r70x-refine-headphone,Audio-Technica,Back design,No matching field found for Back design / Cup style / Cup / back design
DZc43yHr6ydfgE7zB40XMj,Apos x Audio-Technica ATH-R70x Refine Headphone,apos-x-audio-technica-ath-r70x-refine-headphone,Audio-Technica,Driver type,No matching field found for Driver type / Driver Type
DZc43yHr6ydfgE7zB40XMj,Apos x Audio-Technica ATH-R70x Refine Headphone,apos-x-audio-technica-ath-r70x-refine-headphone,Audio-Technica,Connectivity,No matching field found for Connectivity
DZc43yHr6ydfgE7zB40XMj,Apos x Audio-Technica ATH-R70x Refine Headphone,apos-x-audio-technica-ath-r70x-refine-headphone,Audio-Technica,Connector / plug,No matching field found for Connector / Connector / plug
DZc43yHr6ydfgE7zB40XMj,Apos x Audio-Technica ATH-R70x Refine Headphone,apos-x-audio-technica-ath-r70x-refine-headphone,Audio-Technica,Microphone,No matching field found for Microphone / Microphones
DZc43yHr6ydfgE7zB40XMj,Apos x Audio-Technica ATH-R70x Refine Headphone,apos-x-audio-technica-ath-r70x-refine-headphone,Audio-Technica,Noise cancelling,No matching field found for Noise cancelling / Noise canceling / ANC / Active noise cancelling
DZc43yHr6ydfgE7zB40XMj,Apos x Audio-Technica ATH-R70x Refine Headphone,apos-x-audio-technica-ath-r70x-refine-headphone,Audio-Technica,Requires amplifier,No matching field found for Amp required / Requires amplifier / Amplifier required
DZc43yHr6ydfgE7zB40gAe,GUSTARD R30 Fully-Discrete R2R Network Streaming DAC (Apos Certified),gustard-r30-fully-discrete-r2r-network-streaming-dac-apos-certified,Gustard,Device type,No matching field found for Device type / Product type / Type
DZc43yHr6ydfgE7zB40gAe,GUSTARD R30 Fully-Discrete R2R Network Streaming DAC (Apos Certified),gustard-r30-fully-discrete-r2r-network-streaming-dac-apos-certified,Gustard,Form factor,No matching field found for Form factor / Portability
DZc43yHr6ydfgE7zB40gAe,GUSTARD R30 Fully-Discrete R2R Network Streaming DAC (Apos Certified),gustard-r30-fully-discrete-r2r-network-streaming-dac-apos-certified,Gustard,Amplification,No matching field found for Amplifier type / Amplification
DZc43yHr6ydfgE7zB40gAe,GUSTARD R30 Fully-Discrete R2R Network Streaming DAC (Apos Certified),gustard-r30-fully-discrete-r2r-network-streaming-dac-apos-certified,Gustard,DAC included,No matching field found for DAC included / DAC / Built-in DAC
DZc43yHr6ydfgE7zB40gAe,GUSTARD R30 Fully-Discrete R2R Network Streaming DAC (Apos Certified),gustard-r30-fully-discrete-r2r-network-streaming-dac-apos-certified,Gustard,Balanced output,No matching field found for Balanced output / Balanced / Balanced connection
DZc43yHr6ydfgE7zB40gAe,GUSTARD R30 Fully-Discrete R2R Network Streaming DAC (Apos Certified),gustard-r30-fully-discrete-r2r-network-streaming-dac-apos-certified,Gustard,Inputs,No matching field found for Inputs / Input
DZc43yHr6ydfgE7zB40gAe,GUSTARD R30 Fully-Discrete R2R Network Streaming DAC (Apos Certified),gustard-r30-fully-discrete-r2r-network-streaming-dac-apos-certified,Gustard,Outputs,No matching field found for Outputs / Output
DZc43yHr6ydfgE7zB40rkU,Matrix Audio MS-1 Flagship Music Streamer,matrix-audio-ms-1-flagship-music-streamer,Matrix Audio,Device type,No matching field found for Device type / Product type / Type
DZc43yHr6ydfgE7zB40rkU,Matrix Audio MS-1 Flagship Music Streamer,matrix-audio-ms-1-flagship-music-streamer,Matrix Audio,Form factor,No matching field found for Form factor / Portability
DZc43yHr6ydfgE7zB40rkU,Matrix Audio MS-1 Flagship Music Streamer,matrix-audio-ms-1-flagship-music-streamer,Matrix Audio,Amplification,No matching field found for Amplifier type / Amplification
DZc43yHr6ydfgE7zB40rkU,Matrix Audio MS-1 Flagship Music Streamer,matrix-audio-ms-1-flagship-music-streamer,Matrix Audio,DAC included,No matching field found for DAC included / DAC / Built-in DAC
DZc43yHr6ydfgE7zB40rkU,Matrix Audio MS-1 Flagship Music Streamer,matrix-audio-ms-1-flagship-music-streamer,Matrix Audio,Balanced output,No matching field found for Balanced output / Balanced / Balanced connection
DZc43yHr6ydfgE7zB40rkU,Matrix Audio MS-1 Flagship Music Streamer,matrix-audio-ms-1-flagship-music-streamer,Matrix Audio,Inputs,No matching field found for Inputs / Input
DZc43yHr6ydfgE7zB40rkU,Matrix Audio MS-1 Flagship Music Streamer,matrix-audio-ms-1-flagship-music-streamer,Matrix Audio,Outputs,No matching field found for Outputs / Output
DZc43yHr6ydfgE7zB40v3a,FiiO K7 Balanced Headphone DAC/Amp,fiio-k7-balanced-headphone-dac-amp,FiiO,Device type,No matching field found for Device type / Product type / Type
DZc43yHr6ydfgE7zB40v3a,FiiO K7 Balanced Headphone DAC/Amp,fiio-k7-balanced-headphone-dac-amp,FiiO,Form factor,No matching field found for Form factor / Portability
DZc43yHr6ydfgE7zB40v3a,FiiO K7 Balanced Headphone DAC/Amp,fiio-k7-balanced-headphone-dac-amp,FiiO,Amplification,No matching field found for Amplifier type / Amplification
DZc43yHr6ydfgE7zB40v3a,FiiO K7 Balanced Headphone DAC/Amp,fiio-k7-balanced-headphone-dac-amp,FiiO,DAC included,"Field ""DAC"" raw value ""AK4493SEQ x2"" does not map to the closed vocabulary for DAC included"
DZc43yHr6ydfgE7zB40v3a,FiiO K7 Balanced Headphone DAC/Amp,fiio-k7-balanced-headphone-dac-amp,FiiO,Balanced output,No matching field found for Balanced output / Balanced / Balanced connection
DZc43yHr6ydfgE7zB4112Z,GUSTARD DAC-R26II Network Streaming R2R DAC,gustard-dac-r26ii-network-streaming-r2r-dac,Gustard,Device type,No matching field found for Device type / Product type / Type
DZc43yHr6ydfgE7zB4112Z,GUSTARD DAC-R26II Network Streaming R2R DAC,gustard-dac-r26ii-network-streaming-r2r-dac,Gustard,Form factor,No matching field found for Form factor / Portability
DZc43yHr6ydfgE7zB4112Z,GUSTARD DAC-R26II Network Streaming R2R DAC,gustard-dac-r26ii-network-streaming-r2r-dac,Gustard,Amplification,No matching field found for Amplifier type / Amplification
DZc43yHr6ydfgE7zB4112Z,GUSTARD DAC-R26II Network Streaming R2R DAC,gustard-dac-r26ii-network-streaming-r2r-dac,Gustard,DAC included,No matching field found for DAC included / DAC / Built-in DAC
DZc43yHr6ydfgE7zB4112Z,GUSTARD DAC-R26II Network Streaming R2R DAC,gustard-dac-r26ii-network-streaming-r2r-dac,Gustard,Balanced output,No matching field found for Balanced output / Balanced / Balanced connection
DZc43yHr6ydfgE7zB4112Z,GUSTARD DAC-R26II Network Streaming R2R DAC,gustard-dac-r26ii-network-streaming-r2r-dac,Gustard,Inputs,No matching field found for Inputs / Input
DZc43yHr6ydfgE7zB4112Z,GUSTARD DAC-R26II Network Streaming R2R DAC,gustard-dac-r26ii-network-streaming-r2r-dac,Gustard,Outputs,No matching field found for Outputs / Output
DZc43yHr6ydfgE7zB41H2s,VMV D2R MKII Desktop DAC (Digital-to-Analog Converter),vmv-d2r-mkii-desktop-dac-digital-to-analog-converter,VMV,Device type,No matching field found for Device type / Product type / Type
DZc43yHr6ydfgE7zB41H2s,VMV D2R MKII Desktop DAC (Digital-to-Analog Converter),vmv-d2r-mkii-desktop-dac-digital-to-analog-converter,VMV,Form factor,No matching field found for Form factor / Portability
DZc43yHr6ydfgE7zB41H2s,VMV D2R MKII Desktop DAC (Digital-to-Analog Converter),vmv-d2r-mkii-desktop-dac-digital-to-analog-converter,VMV,Amplification,No matching field found for Amplifier type / Amplification
DZc43yHr6ydfgE7zB41H2s,VMV D2R MKII Desktop DAC (Digital-to-Analog Converter),vmv-d2r-mkii-desktop-dac-digital-to-analog-converter,VMV,DAC included,No matching field found for DAC included / DAC / Built-in DAC
DZc43yHr6ydfgE7zB41H2s,VMV D2R MKII Desktop DAC (Digital-to-Analog Converter),vmv-d2r-mkii-desktop-dac-digital-to-analog-converter,VMV,Balanced output,No matching field found for Balanced output / Balanced / Balanced connection
DZc43yHr6ydfgE7zB41H2s,VMV D2R MKII Desktop DAC (Digital-to-Analog Converter),vmv-d2r-mkii-desktop-dac-digital-to-analog-converter,VMV,Inputs,No matching field found for Inputs / Input
DZc43yHr6ydfgE7zB41H2s,VMV D2R MKII Desktop DAC (Digital-to-Analog Converter),vmv-d2r-mkii-desktop-dac-digital-to-analog-converter,VMV,Outputs,No matching field found for Outputs / Output
DZc43yHr6ydfgE7zB41Jlm,SMSL VMV D3 Advanced R-2R DAC (Digital-to-Analog Converter),smsl-vmv-d3-advanced-r-2r-dac-digital-to-analog-converter,SMSL,Device type,No matching field found for Device type / Product type / Type
DZc43yHr6ydfgE7zB41Jlm,SMSL VMV D3 Advanced R-2R DAC (Digital-to-Analog Converter),smsl-vmv-d3-advanced-r-2r-dac-digital-to-analog-converter,SMSL,Form factor,No matching field found for Form factor / Portability
DZc43yHr6ydfgE7zB41Jlm,SMSL VMV D3 Advanced R-2R DAC (Digital-to-Analog Converter),smsl-vmv-d3-advanced-r-2r-dac-digital-to-analog-converter,SMSL,Amplification,No matching field found for Amplifier type / Amplification
DZc43yHr6ydfgE7zB41Jlm,SMSL VMV D3 Advanced R-2R DAC (Digital-to-Analog Converter),smsl-vmv-d3-advanced-r-2r-dac-digital-to-analog-converter,SMSL,DAC included,No matching field found for DAC included / DAC / Built-in DAC
DZc43yHr6ydfgE7zB41Jlm,SMSL VMV D3 Advanced R-2R DAC (Digital-to-Analog Converter),smsl-vmv-d3-advanced-r-2r-dac-digital-to-analog-converter,SMSL,Balanced output,No matching field found for Balanced output / Balanced / Balanced connection
DZc43yHr6ydfgE7zB41Jlm,SMSL VMV D3 Advanced R-2R DAC (Digital-to-Analog Converter),smsl-vmv-d3-advanced-r-2r-dac-digital-to-analog-converter,SMSL,Outputs,"Field ""Outputs"" raw value ""RCA/XLR"" does not map to the closed vocabulary for Outputs"
DZc43yHr6ydfgE7zB41PVg,FiiO K11 R2R Balanced Desktop DAC/Amp,fiio-k11-r2r-balanced-desktop-dac-amp,FiiO,Device type,No matching field found for Device type / Product type / Type
DZc43yHr6ydfgE7zB41PVg,FiiO K11 R2R Balanced Desktop DAC/Amp,fiio-k11-r2r-balanced-desktop-dac-amp,FiiO,Form factor,No matching field found for Form factor / Portability
DZc43yHr6ydfgE7zB41PVg,FiiO K11 R2R Balanced Desktop DAC/Amp,fiio-k11-r2r-balanced-desktop-dac-amp,FiiO,Amplification,No matching field found for Amplifier type / Amplification
DZc43yHr6ydfgE7zB41PVg,FiiO K11 R2R Balanced Desktop DAC/Amp,fiio-k11-r2r-balanced-desktop-dac-amp,FiiO,DAC included,"Field ""DAC"" raw value ""FIIO-developed R2R DAC"" does not map to the closed vocabulary for DAC included"
DZc43yHr6ydfgE7zB41PVg,FiiO K11 R2R Balanced Desktop DAC/Amp,fiio-k11-r2r-balanced-desktop-dac-amp,FiiO,Balanced output,No matching field found for Balanced output / Balanced / Balanced connection
DZc43yHr6ydfgE7zB41PVg,FiiO K11 R2R Balanced Desktop DAC/Amp,fiio-k11-r2r-balanced-desktop-dac-amp,FiiO,Inputs,No matching field found for Inputs / Input
DZc43yHr6ydfgE7zB41PVg,FiiO K11 R2R Balanced Desktop DAC/Amp,fiio-k11-r2r-balanced-desktop-dac-amp,FiiO,Outputs,No matching field found for Outputs / Output
DZc43yHr6ydfgE7zB41Wo6,FiiO K13 R2R Desktop DAC/Amp,fiio-k13-r2r-desktop-dac-amp,FiiO,Device type,No matching field found for Device type / Product type / Type
DZc43yHr6ydfgE7zB41Wo6,FiiO K13 R2R Desktop DAC/Amp,fiio-k13-r2r-desktop-dac-amp,FiiO,Form factor,No matching field found for Form factor / Portability
DZc43yHr6ydfgE7zB41Wo6,FiiO K13 R2R Desktop DAC/Amp,fiio-k13-r2r-desktop-dac-amp,FiiO,Amplification,No matching field found for Amplifier type / Amplification
DZc43yHr6ydfgE7zB41Wo6,FiiO K13 R2R Desktop DAC/Amp,fiio-k13-r2r-desktop-dac-amp,FiiO,DAC included,"Field ""DAC"" raw value ""Fully differential true 24-bit R2R DAC resistor arrays"" does not map to the closed vocabulary for DAC included"
DZc43yHr6ydfgE7zB41Wo6,FiiO K13 R2R Desktop DAC/Amp,fiio-k13-r2r-desktop-dac-amp,FiiO,Balanced output,No matching field found for Balanced output / Balanced / Balanced connection
DZc43yHr6ydfgE7zB41Wo6,FiiO K13 R2R Desktop DAC/Amp,fiio-k13-r2r-desktop-dac-amp,FiiO,Inputs,No matching field found for Inputs / Input
DZc43yHr6ydfgE7zB41Wo6,FiiO K13 R2R Desktop DAC/Amp,fiio-k13-r2r-desktop-dac-amp,FiiO,Outputs,No matching field found for Outputs / Output
DZc43yHr6ydfgE7zB41fx8,FiiO K17 Desktop DAC/Amp,fiio-k17-desktop-dac-amp,FiiO,Device type,No matching field found for Device type / Product type / Type
DZc43yHr6ydfgE7zB41fx8,FiiO K17 Desktop DAC/Amp,fiio-k17-desktop-dac-amp,FiiO,Form factor,No matching field found for Form factor / Portability
DZc43yHr6ydfgE7zB41fx8,FiiO K17 Desktop DAC/Amp,fiio-k17-desktop-dac-amp,FiiO,Amplification,No matching field found for Amplifier type / Amplification
DZc43yHr6ydfgE7zB41fx8,FiiO K17 Desktop DAC/Amp,fiio-k17-desktop-dac-amp,FiiO,DAC included,No matching field found for DAC included / DAC / Built-in DAC
DZc43yHr6ydfgE7zB41fx8,FiiO K17 Desktop DAC/Amp,fiio-k17-desktop-dac-amp,FiiO,Balanced output,No matching field found for Balanced output / Balanced / Balanced connection
DZc43yHr6ydfgE7zB41fx8,FiiO K17 Desktop DAC/Amp,fiio-k17-desktop-dac-amp,FiiO,Inputs,No matching field found for Inputs / Input
DZc43yHr6ydfgE7zB41fx8,FiiO K17 Desktop DAC/Amp,fiio-k17-desktop-dac-amp,FiiO,Outputs,No matching field found for Outputs / Output
DZc43yHr6ydfgE7zB41lXz,HIFIMAN EF600 Desktop R2R DAC/Amp,hifiman-ef600-desktop-r2r-dac-amp,HiFiMan,Device type,No matching field found for Device type / Product type / Type
DZc43yHr6ydfgE7zB41lXz,HIFIMAN EF600 Desktop R2R DAC/Amp,hifiman-ef600-desktop-r2r-dac-amp,HiFiMan,Form factor,No matching field found for Form factor / Portability
DZc43yHr6ydfgE7zB41lXz,HIFIMAN EF600 Desktop R2R DAC/Amp,hifiman-ef600-desktop-r2r-dac-amp,HiFiMan,Amplification,No matching field found for Amplifier type / Amplification
DZc43yHr6ydfgE7zB41lXz,HIFIMAN EF600 Desktop R2R DAC/Amp,hifiman-ef600-desktop-r2r-dac-amp,HiFiMan,DAC included,No matching field found for DAC included / DAC / Built-in DAC
DZc43yHr6ydfgE7zB41lXz,HIFIMAN EF600 Desktop R2R DAC/Amp,hifiman-ef600-desktop-r2r-dac-amp,HiFiMan,Balanced output,No matching field found for Balanced output / Balanced / Balanced connection
DZc43yHr6ydfgE7zB41lXz,HIFIMAN EF600 Desktop R2R DAC/Amp,hifiman-ef600-desktop-r2r-dac-amp,HiFiMan,Inputs,No matching field found for Inputs / Input
DZc43yHr6ydfgE7zB41lXz,HIFIMAN EF600 Desktop R2R DAC/Amp,hifiman-ef600-desktop-r2r-dac-amp,HiFiMan,Outputs,"Field ""Outputs"" raw value ""6.3mm single-ended, XLR four-pin balanced, dual (L/R) XLR three-pin full balanced line outputs"" does not map to the closed vocabulary for Outputs"
DZc43yHr6ydfgE7zB41oi2,xDuoo DM-01 Desktop DAC/Amp,xduoo-dm-01-desktop-dac-amp,XDuoo,Device type,No matching field found for Device type / Product type / Type
DZc43yHr6ydfgE7zB41oi2,xDuoo DM-01 Desktop DAC/Amp,xduoo-dm-01-desktop-dac-amp,XDuoo,Form factor,No matching field found for Form factor / Portability
DZc43yHr6ydfgE7zB41oi2,xDuoo DM-01 Desktop DAC/Amp,xduoo-dm-01-desktop-dac-amp,XDuoo,Amplification,No matching field found for Amplifier type / Amplification
DZc43yHr6ydfgE7zB41oi2,xDuoo DM-01 Desktop DAC/Amp,xduoo-dm-01-desktop-dac-amp,XDuoo,DAC included,No matching field found for DAC included / DAC / Built-in DAC
DZc43yHr6ydfgE7zB41oi2,xDuoo DM-01 Desktop DAC/Amp,xduoo-dm-01-desktop-dac-amp,XDuoo,Balanced output,No matching field found for Balanced output / Balanced / Balanced connection
DZc43yHr6ydfgE7zB41oi2,xDuoo DM-01 Desktop DAC/Amp,xduoo-dm-01-desktop-dac-amp,XDuoo,Inputs,No matching field found for Inputs / Input
DZc43yHr6ydfgE7zB41oi2,xDuoo DM-01 Desktop DAC/Amp,xduoo-dm-01-desktop-dac-amp,XDuoo,Outputs,No matching field found for Outputs / Output
DZc43yHr6ydfgE7zB41seL,VMV P2 MKII Desktop Headphone Amplifier,vmv-p2-mkii-desktop-headphone-amplifier,VMV,Device type,No matching field found for Device type / Product type / Type
DZc43yHr6ydfgE7zB41seL,VMV P2 MKII Desktop Headphone Amplifier,vmv-p2-mkii-desktop-headphone-amplifier,VMV,Form factor,No matching field found for Form factor / Portability
DZc43yHr6ydfgE7zB41seL,VMV P2 MKII Desktop Headphone Amplifier,vmv-p2-mkii-desktop-headphone-amplifier,VMV,Amplification,No matching field found for Amplifier type / Amplification
DZc43yHr6ydfgE7zB41seL,VMV P2 MKII Desktop Headphone Amplifier,vmv-p2-mkii-desktop-headphone-amplifier,VMV,DAC included,No matching field found for DAC included / DAC / Built-in DAC
DZc43yHr6ydfgE7zB41seL,VMV P2 MKII Desktop Headphone Amplifier,vmv-p2-mkii-desktop-headphone-amplifier,VMV,Balanced output,No matching field found for Balanced output / Balanced / Balanced connection
DZc43yHr6ydfgE7zB41seL,VMV P2 MKII Desktop Headphone Amplifier,vmv-p2-mkii-desktop-headphone-amplifier,VMV,Outputs,No matching field found for Outputs / Output
DZc43yHr6ydfgE7zB42MQD,YULONG DAART Aurora Desktop DAC/Pre-amp/ Headphone Amp,yulong-daart-aurora-desktop-dac-pre-amp-headphone-amp,Yulong,Device type,No matching field found for Device type / Product type / Type
DZc43yHr6ydfgE7zB42MQD,YULONG DAART Aurora Desktop DAC/Pre-amp/ Headphone Amp,yulong-daart-aurora-desktop-dac-pre-amp-headphone-amp,Yulong,Form factor,No matching field found for Form factor / Portability
DZc43yHr6ydfgE7zB42MQD,YULONG DAART Aurora Desktop DAC/Pre-amp/ Headphone Amp,yulong-daart-aurora-desktop-dac-pre-amp-headphone-amp,Yulong,Amplification,No matching field found for Amplifier type / Amplification
DZc43yHr6ydfgE7zB42MQD,YULONG DAART Aurora Desktop DAC/Pre-amp/ Headphone Amp,yulong-daart-aurora-desktop-dac-pre-amp-headphone-amp,Yulong,DAC included,No matching field found for DAC included / DAC / Built-in DAC
DZc43yHr6ydfgE7zB42MQD,YULONG DAART Aurora Desktop DAC/Pre-amp/ Headphone Amp,yulong-daart-aurora-desktop-dac-pre-amp-headphone-amp,Yulong,Balanced output,No matching field found for Balanced output / Balanced / Balanced connection
DZc43yHr6ydfgE7zB42MQD,YULONG DAART Aurora Desktop DAC/Pre-amp/ Headphone Amp,yulong-daart-aurora-desktop-dac-pre-amp-headphone-amp,Yulong,Inputs,No matching field found for Inputs / Input
DZc43yHr6ydfgE7zB42MQD,YULONG DAART Aurora Desktop DAC/Pre-amp/ Headphone Amp,yulong-daart-aurora-desktop-dac-pre-amp-headphone-amp,Yulong,Outputs,No matching field found for Outputs / Output
DZc43yHr6ydfgE7zB42mdu,TOPPING A70 Pro Fully Balanced Headphone Amplifier,topping-a70-pro-fully-balanced-headphone-amplifier,Topping,Device type,No matching field found for Device type / Product type / Type
DZc43yHr6ydfgE7zB42mdu,TOPPING A70 Pro Fully Balanced Headphone Amplifier,topping-a70-pro-fully-balanced-headphone-amplifier,Topping,Form factor,No matching field found for Form factor / Portability
DZc43yHr6ydfgE7zB42mdu,TOPPING A70 Pro Fully Balanced Headphone Amplifier,topping-a70-pro-fully-balanced-headphone-amplifier,Topping,Amplification,No matching field found for Amplifier type / Amplification
DZc43yHr6ydfgE7zB42mdu,TOPPING A70 Pro Fully Balanced Headphone Amplifier,topping-a70-pro-fully-balanced-headphone-amplifier,Topping,DAC included,No matching field found for DAC included / DAC / Built-in DAC
DZc43yHr6ydfgE7zB42mdu,TOPPING A70 Pro Fully Balanced Headphone Amplifier,topping-a70-pro-fully-balanced-headphone-amplifier,Topping,Balanced output,No matching field found for Balanced output / Balanced / Balanced connection
DZc43yHr6ydfgE7zB42mdu,TOPPING A70 Pro Fully Balanced Headphone Amplifier,topping-a70-pro-fully-balanced-headphone-amplifier,Topping,Inputs,No matching field found for Inputs / Input
DZc43yHr6ydfgE7zB42mdu,TOPPING A70 Pro Fully Balanced Headphone Amplifier,topping-a70-pro-fully-balanced-headphone-amplifier,Topping,Outputs,No matching field found for Outputs / Output
DZc43yHr6ydfgE7zB42o6O,TOPPING L50 Headphone Amp,topping-l50-headphone-amp,Topping,Device type,No matching field found for Device type / Product type / Type
DZc43yHr6ydfgE7zB42o6O,TOPPING L50 Headphone Amp,topping-l50-headphone-amp,Topping,Form factor,No matching field found for Form factor / Portability
DZc43yHr6ydfgE7zB42o6O,TOPPING L50 Headphone Amp,topping-l50-headphone-amp,Topping,Amplification,No matching field found for Amplifier type / Amplification
DZc43yHr6ydfgE7zB42o6O,TOPPING L50 Headphone Amp,topping-l50-headphone-amp,Topping,DAC included,No matching field found for DAC included / DAC / Built-in DAC
DZc43yHr6ydfgE7zB42o6O,TOPPING L50 Headphone Amp,topping-l50-headphone-amp,Topping,Balanced output,No matching field found for Balanced output / Balanced / Balanced connection
DZc43yHr6ydfgE7zB42o6O,TOPPING L50 Headphone Amp,topping-l50-headphone-amp,Topping,Inputs,No matching field found for Inputs / Input
DZc43yHr6ydfgE7zB42o6O,TOPPING L50 Headphone Amp,topping-l50-headphone-amp,Topping,Outputs,No matching field found for Outputs / Output
DZc43yHr6ydfgE7zB42uia,xDuoo TA-20 Plus Balanced Tube Headphone Amplifier,xduoo-ta-20-plus-balanced-tube-headphone-amplifier,XDuoo,Device type,No matching field found for Device type / Product type / Type
DZc43yHr6ydfgE7zB42uia,xDuoo TA-20 Plus Balanced Tube Headphone Amplifier,xduoo-ta-20-plus-balanced-tube-headphone-amplifier,XDuoo,Form factor,No matching field found for Form factor / Portability
DZc43yHr6ydfgE7zB42uia,xDuoo TA-20 Plus Balanced Tube Headphone Amplifier,xduoo-ta-20-plus-balanced-tube-headphone-amplifier,XDuoo,Amplification,No matching field found for Amplifier type / Amplification
DZc43yHr6ydfgE7zB42uia,xDuoo TA-20 Plus Balanced Tube Headphone Amplifier,xduoo-ta-20-plus-balanced-tube-headphone-amplifier,XDuoo,DAC included,No matching field found for DAC included / DAC / Built-in DAC
DZc43yHr6ydfgE7zB42uia,xDuoo TA-20 Plus Balanced Tube Headphone Amplifier,xduoo-ta-20-plus-balanced-tube-headphone-amplifier,XDuoo,Balanced output,No matching field found for Balanced output / Balanced / Balanced connection
DZc43yHr6ydfgE7zB42uia,xDuoo TA-20 Plus Balanced Tube Headphone Amplifier,xduoo-ta-20-plus-balanced-tube-headphone-amplifier,XDuoo,Inputs,No matching field found for Inputs / Input
DZc43yHr6ydfgE7zB42uia,xDuoo TA-20 Plus Balanced Tube Headphone Amplifier,xduoo-ta-20-plus-balanced-tube-headphone-amplifier,XDuoo,Outputs,No matching field found for Outputs / Output
DZc43yHr6ydfgE7zB42wTA,xDuoo MT-604 Balanced Tube Headphone Amplifier,xduoo-mt-604-balanced-tube-headphone-amplifier,XDuoo,Device type,No matching field found for Device type / Product type / Type
DZc43yHr6ydfgE7zB42wTA,xDuoo MT-604 Balanced Tube Headphone Amplifier,xduoo-mt-604-balanced-tube-headphone-amplifier,XDuoo,Form factor,No matching field found for Form factor / Portability
DZc43yHr6ydfgE7zB42wTA,xDuoo MT-604 Balanced Tube Headphone Amplifier,xduoo-mt-604-balanced-tube-headphone-amplifier,XDuoo,Amplification,No matching field found for Amplifier type / Amplification
DZc43yHr6ydfgE7zB42wTA,xDuoo MT-604 Balanced Tube Headphone Amplifier,xduoo-mt-604-balanced-tube-headphone-amplifier,XDuoo,DAC included,No matching field found for DAC included / DAC / Built-in DAC
DZc43yHr6ydfgE7zB42wTA,xDuoo MT-604 Balanced Tube Headphone Amplifier,xduoo-mt-604-balanced-tube-headphone-amplifier,XDuoo,Balanced output,No matching field found for Balanced output / Balanced / Balanced connection
DZc43yHr6ydfgE7zB42wTA,xDuoo MT-604 Balanced Tube Headphone Amplifier,xduoo-mt-604-balanced-tube-headphone-amplifier,XDuoo,Inputs,"Field ""Inputs"" raw value ""XLR"" does not map to the closed vocabulary for Inputs"
DZc43yHr6ydfgE7zB43FOR,Burson SOLOIST STELLAR 8W XLR Class-A Headphone / Pre Amp,burson-soloist-stellar-8w-xlr-class-a-headphone-pre-amp,Burson Audio,Device type,No matching field found for Device type / Product type / Type
DZc43yHr6ydfgE7zB43FOR,Burson SOLOIST STELLAR 8W XLR Class-A Headphone / Pre Amp,burson-soloist-stellar-8w-xlr-class-a-headphone-pre-amp,Burson Audio,Form factor,No matching field found for Form factor / Portability
DZc43yHr6ydfgE7zB43FOR,Burson SOLOIST STELLAR 8W XLR Class-A Headphone / Pre Amp,burson-soloist-stellar-8w-xlr-class-a-headphone-pre-amp,Burson Audio,Amplification,No matching field found for Amplifier type / Amplification
DZc43yHr6ydfgE7zB43FOR,Burson SOLOIST STELLAR 8W XLR Class-A Headphone / Pre Amp,burson-soloist-stellar-8w-xlr-class-a-headphone-pre-amp,Burson Audio,DAC included,No matching field found for DAC included / DAC / Built-in DAC
DZc43yHr6ydfgE7zB43FOR,Burson SOLOIST STELLAR 8W XLR Class-A Headphone / Pre Amp,burson-soloist-stellar-8w-xlr-class-a-headphone-pre-amp,Burson Audio,Balanced output,No matching field found for Balanced output / Balanced / Balanced connection
DZc43yHr6ydfgE7zB43FOR,Burson SOLOIST STELLAR 8W XLR Class-A Headphone / Pre Amp,burson-soloist-stellar-8w-xlr-class-a-headphone-pre-amp,Burson Audio,Inputs,No matching field found for Inputs / Input
DZc43yHr6ydfgE7zB43FOR,Burson SOLOIST STELLAR 8W XLR Class-A Headphone / Pre Amp,burson-soloist-stellar-8w-xlr-class-a-headphone-pre-amp,Burson Audio,Outputs,No matching field found for Outputs / Output
DZc43yHr6ydfgE7zB43tcm,Sennheiser Momentum 5 Wireless Over-Ear ANC Headphones,sennheiser-momentum-5-wireless-over-ear-anc-headphones,Sennheiser,Wearing style,No matching field found for Wearing style
DZc43yHr6ydfgE7zB43tcm,Sennheiser Momentum 5 Wireless Over-Ear ANC Headphones,sennheiser-momentum-5-wireless-over-ear-anc-headphones,Sennheiser,Back design,No matching field found for Back design / Cup style / Cup / back design
DZc43yHr6ydfgE7zB43tcm,Sennheiser Momentum 5 Wireless Over-Ear ANC Headphones,sennheiser-momentum-5-wireless-over-ear-anc-headphones,Sennheiser,Connectivity,No matching field found for Connectivity
DZc43yHr6ydfgE7zB43tcm,Sennheiser Momentum 5 Wireless Over-Ear ANC Headphones,sennheiser-momentum-5-wireless-over-ear-anc-headphones,Sennheiser,Connector / plug,No matching field found for Connector / Connector / plug
DZc43yHr6ydfgE7zB43tcm,Sennheiser Momentum 5 Wireless Over-Ear ANC Headphones,sennheiser-momentum-5-wireless-over-ear-anc-headphones,Sennheiser,Microphone,"Field ""Microphones"" raw value ""8 total with beamforming support"" does not map to the closed vocabulary for Microphone"
DZc43yHr6ydfgE7zB43tcm,Sennheiser Momentum 5 Wireless Over-Ear ANC Headphones,sennheiser-momentum-5-wireless-over-ear-anc-headphones,Sennheiser,Noise cancelling,No matching field found for Noise cancelling / Noise canceling / ANC / Active noise cancelling
DZc43yHr6ydfgE7zB43tcm,Sennheiser Momentum 5 Wireless Over-Ear ANC Headphones,sennheiser-momentum-5-wireless-over-ear-anc-headphones,Sennheiser,Requires amplifier,No matching field found for Amp required / Requires amplifier / Amplifier required
DZc43yHr6ydfgE7zB43uqB,Focal Celestee Headphones,focal-celestee-headphones,Focal,Wearing style,No matching field found for Wearing style
DZc43yHr6ydfgE7zB43uqB,Focal Celestee Headphones,focal-celestee-headphones,Focal,Back design,No matching field found for Back design / Cup style / Cup / back design
DZc43yHr6ydfgE7zB43uqB,Focal Celestee Headphones,focal-celestee-headphones,Focal,Driver type,No matching field found for Driver type / Driver Type
DZc43yHr6ydfgE7zB43uqB,Focal Celestee Headphones,focal-celestee-headphones,Focal,Connectivity,No matching field found for Connectivity
DZc43yHr6ydfgE7zB43uqB,Focal Celestee Headphones,focal-celestee-headphones,Focal,Connector / plug,No matching field found for Connector / Connector / plug
DZc43yHr6ydfgE7zB43uqB,Focal Celestee Headphones,focal-celestee-headphones,Focal,Microphone,No matching field found for Microphone / Microphones
DZc43yHr6ydfgE7zB43uqB,Focal Celestee Headphones,focal-celestee-headphones,Focal,Noise cancelling,No matching field found for Noise cancelling / Noise canceling / ANC / Active noise cancelling
DZc43yHr6ydfgE7zB43uqB,Focal Celestee Headphones,focal-celestee-headphones,Focal,Requires amplifier,No matching field found for Amp required / Requires amplifier / Amplifier required
DZc43yHr6ydfgE7zB441ML,Audio-Technica ATH-W2022 Closed-Back Dynamic Wooden Headphones,audio-technica-ath-w2022-closed-back-dynamic-wooden-headphones,Audio-Technica,Wearing style,No matching field found for Wearing style
DZc43yHr6ydfgE7zB441ML,Audio-Technica ATH-W2022 Closed-Back Dynamic Wooden Headphones,audio-technica-ath-w2022-closed-back-dynamic-wooden-headphones,Audio-Technica,Back design,No matching field found for Back design / Cup style / Cup / back design
DZc43yHr6ydfgE7zB441ML,Audio-Technica ATH-W2022 Closed-Back Dynamic Wooden Headphones,audio-technica-ath-w2022-closed-back-dynamic-wooden-headphones,Audio-Technica,Driver type,No matching field found for Driver type / Driver Type
DZc43yHr6ydfgE7zB441ML,Audio-Technica ATH-W2022 Closed-Back Dynamic Wooden Headphones,audio-technica-ath-w2022-closed-back-dynamic-wooden-headphones,Audio-Technica,Connectivity,No matching field found for Connectivity
DZc43yHr6ydfgE7zB441ML,Audio-Technica ATH-W2022 Closed-Back Dynamic Wooden Headphones,audio-technica-ath-w2022-closed-back-dynamic-wooden-headphones,Audio-Technica,Connector / plug,"Field ""Connector"" raw value ""A2DC connector jack"" does not map to the closed vocabulary for Connector / plug"
DZc43yHr6ydfgE7zB441ML,Audio-Technica ATH-W2022 Closed-Back Dynamic Wooden Headphones,audio-technica-ath-w2022-closed-back-dynamic-wooden-headphones,Audio-Technica,Microphone,No matching field found for Microphone / Microphones
DZc43yHr6ydfgE7zB441ML,Audio-Technica ATH-W2022 Closed-Back Dynamic Wooden Headphones,audio-technica-ath-w2022-closed-back-dynamic-wooden-headphones,Audio-Technica,Noise cancelling,No matching field found for Noise cancelling / Noise canceling / ANC / Active noise cancelling
DZc43yHr6ydfgE7zB441ML,Audio-Technica ATH-W2022 Closed-Back Dynamic Wooden Headphones,audio-technica-ath-w2022-closed-back-dynamic-wooden-headphones,Audio-Technica,Requires amplifier,No matching field found for Amp required / Requires amplifier / Amplifier required
DZc43yHr6ydfgE7zB44oFY,Moondrop Variations Tribrid IEM,moondrop-variations-tribrid-iem,Moondrop,Wearing style,No matching field found for Wearing style
DZc43yHr6ydfgE7zB44oFY,Moondrop Variations Tribrid IEM,moondrop-variations-tribrid-iem,Moondrop,Driver type,No matching field found for Driver type / Driver Type
DZc43yHr6ydfgE7zB44oFY,Moondrop Variations Tribrid IEM,moondrop-variations-tribrid-iem,Moondrop,Connectivity,No matching field found for Connectivity
DZc43yHr6ydfgE7zB44oFY,Moondrop Variations Tribrid IEM,moondrop-variations-tribrid-iem,Moondrop,Connector / plug,No matching field found for Connector / Connector / plug
DZc43yHr6ydfgE7zB44oFY,Moondrop Variations Tribrid IEM,moondrop-variations-tribrid-iem,Moondrop,Microphone,No matching field found for Microphone / Microphones
DZc43yHr6ydfgE7zB44oFY,Moondrop Variations Tribrid IEM,moondrop-variations-tribrid-iem,Moondrop,Noise cancelling,No matching field found for Noise cancelling / Noise canceling / ANC / Active noise cancelling
DZc43yHr6ydfgE7zB44oFY,Moondrop Variations Tribrid IEM,moondrop-variations-tribrid-iem,Moondrop,Requires amplifier,No matching field found for Amp required / Requires amplifier / Amplifier required
DZc43yHr6ydfgE7zB44sHt,Moondrop Blessing 3 In-Ear Monitor (IEM) Hybrid Earphones,moondrop-blessing-3-in-ear-monitor-iem-hybrid-earphones,Moondrop,Wearing style,No matching field found for Wearing style
DZc43yHr6ydfgE7zB44sHt,Moondrop Blessing 3 In-Ear Monitor (IEM) Hybrid Earphones,moondrop-blessing-3-in-ear-monitor-iem-hybrid-earphones,Moondrop,Driver type,No matching field found for Driver type / Driver Type
DZc43yHr6ydfgE7zB44sHt,Moondrop Blessing 3 In-Ear Monitor (IEM) Hybrid Earphones,moondrop-blessing-3-in-ear-monitor-iem-hybrid-earphones,Moondrop,Connectivity,No matching field found for Connectivity
DZc43yHr6ydfgE7zB44sHt,Moondrop Blessing 3 In-Ear Monitor (IEM) Hybrid Earphones,moondrop-blessing-3-in-ear-monitor-iem-hybrid-earphones,Moondrop,Connector / plug,No matching field found for Connector / Connector / plug
DZc43yHr6ydfgE7zB44sHt,Moondrop Blessing 3 In-Ear Monitor (IEM) Hybrid Earphones,moondrop-blessing-3-in-ear-monitor-iem-hybrid-earphones,Moondrop,Microphone,No matching field found for Microphone / Microphones
DZc43yHr6ydfgE7zB44sHt,Moondrop Blessing 3 In-Ear Monitor (IEM) Hybrid Earphones,moondrop-blessing-3-in-ear-monitor-iem-hybrid-earphones,Moondrop,Noise cancelling,No matching field found for Noise cancelling / Noise canceling / ANC / Active noise cancelling
DZc43yHr6ydfgE7zB44sHt,Moondrop Blessing 3 In-Ear Monitor (IEM) Hybrid Earphones,moondrop-blessing-3-in-ear-monitor-iem-hybrid-earphones,Moondrop,Requires amplifier,No matching field found for Amp required / Requires amplifier / Amplifier required
DZc43yHr6ydfgE7zB45LQY,Cayin N3Ultra Triple Timbre Digital Audio Player,cayin-n3ultra-triple-timbre-digital-audio-player,Cayin,Device type,No matching field found for Device type / Product type / Type
DZc43yHr6ydfgE7zB45LQY,Cayin N3Ultra Triple Timbre Digital Audio Player,cayin-n3ultra-triple-timbre-digital-audio-player,Cayin,Form factor,No matching field found for Form factor / Portability
DZc43yHr6ydfgE7zB45LQY,Cayin N3Ultra Triple Timbre Digital Audio Player,cayin-n3ultra-triple-timbre-digital-audio-player,Cayin,Amplification,No matching field found for Amplifier type / Amplification
DZc43yHr6ydfgE7zB45LQY,Cayin N3Ultra Triple Timbre Digital Audio Player,cayin-n3ultra-triple-timbre-digital-audio-player,Cayin,DAC included,"Field ""DAC"" raw value ""Dual AK4493S (mono mode)"" does not map to the closed vocabulary for DAC included"
DZc43yHr6ydfgE7zB45LQY,Cayin N3Ultra Triple Timbre Digital Audio Player,cayin-n3ultra-triple-timbre-digital-audio-player,Cayin,Balanced output,No matching field found for Balanced output / Balanced / Balanced connection
DZc43yHr6ydfgE7zB45LQY,Cayin N3Ultra Triple Timbre Digital Audio Player,cayin-n3ultra-triple-timbre-digital-audio-player,Cayin,Inputs,No matching field found for Inputs / Input
DZc43yHr6ydfgE7zB45LQY,Cayin N3Ultra Triple Timbre Digital Audio Player,cayin-n3ultra-triple-timbre-digital-audio-player,Cayin,Outputs,No matching field found for Outputs / Output
DZc43yHr6ydfgE7zB45bQr,HIFIMAN Arya Organic Planar Magnetic Headphones,hifiman-arya-organic-planar-magnetic-headphones,HiFiMan,Wearing style,No matching field found for Wearing style
DZc43yHr6ydfgE7zB45bQr,HIFIMAN Arya Organic Planar Magnetic Headphones,hifiman-arya-organic-planar-magnetic-headphones,HiFiMan,Back design,No matching field found for Back design / Cup style / Cup / back design
DZc43yHr6ydfgE7zB45bQr,HIFIMAN Arya Organic Planar Magnetic Headphones,hifiman-arya-organic-planar-magnetic-headphones,HiFiMan,Driver type,No matching field found for Driver type / Driver Type
DZc43yHr6ydfgE7zB45bQr,HIFIMAN Arya Organic Planar Magnetic Headphones,hifiman-arya-organic-planar-magnetic-headphones,HiFiMan,Connectivity,No matching field found for Connectivity
DZc43yHr6ydfgE7zB45bQr,HIFIMAN Arya Organic Planar Magnetic Headphones,hifiman-arya-organic-planar-magnetic-headphones,HiFiMan,Connector / plug,No matching field found for Connector / Connector / plug
DZc43yHr6ydfgE7zB45bQr,HIFIMAN Arya Organic Planar Magnetic Headphones,hifiman-arya-organic-planar-magnetic-headphones,HiFiMan,Microphone,No matching field found for Microphone / Microphones
DZc43yHr6ydfgE7zB45bQr,HIFIMAN Arya Organic Planar Magnetic Headphones,hifiman-arya-organic-planar-magnetic-headphones,HiFiMan,Noise cancelling,No matching field found for Noise cancelling / Noise canceling / ANC / Active noise cancelling
DZc43yHr6ydfgE7zB45bQr,HIFIMAN Arya Organic Planar Magnetic Headphones,hifiman-arya-organic-planar-magnetic-headphones,HiFiMan,Requires amplifier,No matching field found for Amp required / Requires amplifier / Amplifier required
DZc43yHr6ydfgE7zB45e9l,HIFIMAN Ananda Nano Planar Magnetic Headphone,hifiman-ananda-nano-planar-magnetic-headphone,HiFiMan,Wearing style,No matching field found for Wearing style
DZc43yHr6ydfgE7zB45e9l,HIFIMAN Ananda Nano Planar Magnetic Headphone,hifiman-ananda-nano-planar-magnetic-headphone,HiFiMan,Back design,No matching field found for Back design / Cup style / Cup / back design
DZc43yHr6ydfgE7zB45e9l,HIFIMAN Ananda Nano Planar Magnetic Headphone,hifiman-ananda-nano-planar-magnetic-headphone,HiFiMan,Driver type,No matching field found for Driver type / Driver Type
DZc43yHr6ydfgE7zB45e9l,HIFIMAN Ananda Nano Planar Magnetic Headphone,hifiman-ananda-nano-planar-magnetic-headphone,HiFiMan,Connectivity,No matching field found for Connectivity
DZc43yHr6ydfgE7zB45e9l,HIFIMAN Ananda Nano Planar Magnetic Headphone,hifiman-ananda-nano-planar-magnetic-headphone,HiFiMan,Connector / plug,No matching field found for Connector / Connector / plug
DZc43yHr6ydfgE7zB45e9l,HIFIMAN Ananda Nano Planar Magnetic Headphone,hifiman-ananda-nano-planar-magnetic-headphone,HiFiMan,Microphone,No matching field found for Microphone / Microphones
DZc43yHr6ydfgE7zB45e9l,HIFIMAN Ananda Nano Planar Magnetic Headphone,hifiman-ananda-nano-planar-magnetic-headphone,HiFiMan,Noise cancelling,No matching field found for Noise cancelling / Noise canceling / ANC / Active noise cancelling
DZc43yHr6ydfgE7zB45e9l,HIFIMAN Ananda Nano Planar Magnetic Headphone,hifiman-ananda-nano-planar-magnetic-headphone,HiFiMan,Requires amplifier,No matching field found for Amp required / Requires amplifier / Amplifier required
DZc43yHr6ydfgE7zB45fiH,HIFIMAN Edition XV Planar Magnetic Headphones,hifiman-edition-xv-planar-magnetic-headphones,HiFiMan,Wearing style,No matching field found for Wearing style
DZc43yHr6ydfgE7zB45fiH,HIFIMAN Edition XV Planar Magnetic Headphones,hifiman-edition-xv-planar-magnetic-headphones,HiFiMan,Back design,No matching field found for Back design / Cup style / Cup / back design
DZc43yHr6ydfgE7zB45fiH,HIFIMAN Edition XV Planar Magnetic Headphones,hifiman-edition-xv-planar-magnetic-headphones,HiFiMan,Driver type,No matching field found for Driver type / Driver Type
DZc43yHr6ydfgE7zB45fiH,HIFIMAN Edition XV Planar Magnetic Headphones,hifiman-edition-xv-planar-magnetic-headphones,HiFiMan,Connectivity,No matching field found for Connectivity
DZc43yHr6ydfgE7zB45fiH,HIFIMAN Edition XV Planar Magnetic Headphones,hifiman-edition-xv-planar-magnetic-headphones,HiFiMan,Connector / plug,No matching field found for Connector / Connector / plug
DZc43yHr6ydfgE7zB45fiH,HIFIMAN Edition XV Planar Magnetic Headphones,hifiman-edition-xv-planar-magnetic-headphones,HiFiMan,Microphone,No matching field found for Microphone / Microphones
DZc43yHr6ydfgE7zB45fiH,HIFIMAN Edition XV Planar Magnetic Headphones,hifiman-edition-xv-planar-magnetic-headphones,HiFiMan,Noise cancelling,No matching field found for Noise cancelling / Noise canceling / ANC / Active noise cancelling
DZc43yHr6ydfgE7zB45fiH,HIFIMAN Edition XV Planar Magnetic Headphones,hifiman-edition-xv-planar-magnetic-headphones,HiFiMan,Requires amplifier,No matching field found for Amp required / Requires amplifier / Amplifier required
DZc43yHr6ydfgE7zB460aC,Audeze CRBN2 Electrostatic Headphones (Case Included),audeze-crbn2-electrostatic-headphones-case-included,Audeze,Wearing style,No matching field found for Wearing style
DZc43yHr6ydfgE7zB460aC,Audeze CRBN2 Electrostatic Headphones (Case Included),audeze-crbn2-electrostatic-headphones-case-included,Audeze,Back design,No matching field found for Back design / Cup style / Cup / back design
DZc43yHr6ydfgE7zB460aC,Audeze CRBN2 Electrostatic Headphones (Case Included),audeze-crbn2-electrostatic-headphones-case-included,Audeze,Driver type,No matching field found for Driver type / Driver Type
DZc43yHr6ydfgE7zB460aC,Audeze CRBN2 Electrostatic Headphones (Case Included),audeze-crbn2-electrostatic-headphones-case-included,Audeze,Connectivity,No matching field found for Connectivity
DZc43yHr6ydfgE7zB460aC,Audeze CRBN2 Electrostatic Headphones (Case Included),audeze-crbn2-electrostatic-headphones-case-included,Audeze,Connector / plug,No matching field found for Connector / Connector / plug
DZc43yHr6ydfgE7zB460aC,Audeze CRBN2 Electrostatic Headphones (Case Included),audeze-crbn2-electrostatic-headphones-case-included,Audeze,Microphone,No matching field found for Microphone / Microphones
DZc43yHr6ydfgE7zB460aC,Audeze CRBN2 Electrostatic Headphones (Case Included),audeze-crbn2-electrostatic-headphones-case-included,Audeze,Noise cancelling,No matching field found for Noise cancelling / Noise canceling / ANC / Active noise cancelling
DZc43yHr6ydfgE7zB460aC,Audeze CRBN2 Electrostatic Headphones (Case Included),audeze-crbn2-electrostatic-headphones-case-included,Audeze,Requires amplifier,No matching field found for Amp required / Requires amplifier / Amplifier required
DZc43yHr6ydfgE7zB462xz,HarmonicDyne x Z Reviews Eris 50mm Dynamic Driver Headphones,harmonicdyne-x-z-reviews-eris-50mm-dynamic-driver-headphones,HarmonicDyne,Wearing style,No matching field found for Wearing style
DZc43yHr6ydfgE7zB462xz,HarmonicDyne x Z Reviews Eris 50mm Dynamic Driver Headphones,harmonicdyne-x-z-reviews-eris-50mm-dynamic-driver-headphones,HarmonicDyne,Back design,No matching field found for Back design / Cup style / Cup / back design
DZc43yHr6ydfgE7zB462xz,HarmonicDyne x Z Reviews Eris 50mm Dynamic Driver Headphones,harmonicdyne-x-z-reviews-eris-50mm-dynamic-driver-headphones,HarmonicDyne,Driver type,No matching field found for Driver type / Driver Type
DZc43yHr6ydfgE7zB462xz,HarmonicDyne x Z Reviews Eris 50mm Dynamic Driver Headphones,harmonicdyne-x-z-reviews-eris-50mm-dynamic-driver-headphones,HarmonicDyne,Connectivity,No matching field found for Connectivity
DZc43yHr6ydfgE7zB462xz,HarmonicDyne x Z Reviews Eris 50mm Dynamic Driver Headphones,harmonicdyne-x-z-reviews-eris-50mm-dynamic-driver-headphones,HarmonicDyne,Connector / plug,No matching field found for Connector / Connector / plug
DZc43yHr6ydfgE7zB462xz,HarmonicDyne x Z Reviews Eris 50mm Dynamic Driver Headphones,harmonicdyne-x-z-reviews-eris-50mm-dynamic-driver-headphones,HarmonicDyne,Microphone,No matching field found for Microphone / Microphones
DZc43yHr6ydfgE7zB462xz,HarmonicDyne x Z Reviews Eris 50mm Dynamic Driver Headphones,harmonicdyne-x-z-reviews-eris-50mm-dynamic-driver-headphones,HarmonicDyne,Noise cancelling,No matching field found for Noise cancelling / Noise canceling / ANC / Active noise cancelling
DZc43yHr6ydfgE7zB462xz,HarmonicDyne x Z Reviews Eris 50mm Dynamic Driver Headphones,harmonicdyne-x-z-reviews-eris-50mm-dynamic-driver-headphones,HarmonicDyne,Requires amplifier,No matching field found for Amp required / Requires amplifier / Amplifier required
DZc43yHr6ydfgE7zB46CG4,iFi GO bar Kensei,ifi-go-bar-kensei,iFi Audio,Device type,No matching field found for Device type / Product type / Type
DZc43yHr6ydfgE7zB46CG4,iFi GO bar Kensei,ifi-go-bar-kensei,iFi Audio,Form factor,No matching field found for Form factor / Portability
DZc43yHr6ydfgE7zB46CG4,iFi GO bar Kensei,ifi-go-bar-kensei,iFi Audio,Amplification,No matching field found for Amplifier type / Amplification
DZc43yHr6ydfgE7zB46CG4,iFi GO bar Kensei,ifi-go-bar-kensei,iFi Audio,DAC included,"Field ""DAC"" raw value ""Bit-Perfect DSD & DXD DAC by Cirrus Logic"" does not map to the closed vocabulary for DAC included"
DZc43yHr6ydfgE7zB46CG4,iFi GO bar Kensei,ifi-go-bar-kensei,iFi Audio,Balanced output,"Field ""Balanced"" raw value ""≤0.0025% (600Ω 2V) @ (20–20kHz)"" does not map to the closed vocabulary for Balanced output"
DZc43yHr6ydfgE7zB46CG4,iFi GO bar Kensei,ifi-go-bar-kensei,iFi Audio,Outputs,No matching field found for Outputs / Output
DZc43yHr6ydfgE7zB46Kfr,xDuoo XD-05 BAL Balanced DAC/Amp,xduoo-xd-05-bal-balanced-dac-amp,XDuoo,Device type,No matching field found for Device type / Product type / Type
DZc43yHr6ydfgE7zB46Kfr,xDuoo XD-05 BAL Balanced DAC/Amp,xduoo-xd-05-bal-balanced-dac-amp,XDuoo,Form factor,No matching field found for Form factor / Portability
DZc43yHr6ydfgE7zB46Kfr,xDuoo XD-05 BAL Balanced DAC/Amp,xduoo-xd-05-bal-balanced-dac-amp,XDuoo,Amplification,No matching field found for Amplifier type / Amplification
DZc43yHr6ydfgE7zB46Kfr,xDuoo XD-05 BAL Balanced DAC/Amp,xduoo-xd-05-bal-balanced-dac-amp,XDuoo,DAC included,No matching field found for DAC included / DAC / Built-in DAC
DZc43yHr6ydfgE7zB46Kfr,xDuoo XD-05 BAL Balanced DAC/Amp,xduoo-xd-05-bal-balanced-dac-amp,XDuoo,Balanced output,No matching field found for Balanced output / Balanced / Balanced connection
DZc43yHr6ydfgE7zB46Kfr,xDuoo XD-05 BAL Balanced DAC/Amp,xduoo-xd-05-bal-balanced-dac-amp,XDuoo,Outputs,"Field ""Outputs"" raw value ""6.35 single-ended, 4.4 balanced, Aux"" does not map to the closed vocabulary for Outputs"
DraufLIOgnzQlqrObMwKGy,"Dekoni Audio Ensemble 4.4mm 64"" Braided Cable with 3.5mm Headphone Connectors",dekoni-audio-ensemble-4-4mm-64-braided-cable-with-3-5mm-headphone-connectors,Dekoni Audio,Accessory type,No matching field found for Accessory type / Type
DraufLIOgnzQlqrObMwKGy,"Dekoni Audio Ensemble 4.4mm 64"" Braided Cable with 3.5mm Headphone Connectors",dekoni-audio-ensemble-4-4mm-64-braided-cable-with-3-5mm-headphone-connectors,Dekoni Audio,Connector / termination,No matching field found for Connector / termination / Connector / Termination
DraufLIOgnzQlqrObMwKGy,"Dekoni Audio Ensemble 4.4mm 64"" Braided Cable with 3.5mm Headphone Connectors",dekoni-audio-ensemble-4-4mm-64-braided-cable-with-3-5mm-headphone-connectors,Dekoni Audio,Compatibility,No matching field found for Compatibility / Compatible with / Fits
E5AJbuTajbv7O6i4rY3WSR,HEDDphone Balanced 4-Pin XLR Cable,heddphone-balanced-4-pin-xlr-cable,HEDD Audio,Accessory type,"Field ""Type"" raw value ""Audio Cable"" does not map to the closed vocabulary for Accessory type"
E5AJbuTajbv7O6i4rY3WSR,HEDDphone Balanced 4-Pin XLR Cable,heddphone-balanced-4-pin-xlr-cable,HEDD Audio,Connector / termination,No matching field found for Connector / termination / Connector / Termination
E5AJbuTajbv7O6i4rY3WSR,HEDDphone Balanced 4-Pin XLR Cable,heddphone-balanced-4-pin-xlr-cable,HEDD Audio,Compatibility,No matching field found for Compatibility / Compatible with / Fits
FVx8zpBk46ZESxpKNI3WOv,Meze Audio MMCX to 3.5mm Silver-Plated Headphone Cable - 3.9 ft.,meze-audio-mmcx-to-3-5mm-silver-plated-headphone-cable-3-9-ft,Meze Audio,Accessory type,No matching field found for Accessory type / Type
FVx8zpBk46ZESxpKNI3WOv,Meze Audio MMCX to 3.5mm Silver-Plated Headphone Cable - 3.9 ft.,meze-audio-mmcx-to-3-5mm-silver-plated-headphone-cable-3-9-ft,Meze Audio,Connector / termination,No matching field found for Connector / termination / Connector / Termination
FVx8zpBk46ZESxpKNI3WOv,Meze Audio MMCX to 3.5mm Silver-Plated Headphone Cable - 3.9 ft.,meze-audio-mmcx-to-3-5mm-silver-plated-headphone-cable-3-9-ft,Meze Audio,Compatibility,No matching field found for Compatibility / Compatible with / Fits
FfAIr0MG25AzkX2gQHNAYN,Memory Foam Isolation Earphone Tips Black - Gemini 3mm,memory-foam-isolation-earphone-tips-black-gemini-3mm,Dekoni Audio,Accessory type,No matching field found for Accessory type / Type
FfAIr0MG25AzkX2gQHNAYN,Memory Foam Isolation Earphone Tips Black - Gemini 3mm,memory-foam-isolation-earphone-tips-black-gemini-3mm,Dekoni Audio,Compatibility,No matching field found for Compatibility / Compatible with / Fits
GPjMdcfFWZVrKyR2PB2gcY,Apos x Community Druid R2R DAC,apos-x-community-druid-r2r-dac,Dekoni Audio,Accessory type,No matching field found for Accessory type / Type
GPjMdcfFWZVrKyR2PB2gcY,Apos x Community Druid R2R DAC,apos-x-community-druid-r2r-dac,Dekoni Audio,Compatibility,No matching field found for Compatibility / Compatible with / Fits
GPjMdcfFWZVrKyR2PB2jje,SJY Horizon Closed Carbon Planar Magnetic Headphones,sjy-horizon-closed-carbon-planar-magnetic-headphones,Dekoni Audio,Accessory type,No matching field found for Accessory type / Type
GPjMdcfFWZVrKyR2PB2jje,SJY Horizon Closed Carbon Planar Magnetic Headphones,sjy-horizon-closed-carbon-planar-magnetic-headphones,Dekoni Audio,Compatibility,No matching field found for Compatibility / Compatible with / Fits
GPjMdcfFWZVrKyR2PB2mFi,Apos x Z Reviews Magia Cable,apos-x-z-reviews-magia-cable,Dekoni Audio,Accessory type,No matching field found for Accessory type / Type
GPjMdcfFWZVrKyR2PB2mFi,Apos x Z Reviews Magia Cable,apos-x-z-reviews-magia-cable,Dekoni Audio,Compatibility,No matching field found for Compatibility / Compatible with / Fits
GPjMdcfFWZVrKyR2PB2ogU,Bob Ross Deskmat,bob-ross-deskmat,Dekoni Audio,Accessory type,No matching field found for Accessory type / Type
GPjMdcfFWZVrKyR2PB2ogU,Bob Ross Deskmat,bob-ross-deskmat,Dekoni Audio,Compatibility,No matching field found for Compatibility / Compatible with / Fits
GPjMdcfFWZVrKyR2PB2rna,RO75 Compact Keyboard,ro75-compact-keyboard,Dekoni Audio,Accessory type,No matching field found for Accessory type / Type
GPjMdcfFWZVrKyR2PB2rna,RO75 Compact Keyboard,ro75-compact-keyboard,Dekoni Audio,Compatibility,"Compatibility raw value ""RO75 Tri-mode CNC Aluminum Keyboard, Silver: CNC Black PC Space Gray/ Black/ Ivory White/ Red: FR4 with flex cuts"" could not be matched to canonical product slugs. Unmatched parts: RO75 Tri-mode CNC Aluminum Keyboard, Silver: CNC Black PC Space Gray, Black, Ivory White, Red: FR4 with flex cuts"
GPjMdcfFWZVrKyR2PB3Hrm,Dekoni Audio EPZ-HD600-HYB Replacement Ear Pads for Sennheiser HD600 Series Headphones Elite Hybrid,dekoni-audio-epz-hd600-hyb-replacement-ear-pads-for-sennheiser-hd600-series-headphones-elite-hyb,Dekoni Audio,Accessory type,No matching field found for Accessory type / Type
GPjMdcfFWZVrKyR2PB3Hrm,Dekoni Audio EPZ-HD600-HYB Replacement Ear Pads for Sennheiser HD600 Series Headphones Elite Hybrid,dekoni-audio-epz-hd600-hyb-replacement-ear-pads-for-sennheiser-hd600-series-headphones-elite-hyb,Dekoni Audio,Compatibility,"Compatibility raw value ""HD 58X, HD 600, 650, 660, 660S, 6XX"" could not be matched to canonical product slugs. Unmatched parts: HD 58X, HD 600, 650, 660, 660S, 6XX"
GPjMdcfFWZVrKyR2PB3KgM,Dekoni Audio EPZ-FOCAL-SK Replacement Ear Pads for Focal Headphones Elite Sheepskin,dekoni-audio-epz-focal-sk-replacement-ear-pads-for-focal-headphones-elite-sheepskin,Dekoni Audio,Accessory type,No matching field found for Accessory type / Type
GPjMdcfFWZVrKyR2PB3KgM,Dekoni Audio EPZ-FOCAL-SK Replacement Ear Pads for Focal Headphones Elite Sheepskin,dekoni-audio-epz-focal-sk-replacement-ear-pads-for-focal-headphones-elite-sheepskin,Dekoni Audio,Compatibility,No matching field found for Compatibility / Compatible with / Fits
GPjMdcfFWZVrKyR2PB3PiU,Bose NC 700 Cooling Gel Earpads - WC FreeZe,bose-nc-700-cooling-gel-earpads-wc-freeze,Wicked Cushions,Accessory type,No matching field found for Accessory type / Type
GPjMdcfFWZVrKyR2PB3PiU,Bose NC 700 Cooling Gel Earpads - WC FreeZe,bose-nc-700-cooling-gel-earpads-wc-freeze,Wicked Cushions,Compatibility,No matching field found for Compatibility / Compatible with / Fits
GPjMdcfFWZVrKyR2PB3TVu,"Arctis Nova Pro Wireless, Nova Elite & Nova Pro Omni Earpads - WC FreeZe Cooling Gel",arctis-nova-pro-wireless-nova-elite-nova-pro-omni-earpads-wc-freeze-cooling-gel,Wicked Cushions,Accessory type,No matching field found for Accessory type / Type
GPjMdcfFWZVrKyR2PB3TVu,"Arctis Nova Pro Wireless, Nova Elite & Nova Pro Omni Earpads - WC FreeZe Cooling Gel",arctis-nova-pro-wireless-nova-elite-nova-pro-omni-earpads-wc-freeze-cooling-gel,Wicked Cushions,Compatibility,No matching field found for Compatibility / Compatible with / Fits
GPjMdcfFWZVrKyR2PB3Z94,Replacement Earpads For Bose QC15 Headphones,replacement-earpads-for-bose-qc15-headphones,Wicked Cushions,Accessory type,No matching field found for Accessory type / Type
GPjMdcfFWZVrKyR2PB3Z94,Replacement Earpads For Bose QC15 Headphones,replacement-earpads-for-bose-qc15-headphones,Wicked Cushions,Compatibility,No matching field found for Compatibility / Compatible with / Fits
GPjMdcfFWZVrKyR2PB3egw,Replacement earpads for Sony MDR-RF985R & More,replacement-earpads-for-sony-mdr-rf985r-more,Wicked Cushions,Accessory type,No matching field found for Accessory type / Type
GPjMdcfFWZVrKyR2PB3egw,Replacement earpads for Sony MDR-RF985R & More,replacement-earpads-for-sony-mdr-rf985r-more,Wicked Cushions,Compatibility,No matching field found for Compatibility / Compatible with / Fits
GPjMdcfFWZVrKyR2PB3qlW,Upgraded Beats Solo 4 Earpads - WC PadZ Solo 4,upgraded-beats-solo-4-earpads-wc-padz-solo-4,Wicked Cushions,Accessory type,No matching field found for Accessory type / Type
GPjMdcfFWZVrKyR2PB3qlW,Upgraded Beats Solo 4 Earpads - WC PadZ Solo 4,upgraded-beats-solo-4-earpads-wc-padz-solo-4,Wicked Cushions,Compatibility,No matching field found for Compatibility / Compatible with / Fits
GPjMdcfFWZVrKyR2PB3sdu,"Astro A50 Gen 4, Gen 5 and A50X Earpads - WC FreeZe Cooling Gel",astro-a50-gen-4-gen-5-and-a50x-earpads-wc-freeze-cooling-gel,Wicked Cushions,Accessory type,No matching field found for Accessory type / Type
GPjMdcfFWZVrKyR2PB3sdu,"Astro A50 Gen 4, Gen 5 and A50X Earpads - WC FreeZe Cooling Gel",astro-a50-gen-4-gen-5-and-a50x-earpads-wc-freeze-cooling-gel,Wicked Cushions,Compatibility,No matching field found for Compatibility / Compatible with / Fits
GPjMdcfFWZVrKyR2PB3t70,WC FreeZe - Hybrid Cooling Gel Infused Gaming Earpads,wc-freeze-hybrid-cooling-gel-infused-gaming-earpads,Wicked Cushions,Accessory type,No matching field found for Accessory type / Type
GPjMdcfFWZVrKyR2PB3t70,WC FreeZe - Hybrid Cooling Gel Infused Gaming Earpads,wc-freeze-hybrid-cooling-gel-infused-gaming-earpads,Wicked Cushions,Compatibility,No matching field found for Compatibility / Compatible with / Fits
GPjMdcfFWZVrKyR2PB494I,Find Tips for your Device,find-tips-for-your-device,Comply,Accessory type,No matching field found for Accessory type / Type
GPjMdcfFWZVrKyR2PB494I,Find Tips for your Device,find-tips-for-your-device,Comply,Compatibility,No matching field found for Compatibility / Compatible with / Fits
GPjMdcfFWZVrKyR2PB4Jgw,Galaxy Buds Pro 3 & 4 Memory Foam Ear Tips - WC TipZ Galaxy,galaxy-buds-pro-3-4-memory-foam-ear-tips-wc-tipz-galaxy,Wicked Cushions,Accessory type,No matching field found for Accessory type / Type
GPjMdcfFWZVrKyR2PB4Jgw,Galaxy Buds Pro 3 & 4 Memory Foam Ear Tips - WC TipZ Galaxy,galaxy-buds-pro-3-4-memory-foam-ear-tips-wc-tipz-galaxy,Wicked Cushions,Compatibility,No matching field found for Compatibility / Compatible with / Fits
GPjMdcfFWZVrKyR2PB4Lju,Earbud Cleaning Kit,earbud-cleaning-kit,Comply,Accessory type,No matching field found for Accessory type / Type
GPjMdcfFWZVrKyR2PB4Lju,Earbud Cleaning Kit,earbud-cleaning-kit,Comply,Compatibility,No matching field found for Compatibility / Compatible with / Fits
GPjMdcfFWZVrKyR2PB4QYo,TOPPING DX3 Pro+ Bluetooth DAC/Amp,topping-dx3-pro-bluetooth-dac-amp,Topping,Device type,No matching field found for Device type / Product type / Type
GPjMdcfFWZVrKyR2PB4QYo,TOPPING DX3 Pro+ Bluetooth DAC/Amp,topping-dx3-pro-bluetooth-dac-amp,Topping,Form factor,No matching field found for Form factor / Portability
GPjMdcfFWZVrKyR2PB4QYo,TOPPING DX3 Pro+ Bluetooth DAC/Amp,topping-dx3-pro-bluetooth-dac-amp,Topping,Amplification,No matching field found for Amplifier type / Amplification
GPjMdcfFWZVrKyR2PB4QYo,TOPPING DX3 Pro+ Bluetooth DAC/Amp,topping-dx3-pro-bluetooth-dac-amp,Topping,DAC included,No matching field found for DAC included / DAC / Built-in DAC
GPjMdcfFWZVrKyR2PB4QYo,TOPPING DX3 Pro+ Bluetooth DAC/Amp,topping-dx3-pro-bluetooth-dac-amp,Topping,Balanced output,No matching field found for Balanced output / Balanced / Balanced connection
GPjMdcfFWZVrKyR2PB4QYo,TOPPING DX3 Pro+ Bluetooth DAC/Amp,topping-dx3-pro-bluetooth-dac-amp,Topping,Inputs,No matching field found for Inputs / Input
GPjMdcfFWZVrKyR2PB4QYo,TOPPING DX3 Pro+ Bluetooth DAC/Amp,topping-dx3-pro-bluetooth-dac-amp,Topping,Outputs,No matching field found for Outputs / Output
GPjMdcfFWZVrKyR2PB4pYs,Meze Audio 109 PRO Dynamic Open-Back Headphone (Apos Certified),meze-audio-109-pro-dynamic-open-back-headphone-apos-certified,Meze Audio,Wearing style,No matching field found for Wearing style
GPjMdcfFWZVrKyR2PB4pYs,Meze Audio 109 PRO Dynamic Open-Back Headphone (Apos Certified),meze-audio-109-pro-dynamic-open-back-headphone-apos-certified,Meze Audio,Back design,No matching field found for Back design / Cup style / Cup / back design
GPjMdcfFWZVrKyR2PB4pYs,Meze Audio 109 PRO Dynamic Open-Back Headphone (Apos Certified),meze-audio-109-pro-dynamic-open-back-headphone-apos-certified,Meze Audio,Connectivity,No matching field found for Connectivity
GPjMdcfFWZVrKyR2PB4pYs,Meze Audio 109 PRO Dynamic Open-Back Headphone (Apos Certified),meze-audio-109-pro-dynamic-open-back-headphone-apos-certified,Meze Audio,Connector / plug,No matching field found for Connector / Connector / plug
GPjMdcfFWZVrKyR2PB4pYs,Meze Audio 109 PRO Dynamic Open-Back Headphone (Apos Certified),meze-audio-109-pro-dynamic-open-back-headphone-apos-certified,Meze Audio,Microphone,No matching field found for Microphone / Microphones
GPjMdcfFWZVrKyR2PB4pYs,Meze Audio 109 PRO Dynamic Open-Back Headphone (Apos Certified),meze-audio-109-pro-dynamic-open-back-headphone-apos-certified,Meze Audio,Noise cancelling,No matching field found for Noise cancelling / Noise canceling / ANC / Active noise cancelling
GPjMdcfFWZVrKyR2PB4pYs,Meze Audio 109 PRO Dynamic Open-Back Headphone (Apos Certified),meze-audio-109-pro-dynamic-open-back-headphone-apos-certified,Meze Audio,Requires amplifier,No matching field found for Amp required / Requires amplifier / Amplifier required
GPjMdcfFWZVrKyR2PB4zFK,Meze 105 AER Open-Back Headphones,meze-105-aer-open-back-headphones,Meze Audio,Wearing style,No matching field found for Wearing style
GPjMdcfFWZVrKyR2PB4zFK,Meze 105 AER Open-Back Headphones,meze-105-aer-open-back-headphones,Meze Audio,Back design,No matching field found for Back design / Cup style / Cup / back design
GPjMdcfFWZVrKyR2PB4zFK,Meze 105 AER Open-Back Headphones,meze-105-aer-open-back-headphones,Meze Audio,Driver type,No matching field found for Driver type / Driver Type
GPjMdcfFWZVrKyR2PB4zFK,Meze 105 AER Open-Back Headphones,meze-105-aer-open-back-headphones,Meze Audio,Connectivity,No matching field found for Connectivity
GPjMdcfFWZVrKyR2PB4zFK,Meze 105 AER Open-Back Headphones,meze-105-aer-open-back-headphones,Meze Audio,Connector / plug,No matching field found for Connector / Connector / plug
GPjMdcfFWZVrKyR2PB4zFK,Meze 105 AER Open-Back Headphones,meze-105-aer-open-back-headphones,Meze Audio,Microphone,No matching field found for Microphone / Microphones
GPjMdcfFWZVrKyR2PB4zFK,Meze 105 AER Open-Back Headphones,meze-105-aer-open-back-headphones,Meze Audio,Noise cancelling,No matching field found for Noise cancelling / Noise canceling / ANC / Active noise cancelling
GPjMdcfFWZVrKyR2PB4zFK,Meze 105 AER Open-Back Headphones,meze-105-aer-open-back-headphones,Meze Audio,Requires amplifier,No matching field found for Amp required / Requires amplifier / Amplifier required
GPjMdcfFWZVrKyR2PB54HS,Audeze LCD-X Open Back Headphone,audeze-lcd-x-open-back-headphone,Audeze,Wearing style,No matching field found for Wearing style
GPjMdcfFWZVrKyR2PB54HS,Audeze LCD-X Open Back Headphone,audeze-lcd-x-open-back-headphone,Audeze,Back design,No matching field found for Back design / Cup style / Cup / back design
GPjMdcfFWZVrKyR2PB54HS,Audeze LCD-X Open Back Headphone,audeze-lcd-x-open-back-headphone,Audeze,Driver type,No matching field found for Driver type / Driver Type
GPjMdcfFWZVrKyR2PB54HS,Audeze LCD-X Open Back Headphone,audeze-lcd-x-open-back-headphone,Audeze,Connectivity,No matching field found for Connectivity
GPjMdcfFWZVrKyR2PB54HS,Audeze LCD-X Open Back Headphone,audeze-lcd-x-open-back-headphone,Audeze,Connector / plug,No matching field found for Connector / Connector / plug
GPjMdcfFWZVrKyR2PB54HS,Audeze LCD-X Open Back Headphone,audeze-lcd-x-open-back-headphone,Audeze,Microphone,No matching field found for Microphone / Microphones
GPjMdcfFWZVrKyR2PB54HS,Audeze LCD-X Open Back Headphone,audeze-lcd-x-open-back-headphone,Audeze,Noise cancelling,No matching field found for Noise cancelling / Noise canceling / ANC / Active noise cancelling
GPjMdcfFWZVrKyR2PB54HS,Audeze LCD-X Open Back Headphone,audeze-lcd-x-open-back-headphone,Audeze,Requires amplifier,No matching field found for Amp required / Requires amplifier / Amplifier required
GPjMdcfFWZVrKyR2PB55De,Audeze LCD-5 Planar Magnetic Headphone,audeze-lcd-5-planar-magnetic-headphone,Audeze,Wearing style,No matching field found for Wearing style
GPjMdcfFWZVrKyR2PB55De,Audeze LCD-5 Planar Magnetic Headphone,audeze-lcd-5-planar-magnetic-headphone,Audeze,Back design,No matching field found for Back design / Cup style / Cup / back design
GPjMdcfFWZVrKyR2PB55De,Audeze LCD-5 Planar Magnetic Headphone,audeze-lcd-5-planar-magnetic-headphone,Audeze,Driver type,No matching field found for Driver type / Driver Type
GPjMdcfFWZVrKyR2PB55De,Audeze LCD-5 Planar Magnetic Headphone,audeze-lcd-5-planar-magnetic-headphone,Audeze,Connectivity,No matching field found for Connectivity
GPjMdcfFWZVrKyR2PB55De,Audeze LCD-5 Planar Magnetic Headphone,audeze-lcd-5-planar-magnetic-headphone,Audeze,Connector / plug,No matching field found for Connector / Connector / plug
GPjMdcfFWZVrKyR2PB55De,Audeze LCD-5 Planar Magnetic Headphone,audeze-lcd-5-planar-magnetic-headphone,Audeze,Microphone,No matching field found for Microphone / Microphones
GPjMdcfFWZVrKyR2PB55De,Audeze LCD-5 Planar Magnetic Headphone,audeze-lcd-5-planar-magnetic-headphone,Audeze,Noise cancelling,No matching field found for Noise cancelling / Noise canceling / ANC / Active noise cancelling
GPjMdcfFWZVrKyR2PB55De,Audeze LCD-5 Planar Magnetic Headphone,audeze-lcd-5-planar-magnetic-headphone,Audeze,Requires amplifier,No matching field found for Amp required / Requires amplifier / Amplifier required
GPjMdcfFWZVrKyR2PB57uI,Sennheiser HD 800S Dynamic Open-back Headphones,sennheiser-hd-800s-dynamic-open-back-headphones,Sennheiser,Wearing style,No matching field found for Wearing style
GPjMdcfFWZVrKyR2PB57uI,Sennheiser HD 800S Dynamic Open-back Headphones,sennheiser-hd-800s-dynamic-open-back-headphones,Sennheiser,Back design,No matching field found for Back design / Cup style / Cup / back design
GPjMdcfFWZVrKyR2PB57uI,Sennheiser HD 800S Dynamic Open-back Headphones,sennheiser-hd-800s-dynamic-open-back-headphones,Sennheiser,Driver type,No matching field found for Driver type / Driver Type
GPjMdcfFWZVrKyR2PB57uI,Sennheiser HD 800S Dynamic Open-back Headphones,sennheiser-hd-800s-dynamic-open-back-headphones,Sennheiser,Connectivity,No matching field found for Connectivity
GPjMdcfFWZVrKyR2PB57uI,Sennheiser HD 800S Dynamic Open-back Headphones,sennheiser-hd-800s-dynamic-open-back-headphones,Sennheiser,Connector / plug,"Field ""Connector"" raw value ""1/4"" (6.3mm) gold-plated stereo jack plug"" does not map to the closed vocabulary for Connector / plug"
GPjMdcfFWZVrKyR2PB57uI,Sennheiser HD 800S Dynamic Open-back Headphones,sennheiser-hd-800s-dynamic-open-back-headphones,Sennheiser,Microphone,No matching field found for Microphone / Microphones
GPjMdcfFWZVrKyR2PB57uI,Sennheiser HD 800S Dynamic Open-back Headphones,sennheiser-hd-800s-dynamic-open-back-headphones,Sennheiser,Noise cancelling,No matching field found for Noise cancelling / Noise canceling / ANC / Active noise cancelling
GPjMdcfFWZVrKyR2PB57uI,Sennheiser HD 800S Dynamic Open-back Headphones,sennheiser-hd-800s-dynamic-open-back-headphones,Sennheiser,Requires amplifier,No matching field found for Amp required / Requires amplifier / Amplifier required
GPjMdcfFWZVrKyR2PB5Gjq,Audio-Technica ATH-ADX7000 Headphones,audio-technica-ath-adx7000-headphones,Audio-Technica,Wearing style,No matching field found for Wearing style
GPjMdcfFWZVrKyR2PB5Gjq,Audio-Technica ATH-ADX7000 Headphones,audio-technica-ath-adx7000-headphones,Audio-Technica,Back design,No matching field found for Back design / Cup style / Cup / back design
GPjMdcfFWZVrKyR2PB5Gjq,Audio-Technica ATH-ADX7000 Headphones,audio-technica-ath-adx7000-headphones,Audio-Technica,Driver type,No matching field found for Driver type / Driver Type
GPjMdcfFWZVrKyR2PB5Gjq,Audio-Technica ATH-ADX7000 Headphones,audio-technica-ath-adx7000-headphones,Audio-Technica,Connectivity,No matching field found for Connectivity
GPjMdcfFWZVrKyR2PB5Gjq,Audio-Technica ATH-ADX7000 Headphones,audio-technica-ath-adx7000-headphones,Audio-Technica,Connector / plug,No matching field found for Connector / Connector / plug
GPjMdcfFWZVrKyR2PB5Gjq,Audio-Technica ATH-ADX7000 Headphones,audio-technica-ath-adx7000-headphones,Audio-Technica,Microphone,No matching field found for Microphone / Microphones
GPjMdcfFWZVrKyR2PB5Gjq,Audio-Technica ATH-ADX7000 Headphones,audio-technica-ath-adx7000-headphones,Audio-Technica,Noise cancelling,No matching field found for Noise cancelling / Noise canceling / ANC / Active noise cancelling
GPjMdcfFWZVrKyR2PB5Gjq,Audio-Technica ATH-ADX7000 Headphones,audio-technica-ath-adx7000-headphones,Audio-Technica,Requires amplifier,No matching field found for Amp required / Requires amplifier / Amplifier required
GPjMdcfFWZVrKyR2PB5Jys,Meze Manta Headphone Stand,meze-manta-headphone-stand,Meze Audio,Accessory type,No matching field found for Accessory type / Type
GPjMdcfFWZVrKyR2PB5Jys,Meze Manta Headphone Stand,meze-manta-headphone-stand,Meze Audio,Compatibility,No matching field found for Compatibility / Compatible with / Fits
GPjMdcfFWZVrKyR2PB5L30,Salad Halo Headphone Stand,salad-halo-headphone-stand,Salad,Accessory type,No matching field found for Accessory type / Type
GPjMdcfFWZVrKyR2PB5L30,Salad Halo Headphone Stand,salad-halo-headphone-stand,Salad,Compatibility,No matching field found for Compatibility / Compatible with / Fits
GPjMdcfFWZVrKyR2PB5NeM,iFi NEO Stream,ifi-neo-stream,iFi Audio,Device type,No matching field found for Device type / Product type / Type
GPjMdcfFWZVrKyR2PB5NeM,iFi NEO Stream,ifi-neo-stream,iFi Audio,Form factor,No matching field found for Form factor / Portability
GPjMdcfFWZVrKyR2PB5NeM,iFi NEO Stream,ifi-neo-stream,iFi Audio,Amplification,No matching field found for Amplifier type / Amplification
GPjMdcfFWZVrKyR2PB5NeM,iFi NEO Stream,ifi-neo-stream,iFi Audio,DAC included,No matching field found for DAC included / DAC / Built-in DAC
GPjMdcfFWZVrKyR2PB5NeM,iFi NEO Stream,ifi-neo-stream,iFi Audio,Balanced output,No matching field found for Balanced output / Balanced / Balanced connection
GPjMdcfFWZVrKyR2PB5NeM,iFi NEO Stream,ifi-neo-stream,iFi Audio,Inputs,No matching field found for Inputs / Input
GPjMdcfFWZVrKyR2PB5NeM,iFi NEO Stream,ifi-neo-stream,iFi Audio,Outputs,No matching field found for Outputs / Output
GPjMdcfFWZVrKyR2PB5Tcg,YULONG DAART Asura Music Streamer & Desktop DAC & Headphone Amplifier,yulong-daart-asura-music-streamer-desktop-dac-headphone-amplifier,Yulong,Device type,No matching field found for Device type / Product type / Type
GPjMdcfFWZVrKyR2PB5Tcg,YULONG DAART Asura Music Streamer & Desktop DAC & Headphone Amplifier,yulong-daart-asura-music-streamer-desktop-dac-headphone-amplifier,Yulong,Form factor,No matching field found for Form factor / Portability
GPjMdcfFWZVrKyR2PB5Tcg,YULONG DAART Asura Music Streamer & Desktop DAC & Headphone Amplifier,yulong-daart-asura-music-streamer-desktop-dac-headphone-amplifier,Yulong,Amplification,No matching field found for Amplifier type / Amplification
GPjMdcfFWZVrKyR2PB5Tcg,YULONG DAART Asura Music Streamer & Desktop DAC & Headphone Amplifier,yulong-daart-asura-music-streamer-desktop-dac-headphone-amplifier,Yulong,DAC included,No matching field found for DAC included / DAC / Built-in DAC
GPjMdcfFWZVrKyR2PB5Tcg,YULONG DAART Asura Music Streamer & Desktop DAC & Headphone Amplifier,yulong-daart-asura-music-streamer-desktop-dac-headphone-amplifier,Yulong,Balanced output,No matching field found for Balanced output / Balanced / Balanced connection
GPjMdcfFWZVrKyR2PB5Tcg,YULONG DAART Asura Music Streamer & Desktop DAC & Headphone Amplifier,yulong-daart-asura-music-streamer-desktop-dac-headphone-amplifier,Yulong,Inputs,No matching field found for Inputs / Input
GPjMdcfFWZVrKyR2PB5Tcg,YULONG DAART Asura Music Streamer & Desktop DAC & Headphone Amplifier,yulong-daart-asura-music-streamer-desktop-dac-headphone-amplifier,Yulong,Outputs,No matching field found for Outputs / Output
GPjMdcfFWZVrKyR2PB5pis,LADDER Czerny R2R Desktop DAC,ladder-czerny-r2r-desktop-dac,Ladder,Form factor,No matching field found for Form factor / Portability
GPjMdcfFWZVrKyR2PB5pis,LADDER Czerny R2R Desktop DAC,ladder-czerny-r2r-desktop-dac,Ladder,Amplification,No matching field found for Amplifier type / Amplification
GPjMdcfFWZVrKyR2PB5pis,LADDER Czerny R2R Desktop DAC,ladder-czerny-r2r-desktop-dac,Ladder,DAC included,No matching field found for DAC included / DAC / Built-in DAC
GPjMdcfFWZVrKyR2PB5pis,LADDER Czerny R2R Desktop DAC,ladder-czerny-r2r-desktop-dac,Ladder,Balanced output,No matching field found for Balanced output / Balanced / Balanced connection
GPjMdcfFWZVrKyR2PB5pis,LADDER Czerny R2R Desktop DAC,ladder-czerny-r2r-desktop-dac,Ladder,Inputs,No matching field found for Inputs / Input
GPjMdcfFWZVrKyR2PB5pis,LADDER Czerny R2R Desktop DAC,ladder-czerny-r2r-desktop-dac,Ladder,Outputs,No matching field found for Outputs / Output
GPjMdcfFWZVrKyR2PB6DOw,xDuoo XD05 Pro (XD05Pro) Hard Nucleus Modular DAC/Amp,xduoo-xd05-pro-xd05pro-hard-nucleus-modular-dac-amp,XDuoo,Device type,No matching field found for Device type / Product type / Type
GPjMdcfFWZVrKyR2PB6DOw,xDuoo XD05 Pro (XD05Pro) Hard Nucleus Modular DAC/Amp,xduoo-xd05-pro-xd05pro-hard-nucleus-modular-dac-amp,XDuoo,Form factor,No matching field found for Form factor / Portability
GPjMdcfFWZVrKyR2PB6DOw,xDuoo XD05 Pro (XD05Pro) Hard Nucleus Modular DAC/Amp,xduoo-xd05-pro-xd05pro-hard-nucleus-modular-dac-amp,XDuoo,Amplification,No matching field found for Amplifier type / Amplification
GPjMdcfFWZVrKyR2PB6DOw,xDuoo XD05 Pro (XD05Pro) Hard Nucleus Modular DAC/Amp,xduoo-xd05-pro-xd05pro-hard-nucleus-modular-dac-amp,XDuoo,DAC included,No matching field found for DAC included / DAC / Built-in DAC
GPjMdcfFWZVrKyR2PB6DOw,xDuoo XD05 Pro (XD05Pro) Hard Nucleus Modular DAC/Amp,xduoo-xd05-pro-xd05pro-hard-nucleus-modular-dac-amp,XDuoo,Balanced output,No matching field found for Balanced output / Balanced / Balanced connection
GPjMdcfFWZVrKyR2PB6DOw,xDuoo XD05 Pro (XD05Pro) Hard Nucleus Modular DAC/Amp,xduoo-xd05-pro-xd05pro-hard-nucleus-modular-dac-amp,XDuoo,Inputs,No matching field found for Inputs / Input
GPjMdcfFWZVrKyR2PB6DOw,xDuoo XD05 Pro (XD05Pro) Hard Nucleus Modular DAC/Amp,xduoo-xd05-pro-xd05pro-hard-nucleus-modular-dac-amp,XDuoo,Outputs,No matching field found for Outputs / Output
GPjMdcfFWZVrKyR2PB6EDC,xDuoo TA-10R Tube DAC/Amp,xduoo-ta-10r-tube-dac-amp,XDuoo,Device type,No matching field found for Device type / Product type / Type
GPjMdcfFWZVrKyR2PB6EDC,xDuoo TA-10R Tube DAC/Amp,xduoo-ta-10r-tube-dac-amp,XDuoo,Form factor,No matching field found for Form factor / Portability
GPjMdcfFWZVrKyR2PB6EDC,xDuoo TA-10R Tube DAC/Amp,xduoo-ta-10r-tube-dac-amp,XDuoo,Amplification,No matching field found for Amplifier type / Amplification
GPjMdcfFWZVrKyR2PB6EDC,xDuoo TA-10R Tube DAC/Amp,xduoo-ta-10r-tube-dac-amp,XDuoo,DAC included,No matching field found for DAC included / DAC / Built-in DAC
GPjMdcfFWZVrKyR2PB6EDC,xDuoo TA-10R Tube DAC/Amp,xduoo-ta-10r-tube-dac-amp,XDuoo,Balanced output,No matching field found for Balanced output / Balanced / Balanced connection
GPjMdcfFWZVrKyR2PB6EDC,xDuoo TA-10R Tube DAC/Amp,xduoo-ta-10r-tube-dac-amp,XDuoo,Inputs,No matching field found for Inputs / Input
GPjMdcfFWZVrKyR2PB6EDC,xDuoo TA-10R Tube DAC/Amp,xduoo-ta-10r-tube-dac-amp,XDuoo,Outputs,No matching field found for Outputs / Output
GPjMdcfFWZVrKyR2PB6IuA,LADDER Chopin Desktop R2R Pre-amplifier,ladder-chopin-desktop-r2r-pre-amplifier,Ladder,Device type,"Field ""Type"" raw value ""Fully discrete Class-A line-stage preamplifier"" does not map to the closed vocabulary for Device type"
GPjMdcfFWZVrKyR2PB6IuA,LADDER Chopin Desktop R2R Pre-amplifier,ladder-chopin-desktop-r2r-pre-amplifier,Ladder,Form factor,No matching field found for Form factor / Portability
GPjMdcfFWZVrKyR2PB6IuA,LADDER Chopin Desktop R2R Pre-amplifier,ladder-chopin-desktop-r2r-pre-amplifier,Ladder,Amplification,No matching field found for Amplifier type / Amplification
GPjMdcfFWZVrKyR2PB6IuA,LADDER Chopin Desktop R2R Pre-amplifier,ladder-chopin-desktop-r2r-pre-amplifier,Ladder,DAC included,No matching field found for DAC included / DAC / Built-in DAC
GPjMdcfFWZVrKyR2PB6IuA,LADDER Chopin Desktop R2R Pre-amplifier,ladder-chopin-desktop-r2r-pre-amplifier,Ladder,Balanced output,No matching field found for Balanced output / Balanced / Balanced connection
GPjMdcfFWZVrKyR2PB6IuA,LADDER Chopin Desktop R2R Pre-amplifier,ladder-chopin-desktop-r2r-pre-amplifier,Ladder,Outputs,"Field ""Outputs"" raw value ""RCA: 2.0Vrms"" does not map to the closed vocabulary for Outputs"
GPjMdcfFWZVrKyR2PB6how,Yulong Canary II DAC/Amp,yulong-canary-ii-dac-amp,Yulong,Device type,No matching field found for Device type / Product type / Type
GPjMdcfFWZVrKyR2PB6how,Yulong Canary II DAC/Amp,yulong-canary-ii-dac-amp,Yulong,Form factor,No matching field found for Form factor / Portability
GPjMdcfFWZVrKyR2PB6how,Yulong Canary II DAC/Amp,yulong-canary-ii-dac-amp,Yulong,Amplification,No matching field found for Amplifier type / Amplification
GPjMdcfFWZVrKyR2PB6how,Yulong Canary II DAC/Amp,yulong-canary-ii-dac-amp,Yulong,DAC included,No matching field found for DAC included / DAC / Built-in DAC
GPjMdcfFWZVrKyR2PB6how,Yulong Canary II DAC/Amp,yulong-canary-ii-dac-amp,Yulong,Balanced output,No matching field found for Balanced output / Balanced / Balanced connection
GPjMdcfFWZVrKyR2PB6how,Yulong Canary II DAC/Amp,yulong-canary-ii-dac-amp,Yulong,Inputs,No matching field found for Inputs / Input
GPjMdcfFWZVrKyR2PB6how,Yulong Canary II DAC/Amp,yulong-canary-ii-dac-amp,Yulong,Outputs,No matching field found for Outputs / Output
GPjMdcfFWZVrKyR2PB6tb0,Fosi Audio Q4 Mini Stereo Gaming DAC & Headphone Amplifier Audio,fosi-audio-q4-mini-stereo-gaming-dac-headphone-amplifier-audio,Fosi Audio,Device type,No matching field found for Device type / Product type / Type
GPjMdcfFWZVrKyR2PB6tb0,Fosi Audio Q4 Mini Stereo Gaming DAC & Headphone Amplifier Audio,fosi-audio-q4-mini-stereo-gaming-dac-headphone-amplifier-audio,Fosi Audio,Form factor,No matching field found for Form factor / Portability
GPjMdcfFWZVrKyR2PB6tb0,Fosi Audio Q4 Mini Stereo Gaming DAC & Headphone Amplifier Audio,fosi-audio-q4-mini-stereo-gaming-dac-headphone-amplifier-audio,Fosi Audio,Amplification,No matching field found for Amplifier type / Amplification
GPjMdcfFWZVrKyR2PB6tb0,Fosi Audio Q4 Mini Stereo Gaming DAC & Headphone Amplifier Audio,fosi-audio-q4-mini-stereo-gaming-dac-headphone-amplifier-audio,Fosi Audio,DAC included,No matching field found for DAC included / DAC / Built-in DAC
GPjMdcfFWZVrKyR2PB6tb0,Fosi Audio Q4 Mini Stereo Gaming DAC & Headphone Amplifier Audio,fosi-audio-q4-mini-stereo-gaming-dac-headphone-amplifier-audio,Fosi Audio,Balanced output,No matching field found for Balanced output / Balanced / Balanced connection
GPjMdcfFWZVrKyR2PB6tb0,Fosi Audio Q4 Mini Stereo Gaming DAC & Headphone Amplifier Audio,fosi-audio-q4-mini-stereo-gaming-dac-headphone-amplifier-audio,Fosi Audio,Inputs,No matching field found for Inputs / Input
GPjMdcfFWZVrKyR2PB6tb0,Fosi Audio Q4 Mini Stereo Gaming DAC & Headphone Amplifier Audio,fosi-audio-q4-mini-stereo-gaming-dac-headphone-amplifier-audio,Fosi Audio,Outputs,No matching field found for Outputs / Output
GPjMdcfFWZVrKyR2PB6xuA,Fosi Audio K5 Pro Gaming DAC/ Headphone Amplifier,fosi-audio-k5-pro-gaming-dac-headphone-amplifier,Fosi Audio,Device type,No matching field found for Device type / Product type / Type
GPjMdcfFWZVrKyR2PB6xuA,Fosi Audio K5 Pro Gaming DAC/ Headphone Amplifier,fosi-audio-k5-pro-gaming-dac-headphone-amplifier,Fosi Audio,Form factor,No matching field found for Form factor / Portability
GPjMdcfFWZVrKyR2PB6xuA,Fosi Audio K5 Pro Gaming DAC/ Headphone Amplifier,fosi-audio-k5-pro-gaming-dac-headphone-amplifier,Fosi Audio,Amplification,No matching field found for Amplifier type / Amplification
GPjMdcfFWZVrKyR2PB6xuA,Fosi Audio K5 Pro Gaming DAC/ Headphone Amplifier,fosi-audio-k5-pro-gaming-dac-headphone-amplifier,Fosi Audio,DAC included,No matching field found for DAC included / DAC / Built-in DAC
GPjMdcfFWZVrKyR2PB6xuA,Fosi Audio K5 Pro Gaming DAC/ Headphone Amplifier,fosi-audio-k5-pro-gaming-dac-headphone-amplifier,Fosi Audio,Balanced output,No matching field found for Balanced output / Balanced / Balanced connection
GPjMdcfFWZVrKyR2PB6xuA,Fosi Audio K5 Pro Gaming DAC/ Headphone Amplifier,fosi-audio-k5-pro-gaming-dac-headphone-amplifier,Fosi Audio,Inputs,No matching field found for Inputs / Input
GPjMdcfFWZVrKyR2PB6xuA,Fosi Audio K5 Pro Gaming DAC/ Headphone Amplifier,fosi-audio-k5-pro-gaming-dac-headphone-amplifier,Fosi Audio,Outputs,No matching field found for Outputs / Output
GPjMdcfFWZVrKyR2PB6zec,Burson Playmate 3 Class-A Headphone Amp/ Pre-Amp/ DAC,burson-playmate-3-class-a-headphone-amp-pre-amp-dac,Burson Audio,Device type,No matching field found for Device type / Product type / Type
GPjMdcfFWZVrKyR2PB6zec,Burson Playmate 3 Class-A Headphone Amp/ Pre-Amp/ DAC,burson-playmate-3-class-a-headphone-amp-pre-amp-dac,Burson Audio,Form factor,No matching field found for Form factor / Portability
GPjMdcfFWZVrKyR2PB6zec,Burson Playmate 3 Class-A Headphone Amp/ Pre-Amp/ DAC,burson-playmate-3-class-a-headphone-amp-pre-amp-dac,Burson Audio,Amplification,No matching field found for Amplifier type / Amplification
GPjMdcfFWZVrKyR2PB6zec,Burson Playmate 3 Class-A Headphone Amp/ Pre-Amp/ DAC,burson-playmate-3-class-a-headphone-amp-pre-amp-dac,Burson Audio,DAC included,No matching field found for DAC included / DAC / Built-in DAC
GPjMdcfFWZVrKyR2PB6zec,Burson Playmate 3 Class-A Headphone Amp/ Pre-Amp/ DAC,burson-playmate-3-class-a-headphone-amp-pre-amp-dac,Burson Audio,Balanced output,No matching field found for Balanced output / Balanced / Balanced connection
GPjMdcfFWZVrKyR2PB6zec,Burson Playmate 3 Class-A Headphone Amp/ Pre-Amp/ DAC,burson-playmate-3-class-a-headphone-amp-pre-amp-dac,Burson Audio,Outputs,"Field ""Outputs"" raw value ""Pre-amp | DAC | Headphone jack"" does not map to the closed vocabulary for Outputs"
GPjMdcfFWZVrKyR2PB71sA,TOPPING A90 Discrete Headphone Amp,topping-a90-discrete-headphone-amp,Topping,Device type,No matching field found for Device type / Product type / Type
GPjMdcfFWZVrKyR2PB71sA,TOPPING A90 Discrete Headphone Amp,topping-a90-discrete-headphone-amp,Topping,Form factor,No matching field found for Form factor / Portability
GPjMdcfFWZVrKyR2PB71sA,TOPPING A90 Discrete Headphone Amp,topping-a90-discrete-headphone-amp,Topping,Amplification,No matching field found for Amplifier type / Amplification
GPjMdcfFWZVrKyR2PB71sA,TOPPING A90 Discrete Headphone Amp,topping-a90-discrete-headphone-amp,Topping,DAC included,No matching field found for DAC included / DAC / Built-in DAC
GPjMdcfFWZVrKyR2PB71sA,TOPPING A90 Discrete Headphone Amp,topping-a90-discrete-headphone-amp,Topping,Balanced output,No matching field found for Balanced output / Balanced / Balanced connection
GPjMdcfFWZVrKyR2PB71sA,TOPPING A90 Discrete Headphone Amp,topping-a90-discrete-headphone-amp,Topping,Inputs,No matching field found for Inputs / Input
GPjMdcfFWZVrKyR2PB71sA,TOPPING A90 Discrete Headphone Amp,topping-a90-discrete-headphone-amp,Topping,Outputs,No matching field found for Outputs / Output
GPjMdcfFWZVrKyR2PB76mM,xDuoo TA-22 DAC/Tube Amp,xduoo-ta-22-dac-tube-amp,XDuoo,Device type,No matching field found for Device type / Product type / Type
GPjMdcfFWZVrKyR2PB76mM,xDuoo TA-22 DAC/Tube Amp,xduoo-ta-22-dac-tube-amp,XDuoo,Form factor,No matching field found for Form factor / Portability
GPjMdcfFWZVrKyR2PB76mM,xDuoo TA-22 DAC/Tube Amp,xduoo-ta-22-dac-tube-amp,XDuoo,Amplification,No matching field found for Amplifier type / Amplification
GPjMdcfFWZVrKyR2PB76mM,xDuoo TA-22 DAC/Tube Amp,xduoo-ta-22-dac-tube-amp,XDuoo,DAC included,No matching field found for DAC included / DAC / Built-in DAC
GPjMdcfFWZVrKyR2PB76mM,xDuoo TA-22 DAC/Tube Amp,xduoo-ta-22-dac-tube-amp,XDuoo,Balanced output,No matching field found for Balanced output / Balanced / Balanced connection
GPjMdcfFWZVrKyR2PB76mM,xDuoo TA-22 DAC/Tube Amp,xduoo-ta-22-dac-tube-amp,XDuoo,Inputs,No matching field found for Inputs / Input
GPjMdcfFWZVrKyR2PB76mM,xDuoo TA-22 DAC/Tube Amp,xduoo-ta-22-dac-tube-amp,XDuoo,Outputs,No matching field found for Outputs / Output
GPjMdcfFWZVrKyR2PB7D0Y,xDuoo TA-66 OTL Tube Amplifier,xduoo-ta-66-otl-tube-amplifier,XDuoo,Device type,No matching field found for Device type / Product type / Type
GPjMdcfFWZVrKyR2PB7D0Y,xDuoo TA-66 OTL Tube Amplifier,xduoo-ta-66-otl-tube-amplifier,XDuoo,Form factor,No matching field found for Form factor / Portability
GPjMdcfFWZVrKyR2PB7D0Y,xDuoo TA-66 OTL Tube Amplifier,xduoo-ta-66-otl-tube-amplifier,XDuoo,Amplification,No matching field found for Amplifier type / Amplification
GPjMdcfFWZVrKyR2PB7D0Y,xDuoo TA-66 OTL Tube Amplifier,xduoo-ta-66-otl-tube-amplifier,XDuoo,DAC included,No matching field found for DAC included / DAC / Built-in DAC
GPjMdcfFWZVrKyR2PB7D0Y,xDuoo TA-66 OTL Tube Amplifier,xduoo-ta-66-otl-tube-amplifier,XDuoo,Balanced output,No matching field found for Balanced output / Balanced / Balanced connection
GPjMdcfFWZVrKyR2PB7D0Y,xDuoo TA-66 OTL Tube Amplifier,xduoo-ta-66-otl-tube-amplifier,XDuoo,Inputs,No matching field found for Inputs / Input
GPjMdcfFWZVrKyR2PB7D0Y,xDuoo TA-66 OTL Tube Amplifier,xduoo-ta-66-otl-tube-amplifier,XDuoo,Outputs,No matching field found for Outputs / Output
GPjMdcfFWZVrKyR2PB7GdO,xDuoo TA-32 High-performance DAC &amp; Balanced Tube Class-A Headphone Amplifier,xduoo-ta-32-high-performance-dac-amp-balanced-tube-class-a-headphone-amplifier,XDuoo,Device type,No matching field found for Device type / Product type / Type
GPjMdcfFWZVrKyR2PB7GdO,xDuoo TA-32 High-performance DAC &amp; Balanced Tube Class-A Headphone Amplifier,xduoo-ta-32-high-performance-dac-amp-balanced-tube-class-a-headphone-amplifier,XDuoo,Form factor,No matching field found for Form factor / Portability
GPjMdcfFWZVrKyR2PB7GdO,xDuoo TA-32 High-performance DAC &amp; Balanced Tube Class-A Headphone Amplifier,xduoo-ta-32-high-performance-dac-amp-balanced-tube-class-a-headphone-amplifier,XDuoo,Amplification,No matching field found for Amplifier type / Amplification
GPjMdcfFWZVrKyR2PB7GdO,xDuoo TA-32 High-performance DAC &amp; Balanced Tube Class-A Headphone Amplifier,xduoo-ta-32-high-performance-dac-amp-balanced-tube-class-a-headphone-amplifier,XDuoo,DAC included,No matching field found for DAC included / DAC / Built-in DAC
GPjMdcfFWZVrKyR2PB7GdO,xDuoo TA-32 High-performance DAC &amp; Balanced Tube Class-A Headphone Amplifier,xduoo-ta-32-high-performance-dac-amp-balanced-tube-class-a-headphone-amplifier,XDuoo,Balanced output,No matching field found for Balanced output / Balanced / Balanced connection
GPjMdcfFWZVrKyR2PB7GdO,xDuoo TA-32 High-performance DAC &amp; Balanced Tube Class-A Headphone Amplifier,xduoo-ta-32-high-performance-dac-amp-balanced-tube-class-a-headphone-amplifier,XDuoo,Inputs,No matching field found for Inputs / Input
GPjMdcfFWZVrKyR2PB7GdO,xDuoo TA-32 High-performance DAC &amp; Balanced Tube Class-A Headphone Amplifier,xduoo-ta-32-high-performance-dac-amp-balanced-tube-class-a-headphone-amplifier,XDuoo,Outputs,No matching field found for Outputs / Output
GPjMdcfFWZVrKyR2PB7LN0,Singxer SA-2 Fully-balanced Headphone Amplifier,singxer-sa-2-fully-balanced-headphone-amplifier,Singxer,Device type,No matching field found for Device type / Product type / Type
GPjMdcfFWZVrKyR2PB7LN0,Singxer SA-2 Fully-balanced Headphone Amplifier,singxer-sa-2-fully-balanced-headphone-amplifier,Singxer,Form factor,No matching field found for Form factor / Portability
GPjMdcfFWZVrKyR2PB7LN0,Singxer SA-2 Fully-balanced Headphone Amplifier,singxer-sa-2-fully-balanced-headphone-amplifier,Singxer,Amplification,No matching field found for Amplifier type / Amplification
GPjMdcfFWZVrKyR2PB7LN0,Singxer SA-2 Fully-balanced Headphone Amplifier,singxer-sa-2-fully-balanced-headphone-amplifier,Singxer,DAC included,No matching field found for DAC included / DAC / Built-in DAC
GPjMdcfFWZVrKyR2PB7LN0,Singxer SA-2 Fully-balanced Headphone Amplifier,singxer-sa-2-fully-balanced-headphone-amplifier,Singxer,Balanced output,No matching field found for Balanced output / Balanced / Balanced connection
GPjMdcfFWZVrKyR2PB7LN0,Singxer SA-2 Fully-balanced Headphone Amplifier,singxer-sa-2-fully-balanced-headphone-amplifier,Singxer,Inputs,No matching field found for Inputs / Input
GPjMdcfFWZVrKyR2PB7LN0,Singxer SA-2 Fully-balanced Headphone Amplifier,singxer-sa-2-fully-balanced-headphone-amplifier,Singxer,Outputs,No matching field found for Outputs / Output
GPjMdcfFWZVrKyR2PB7cLm,YULONG DAART A39 Desktop R2R Pre-Amp & Headphone Amplifier,yulong-daart-a39-desktop-r2r-pre-amp-headphone-amplifier,Yulong,Device type,No matching field found for Device type / Product type / Type
GPjMdcfFWZVrKyR2PB7cLm,YULONG DAART A39 Desktop R2R Pre-Amp & Headphone Amplifier,yulong-daart-a39-desktop-r2r-pre-amp-headphone-amplifier,Yulong,Form factor,No matching field found for Form factor / Portability
GPjMdcfFWZVrKyR2PB7cLm,YULONG DAART A39 Desktop R2R Pre-Amp & Headphone Amplifier,yulong-daart-a39-desktop-r2r-pre-amp-headphone-amplifier,Yulong,Amplification,No matching field found for Amplifier type / Amplification
GPjMdcfFWZVrKyR2PB7cLm,YULONG DAART A39 Desktop R2R Pre-Amp & Headphone Amplifier,yulong-daart-a39-desktop-r2r-pre-amp-headphone-amplifier,Yulong,DAC included,No matching field found for DAC included / DAC / Built-in DAC
GPjMdcfFWZVrKyR2PB7cLm,YULONG DAART A39 Desktop R2R Pre-Amp & Headphone Amplifier,yulong-daart-a39-desktop-r2r-pre-amp-headphone-amplifier,Yulong,Balanced output,No matching field found for Balanced output / Balanced / Balanced connection
GPjMdcfFWZVrKyR2PB7cLm,YULONG DAART A39 Desktop R2R Pre-Amp & Headphone Amplifier,yulong-daart-a39-desktop-r2r-pre-amp-headphone-amplifier,Yulong,Inputs,No matching field found for Inputs / Input
GPjMdcfFWZVrKyR2PB7cLm,YULONG DAART A39 Desktop R2R Pre-Amp & Headphone Amplifier,yulong-daart-a39-desktop-r2r-pre-amp-headphone-amplifier,Yulong,Outputs,No matching field found for Outputs / Output
GPjMdcfFWZVrKyR2PB7h5O,Matrix TS-1 All-in-One Streamer/ Pre-Amplifier/ Headphone Amplifier,matrix-ts-1-all-in-one-streamer-pre-amplifier-headphone-amplifier,Matrix Audio,Device type,No matching field found for Device type / Product type / Type
GPjMdcfFWZVrKyR2PB7h5O,Matrix TS-1 All-in-One Streamer/ Pre-Amplifier/ Headphone Amplifier,matrix-ts-1-all-in-one-streamer-pre-amplifier-headphone-amplifier,Matrix Audio,Form factor,No matching field found for Form factor / Portability
GPjMdcfFWZVrKyR2PB7h5O,Matrix TS-1 All-in-One Streamer/ Pre-Amplifier/ Headphone Amplifier,matrix-ts-1-all-in-one-streamer-pre-amplifier-headphone-amplifier,Matrix Audio,Amplification,No matching field found for Amplifier type / Amplification
GPjMdcfFWZVrKyR2PB7h5O,Matrix TS-1 All-in-One Streamer/ Pre-Amplifier/ Headphone Amplifier,matrix-ts-1-all-in-one-streamer-pre-amplifier-headphone-amplifier,Matrix Audio,DAC included,No matching field found for DAC included / DAC / Built-in DAC
GPjMdcfFWZVrKyR2PB7h5O,Matrix TS-1 All-in-One Streamer/ Pre-Amplifier/ Headphone Amplifier,matrix-ts-1-all-in-one-streamer-pre-amplifier-headphone-amplifier,Matrix Audio,Balanced output,No matching field found for Balanced output / Balanced / Balanced connection
GPjMdcfFWZVrKyR2PB7h5O,Matrix TS-1 All-in-One Streamer/ Pre-Amplifier/ Headphone Amplifier,matrix-ts-1-all-in-one-streamer-pre-amplifier-headphone-amplifier,Matrix Audio,Inputs,No matching field found for Inputs / Input
GPjMdcfFWZVrKyR2PB7h5O,Matrix TS-1 All-in-One Streamer/ Pre-Amplifier/ Headphone Amplifier,matrix-ts-1-all-in-one-streamer-pre-amplifier-headphone-amplifier,Matrix Audio,Outputs,No matching field found for Outputs / Output
GPjMdcfFWZVrKyR2PB7nEI,Cables for Rock Lobster IEM,cables-for-rock-lobster-iem,Apos,Accessory type,No matching field found for Accessory type / Type
GPjMdcfFWZVrKyR2PB7nEI,Cables for Rock Lobster IEM,cables-for-rock-lobster-iem,Apos,Connector / termination,No matching field found for Connector / termination / Connector / Termination
GPjMdcfFWZVrKyR2PB7nEI,Cables for Rock Lobster IEM,cables-for-rock-lobster-iem,Apos,Compatibility,No matching field found for Compatibility / Compatible with / Fits
GPjMdcfFWZVrKyR2PB7o7q,Magia Modular Cable Kit,magia-modular-cable-kit,Apos,Accessory type,No matching field found for Accessory type / Type
GPjMdcfFWZVrKyR2PB7o7q,Magia Modular Cable Kit,magia-modular-cable-kit,Apos,Connector / termination,No matching field found for Connector / termination / Connector / Termination
GPjMdcfFWZVrKyR2PB7o7q,Magia Modular Cable Kit,magia-modular-cable-kit,Apos,Compatibility,No matching field found for Compatibility / Compatible with / Fits
GPjMdcfFWZVrKyR2PB7tsw,Meze Audio 99 Classics Closed Back Headphones 2nd Gen,meze-audio-99-classics-closed-back-headphones-2nd-gen,Meze Audio,Wearing style,No matching field found for Wearing style
GPjMdcfFWZVrKyR2PB7tsw,Meze Audio 99 Classics Closed Back Headphones 2nd Gen,meze-audio-99-classics-closed-back-headphones-2nd-gen,Meze Audio,Back design,No matching field found for Back design / Cup style / Cup / back design
GPjMdcfFWZVrKyR2PB7tsw,Meze Audio 99 Classics Closed Back Headphones 2nd Gen,meze-audio-99-classics-closed-back-headphones-2nd-gen,Meze Audio,Connectivity,No matching field found for Connectivity
GPjMdcfFWZVrKyR2PB7tsw,Meze Audio 99 Classics Closed Back Headphones 2nd Gen,meze-audio-99-classics-closed-back-headphones-2nd-gen,Meze Audio,Connector / plug,No matching field found for Connector / Connector / plug
GPjMdcfFWZVrKyR2PB7tsw,Meze Audio 99 Classics Closed Back Headphones 2nd Gen,meze-audio-99-classics-closed-back-headphones-2nd-gen,Meze Audio,Microphone,No matching field found for Microphone / Microphones
GPjMdcfFWZVrKyR2PB7tsw,Meze Audio 99 Classics Closed Back Headphones 2nd Gen,meze-audio-99-classics-closed-back-headphones-2nd-gen,Meze Audio,Noise cancelling,No matching field found for Noise cancelling / Noise canceling / ANC / Active noise cancelling
GPjMdcfFWZVrKyR2PB7tsw,Meze Audio 99 Classics Closed Back Headphones 2nd Gen,meze-audio-99-classics-closed-back-headphones-2nd-gen,Meze Audio,Requires amplifier,No matching field found for Amp required / Requires amplifier / Amplifier required
GPjMdcfFWZVrKyR2PB7yn8,Sennheiser HDB 630 Bluetooth ANC Headphones,sennheiser-hdb-630-bluetooth-anc-headphones,Sennheiser,Wearing style,No matching field found for Wearing style
GPjMdcfFWZVrKyR2PB7yn8,Sennheiser HDB 630 Bluetooth ANC Headphones,sennheiser-hdb-630-bluetooth-anc-headphones,Sennheiser,Back design,No matching field found for Back design / Cup style / Cup / back design
GPjMdcfFWZVrKyR2PB7yn8,Sennheiser HDB 630 Bluetooth ANC Headphones,sennheiser-hdb-630-bluetooth-anc-headphones,Sennheiser,Driver type,No matching field found for Driver type / Driver Type
GPjMdcfFWZVrKyR2PB7yn8,Sennheiser HDB 630 Bluetooth ANC Headphones,sennheiser-hdb-630-bluetooth-anc-headphones,Sennheiser,Connectivity,"Field ""Connectivity"" raw value ""Bluetooth 5.2"" does not map to the closed vocabulary for Connectivity"
GPjMdcfFWZVrKyR2PB7yn8,Sennheiser HDB 630 Bluetooth ANC Headphones,sennheiser-hdb-630-bluetooth-anc-headphones,Sennheiser,Connector / plug,No matching field found for Connector / Connector / plug
GPjMdcfFWZVrKyR2PB7yn8,Sennheiser HDB 630 Bluetooth ANC Headphones,sennheiser-hdb-630-bluetooth-anc-headphones,Sennheiser,Microphone,No matching field found for Microphone / Microphones
GPjMdcfFWZVrKyR2PB7yn8,Sennheiser HDB 630 Bluetooth ANC Headphones,sennheiser-hdb-630-bluetooth-anc-headphones,Sennheiser,Noise cancelling,No matching field found for Noise cancelling / Noise canceling / ANC / Active noise cancelling
GPjMdcfFWZVrKyR2PB7yn8,Sennheiser HDB 630 Bluetooth ANC Headphones,sennheiser-hdb-630-bluetooth-anc-headphones,Sennheiser,Requires amplifier,No matching field found for Amp required / Requires amplifier / Amplifier required
GPjMdcfFWZVrKyR2PB83hK,Audio-Technica ATH-M50x Wired Professional Monitor Headphones,audio-technica-ath-m50x-wired-professional-monitor-headphones,Audio-Technica,Wearing style,No matching field found for Wearing style
GPjMdcfFWZVrKyR2PB83hK,Audio-Technica ATH-M50x Wired Professional Monitor Headphones,audio-technica-ath-m50x-wired-professional-monitor-headphones,Audio-Technica,Back design,No matching field found for Back design / Cup style / Cup / back design
GPjMdcfFWZVrKyR2PB83hK,Audio-Technica ATH-M50x Wired Professional Monitor Headphones,audio-technica-ath-m50x-wired-professional-monitor-headphones,Audio-Technica,Driver type,No matching field found for Driver type / Driver Type
GPjMdcfFWZVrKyR2PB83hK,Audio-Technica ATH-M50x Wired Professional Monitor Headphones,audio-technica-ath-m50x-wired-professional-monitor-headphones,Audio-Technica,Connectivity,No matching field found for Connectivity
GPjMdcfFWZVrKyR2PB83hK,Audio-Technica ATH-M50x Wired Professional Monitor Headphones,audio-technica-ath-m50x-wired-professional-monitor-headphones,Audio-Technica,Microphone,No matching field found for Microphone / Microphones
GPjMdcfFWZVrKyR2PB83hK,Audio-Technica ATH-M50x Wired Professional Monitor Headphones,audio-technica-ath-m50x-wired-professional-monitor-headphones,Audio-Technica,Noise cancelling,No matching field found for Noise cancelling / Noise canceling / ANC / Active noise cancelling
GPjMdcfFWZVrKyR2PB83hK,Audio-Technica ATH-M50x Wired Professional Monitor Headphones,audio-technica-ath-m50x-wired-professional-monitor-headphones,Audio-Technica,Requires amplifier,No matching field found for Amp required / Requires amplifier / Amplifier required
GPjMdcfFWZVrKyR2PB8uW2,Moondrop Aria 2 IEMs,moondrop-aria-2-iems,Moondrop,Wearing style,No matching field found for Wearing style
GPjMdcfFWZVrKyR2PB8uW2,Moondrop Aria 2 IEMs,moondrop-aria-2-iems,Moondrop,Driver type,No matching field found for Driver type / Driver Type
GPjMdcfFWZVrKyR2PB8uW2,Moondrop Aria 2 IEMs,moondrop-aria-2-iems,Moondrop,Connectivity,No matching field found for Connectivity
GPjMdcfFWZVrKyR2PB8uW2,Moondrop Aria 2 IEMs,moondrop-aria-2-iems,Moondrop,Connector / plug,No matching field found for Connector / Connector / plug
GPjMdcfFWZVrKyR2PB8uW2,Moondrop Aria 2 IEMs,moondrop-aria-2-iems,Moondrop,Microphone,No matching field found for Microphone / Microphones
GPjMdcfFWZVrKyR2PB8uW2,Moondrop Aria 2 IEMs,moondrop-aria-2-iems,Moondrop,Noise cancelling,No matching field found for Noise cancelling / Noise canceling / ANC / Active noise cancelling
GPjMdcfFWZVrKyR2PB8uW2,Moondrop Aria 2 IEMs,moondrop-aria-2-iems,Moondrop,Requires amplifier,No matching field found for Amp required / Requires amplifier / Amplifier required
GPjMdcfFWZVrKyR2PB8xPu,Moondrop Starfield II In-Ear Monitor (IEM),moondrop-starfield-ii-in-ear-monitor-iem,Moondrop,Wearing style,No matching field found for Wearing style
GPjMdcfFWZVrKyR2PB8xPu,Moondrop Starfield II In-Ear Monitor (IEM),moondrop-starfield-ii-in-ear-monitor-iem,Moondrop,Driver type,No matching field found for Driver type / Driver Type
GPjMdcfFWZVrKyR2PB8xPu,Moondrop Starfield II In-Ear Monitor (IEM),moondrop-starfield-ii-in-ear-monitor-iem,Moondrop,Connectivity,No matching field found for Connectivity
GPjMdcfFWZVrKyR2PB8xPu,Moondrop Starfield II In-Ear Monitor (IEM),moondrop-starfield-ii-in-ear-monitor-iem,Moondrop,Connector / plug,No matching field found for Connector / Connector / plug
GPjMdcfFWZVrKyR2PB8xPu,Moondrop Starfield II In-Ear Monitor (IEM),moondrop-starfield-ii-in-ear-monitor-iem,Moondrop,Microphone,No matching field found for Microphone / Microphones
GPjMdcfFWZVrKyR2PB8xPu,Moondrop Starfield II In-Ear Monitor (IEM),moondrop-starfield-ii-in-ear-monitor-iem,Moondrop,Noise cancelling,No matching field found for Noise cancelling / Noise canceling / ANC / Active noise cancelling
GPjMdcfFWZVrKyR2PB8xPu,Moondrop Starfield II In-Ear Monitor (IEM),moondrop-starfield-ii-in-ear-monitor-iem,Moondrop,Requires amplifier,No matching field found for Amp required / Requires amplifier / Amplifier required
GPjMdcfFWZVrKyR2PB8yx8,Moondrop Rays Gaming IEMs,moondrop-rays-gaming-iems,Moondrop,Wearing style,No matching field found for Wearing style
GPjMdcfFWZVrKyR2PB8yx8,Moondrop Rays Gaming IEMs,moondrop-rays-gaming-iems,Moondrop,Driver type,No matching field found for Driver type / Driver Type
GPjMdcfFWZVrKyR2PB8yx8,Moondrop Rays Gaming IEMs,moondrop-rays-gaming-iems,Moondrop,Connectivity,No matching field found for Connectivity
GPjMdcfFWZVrKyR2PB8yx8,Moondrop Rays Gaming IEMs,moondrop-rays-gaming-iems,Moondrop,Microphone,"Field ""Microphone"" raw value ""Embedded NPU with hardware AI noise cancellation"" does not map to the closed vocabulary for Microphone"
GPjMdcfFWZVrKyR2PB8yx8,Moondrop Rays Gaming IEMs,moondrop-rays-gaming-iems,Moondrop,Noise cancelling,No matching field found for Noise cancelling / Noise canceling / ANC / Active noise cancelling
GPjMdcfFWZVrKyR2PB8yx8,Moondrop Rays Gaming IEMs,moondrop-rays-gaming-iems,Moondrop,Requires amplifier,No matching field found for Amp required / Requires amplifier / Amplifier required
GPjMdcfFWZVrKyR2PB90Ze,Moondrop May Dynamic Driver + Planar Magnetic Driver IEM (In-Ear Monitor),moondrop-may-dynamic-driver-planar-magnetic-driver-iem-in-ear-monitor,Moondrop,Wearing style,No matching field found for Wearing style
GPjMdcfFWZVrKyR2PB90Ze,Moondrop May Dynamic Driver + Planar Magnetic Driver IEM (In-Ear Monitor),moondrop-may-dynamic-driver-planar-magnetic-driver-iem-in-ear-monitor,Moondrop,Driver type,No matching field found for Driver type / Driver Type
GPjMdcfFWZVrKyR2PB90Ze,Moondrop May Dynamic Driver + Planar Magnetic Driver IEM (In-Ear Monitor),moondrop-may-dynamic-driver-planar-magnetic-driver-iem-in-ear-monitor,Moondrop,Connectivity,No matching field found for Connectivity
GPjMdcfFWZVrKyR2PB90Ze,Moondrop May Dynamic Driver + Planar Magnetic Driver IEM (In-Ear Monitor),moondrop-may-dynamic-driver-planar-magnetic-driver-iem-in-ear-monitor,Moondrop,Connector / plug,No matching field found for Connector / Connector / plug
GPjMdcfFWZVrKyR2PB90Ze,Moondrop May Dynamic Driver + Planar Magnetic Driver IEM (In-Ear Monitor),moondrop-may-dynamic-driver-planar-magnetic-driver-iem-in-ear-monitor,Moondrop,Microphone,No matching field found for Microphone / Microphones
GPjMdcfFWZVrKyR2PB90Ze,Moondrop May Dynamic Driver + Planar Magnetic Driver IEM (In-Ear Monitor),moondrop-may-dynamic-driver-planar-magnetic-driver-iem-in-ear-monitor,Moondrop,Noise cancelling,No matching field found for Noise cancelling / Noise canceling / ANC / Active noise cancelling
GPjMdcfFWZVrKyR2PB90Ze,Moondrop May Dynamic Driver + Planar Magnetic Driver IEM (In-Ear Monitor),moondrop-may-dynamic-driver-planar-magnetic-driver-iem-in-ear-monitor,Moondrop,Requires amplifier,No matching field found for Amp required / Requires amplifier / Amplifier required
GPjMdcfFWZVrKyR2PB95RC,Meze Audio Alba IEMs,meze-audio-alba-iems,Meze Audio,Wearing style,No matching field found for Wearing style
GPjMdcfFWZVrKyR2PB95RC,Meze Audio Alba IEMs,meze-audio-alba-iems,Meze Audio,Driver type,No matching field found for Driver type / Driver Type
GPjMdcfFWZVrKyR2PB95RC,Meze Audio Alba IEMs,meze-audio-alba-iems,Meze Audio,Connectivity,No matching field found for Connectivity
GPjMdcfFWZVrKyR2PB95RC,Meze Audio Alba IEMs,meze-audio-alba-iems,Meze Audio,Connector / plug,No matching field found for Connector / Connector / plug
GPjMdcfFWZVrKyR2PB95RC,Meze Audio Alba IEMs,meze-audio-alba-iems,Meze Audio,Microphone,No matching field found for Microphone / Microphones
GPjMdcfFWZVrKyR2PB95RC,Meze Audio Alba IEMs,meze-audio-alba-iems,Meze Audio,Noise cancelling,No matching field found for Noise cancelling / Noise canceling / ANC / Active noise cancelling
GPjMdcfFWZVrKyR2PB95RC,Meze Audio Alba IEMs,meze-audio-alba-iems,Meze Audio,Requires amplifier,No matching field found for Amp required / Requires amplifier / Amplifier required
GPjMdcfFWZVrKyR2PB9DqI,FiiO M21 Portable High-Res Lossless Music Player,fiio-m21-portable-high-res-lossless-music-player,FiiO,Device type,No matching field found for Device type / Product type / Type
GPjMdcfFWZVrKyR2PB9DqI,FiiO M21 Portable High-Res Lossless Music Player,fiio-m21-portable-high-res-lossless-music-player,FiiO,Form factor,No matching field found for Form factor / Portability
GPjMdcfFWZVrKyR2PB9DqI,FiiO M21 Portable High-Res Lossless Music Player,fiio-m21-portable-high-res-lossless-music-player,FiiO,Amplification,No matching field found for Amplifier type / Amplification
GPjMdcfFWZVrKyR2PB9DqI,FiiO M21 Portable High-Res Lossless Music Player,fiio-m21-portable-high-res-lossless-music-player,FiiO,DAC included,"Field ""DAC"" raw value ""4× CS43198"" does not map to the closed vocabulary for DAC included"
GPjMdcfFWZVrKyR2PB9DqI,FiiO M21 Portable High-Res Lossless Music Player,fiio-m21-portable-high-res-lossless-music-player,FiiO,Balanced output,No matching field found for Balanced output / Balanced / Balanced connection
GPjMdcfFWZVrKyR2PB9DqI,FiiO M21 Portable High-Res Lossless Music Player,fiio-m21-portable-high-res-lossless-music-player,FiiO,Inputs,No matching field found for Inputs / Input
GPjMdcfFWZVrKyR2PB9Zdy,HIFIMAN Edition XS Planar Magnetic Headphone (Apos Certified),hifiman-edition-xs-planar-magnetic-headphone-apos-certified,HiFiMan,Wearing style,No matching field found for Wearing style
GPjMdcfFWZVrKyR2PB9Zdy,HIFIMAN Edition XS Planar Magnetic Headphone (Apos Certified),hifiman-edition-xs-planar-magnetic-headphone-apos-certified,HiFiMan,Back design,No matching field found for Back design / Cup style / Cup / back design
GPjMdcfFWZVrKyR2PB9Zdy,HIFIMAN Edition XS Planar Magnetic Headphone (Apos Certified),hifiman-edition-xs-planar-magnetic-headphone-apos-certified,HiFiMan,Driver type,No matching field found for Driver type / Driver Type
GPjMdcfFWZVrKyR2PB9Zdy,HIFIMAN Edition XS Planar Magnetic Headphone (Apos Certified),hifiman-edition-xs-planar-magnetic-headphone-apos-certified,HiFiMan,Connectivity,No matching field found for Connectivity
GPjMdcfFWZVrKyR2PB9Zdy,HIFIMAN Edition XS Planar Magnetic Headphone (Apos Certified),hifiman-edition-xs-planar-magnetic-headphone-apos-certified,HiFiMan,Connector / plug,No matching field found for Connector / Connector / plug
GPjMdcfFWZVrKyR2PB9Zdy,HIFIMAN Edition XS Planar Magnetic Headphone (Apos Certified),hifiman-edition-xs-planar-magnetic-headphone-apos-certified,HiFiMan,Microphone,No matching field found for Microphone / Microphones
GPjMdcfFWZVrKyR2PB9Zdy,HIFIMAN Edition XS Planar Magnetic Headphone (Apos Certified),hifiman-edition-xs-planar-magnetic-headphone-apos-certified,HiFiMan,Noise cancelling,No matching field found for Noise cancelling / Noise canceling / ANC / Active noise cancelling
GPjMdcfFWZVrKyR2PB9Zdy,HIFIMAN Edition XS Planar Magnetic Headphone (Apos Certified),hifiman-edition-xs-planar-magnetic-headphone-apos-certified,HiFiMan,Requires amplifier,No matching field found for Amp required / Requires amplifier / Amplifier required
GPjMdcfFWZVrKyR2PB9jN4,ES Lab EX-1a Electrostatic Headphones (Apos Certified),es-lab-ex-1a-electrostatic-headphones-apos-certified,ES Lab,Wearing style,No matching field found for Wearing style
GPjMdcfFWZVrKyR2PB9jN4,ES Lab EX-1a Electrostatic Headphones (Apos Certified),es-lab-ex-1a-electrostatic-headphones-apos-certified,ES Lab,Back design,No matching field found for Back design / Cup style / Cup / back design
GPjMdcfFWZVrKyR2PB9jN4,ES Lab EX-1a Electrostatic Headphones (Apos Certified),es-lab-ex-1a-electrostatic-headphones-apos-certified,ES Lab,Driver type,No matching field found for Driver type / Driver Type
GPjMdcfFWZVrKyR2PB9jN4,ES Lab EX-1a Electrostatic Headphones (Apos Certified),es-lab-ex-1a-electrostatic-headphones-apos-certified,ES Lab,Connectivity,No matching field found for Connectivity
GPjMdcfFWZVrKyR2PB9jN4,ES Lab EX-1a Electrostatic Headphones (Apos Certified),es-lab-ex-1a-electrostatic-headphones-apos-certified,ES Lab,Connector / plug,No matching field found for Connector / Connector / plug
GPjMdcfFWZVrKyR2PB9jN4,ES Lab EX-1a Electrostatic Headphones (Apos Certified),es-lab-ex-1a-electrostatic-headphones-apos-certified,ES Lab,Microphone,No matching field found for Microphone / Microphones
GPjMdcfFWZVrKyR2PB9jN4,ES Lab EX-1a Electrostatic Headphones (Apos Certified),es-lab-ex-1a-electrostatic-headphones-apos-certified,ES Lab,Noise cancelling,No matching field found for Noise cancelling / Noise canceling / ANC / Active noise cancelling
GPjMdcfFWZVrKyR2PB9jN4,ES Lab EX-1a Electrostatic Headphones (Apos Certified),es-lab-ex-1a-electrostatic-headphones-apos-certified,ES Lab,Requires amplifier,No matching field found for Amp required / Requires amplifier / Amplifier required
GPjMdcfFWZVrKyR2PBA7rO,Cayin RU9 Vacuum Tube Portable DAC/Amp,cayin-ru9-vacuum-tube-portable-dac-amp,Cayin,Device type,No matching field found for Device type / Product type / Type
GPjMdcfFWZVrKyR2PBA7rO,Cayin RU9 Vacuum Tube Portable DAC/Amp,cayin-ru9-vacuum-tube-portable-dac-amp,Cayin,Form factor,No matching field found for Form factor / Portability
GPjMdcfFWZVrKyR2PBA7rO,Cayin RU9 Vacuum Tube Portable DAC/Amp,cayin-ru9-vacuum-tube-portable-dac-amp,Cayin,Amplification,No matching field found for Amplifier type / Amplification
GPjMdcfFWZVrKyR2PBA7rO,Cayin RU9 Vacuum Tube Portable DAC/Amp,cayin-ru9-vacuum-tube-portable-dac-amp,Cayin,DAC included,"Field ""DAC"" raw value ""Dual AK4493SEQ"" does not map to the closed vocabulary for DAC included"
GPjMdcfFWZVrKyR2PBA7rO,Cayin RU9 Vacuum Tube Portable DAC/Amp,cayin-ru9-vacuum-tube-portable-dac-amp,Cayin,Balanced output,No matching field found for Balanced output / Balanced / Balanced connection
GPjMdcfFWZVrKyR2PBA7rO,Cayin RU9 Vacuum Tube Portable DAC/Amp,cayin-ru9-vacuum-tube-portable-dac-amp,Cayin,Inputs,No matching field found for Inputs / Input
GPjMdcfFWZVrKyR2PBA93S,Cayin RU3 Portable USB DAC/Amp,cayin-ru3-portable-usb-dac-amp,Cayin,Device type,No matching field found for Device type / Product type / Type
GPjMdcfFWZVrKyR2PBA93S,Cayin RU3 Portable USB DAC/Amp,cayin-ru3-portable-usb-dac-amp,Cayin,Form factor,No matching field found for Form factor / Portability
GPjMdcfFWZVrKyR2PBA93S,Cayin RU3 Portable USB DAC/Amp,cayin-ru3-portable-usb-dac-amp,Cayin,Amplification,No matching field found for Amplifier type / Amplification
GPjMdcfFWZVrKyR2PBA93S,Cayin RU3 Portable USB DAC/Amp,cayin-ru3-portable-usb-dac-amp,Cayin,DAC included,No matching field found for DAC included / DAC / Built-in DAC
GPjMdcfFWZVrKyR2PBA93S,Cayin RU3 Portable USB DAC/Amp,cayin-ru3-portable-usb-dac-amp,Cayin,Balanced output,No matching field found for Balanced output / Balanced / Balanced connection
GPjMdcfFWZVrKyR2PBA93S,Cayin RU3 Portable USB DAC/Amp,cayin-ru3-portable-usb-dac-amp,Cayin,Inputs,No matching field found for Inputs / Input
GPjMdcfFWZVrKyR2PBA93S,Cayin RU3 Portable USB DAC/Amp,cayin-ru3-portable-usb-dac-amp,Cayin,Outputs,No matching field found for Outputs / Output
GjMaRFaHMVTsBoyxtAJ8Hy,SVS SoundPath Wireless Audio Adapter,svs-soundpath-wireless-audio-adapter,SVS,Accessory type,No matching field found for Accessory type / Type
GjMaRFaHMVTsBoyxtAJ8Hy,SVS SoundPath Wireless Audio Adapter,svs-soundpath-wireless-audio-adapter,SVS,Connector / termination,No matching field found for Connector / termination / Connector / Termination
GjMaRFaHMVTsBoyxtAJ8Hy,SVS SoundPath Wireless Audio Adapter,svs-soundpath-wireless-audio-adapter,SVS,Compatibility,No matching field found for Compatibility / Compatible with / Fits
GjMaRFaHMVTsBoyxtAJAGI,AudioQuest M22F-HRD RCA Male to 2 RCA Female Adaptor,audioquest-m22f-hrd-rca-male-to-2-rca-female-adaptor,AudioQuest,Accessory type,No matching field found for Accessory type / Type
GjMaRFaHMVTsBoyxtAJAGI,AudioQuest M22F-HRD RCA Male to 2 RCA Female Adaptor,audioquest-m22f-hrd-rca-male-to-2-rca-female-adaptor,AudioQuest,Connector / termination,No matching field found for Connector / termination / Connector / Termination
GjMaRFaHMVTsBoyxtAJAGI,AudioQuest M22F-HRD RCA Male to 2 RCA Female Adaptor,audioquest-m22f-hrd-rca-male-to-2-rca-female-adaptor,AudioQuest,Compatibility,No matching field found for Compatibility / Compatible with / Fits
GjMaRFaHMVTsBoyxtAJBKY,Kanto H3 Universal Desktop Headphone Stand with Adapter Holder,kanto-h3-universal-desktop-headphone-stand-with-adapter-holder,Kanto,Accessory type,No matching field found for Accessory type / Type
GjMaRFaHMVTsBoyxtAJBKY,Kanto H3 Universal Desktop Headphone Stand with Adapter Holder,kanto-h3-universal-desktop-headphone-stand-with-adapter-holder,Kanto,Compatibility,No matching field found for Compatibility / Compatible with / Fits
GjMaRFaHMVTsBoyxtAJDT4,Sanus Headphone Stand for Sonos Ace (Black),sanus-headphone-stand-for-sonos-ace-black,Sanus,Accessory type,No matching field found for Accessory type / Type
GjMaRFaHMVTsBoyxtAJDT4,Sanus Headphone Stand for Sonos Ace (Black),sanus-headphone-stand-for-sonos-ace-black,Sanus,Compatibility,"Compatibility raw value ""WSHSH1"" could not be matched to canonical product slugs. Unmatched parts: WSHSH1"
GjMaRFaHMVTsBoyxtAbOBS,Replacement Earpads for Sennheiser HD600 / HD650 / HD6XX / HD58X / HD660S and More,replacement-earpads-for-sennheiser-hd600-hd650-hd6xx-hd58x-hd660s-and-more,Dekoni Audio,Accessory type,No matching field found for Accessory type / Type
GjMaRFaHMVTsBoyxtAbOBS,Replacement Earpads for Sennheiser HD600 / HD650 / HD6XX / HD58X / HD660S and More,replacement-earpads-for-sennheiser-hd600-hd650-hd6xx-hd58x-hd660s-and-more,Dekoni Audio,Compatibility,No matching field found for Compatibility / Compatible with / Fits
GjMaRFaHMVTsBoyxtAbaVy,Replacement Earpads for Sennheiser HD800 Series Headphones,replacement-earpads-for-sennheiser-hd800-series-headphones,Dekoni Audio,Accessory type,No matching field found for Accessory type / Type
GjMaRFaHMVTsBoyxtAbaVy,Replacement Earpads for Sennheiser HD800 Series Headphones,replacement-earpads-for-sennheiser-hd800-series-headphones,Dekoni Audio,Compatibility,No matching field found for Compatibility / Compatible with / Fits
GjMaRFaHMVTsBoyxtAbg96,"Replacement Earpads for Sennheiser HD598/599, HD620S, PC37X, PC38X Headphones",replacement-earpads-for-sennheiser-hd598-599-hd620s-pc37x-pc38x-headphones,Dekoni Audio,Accessory type,No matching field found for Accessory type / Type
GjMaRFaHMVTsBoyxtAbg96,"Replacement Earpads for Sennheiser HD598/599, HD620S, PC37X, PC38X Headphones",replacement-earpads-for-sennheiser-hd598-599-hd620s-pc37x-pc38x-headphones,Dekoni Audio,Compatibility,No matching field found for Compatibility / Compatible with / Fits
GjMaRFaHMVTsBoyxtAbjW4,Replacement Earpads for Philips Fidelio X2 Headphones,replacement-earpads-for-philips-fidelio-x2-headphones,Dekoni Audio,Accessory type,No matching field found for Accessory type / Type
GjMaRFaHMVTsBoyxtAbjW4,Replacement Earpads for Philips Fidelio X2 Headphones,replacement-earpads-for-philips-fidelio-x2-headphones,Dekoni Audio,Compatibility,No matching field found for Compatibility / Compatible with / Fits
GjMaRFaHMVTsBoyxtAc2eL,Memory Foam Earphone Tips for the Apple Airpods Pro 3,memory-foam-earphone-tips-for-the-apple-airpods-pro-3,Dekoni Audio,Accessory type,No matching field found for Accessory type / Type
GjMaRFaHMVTsBoyxtAc2eL,Memory Foam Earphone Tips for the Apple Airpods Pro 3,memory-foam-earphone-tips-for-the-apple-airpods-pro-3,Dekoni Audio,Compatibility,No matching field found for Compatibility / Compatible with / Fits
GjMaRFaHMVTsBoyxtAc5GA,Premium Memory Foam Isolation Earphone Tips Black - True Wireless,premium-memory-foam-isolation-earphone-tips-black-true-wireless,Dekoni Audio,Accessory type,No matching field found for Accessory type / Type
GjMaRFaHMVTsBoyxtAc5GA,Premium Memory Foam Isolation Earphone Tips Black - True Wireless,premium-memory-foam-isolation-earphone-tips-black-true-wireless,Dekoni Audio,Compatibility,No matching field found for Compatibility / Compatible with / Fits
GqkAHteRmu9rQ6VLnVwePp,SVS SoundPath RCA Audio Interconnect Cable for Subwoofers - 16.4 ft. (5m),svs-soundpath-rca-audio-interconnect-cable-for-subwoofers-16-4-ft-5m,SVS,Accessory type,No matching field found for Accessory type / Type
GqkAHteRmu9rQ6VLnVwePp,SVS SoundPath RCA Audio Interconnect Cable for Subwoofers - 16.4 ft. (5m),svs-soundpath-rca-audio-interconnect-cable-for-subwoofers-16-4-ft-5m,SVS,Connector / termination,No matching field found for Connector / termination / Connector / Termination
GqkAHteRmu9rQ6VLnVwePp,SVS SoundPath RCA Audio Interconnect Cable for Subwoofers - 16.4 ft. (5m),svs-soundpath-rca-audio-interconnect-cable-for-subwoofers-16-4-ft-5m,SVS,Compatibility,No matching field found for Compatibility / Compatible with / Fits
GqkAHteRmu9rQ6VLnVx2E1,AudioQuest Sydney RCA-to-RCA Interconnect Cable - 3 meters,audioquest-sydney-rca-to-rca-interconnect-cable-3-meters,AudioQuest,Accessory type,No matching field found for Accessory type / Type
GqkAHteRmu9rQ6VLnVx2E1,AudioQuest Sydney RCA-to-RCA Interconnect Cable - 3 meters,audioquest-sydney-rca-to-rca-interconnect-cable-3-meters,AudioQuest,Connector / termination,No matching field found for Connector / termination / Connector / Termination
GqkAHteRmu9rQ6VLnVx2E1,AudioQuest Sydney RCA-to-RCA Interconnect Cable - 3 meters,audioquest-sydney-rca-to-rca-interconnect-cable-3-meters,AudioQuest,Compatibility,No matching field found for Compatibility / Compatible with / Fits
GqkAHteRmu9rQ6VLnVxWsP,"AudioQuest Yosemite Audio Interconnect RCA to RCA - 3.28"" (1m)",audioquest-yosemite-audio-interconnect-rca-to-rca-3-28-1m,AudioQuest,Accessory type,No matching field found for Accessory type / Type
GqkAHteRmu9rQ6VLnVxWsP,"AudioQuest Yosemite Audio Interconnect RCA to RCA - 3.28"" (1m)",audioquest-yosemite-audio-interconnect-rca-to-rca-3-28-1m,AudioQuest,Connector / termination,No matching field found for Connector / termination / Connector / Termination
GqkAHteRmu9rQ6VLnVxWsP,"AudioQuest Yosemite Audio Interconnect RCA to RCA - 3.28"" (1m)",audioquest-yosemite-audio-interconnect-rca-to-rca-3-28-1m,AudioQuest,Compatibility,No matching field found for Compatibility / Compatible with / Fits
GqkAHteRmu9rQ6VLnVxhPf,AudioQuest Tower RCA Male to RCA Male Cable (3.28 ft.),audioquest-tower-rca-male-to-rca-male-cable-3-28-ft,AudioQuest,Accessory type,No matching field found for Accessory type / Type
GqkAHteRmu9rQ6VLnVxhPf,AudioQuest Tower RCA Male to RCA Male Cable (3.28 ft.),audioquest-tower-rca-male-to-rca-male-cable-3-28-ft,AudioQuest,Connector / termination,No matching field found for Connector / termination / Connector / Termination
GqkAHteRmu9rQ6VLnVxhPf,AudioQuest Tower RCA Male to RCA Male Cable (3.28 ft.),audioquest-tower-rca-male-to-rca-male-cable-3-28-ft,AudioQuest,Compatibility,No matching field found for Compatibility / Compatible with / Fits
GqkAHteRmu9rQ6VLnVyNtu,AudioQuest Red River XLR to XLR Analog Audio Interconnect Cable - 9.84' (3m) - Single-Pack,audioquest-red-river-xlr-to-xlr-analog-audio-interconnect-cable-9-84-3m-single-pack,AudioQuest,Accessory type,No matching field found for Accessory type / Type
GqkAHteRmu9rQ6VLnVyNtu,AudioQuest Red River XLR to XLR Analog Audio Interconnect Cable - 9.84' (3m) - Single-Pack,audioquest-red-river-xlr-to-xlr-analog-audio-interconnect-cable-9-84-3m-single-pack,AudioQuest,Connector / termination,No matching field found for Connector / termination / Connector / Termination
GqkAHteRmu9rQ6VLnVyNtu,AudioQuest Red River XLR to XLR Analog Audio Interconnect Cable - 9.84' (3m) - Single-Pack,audioquest-red-river-xlr-to-xlr-analog-audio-interconnect-cable-9-84-3m-single-pack,AudioQuest,Compatibility,No matching field found for Compatibility / Compatible with / Fits
GqkAHteRmu9rQ6VLnVyiuB,AudioQuest Red River XLR to XLR Analog Audio Interconnect Cables - 9.84' (3m) - 2-Pack,audioquest-red-river-xlr-to-xlr-analog-audio-interconnect-cables-9-84-3m-2-pack,AudioQuest,Accessory type,No matching field found for Accessory type / Type
GqkAHteRmu9rQ6VLnVyiuB,AudioQuest Red River XLR to XLR Analog Audio Interconnect Cables - 9.84' (3m) - 2-Pack,audioquest-red-river-xlr-to-xlr-analog-audio-interconnect-cables-9-84-3m-2-pack,AudioQuest,Connector / termination,No matching field found for Connector / termination / Connector / Termination
GqkAHteRmu9rQ6VLnVyiuB,AudioQuest Red River XLR to XLR Analog Audio Interconnect Cables - 9.84' (3m) - 2-Pack,audioquest-red-river-xlr-to-xlr-analog-audio-interconnect-cables-9-84-3m-2-pack,AudioQuest,Compatibility,No matching field found for Compatibility / Compatible with / Fits
GqkAHteRmu9rQ6VLnVzWzH,AudioQuest Chicago RCA Male to RCA Male Cable - 1.64 ft. (0.5m) - 2-Pack,audioquest-chicago-rca-male-to-rca-male-cable-1-64-ft-0-5m-2-pack,AudioQuest,Accessory type,No matching field found for Accessory type / Type
GqkAHteRmu9rQ6VLnVzWzH,AudioQuest Chicago RCA Male to RCA Male Cable - 1.64 ft. (0.5m) - 2-Pack,audioquest-chicago-rca-male-to-rca-male-cable-1-64-ft-0-5m-2-pack,AudioQuest,Connector / termination,No matching field found for Connector / termination / Connector / Termination
GqkAHteRmu9rQ6VLnVzWzH,AudioQuest Chicago RCA Male to RCA Male Cable - 1.64 ft. (0.5m) - 2-Pack,audioquest-chicago-rca-male-to-rca-male-cable-1-64-ft-0-5m-2-pack,AudioQuest,Compatibility,No matching field found for Compatibility / Compatible with / Fits
GqkAHteRmu9rQ6VLnW1fa9,Bose S1 Pro+ Portable Bluetooth Wireless PA System,bose-s1-pro-portable-bluetooth-wireless-pa-system,Bose,Accessory type,No matching field found for Accessory type / Type
GqkAHteRmu9rQ6VLnW1fa9,Bose S1 Pro+ Portable Bluetooth Wireless PA System,bose-s1-pro-portable-bluetooth-wireless-pa-system,Bose,Connector / termination,No matching field found for Connector / termination / Connector / Termination
GqkAHteRmu9rQ6VLnW1fa9,Bose S1 Pro+ Portable Bluetooth Wireless PA System,bose-s1-pro-portable-bluetooth-wireless-pa-system,Bose,Compatibility,No matching field found for Compatibility / Compatible with / Fits
GqkAHteRmu9rQ6VLnW2Roi,SVS SoundPath RCA Audio Interconnect Cable for Subwoofers - 3.28 ft. (1m),svs-soundpath-rca-audio-interconnect-cable-for-subwoofers-3-28-ft-1m,SVS,Accessory type,No matching field found for Accessory type / Type
GqkAHteRmu9rQ6VLnW2Roi,SVS SoundPath RCA Audio Interconnect Cable for Subwoofers - 3.28 ft. (1m),svs-soundpath-rca-audio-interconnect-cable-for-subwoofers-3-28-ft-1m,SVS,Connector / termination,No matching field found for Connector / termination / Connector / Termination
GqkAHteRmu9rQ6VLnW2Roi,SVS SoundPath RCA Audio Interconnect Cable for Subwoofers - 3.28 ft. (1m),svs-soundpath-rca-audio-interconnect-cable-for-subwoofers-3-28-ft-1m,SVS,Compatibility,No matching field found for Compatibility / Compatible with / Fits
GqkAHteRmu9rQ6VLnW2nMv,SVS SoundPath RCA Audio Interconnect Cable for Subwoofers - 39.36 ft. (12m),svs-soundpath-rca-audio-interconnect-cable-for-subwoofers-39-36-ft-12m,SVS,Accessory type,No matching field found for Accessory type / Type
GqkAHteRmu9rQ6VLnW2nMv,SVS SoundPath RCA Audio Interconnect Cable for Subwoofers - 39.36 ft. (12m),svs-soundpath-rca-audio-interconnect-cable-for-subwoofers-39-36-ft-12m,SVS,Connector / termination,No matching field found for Connector / termination / Connector / Termination
GqkAHteRmu9rQ6VLnW2nMv,SVS SoundPath RCA Audio Interconnect Cable for Subwoofers - 39.36 ft. (12m),svs-soundpath-rca-audio-interconnect-cable-for-subwoofers-39-36-ft-12m,SVS,Compatibility,No matching field found for Compatibility / Compatible with / Fits
GqkAHteRmu9rQ6VLnW35yj,AudioQuest Greyhound RCA Low-Frequency Subwoofer Audio Interconnect - Each (39.37 ft.),audioquest-greyhound-rca-low-frequency-subwoofer-audio-interconnect-each-39-37-ft,AudioQuest,Accessory type,No matching field found for Accessory type / Type
GqkAHteRmu9rQ6VLnW35yj,AudioQuest Greyhound RCA Low-Frequency Subwoofer Audio Interconnect - Each (39.37 ft.),audioquest-greyhound-rca-low-frequency-subwoofer-audio-interconnect-each-39-37-ft,AudioQuest,Connector / termination,No matching field found for Connector / termination / Connector / Termination
GqkAHteRmu9rQ6VLnW35yj,AudioQuest Greyhound RCA Low-Frequency Subwoofer Audio Interconnect - Each (39.37 ft.),audioquest-greyhound-rca-low-frequency-subwoofer-audio-interconnect-each-39-37-ft,AudioQuest,Compatibility,No matching field found for Compatibility / Compatible with / Fits
IVp0Ya0qCxU3IKB1jVguzD,Sennheiser HD 660S2 Headphones,sennheiser-hd-660s2-headphones,Sennheiser,Wearing style,No matching field found for Wearing style
IVp0Ya0qCxU3IKB1jVguzD,Sennheiser HD 660S2 Headphones,sennheiser-hd-660s2-headphones,Sennheiser,Back design,No matching field found for Back design / Cup style / Cup / back design
IVp0Ya0qCxU3IKB1jVguzD,Sennheiser HD 660S2 Headphones,sennheiser-hd-660s2-headphones,Sennheiser,Driver type,No matching field found for Driver type / Driver Type
IVp0Ya0qCxU3IKB1jVguzD,Sennheiser HD 660S2 Headphones,sennheiser-hd-660s2-headphones,Sennheiser,Connectivity,No matching field found for Connectivity
IVp0Ya0qCxU3IKB1jVguzD,Sennheiser HD 660S2 Headphones,sennheiser-hd-660s2-headphones,Sennheiser,Connector / plug,No matching field found for Connector / Connector / plug
IVp0Ya0qCxU3IKB1jVguzD,Sennheiser HD 660S2 Headphones,sennheiser-hd-660s2-headphones,Sennheiser,Microphone,No matching field found for Microphone / Microphones
IVp0Ya0qCxU3IKB1jVguzD,Sennheiser HD 660S2 Headphones,sennheiser-hd-660s2-headphones,Sennheiser,Noise cancelling,No matching field found for Noise cancelling / Noise canceling / ANC / Active noise cancelling
IVp0Ya0qCxU3IKB1jVguzD,Sennheiser HD 660S2 Headphones,sennheiser-hd-660s2-headphones,Sennheiser,Requires amplifier,No matching field found for Amp required / Requires amplifier / Amplifier required
IysVzF92P1Ckj0vYj2qiBH,JBL Live 670NC Wireless On-Ear Adaptive Noise Cancelling Headphones (White),jbl-live-670nc-wireless-on-ear-adaptive-noise-cancelling-headphones-white,JBL,Wearing style,No matching field found for Wearing style
IysVzF92P1Ckj0vYj2qiBH,JBL Live 670NC Wireless On-Ear Adaptive Noise Cancelling Headphones (White),jbl-live-670nc-wireless-on-ear-adaptive-noise-cancelling-headphones-white,JBL,Back design,No matching field found for Back design / Cup style / Cup / back design
IysVzF92P1Ckj0vYj2qiBH,JBL Live 670NC Wireless On-Ear Adaptive Noise Cancelling Headphones (White),jbl-live-670nc-wireless-on-ear-adaptive-noise-cancelling-headphones-white,JBL,Driver type,No matching field found for Driver type / Driver Type
IysVzF92P1Ckj0vYj2qiBH,JBL Live 670NC Wireless On-Ear Adaptive Noise Cancelling Headphones (White),jbl-live-670nc-wireless-on-ear-adaptive-noise-cancelling-headphones-white,JBL,Connectivity,No matching field found for Connectivity
IysVzF92P1Ckj0vYj2qiBH,JBL Live 670NC Wireless On-Ear Adaptive Noise Cancelling Headphones (White),jbl-live-670nc-wireless-on-ear-adaptive-noise-cancelling-headphones-white,JBL,Connector / plug,No matching field found for Connector / Connector / plug
IysVzF92P1Ckj0vYj2qiBH,JBL Live 670NC Wireless On-Ear Adaptive Noise Cancelling Headphones (White),jbl-live-670nc-wireless-on-ear-adaptive-noise-cancelling-headphones-white,JBL,Microphone,No matching field found for Microphone / Microphones
IysVzF92P1Ckj0vYj2qiBH,JBL Live 670NC Wireless On-Ear Adaptive Noise Cancelling Headphones (White),jbl-live-670nc-wireless-on-ear-adaptive-noise-cancelling-headphones-white,JBL,Noise cancelling,No matching field found for Noise cancelling / Noise canceling / ANC / Active noise cancelling
IysVzF92P1Ckj0vYj2qiBH,JBL Live 670NC Wireless On-Ear Adaptive Noise Cancelling Headphones (White),jbl-live-670nc-wireless-on-ear-adaptive-noise-cancelling-headphones-white,JBL,Requires amplifier,No matching field found for Amp required / Requires amplifier / Amplifier required
MrEMtYwMtrFDGWmRnG6oGG,AudioQuest DragonTail | USB Smartphone Adaptor,audioquest-dragontail-usb-smartphone-adaptor,AudioQuest,Accessory type,No matching field found for Accessory type / Type
MrEMtYwMtrFDGWmRnG6oGG,AudioQuest DragonTail | USB Smartphone Adaptor,audioquest-dragontail-usb-smartphone-adaptor,AudioQuest,Connector / termination,No matching field found for Connector / termination / Connector / Termination
MrEMtYwMtrFDGWmRnG6oGG,AudioQuest DragonTail | USB Smartphone Adaptor,audioquest-dragontail-usb-smartphone-adaptor,AudioQuest,Compatibility,No matching field found for Compatibility / Compatible with / Fits
MrEMtYwMtrFDGWmRnG9Baw,Cayin PH-32X | 2.5mm to 3.5mm Adapter,cayin-ph-32x-2-5mm-to-3-5mm-adapter,Cayin,Accessory type,No matching field found for Accessory type / Type
MrEMtYwMtrFDGWmRnG9Baw,Cayin PH-32X | 2.5mm to 3.5mm Adapter,cayin-ph-32x-2-5mm-to-3-5mm-adapter,Cayin,Connector / termination,No matching field found for Connector / termination / Connector / Termination
MrEMtYwMtrFDGWmRnG9Baw,Cayin PH-32X | 2.5mm to 3.5mm Adapter,cayin-ph-32x-2-5mm-to-3-5mm-adapter,Cayin,Compatibility,No matching field found for Compatibility / Compatible with / Fits
MrEMtYwMtrFDGWmRnGGjYE,ddHiFi DJ30SE Headphone Adapter | 4.4mm M to 3.5mm F,ddhifi-dj30se-headphone-adapter-4-4mm-m-to-3-5mm-f,ddHiFi,Accessory type,No matching field found for Accessory type / Type
MrEMtYwMtrFDGWmRnGGjYE,ddHiFi DJ30SE Headphone Adapter | 4.4mm M to 3.5mm F,ddhifi-dj30se-headphone-adapter-4-4mm-m-to-3-5mm-f,ddHiFi,Connector / termination,No matching field found for Connector / termination / Connector / Termination
MrEMtYwMtrFDGWmRnGGjYE,ddHiFi DJ30SE Headphone Adapter | 4.4mm M to 3.5mm F,ddhifi-dj30se-headphone-adapter-4-4mm-m-to-3-5mm-f,ddHiFi,Compatibility,No matching field found for Compatibility / Compatible with / Fits
MrEMtYwMtrFDGWmRnGKKBJ,ddHiFi DJ44AG Balanced Headphone Adapter | 2.5mm F to 4.4mm M,ddhifi-dj44ag-balanced-headphone-adapter-2-5mm-f-to-4-4mm-m,ddHiFi,Accessory type,No matching field found for Accessory type / Type
MrEMtYwMtrFDGWmRnGKKBJ,ddHiFi DJ44AG Balanced Headphone Adapter | 2.5mm F to 4.4mm M,ddhifi-dj44ag-balanced-headphone-adapter-2-5mm-f-to-4-4mm-m,ddHiFi,Connector / termination,No matching field found for Connector / termination / Connector / Termination
MrEMtYwMtrFDGWmRnGKKBJ,ddHiFi DJ44AG Balanced Headphone Adapter | 2.5mm F to 4.4mm M,ddhifi-dj44ag-balanced-headphone-adapter-2-5mm-f-to-4-4mm-m,ddHiFi,Compatibility,No matching field found for Compatibility / Compatible with / Fits
MrEMtYwMtrFDGWmRnGOCvl,ddHiFi DJ44MOJO Ground Pin Adapter | 4.4mm Adapter,ddhifi-dj44mojo-ground-pin-adapter-4-4mm-adapter,ddHiFi,Accessory type,No matching field found for Accessory type / Type
MrEMtYwMtrFDGWmRnGOCvl,ddHiFi DJ44MOJO Ground Pin Adapter | 4.4mm Adapter,ddhifi-dj44mojo-ground-pin-adapter-4-4mm-adapter,ddHiFi,Connector / termination,No matching field found for Connector / termination / Connector / Termination
MrEMtYwMtrFDGWmRnGOCvl,ddHiFi DJ44MOJO Ground Pin Adapter | 4.4mm Adapter,ddhifi-dj44mojo-ground-pin-adapter-4-4mm-adapter,ddHiFi,Compatibility,No matching field found for Compatibility / Compatible with / Fits
MrEMtYwMtrFDGWmRnGPkI2,Audeze Std LCD Series Cable | Mini-XLR to 4-pin XLR w/ 6.3mm Adapter,audeze-std-lcd-series-cable-mini-xlr-to-4-pin-xlr-w-6-3mm-adapter,Audeze,Accessory type,No matching field found for Accessory type / Type
MrEMtYwMtrFDGWmRnGPkI2,Audeze Std LCD Series Cable | Mini-XLR to 4-pin XLR w/ 6.3mm Adapter,audeze-std-lcd-series-cable-mini-xlr-to-4-pin-xlr-w-6-3mm-adapter,Audeze,Connector / termination,No matching field found for Connector / termination / Connector / Termination
MrEMtYwMtrFDGWmRnGPkI2,Audeze Std LCD Series Cable | Mini-XLR to 4-pin XLR w/ 6.3mm Adapter,audeze-std-lcd-series-cable-mini-xlr-to-4-pin-xlr-w-6-3mm-adapter,Audeze,Compatibility,No matching field found for Compatibility / Compatible with / Fits
MrEMtYwMtrFDGWmRnGS7NA,Campfire Audio Flight | Curated Eartip Pack,campfire-audio-flight-curated-eartip-pack,Campfire Audio,Accessory type,No matching field found for Accessory type / Type
MrEMtYwMtrFDGWmRnGS7NA,Campfire Audio Flight | Curated Eartip Pack,campfire-audio-flight-curated-eartip-pack,Campfire Audio,Compatibility,No matching field found for Compatibility / Compatible with / Fits
MrEMtYwMtrFDGWmRnGSBlG,Campfire Audio Marshmallows Isolating Foam Eartips | Replacement Eartips,campfire-audio-marshmallows-isolating-foam-eartips-replacement-eartips,Campfire Audio,Accessory type,No matching field found for Accessory type / Type
MrEMtYwMtrFDGWmRnGSBlG,Campfire Audio Marshmallows Isolating Foam Eartips | Replacement Eartips,campfire-audio-marshmallows-isolating-foam-eartips-replacement-eartips,Campfire Audio,Compatibility,No matching field found for Compatibility / Compatible with / Fits
MrEMtYwMtrFDGWmRnGSzbV,Eletech Baroque TWS | Luxury HiFi Eartips for TWS,eletech-baroque-tws-luxury-hifi-eartips-for-tws,Eletech,Accessory type,No matching field found for Accessory type / Type
MrEMtYwMtrFDGWmRnGSzbV,Eletech Baroque TWS | Luxury HiFi Eartips for TWS,eletech-baroque-tws-luxury-hifi-eartips-for-tws,Eletech,Compatibility,No matching field found for Compatibility / Compatible with / Fits
MrEMtYwMtrFDGWmRnGT3k3,Eletech Baroque | Luxury HiFi Eartips for IEMs,eletech-baroque-luxury-hifi-eartips-for-iems,Eletech,Accessory type,No matching field found for Accessory type / Type
MrEMtYwMtrFDGWmRnGT3k3,Eletech Baroque | Luxury HiFi Eartips for IEMs,eletech-baroque-luxury-hifi-eartips-for-iems,Eletech,Compatibility,No matching field found for Compatibility / Compatible with / Fits
MrEMtYwMtrFDGWmRnGT5JE,Final Audio FUSION-G | Triple Hybrid Structure Ear Tips,final-audio-fusion-g-triple-hybrid-structure-ear-tips,Final Audio,Accessory type,No matching field found for Accessory type / Type
MrEMtYwMtrFDGWmRnGT5JE,Final Audio FUSION-G | Triple Hybrid Structure Ear Tips,final-audio-fusion-g-triple-hybrid-structure-ear-tips,Final Audio,Compatibility,No matching field found for Compatibility / Compatible with / Fits
MrEMtYwMtrFDGWmRnGTPsC,SpinFit CP155 | Premium Eartips (2 Pairs),spinfit-cp155-premium-eartips-2-pairs,Spinfit,Accessory type,No matching field found for Accessory type / Type
MrEMtYwMtrFDGWmRnGTPsC,SpinFit CP155 | Premium Eartips (2 Pairs),spinfit-cp155-premium-eartips-2-pairs,Spinfit,Compatibility,No matching field found for Compatibility / Compatible with / Fits
MrEMtYwMtrFDGWmRnGTr95,SpinFit CP800 | Premium Eartips (2 Pairs),spinfit-cp800-premium-eartips-2-pairs,Spinfit,Accessory type,No matching field found for Accessory type / Type
MrEMtYwMtrFDGWmRnGTr95,SpinFit CP800 | Premium Eartips (2 Pairs),spinfit-cp800-premium-eartips-2-pairs,Spinfit,Compatibility,No matching field found for Compatibility / Compatible with / Fits
MrEMtYwMtrFDGWmRnGU178,ddHiFi CZ180 Portable Case | HiFi Storage Case,ddhifi-cz180-portable-case-hifi-storage-case,ddHiFi,Accessory type,No matching field found for Accessory type / Type
MrEMtYwMtrFDGWmRnGU178,ddHiFi CZ180 Portable Case | HiFi Storage Case,ddhifi-cz180-portable-case-hifi-storage-case,ddHiFi,Compatibility,No matching field found for Compatibility / Compatible with / Fits
MrEMtYwMtrFDGWmRnGiczn,Earpiece moisture wicks,earpiece-moisture-wicks,Sensaphonics,Accessory type,No matching field found for Accessory type / Type
MrEMtYwMtrFDGWmRnGiczn,Earpiece moisture wicks,earpiece-moisture-wicks,Sensaphonics,Compatibility,No matching field found for Compatibility / Compatible with / Fits
MrEMtYwMtrFDGWmRnGr5kn,Microfiber Cleaning Cloth 3-Pack,microfiber-cleaning-cloth-3-pack,64 Audio,Accessory type,No matching field found for Accessory type / Type
MrEMtYwMtrFDGWmRnGr5kn,Microfiber Cleaning Cloth 3-Pack,microfiber-cleaning-cloth-3-pack,64 Audio,Compatibility,No matching field found for Compatibility / Compatible with / Fits
MrEMtYwMtrFDGWmRnGr6Ft,IEM Cleaning Tool 5-Pack,iem-cleaning-tool-5-pack,64 Audio,Accessory type,No matching field found for Accessory type / Type
MrEMtYwMtrFDGWmRnGr6Ft,IEM Cleaning Tool 5-Pack,iem-cleaning-tool-5-pack,64 Audio,Compatibility,No matching field found for Compatibility / Compatible with / Fits
MrEMtYwMtrFDGWmRnGr7Rk,Steel Needle,steel-needle,64 Audio,Accessory type,No matching field found for Accessory type / Type
MrEMtYwMtrFDGWmRnGr7Rk,Steel Needle,steel-needle,64 Audio,Compatibility,No matching field found for Compatibility / Compatible with / Fits
MrEMtYwMtrFDGWmRnGr80j,Large Dehumidifier,large-dehumidifier,64 Audio,Accessory type,No matching field found for Accessory type / Type
MrEMtYwMtrFDGWmRnGr80j,Large Dehumidifier,large-dehumidifier,64 Audio,Compatibility,No matching field found for Compatibility / Compatible with / Fits
MrEMtYwMtrFDGWmRnGr9GT,VAC Pro Needle Kit,vac-pro-needle-kit,64 Audio,Accessory type,No matching field found for Accessory type / Type
MrEMtYwMtrFDGWmRnGr9GT,VAC Pro Needle Kit,vac-pro-needle-kit,64 Audio,Compatibility,No matching field found for Compatibility / Compatible with / Fits
MrEMtYwMtrFDGWmRnGrApe,VAC Pro Filter and O-Ring Kit,vac-pro-filter-and-o-ring-kit,64 Audio,Accessory type,No matching field found for Accessory type / Type
MrEMtYwMtrFDGWmRnGrApe,VAC Pro Filter and O-Ring Kit,vac-pro-filter-and-o-ring-kit,64 Audio,Compatibility,No matching field found for Compatibility / Compatible with / Fits
MrEMtYwMtrFDGWmRnH5lm0,Eletech Aristotle | Copper IEM Upgrade Cable,eletech-aristotle-copper-iem-upgrade-cable,Eletech,Accessory type,No matching field found for Accessory type / Type
MrEMtYwMtrFDGWmRnH5lm0,Eletech Aristotle | Copper IEM Upgrade Cable,eletech-aristotle-copper-iem-upgrade-cable,Eletech,Connector / termination,No matching field found for Connector / termination / Connector / Termination
MrEMtYwMtrFDGWmRnH5lm0,Eletech Aristotle | Copper IEM Upgrade Cable,eletech-aristotle-copper-iem-upgrade-cable,Eletech,Compatibility,No matching field found for Compatibility / Compatible with / Fits
MrEMtYwMtrFDGWmRnKeGom,Polk Audio RC80I 2 Way In Ceiling Speakers - 4 Pack (White),polk-audio-rc80i-2-way-in-ceiling-speakers-4-pack-white,Polk Audio,Accessory type,No matching field found for Accessory type / Type
MrEMtYwMtrFDGWmRnKeGom,Polk Audio RC80I 2 Way In Ceiling Speakers - 4 Pack (White),polk-audio-rc80i-2-way-in-ceiling-speakers-4-pack-white,Polk Audio,Connector / termination,No matching field found for Connector / termination / Connector / Termination
MrEMtYwMtrFDGWmRnKeGom,Polk Audio RC80I 2 Way In Ceiling Speakers - 4 Pack (White),polk-audio-rc80i-2-way-in-ceiling-speakers-4-pack-white,Polk Audio,Compatibility,No matching field found for Compatibility / Compatible with / Fits
MrEMtYwMtrFDGWmRnKwOVD,FiiO M15S Portable Music Player,fiio-m15s-portable-music-player,FiiO,Device type,No matching field found for Device type / Product type / Type
MrEMtYwMtrFDGWmRnKwOVD,FiiO M15S Portable Music Player,fiio-m15s-portable-music-player,FiiO,Form factor,No matching field found for Form factor / Portability
MrEMtYwMtrFDGWmRnKwOVD,FiiO M15S Portable Music Player,fiio-m15s-portable-music-player,FiiO,Amplification,No matching field found for Amplifier type / Amplification
MrEMtYwMtrFDGWmRnKwOVD,FiiO M15S Portable Music Player,fiio-m15s-portable-music-player,FiiO,DAC included,"Field ""DAC"" raw value ""ES9038PRO (8-channel, 32-bit)"" does not map to the closed vocabulary for DAC included"
MrEMtYwMtrFDGWmRnKwOVD,FiiO M15S Portable Music Player,fiio-m15s-portable-music-player,FiiO,Balanced output,No matching field found for Balanced output / Balanced / Balanced connection
MrEMtYwMtrFDGWmRnKwOVD,FiiO M15S Portable Music Player,fiio-m15s-portable-music-player,FiiO,Inputs,No matching field found for Inputs / Input
MrEMtYwMtrFDGWmRnN3Yzy,FiiO BTR11 Portable DAC and Headphone Amp,fiio-btr11-portable-dac-and-headphone-amp,FiiO,Device type,No matching field found for Device type / Product type / Type
MrEMtYwMtrFDGWmRnN3Yzy,FiiO BTR11 Portable DAC and Headphone Amp,fiio-btr11-portable-dac-and-headphone-amp,FiiO,Form factor,No matching field found for Form factor / Portability
MrEMtYwMtrFDGWmRnN3Yzy,FiiO BTR11 Portable DAC and Headphone Amp,fiio-btr11-portable-dac-and-headphone-amp,FiiO,Amplification,No matching field found for Amplifier type / Amplification
MrEMtYwMtrFDGWmRnN3Yzy,FiiO BTR11 Portable DAC and Headphone Amp,fiio-btr11-portable-dac-and-headphone-amp,FiiO,DAC included,No matching field found for DAC included / DAC / Built-in DAC
MrEMtYwMtrFDGWmRnN3Yzy,FiiO BTR11 Portable DAC and Headphone Amp,fiio-btr11-portable-dac-and-headphone-amp,FiiO,Balanced output,No matching field found for Balanced output / Balanced / Balanced connection
MrEMtYwMtrFDGWmRnN3Yzy,FiiO BTR11 Portable DAC and Headphone Amp,fiio-btr11-portable-dac-and-headphone-amp,FiiO,Inputs,No matching field found for Inputs / Input
MrEMtYwMtrFDGWmRnN3Yzy,FiiO BTR11 Portable DAC and Headphone Amp,fiio-btr11-portable-dac-and-headphone-amp,FiiO,Outputs,"Field ""Output"" raw value ""3.5mm single-ended"" does not map to the closed vocabulary for Outputs"
MrEMtYwMtrFDGWmRnN51PA,Hifiman HE1000 Stealth Headphones - Stealth Magnet Edition,hifiman-he1000-stealth-headphones-stealth-magnet-edition,HiFiMan,Wearing style,No matching field found for Wearing style
MrEMtYwMtrFDGWmRnN51PA,Hifiman HE1000 Stealth Headphones - Stealth Magnet Edition,hifiman-he1000-stealth-headphones-stealth-magnet-edition,HiFiMan,Back design,No matching field found for Back design / Cup style / Cup / back design
MrEMtYwMtrFDGWmRnN51PA,Hifiman HE1000 Stealth Headphones - Stealth Magnet Edition,hifiman-he1000-stealth-headphones-stealth-magnet-edition,HiFiMan,Connectivity,No matching field found for Connectivity
MrEMtYwMtrFDGWmRnN51PA,Hifiman HE1000 Stealth Headphones - Stealth Magnet Edition,hifiman-he1000-stealth-headphones-stealth-magnet-edition,HiFiMan,Connector / plug,No matching field found for Connector / Connector / plug
MrEMtYwMtrFDGWmRnN51PA,Hifiman HE1000 Stealth Headphones - Stealth Magnet Edition,hifiman-he1000-stealth-headphones-stealth-magnet-edition,HiFiMan,Microphone,No matching field found for Microphone / Microphones
MrEMtYwMtrFDGWmRnN51PA,Hifiman HE1000 Stealth Headphones - Stealth Magnet Edition,hifiman-he1000-stealth-headphones-stealth-magnet-edition,HiFiMan,Noise cancelling,No matching field found for Noise cancelling / Noise canceling / ANC / Active noise cancelling
MrEMtYwMtrFDGWmRnN51PA,Hifiman HE1000 Stealth Headphones - Stealth Magnet Edition,hifiman-he1000-stealth-headphones-stealth-magnet-edition,HiFiMan,Requires amplifier,No matching field found for Amp required / Requires amplifier / Amplifier required
MrEMtYwMtrFDGWmRnN74UJ,Chord Electronics Hugo 2 Portable DAC & Headphone Amplifier,chord-electronics-hugo-2-portable-dac-headphone-amplifier,Chord Electronics,Device type,No matching field found for Device type / Product type / Type
MrEMtYwMtrFDGWmRnN74UJ,Chord Electronics Hugo 2 Portable DAC & Headphone Amplifier,chord-electronics-hugo-2-portable-dac-headphone-amplifier,Chord Electronics,Form factor,No matching field found for Form factor / Portability
MrEMtYwMtrFDGWmRnN74UJ,Chord Electronics Hugo 2 Portable DAC & Headphone Amplifier,chord-electronics-hugo-2-portable-dac-headphone-amplifier,Chord Electronics,Amplification,No matching field found for Amplifier type / Amplification
MrEMtYwMtrFDGWmRnN74UJ,Chord Electronics Hugo 2 Portable DAC & Headphone Amplifier,chord-electronics-hugo-2-portable-dac-headphone-amplifier,Chord Electronics,DAC included,No matching field found for DAC included / DAC / Built-in DAC
MrEMtYwMtrFDGWmRnN74UJ,Chord Electronics Hugo 2 Portable DAC & Headphone Amplifier,chord-electronics-hugo-2-portable-dac-headphone-amplifier,Chord Electronics,Balanced output,No matching field found for Balanced output / Balanced / Balanced connection
MrEMtYwMtrFDGWmRnN74UJ,Chord Electronics Hugo 2 Portable DAC & Headphone Amplifier,chord-electronics-hugo-2-portable-dac-headphone-amplifier,Chord Electronics,Inputs,No matching field found for Inputs / Input
MrEMtYwMtrFDGWmRnN74UJ,Chord Electronics Hugo 2 Portable DAC & Headphone Amplifier,chord-electronics-hugo-2-portable-dac-headphone-amplifier,Chord Electronics,Outputs,No matching field found for Outputs / Output
MrEMtYwMtrFDGWmRnN7D4q,Questyle M15i USB Portable DAC & Headphone Amplifier,questyle-m15i-usb-portable-dac-headphone-amplifier,Questyle,Device type,No matching field found for Device type / Product type / Type
MrEMtYwMtrFDGWmRnN7D4q,Questyle M15i USB Portable DAC & Headphone Amplifier,questyle-m15i-usb-portable-dac-headphone-amplifier,Questyle,Form factor,No matching field found for Form factor / Portability
MrEMtYwMtrFDGWmRnN7D4q,Questyle M15i USB Portable DAC & Headphone Amplifier,questyle-m15i-usb-portable-dac-headphone-amplifier,Questyle,Amplification,No matching field found for Amplifier type / Amplification
MrEMtYwMtrFDGWmRnN7D4q,Questyle M15i USB Portable DAC & Headphone Amplifier,questyle-m15i-usb-portable-dac-headphone-amplifier,Questyle,DAC included,No matching field found for DAC included / DAC / Built-in DAC
MrEMtYwMtrFDGWmRnN7D4q,Questyle M15i USB Portable DAC & Headphone Amplifier,questyle-m15i-usb-portable-dac-headphone-amplifier,Questyle,Balanced output,No matching field found for Balanced output / Balanced / Balanced connection
MrEMtYwMtrFDGWmRnN7D4q,Questyle M15i USB Portable DAC & Headphone Amplifier,questyle-m15i-usb-portable-dac-headphone-amplifier,Questyle,Inputs,No matching field found for Inputs / Input
MrEMtYwMtrFDGWmRnN7D4q,Questyle M15i USB Portable DAC & Headphone Amplifier,questyle-m15i-usb-portable-dac-headphone-amplifier,Questyle,Outputs,No matching field found for Outputs / Output
MrEMtYwMtrFDGWmRnN7WCP,iFi Audio Hip DAC 3 Portable DAC/Amp,ifi-audio-hip-dac-3-portable-dac-amp,iFi Audio,Device type,No matching field found for Device type / Product type / Type
MrEMtYwMtrFDGWmRnN7WCP,iFi Audio Hip DAC 3 Portable DAC/Amp,ifi-audio-hip-dac-3-portable-dac-amp,iFi Audio,Form factor,No matching field found for Form factor / Portability
MrEMtYwMtrFDGWmRnN7WCP,iFi Audio Hip DAC 3 Portable DAC/Amp,ifi-audio-hip-dac-3-portable-dac-amp,iFi Audio,Amplification,No matching field found for Amplifier type / Amplification
MrEMtYwMtrFDGWmRnN7WCP,iFi Audio Hip DAC 3 Portable DAC/Amp,ifi-audio-hip-dac-3-portable-dac-amp,iFi Audio,DAC included,"Field ""DAC"" raw value ""Burr Brown"" does not map to the closed vocabulary for DAC included"
MrEMtYwMtrFDGWmRnN7WCP,iFi Audio Hip DAC 3 Portable DAC/Amp,ifi-audio-hip-dac-3-portable-dac-amp,iFi Audio,Balanced output,No matching field found for Balanced output / Balanced / Balanced connection
MrEMtYwMtrFDGWmRnN7WCP,iFi Audio Hip DAC 3 Portable DAC/Amp,ifi-audio-hip-dac-3-portable-dac-amp,iFi Audio,Outputs,No matching field found for Outputs / Output
MrEMtYwMtrFDGWmRnN7qVp,Chord Electronics 2go,chord-electronics-2go,Chord Electronics,Device type,No matching field found for Device type / Product type / Type
MrEMtYwMtrFDGWmRnN7qVp,Chord Electronics 2go,chord-electronics-2go,Chord Electronics,Form factor,No matching field found for Form factor / Portability
MrEMtYwMtrFDGWmRnN7qVp,Chord Electronics 2go,chord-electronics-2go,Chord Electronics,Amplification,No matching field found for Amplifier type / Amplification
MrEMtYwMtrFDGWmRnN7qVp,Chord Electronics 2go,chord-electronics-2go,Chord Electronics,DAC included,No matching field found for DAC included / DAC / Built-in DAC
MrEMtYwMtrFDGWmRnN7qVp,Chord Electronics 2go,chord-electronics-2go,Chord Electronics,Balanced output,No matching field found for Balanced output / Balanced / Balanced connection
MrEMtYwMtrFDGWmRnN7qVp,Chord Electronics 2go,chord-electronics-2go,Chord Electronics,Inputs,No matching field found for Inputs / Input
MrEMtYwMtrFDGWmRnN7qVp,Chord Electronics 2go,chord-electronics-2go,Chord Electronics,Outputs,No matching field found for Outputs / Output
MrEMtYwMtrFDGWmRnN82fv,"Eversolo DMP-A8 All-In-One Streamer, DAC, Preamp",eversolo-dmp-a8-all-in-one-streamer-dac-preamp,Eversolo,Device type,No matching field found for Device type / Product type / Type
MrEMtYwMtrFDGWmRnN82fv,"Eversolo DMP-A8 All-In-One Streamer, DAC, Preamp",eversolo-dmp-a8-all-in-one-streamer-dac-preamp,Eversolo,Form factor,No matching field found for Form factor / Portability
MrEMtYwMtrFDGWmRnN82fv,"Eversolo DMP-A8 All-In-One Streamer, DAC, Preamp",eversolo-dmp-a8-all-in-one-streamer-dac-preamp,Eversolo,Amplification,No matching field found for Amplifier type / Amplification
MrEMtYwMtrFDGWmRnN82fv,"Eversolo DMP-A8 All-In-One Streamer, DAC, Preamp",eversolo-dmp-a8-all-in-one-streamer-dac-preamp,Eversolo,DAC included,"Field ""DAC"" raw value ""AK4191EQ+AK4499EX"" does not map to the closed vocabulary for DAC included"
MrEMtYwMtrFDGWmRnN82fv,"Eversolo DMP-A8 All-In-One Streamer, DAC, Preamp",eversolo-dmp-a8-all-in-one-streamer-dac-preamp,Eversolo,Balanced output,No matching field found for Balanced output / Balanced / Balanced connection
MrEMtYwMtrFDGWmRnN82fv,"Eversolo DMP-A8 All-In-One Streamer, DAC, Preamp",eversolo-dmp-a8-all-in-one-streamer-dac-preamp,Eversolo,Inputs,No matching field found for Inputs / Input
MrEMtYwMtrFDGWmRnN82fv,"Eversolo DMP-A8 All-In-One Streamer, DAC, Preamp",eversolo-dmp-a8-all-in-one-streamer-dac-preamp,Eversolo,Outputs,No matching field found for Outputs / Output
MrEMtYwMtrFDGWmRnN8E5N,Eversolo DMP-A6 Master Edition Streamer and DAC,eversolo-dmp-a6-master-edition-streamer-and-dac,Eversolo,Device type,No matching field found for Device type / Product type / Type
MrEMtYwMtrFDGWmRnN8E5N,Eversolo DMP-A6 Master Edition Streamer and DAC,eversolo-dmp-a6-master-edition-streamer-and-dac,Eversolo,Form factor,No matching field found for Form factor / Portability
MrEMtYwMtrFDGWmRnN8E5N,Eversolo DMP-A6 Master Edition Streamer and DAC,eversolo-dmp-a6-master-edition-streamer-and-dac,Eversolo,Amplification,No matching field found for Amplifier type / Amplification
MrEMtYwMtrFDGWmRnN8E5N,Eversolo DMP-A6 Master Edition Streamer and DAC,eversolo-dmp-a6-master-edition-streamer-and-dac,Eversolo,DAC included,"Field ""DAC"" raw value ""(x2) ES 9038Q2M"" does not map to the closed vocabulary for DAC included"
MrEMtYwMtrFDGWmRnN8E5N,Eversolo DMP-A6 Master Edition Streamer and DAC,eversolo-dmp-a6-master-edition-streamer-and-dac,Eversolo,Balanced output,No matching field found for Balanced output / Balanced / Balanced connection
MrEMtYwMtrFDGWmRnN8E5N,Eversolo DMP-A6 Master Edition Streamer and DAC,eversolo-dmp-a6-master-edition-streamer-and-dac,Eversolo,Inputs,No matching field found for Inputs / Input
MrEMtYwMtrFDGWmRnN8E5N,Eversolo DMP-A6 Master Edition Streamer and DAC,eversolo-dmp-a6-master-edition-streamer-and-dac,Eversolo,Outputs,No matching field found for Outputs / Output
MrEMtYwMtrFDGWmRnN8QYu,iFi Audio Pro iDSD Signature DAC/Amp & Streamer,ifi-audio-pro-idsd-signature-dac-amp-streamer,iFi Audio,Device type,No matching field found for Device type / Product type / Type
MrEMtYwMtrFDGWmRnN8QYu,iFi Audio Pro iDSD Signature DAC/Amp & Streamer,ifi-audio-pro-idsd-signature-dac-amp-streamer,iFi Audio,Form factor,No matching field found for Form factor / Portability
MrEMtYwMtrFDGWmRnN8QYu,iFi Audio Pro iDSD Signature DAC/Amp & Streamer,ifi-audio-pro-idsd-signature-dac-amp-streamer,iFi Audio,Amplification,No matching field found for Amplifier type / Amplification
MrEMtYwMtrFDGWmRnN8QYu,iFi Audio Pro iDSD Signature DAC/Amp & Streamer,ifi-audio-pro-idsd-signature-dac-amp-streamer,iFi Audio,DAC included,No matching field found for DAC included / DAC / Built-in DAC
MrEMtYwMtrFDGWmRnN8QYu,iFi Audio Pro iDSD Signature DAC/Amp & Streamer,ifi-audio-pro-idsd-signature-dac-amp-streamer,iFi Audio,Balanced output,No matching field found for Balanced output / Balanced / Balanced connection
MrEMtYwMtrFDGWmRnN8QYu,iFi Audio Pro iDSD Signature DAC/Amp & Streamer,ifi-audio-pro-idsd-signature-dac-amp-streamer,iFi Audio,Outputs,No matching field found for Outputs / Output
MrEMtYwMtrFDGWmRnN8f2p,Topping E50 Desktop Digital to Analog Convertor (DAC),topping-e50-desktop-digital-to-analog-convertor-dac,Topping,Device type,No matching field found for Device type / Product type / Type
MrEMtYwMtrFDGWmRnN8f2p,Topping E50 Desktop Digital to Analog Convertor (DAC),topping-e50-desktop-digital-to-analog-convertor-dac,Topping,Form factor,No matching field found for Form factor / Portability
MrEMtYwMtrFDGWmRnN8f2p,Topping E50 Desktop Digital to Analog Convertor (DAC),topping-e50-desktop-digital-to-analog-convertor-dac,Topping,Amplification,No matching field found for Amplifier type / Amplification
MrEMtYwMtrFDGWmRnN8f2p,Topping E50 Desktop Digital to Analog Convertor (DAC),topping-e50-desktop-digital-to-analog-convertor-dac,Topping,DAC included,No matching field found for DAC included / DAC / Built-in DAC
MrEMtYwMtrFDGWmRnN8f2p,Topping E50 Desktop Digital to Analog Convertor (DAC),topping-e50-desktop-digital-to-analog-convertor-dac,Topping,Balanced output,No matching field found for Balanced output / Balanced / Balanced connection
MrEMtYwMtrFDGWmRnN8f2p,Topping E50 Desktop Digital to Analog Convertor (DAC),topping-e50-desktop-digital-to-analog-convertor-dac,Topping,Inputs,No matching field found for Inputs / Input
MrEMtYwMtrFDGWmRnN8f2p,Topping E50 Desktop Digital to Analog Convertor (DAC),topping-e50-desktop-digital-to-analog-convertor-dac,Topping,Outputs,No matching field found for Outputs / Output
MrEMtYwMtrFDGWmRnN8n4N,Topping D50 III DAC,topping-d50-iii-dac,Topping,Device type,No matching field found for Device type / Product type / Type
MrEMtYwMtrFDGWmRnN8n4N,Topping D50 III DAC,topping-d50-iii-dac,Topping,Form factor,No matching field found for Form factor / Portability
MrEMtYwMtrFDGWmRnN8n4N,Topping D50 III DAC,topping-d50-iii-dac,Topping,Amplification,No matching field found for Amplifier type / Amplification
MrEMtYwMtrFDGWmRnN8n4N,Topping D50 III DAC,topping-d50-iii-dac,Topping,DAC included,No matching field found for DAC included / DAC / Built-in DAC
MrEMtYwMtrFDGWmRnN8n4N,Topping D50 III DAC,topping-d50-iii-dac,Topping,Balanced output,No matching field found for Balanced output / Balanced / Balanced connection
MrEMtYwMtrFDGWmRnN8n4N,Topping D50 III DAC,topping-d50-iii-dac,Topping,Inputs,No matching field found for Inputs / Input
MrEMtYwMtrFDGWmRnN8n4N,Topping D50 III DAC,topping-d50-iii-dac,Topping,Outputs,No matching field found for Outputs / Output
MrEMtYwMtrFDGWmRnN9RG0,"Topping DX9 DAC, Headphone Amplifier and Pre-Amp",topping-dx9-dac-headphone-amplifier-and-pre-amp,Topping,Device type,No matching field found for Device type / Product type / Type
MrEMtYwMtrFDGWmRnN9RG0,"Topping DX9 DAC, Headphone Amplifier and Pre-Amp",topping-dx9-dac-headphone-amplifier-and-pre-amp,Topping,Form factor,No matching field found for Form factor / Portability
MrEMtYwMtrFDGWmRnN9RG0,"Topping DX9 DAC, Headphone Amplifier and Pre-Amp",topping-dx9-dac-headphone-amplifier-and-pre-amp,Topping,Amplification,No matching field found for Amplifier type / Amplification
MrEMtYwMtrFDGWmRnN9RG0,"Topping DX9 DAC, Headphone Amplifier and Pre-Amp",topping-dx9-dac-headphone-amplifier-and-pre-amp,Topping,DAC included,No matching field found for DAC included / DAC / Built-in DAC
MrEMtYwMtrFDGWmRnN9RG0,"Topping DX9 DAC, Headphone Amplifier and Pre-Amp",topping-dx9-dac-headphone-amplifier-and-pre-amp,Topping,Balanced output,No matching field found for Balanced output / Balanced / Balanced connection
MrEMtYwMtrFDGWmRnN9RG0,"Topping DX9 DAC, Headphone Amplifier and Pre-Amp",topping-dx9-dac-headphone-amplifier-and-pre-amp,Topping,Inputs,No matching field found for Inputs / Input
MrEMtYwMtrFDGWmRnN9RG0,"Topping DX9 DAC, Headphone Amplifier and Pre-Amp",topping-dx9-dac-headphone-amplifier-and-pre-amp,Topping,Outputs,No matching field found for Outputs / Output
MrEMtYwMtrFDGWmRnNA955,Zähl HM1 Reference Desktop Headphone Amplifier,z-hl-hm1-reference-desktop-headphone-amplifier,Zähl,Device type,No matching field found for Device type / Product type / Type
MrEMtYwMtrFDGWmRnNA955,Zähl HM1 Reference Desktop Headphone Amplifier,z-hl-hm1-reference-desktop-headphone-amplifier,Zähl,Form factor,No matching field found for Form factor / Portability
MrEMtYwMtrFDGWmRnNA955,Zähl HM1 Reference Desktop Headphone Amplifier,z-hl-hm1-reference-desktop-headphone-amplifier,Zähl,Amplification,No matching field found for Amplifier type / Amplification
MrEMtYwMtrFDGWmRnNA955,Zähl HM1 Reference Desktop Headphone Amplifier,z-hl-hm1-reference-desktop-headphone-amplifier,Zähl,DAC included,No matching field found for DAC included / DAC / Built-in DAC
MrEMtYwMtrFDGWmRnNA955,Zähl HM1 Reference Desktop Headphone Amplifier,z-hl-hm1-reference-desktop-headphone-amplifier,Zähl,Balanced output,No matching field found for Balanced output / Balanced / Balanced connection
MrEMtYwMtrFDGWmRnNA955,Zähl HM1 Reference Desktop Headphone Amplifier,z-hl-hm1-reference-desktop-headphone-amplifier,Zähl,Inputs,No matching field found for Inputs / Input
MrEMtYwMtrFDGWmRnNA955,Zähl HM1 Reference Desktop Headphone Amplifier,z-hl-hm1-reference-desktop-headphone-amplifier,Zähl,Outputs,No matching field found for Outputs / Output
MrEMtYwMtrFDGWmRnNFt41,EarMen Angel Portable DAC and Headphone Amplifier,earmen-angel-portable-dac-and-headphone-amplifier,EarMen,Device type,No matching field found for Device type / Product type / Type
MrEMtYwMtrFDGWmRnNFt41,EarMen Angel Portable DAC and Headphone Amplifier,earmen-angel-portable-dac-and-headphone-amplifier,EarMen,Form factor,No matching field found for Form factor / Portability
MrEMtYwMtrFDGWmRnNFt41,EarMen Angel Portable DAC and Headphone Amplifier,earmen-angel-portable-dac-and-headphone-amplifier,EarMen,Amplification,No matching field found for Amplifier type / Amplification
MrEMtYwMtrFDGWmRnNFt41,EarMen Angel Portable DAC and Headphone Amplifier,earmen-angel-portable-dac-and-headphone-amplifier,EarMen,DAC included,No matching field found for DAC included / DAC / Built-in DAC
MrEMtYwMtrFDGWmRnNFt41,EarMen Angel Portable DAC and Headphone Amplifier,earmen-angel-portable-dac-and-headphone-amplifier,EarMen,Balanced output,No matching field found for Balanced output / Balanced / Balanced connection
MrEMtYwMtrFDGWmRnNFt41,EarMen Angel Portable DAC and Headphone Amplifier,earmen-angel-portable-dac-and-headphone-amplifier,EarMen,Inputs,No matching field found for Inputs / Input
MrEMtYwMtrFDGWmRnNFt41,EarMen Angel Portable DAC and Headphone Amplifier,earmen-angel-portable-dac-and-headphone-amplifier,EarMen,Outputs,No matching field found for Outputs / Output
MrEMtYwMtrFDGWmRnNGIa4,Astell&Kern PA10 Headphone Amplifier,astell-kern-pa10-headphone-amplifier,Astell&Kern,Device type,No matching field found for Device type / Product type / Type
MrEMtYwMtrFDGWmRnNGIa4,Astell&Kern PA10 Headphone Amplifier,astell-kern-pa10-headphone-amplifier,Astell&Kern,Form factor,No matching field found for Form factor / Portability
MrEMtYwMtrFDGWmRnNGIa4,Astell&Kern PA10 Headphone Amplifier,astell-kern-pa10-headphone-amplifier,Astell&Kern,Amplification,"Field ""Amplification"" raw value ""Headphone Output Power"" does not map to the closed vocabulary for Amplification"
MrEMtYwMtrFDGWmRnNGIa4,Astell&Kern PA10 Headphone Amplifier,astell-kern-pa10-headphone-amplifier,Astell&Kern,DAC included,No matching field found for DAC included / DAC / Built-in DAC
MrEMtYwMtrFDGWmRnNGIa4,Astell&Kern PA10 Headphone Amplifier,astell-kern-pa10-headphone-amplifier,Astell&Kern,Balanced output,No matching field found for Balanced output / Balanced / Balanced connection
MrEMtYwMtrFDGWmRnNGIa4,Astell&Kern PA10 Headphone Amplifier,astell-kern-pa10-headphone-amplifier,Astell&Kern,Inputs,No matching field found for Inputs / Input
MrEMtYwMtrFDGWmRnNGIa4,Astell&Kern PA10 Headphone Amplifier,astell-kern-pa10-headphone-amplifier,Astell&Kern,Outputs,No matching field found for Outputs / Output
MrEMtYwMtrFDGWmRnNGOLg,Moondrop Dawn Pro Portable DAC and Headphone Amp,moondrop-dawn-pro-portable-dac-and-headphone-amp,Moondrop,Device type,No matching field found for Device type / Product type / Type
MrEMtYwMtrFDGWmRnNGOLg,Moondrop Dawn Pro Portable DAC and Headphone Amp,moondrop-dawn-pro-portable-dac-and-headphone-amp,Moondrop,Form factor,No matching field found for Form factor / Portability
MrEMtYwMtrFDGWmRnNGOLg,Moondrop Dawn Pro Portable DAC and Headphone Amp,moondrop-dawn-pro-portable-dac-and-headphone-amp,Moondrop,Amplification,No matching field found for Amplifier type / Amplification
MrEMtYwMtrFDGWmRnNGOLg,Moondrop Dawn Pro Portable DAC and Headphone Amp,moondrop-dawn-pro-portable-dac-and-headphone-amp,Moondrop,DAC included,No matching field found for DAC included / DAC / Built-in DAC
MrEMtYwMtrFDGWmRnNGOLg,Moondrop Dawn Pro Portable DAC and Headphone Amp,moondrop-dawn-pro-portable-dac-and-headphone-amp,Moondrop,Balanced output,No matching field found for Balanced output / Balanced / Balanced connection
MrEMtYwMtrFDGWmRnNHjjW,Bluesound Powernode Edge Streamer and Amplifier,bluesound-powernode-edge-streamer-and-amplifier,Bluesound,Device type,No matching field found for Device type / Product type / Type
MrEMtYwMtrFDGWmRnNHjjW,Bluesound Powernode Edge Streamer and Amplifier,bluesound-powernode-edge-streamer-and-amplifier,Bluesound,Form factor,No matching field found for Form factor / Portability
MrEMtYwMtrFDGWmRnNHjjW,Bluesound Powernode Edge Streamer and Amplifier,bluesound-powernode-edge-streamer-and-amplifier,Bluesound,Amplification,"Field ""Amplification"" raw value ""DirectDigital™"" does not map to the closed vocabulary for Amplification"
MrEMtYwMtrFDGWmRnNHjjW,Bluesound Powernode Edge Streamer and Amplifier,bluesound-powernode-edge-streamer-and-amplifier,Bluesound,DAC included,No matching field found for DAC included / DAC / Built-in DAC
MrEMtYwMtrFDGWmRnNHjjW,Bluesound Powernode Edge Streamer and Amplifier,bluesound-powernode-edge-streamer-and-amplifier,Bluesound,Balanced output,No matching field found for Balanced output / Balanced / Balanced connection
MrEMtYwMtrFDGWmRnNHjjW,Bluesound Powernode Edge Streamer and Amplifier,bluesound-powernode-edge-streamer-and-amplifier,Bluesound,Inputs,No matching field found for Inputs / Input
MrEMtYwMtrFDGWmRnNHjjW,Bluesound Powernode Edge Streamer and Amplifier,bluesound-powernode-edge-streamer-and-amplifier,Bluesound,Outputs,No matching field found for Outputs / Output
MrEMtYwMtrFDGWmRnNIk7B,Naim Uniti Atom Amplifier Headphone Edition,naim-uniti-atom-amplifier-headphone-edition,Naim,Device type,No matching field found for Device type / Product type / Type
MrEMtYwMtrFDGWmRnNIk7B,Naim Uniti Atom Amplifier Headphone Edition,naim-uniti-atom-amplifier-headphone-edition,Naim,Form factor,No matching field found for Form factor / Portability
MrEMtYwMtrFDGWmRnNIk7B,Naim Uniti Atom Amplifier Headphone Edition,naim-uniti-atom-amplifier-headphone-edition,Naim,Amplification,No matching field found for Amplifier type / Amplification
MrEMtYwMtrFDGWmRnNIk7B,Naim Uniti Atom Amplifier Headphone Edition,naim-uniti-atom-amplifier-headphone-edition,Naim,DAC included,No matching field found for DAC included / DAC / Built-in DAC
MrEMtYwMtrFDGWmRnNIk7B,Naim Uniti Atom Amplifier Headphone Edition,naim-uniti-atom-amplifier-headphone-edition,Naim,Balanced output,No matching field found for Balanced output / Balanced / Balanced connection
MrEMtYwMtrFDGWmRnNIk7B,Naim Uniti Atom Amplifier Headphone Edition,naim-uniti-atom-amplifier-headphone-edition,Naim,Inputs,No matching field found for Inputs / Input
MrEMtYwMtrFDGWmRnNIk7B,Naim Uniti Atom Amplifier Headphone Edition,naim-uniti-atom-amplifier-headphone-edition,Naim,Outputs,No matching field found for Outputs / Output
MrEMtYwMtrFDGWmRnNK74C,Astell&Kern PD20 | Digital Audio Player,astell-kern-pd20-digital-audio-player,Astell&Kern,Device type,No matching field found for Device type / Product type / Type
MrEMtYwMtrFDGWmRnNK74C,Astell&Kern PD20 | Digital Audio Player,astell-kern-pd20-digital-audio-player,Astell&Kern,Form factor,No matching field found for Form factor / Portability
MrEMtYwMtrFDGWmRnNK74C,Astell&Kern PD20 | Digital Audio Player,astell-kern-pd20-digital-audio-player,Astell&Kern,Amplification,No matching field found for Amplifier type / Amplification
MrEMtYwMtrFDGWmRnNK74C,Astell&Kern PD20 | Digital Audio Player,astell-kern-pd20-digital-audio-player,Astell&Kern,DAC included,No matching field found for DAC included / DAC / Built-in DAC
MrEMtYwMtrFDGWmRnNK74C,Astell&Kern PD20 | Digital Audio Player,astell-kern-pd20-digital-audio-player,Astell&Kern,Balanced output,No matching field found for Balanced output / Balanced / Balanced connection
MrEMtYwMtrFDGWmRnNK74C,Astell&Kern PD20 | Digital Audio Player,astell-kern-pd20-digital-audio-player,Astell&Kern,Inputs,No matching field found for Inputs / Input
MrEMtYwMtrFDGWmRnNK74C,Astell&Kern PD20 | Digital Audio Player,astell-kern-pd20-digital-audio-player,Astell&Kern,Outputs,No matching field found for Outputs / Output
MrEMtYwMtrFDGWmRnNKGX9,Astell&Kern A&Ultima SP4000 | Digital Audio Player,astell-kern-a-ultima-sp4000-digital-audio-player,Astell&Kern,Device type,No matching field found for Device type / Product type / Type
MrEMtYwMtrFDGWmRnNKGX9,Astell&Kern A&Ultima SP4000 | Digital Audio Player,astell-kern-a-ultima-sp4000-digital-audio-player,Astell&Kern,Form factor,No matching field found for Form factor / Portability
MrEMtYwMtrFDGWmRnNKGX9,Astell&Kern A&Ultima SP4000 | Digital Audio Player,astell-kern-a-ultima-sp4000-digital-audio-player,Astell&Kern,Amplification,No matching field found for Amplifier type / Amplification
MrEMtYwMtrFDGWmRnNKGX9,Astell&Kern A&Ultima SP4000 | Digital Audio Player,astell-kern-a-ultima-sp4000-digital-audio-player,Astell&Kern,DAC included,No matching field found for DAC included / DAC / Built-in DAC
MrEMtYwMtrFDGWmRnNKGX9,Astell&Kern A&Ultima SP4000 | Digital Audio Player,astell-kern-a-ultima-sp4000-digital-audio-player,Astell&Kern,Balanced output,No matching field found for Balanced output / Balanced / Balanced connection
MrEMtYwMtrFDGWmRnNKGX9,Astell&Kern A&Ultima SP4000 | Digital Audio Player,astell-kern-a-ultima-sp4000-digital-audio-player,Astell&Kern,Inputs,No matching field found for Inputs / Input
MrEMtYwMtrFDGWmRnNKGX9,Astell&Kern A&Ultima SP4000 | Digital Audio Player,astell-kern-a-ultima-sp4000-digital-audio-player,Astell&Kern,Outputs,No matching field found for Outputs / Output
MrEMtYwMtrFDGWmRnQS1rC,Focal Clear Ear Pads (Pair),focal-clear-ear-pads-pair,Focal,Accessory type,No matching field found for Accessory type / Type
MrEMtYwMtrFDGWmRnQS1rC,Focal Clear Ear Pads (Pair),focal-clear-ear-pads-pair,Focal,Compatibility,No matching field found for Compatibility / Compatible with / Fits
MrEMtYwMtrFDGWmRnQS8gt,Focal Bathys Replacement Ear Pads (Pair),focal-bathys-replacement-ear-pads-pair,Focal,Accessory type,No matching field found for Accessory type / Type
MrEMtYwMtrFDGWmRnQS8gt,Focal Bathys Replacement Ear Pads (Pair),focal-bathys-replacement-ear-pads-pair,Focal,Compatibility,No matching field found for Compatibility / Compatible with / Fits
MrEMtYwMtrFDGWmRnQSU8H,Dekoni Audio Elite Sheepskin Earpads For Hifiman Headphones,dekoni-audio-elite-sheepskin-earpads-for-hifiman-headphones,Dekoni Audio,Accessory type,No matching field found for Accessory type / Type
MrEMtYwMtrFDGWmRnQSU8H,Dekoni Audio Elite Sheepskin Earpads For Hifiman Headphones,dekoni-audio-elite-sheepskin-earpads-for-hifiman-headphones,Dekoni Audio,Compatibility,No matching field found for Compatibility / Compatible with / Fits
MrEMtYwMtrFDGWmRnQSWCY,"Dekoni Audio Replacement Earpads for Focal Bathys, Bathys MG, Hadenys, Azurys, Lensys",dekoni-audio-replacement-earpads-for-focal-bathys-bathys-mg-hadenys-azurys-lensys,Dekoni Audio,Accessory type,No matching field found for Accessory type / Type
MrEMtYwMtrFDGWmRnQSWCY,"Dekoni Audio Replacement Earpads for Focal Bathys, Bathys MG, Hadenys, Azurys, Lensys",dekoni-audio-replacement-earpads-for-focal-bathys-bathys-mg-hadenys-azurys-lensys,Dekoni Audio,Compatibility,No matching field found for Compatibility / Compatible with / Fits
MrEMtYwMtrFDGWmRnQSZ1T,Dekoni Audio Elite Fenestrated Sheepskin Replacement Earpads for Sennheiser HD600 Headphones (Pair),dekoni-audio-elite-fenestrated-sheepskin-replacement-earpads-for-sennheiser-hd600-headphones-pai,Dekoni Audio,Accessory type,No matching field found for Accessory type / Type
MrEMtYwMtrFDGWmRnQSZ1T,Dekoni Audio Elite Fenestrated Sheepskin Replacement Earpads for Sennheiser HD600 Headphones (Pair),dekoni-audio-elite-fenestrated-sheepskin-replacement-earpads-for-sennheiser-hd600-headphones-pai,Dekoni Audio,Compatibility,No matching field found for Compatibility / Compatible with / Fits
MrEMtYwMtrFDGWmRnQSjcO,"Dekoni Audio The Mercury Premium Memory Foam Isolation Earphone Tips, Black, 4.9mm, 3-Pack",dekoni-audio-the-mercury-premium-memory-foam-isolation-earphone-tips-black-4-9mm-3-pack,Dekoni Audio,Accessory type,No matching field found for Accessory type / Type
MrEMtYwMtrFDGWmRnQSjcO,"Dekoni Audio The Mercury Premium Memory Foam Isolation Earphone Tips, Black, 4.9mm, 3-Pack",dekoni-audio-the-mercury-premium-memory-foam-isolation-earphone-tips-black-4-9mm-3-pack,Dekoni Audio,Compatibility,No matching field found for Compatibility / Compatible with / Fits
MrEMtYwMtrFDGWmRnQT5sJ,Focal Radiance Headphones | Limited Edition,focal-radiance-headphones-limited-edition,Focal,Wearing style,No matching field found for Wearing style
MrEMtYwMtrFDGWmRnQT5sJ,Focal Radiance Headphones | Limited Edition,focal-radiance-headphones-limited-edition,Focal,Back design,No matching field found for Back design / Cup style / Cup / back design
MrEMtYwMtrFDGWmRnQT5sJ,Focal Radiance Headphones | Limited Edition,focal-radiance-headphones-limited-edition,Focal,Driver type,No matching field found for Driver type / Driver Type
MrEMtYwMtrFDGWmRnQT5sJ,Focal Radiance Headphones | Limited Edition,focal-radiance-headphones-limited-edition,Focal,Connectivity,No matching field found for Connectivity
MrEMtYwMtrFDGWmRnQT5sJ,Focal Radiance Headphones | Limited Edition,focal-radiance-headphones-limited-edition,Focal,Connector / plug,No matching field found for Connector / Connector / plug
MrEMtYwMtrFDGWmRnQT5sJ,Focal Radiance Headphones | Limited Edition,focal-radiance-headphones-limited-edition,Focal,Microphone,No matching field found for Microphone / Microphones
MrEMtYwMtrFDGWmRnQT5sJ,Focal Radiance Headphones | Limited Edition,focal-radiance-headphones-limited-edition,Focal,Noise cancelling,No matching field found for Noise cancelling / Noise canceling / ANC / Active noise cancelling
MrEMtYwMtrFDGWmRnQT5sJ,Focal Radiance Headphones | Limited Edition,focal-radiance-headphones-limited-edition,Focal,Requires amplifier,No matching field found for Amp required / Requires amplifier / Amplifier required
MrEMtYwMtrFDGWmRnQT9Nz,Focal Azurys,focal-azurys,Focal,Wearing style,No matching field found for Wearing style
MrEMtYwMtrFDGWmRnQT9Nz,Focal Azurys,focal-azurys,Focal,Back design,No matching field found for Back design / Cup style / Cup / back design
MrEMtYwMtrFDGWmRnQT9Nz,Focal Azurys,focal-azurys,Focal,Driver type,No matching field found for Driver type / Driver Type
MrEMtYwMtrFDGWmRnQT9Nz,Focal Azurys,focal-azurys,Focal,Connectivity,No matching field found for Connectivity
MrEMtYwMtrFDGWmRnQT9Nz,Focal Azurys,focal-azurys,Focal,Connector / plug,No matching field found for Connector / Connector / plug
MrEMtYwMtrFDGWmRnQT9Nz,Focal Azurys,focal-azurys,Focal,Microphone,No matching field found for Microphone / Microphones
MrEMtYwMtrFDGWmRnQT9Nz,Focal Azurys,focal-azurys,Focal,Noise cancelling,No matching field found for Noise cancelling / Noise canceling / ANC / Active noise cancelling
MrEMtYwMtrFDGWmRnQT9Nz,Focal Azurys,focal-azurys,Focal,Requires amplifier,No matching field found for Amp required / Requires amplifier / Amplifier required
MrEMtYwMtrFDGWmRnQTHiy,Focal Bathys MG Wireless Headphones,focal-bathys-mg-wireless-headphones,Focal,Wearing style,No matching field found for Wearing style
MrEMtYwMtrFDGWmRnQTHiy,Focal Bathys MG Wireless Headphones,focal-bathys-mg-wireless-headphones,Focal,Back design,No matching field found for Back design / Cup style / Cup / back design
MrEMtYwMtrFDGWmRnQTHiy,Focal Bathys MG Wireless Headphones,focal-bathys-mg-wireless-headphones,Focal,Driver type,"Field ""Driver Type"" raw value ""40mm Magnesium 'M' profile dome drivers"" does not map to the closed vocabulary for Driver type"
MrEMtYwMtrFDGWmRnQTHiy,Focal Bathys MG Wireless Headphones,focal-bathys-mg-wireless-headphones,Focal,Connectivity,No matching field found for Connectivity
MrEMtYwMtrFDGWmRnQTHiy,Focal Bathys MG Wireless Headphones,focal-bathys-mg-wireless-headphones,Focal,Connector / plug,No matching field found for Connector / Connector / plug
MrEMtYwMtrFDGWmRnQTHiy,Focal Bathys MG Wireless Headphones,focal-bathys-mg-wireless-headphones,Focal,Microphone,No matching field found for Microphone / Microphones
MrEMtYwMtrFDGWmRnQTHiy,Focal Bathys MG Wireless Headphones,focal-bathys-mg-wireless-headphones,Focal,Noise cancelling,No matching field found for Noise cancelling / Noise canceling / ANC / Active noise cancelling
MrEMtYwMtrFDGWmRnQTHiy,Focal Bathys MG Wireless Headphones,focal-bathys-mg-wireless-headphones,Focal,Requires amplifier,No matching field found for Amp required / Requires amplifier / Amplifier required
MrEMtYwMtrFDGWmRnQTeER,Sennheiser RS 175 Headphones,sennheiser-rs-175-headphones,Sennheiser,Wearing style,No matching field found for Wearing style
MrEMtYwMtrFDGWmRnQTeER,Sennheiser RS 175 Headphones,sennheiser-rs-175-headphones,Sennheiser,Back design,No matching field found for Back design / Cup style / Cup / back design
MrEMtYwMtrFDGWmRnQTeER,Sennheiser RS 175 Headphones,sennheiser-rs-175-headphones,Sennheiser,Driver type,No matching field found for Driver type / Driver Type
MrEMtYwMtrFDGWmRnQTeER,Sennheiser RS 175 Headphones,sennheiser-rs-175-headphones,Sennheiser,Connectivity,No matching field found for Connectivity
MrEMtYwMtrFDGWmRnQTeER,Sennheiser RS 175 Headphones,sennheiser-rs-175-headphones,Sennheiser,Connector / plug,No matching field found for Connector / Connector / plug
MrEMtYwMtrFDGWmRnQTeER,Sennheiser RS 175 Headphones,sennheiser-rs-175-headphones,Sennheiser,Microphone,No matching field found for Microphone / Microphones
MrEMtYwMtrFDGWmRnQTeER,Sennheiser RS 175 Headphones,sennheiser-rs-175-headphones,Sennheiser,Noise cancelling,No matching field found for Noise cancelling / Noise canceling / ANC / Active noise cancelling
MrEMtYwMtrFDGWmRnQTeER,Sennheiser RS 175 Headphones,sennheiser-rs-175-headphones,Sennheiser,Requires amplifier,No matching field found for Amp required / Requires amplifier / Amplifier required
MrEMtYwMtrFDGWmRnQU1gD,Meze Audio 99 Classics V2 Headphones,meze-audio-99-classics-v2-headphones,Meze Audio,Wearing style,No matching field found for Wearing style
MrEMtYwMtrFDGWmRnQU1gD,Meze Audio 99 Classics V2 Headphones,meze-audio-99-classics-v2-headphones,Meze Audio,Back design,No matching field found for Back design / Cup style / Cup / back design
MrEMtYwMtrFDGWmRnQU1gD,Meze Audio 99 Classics V2 Headphones,meze-audio-99-classics-v2-headphones,Meze Audio,Connectivity,No matching field found for Connectivity
MrEMtYwMtrFDGWmRnQU1gD,Meze Audio 99 Classics V2 Headphones,meze-audio-99-classics-v2-headphones,Meze Audio,Connector / plug,No matching field found for Connector / Connector / plug
MrEMtYwMtrFDGWmRnQU1gD,Meze Audio 99 Classics V2 Headphones,meze-audio-99-classics-v2-headphones,Meze Audio,Microphone,No matching field found for Microphone / Microphones
MrEMtYwMtrFDGWmRnQU1gD,Meze Audio 99 Classics V2 Headphones,meze-audio-99-classics-v2-headphones,Meze Audio,Noise cancelling,No matching field found for Noise cancelling / Noise canceling / ANC / Active noise cancelling
MrEMtYwMtrFDGWmRnQU1gD,Meze Audio 99 Classics V2 Headphones,meze-audio-99-classics-v2-headphones,Meze Audio,Requires amplifier,No matching field found for Amp required / Requires amplifier / Amplifier required
MrEMtYwMtrFDGWmRnQULEz,Hifiman Sundara Closed-Back Headphones,hifiman-sundara-closed-back-headphones,HiFiMan,Wearing style,No matching field found for Wearing style
MrEMtYwMtrFDGWmRnQULEz,Hifiman Sundara Closed-Back Headphones,hifiman-sundara-closed-back-headphones,HiFiMan,Back design,No matching field found for Back design / Cup style / Cup / back design
MrEMtYwMtrFDGWmRnQULEz,Hifiman Sundara Closed-Back Headphones,hifiman-sundara-closed-back-headphones,HiFiMan,Driver type,No matching field found for Driver type / Driver Type
MrEMtYwMtrFDGWmRnQULEz,Hifiman Sundara Closed-Back Headphones,hifiman-sundara-closed-back-headphones,HiFiMan,Connectivity,No matching field found for Connectivity
MrEMtYwMtrFDGWmRnQULEz,Hifiman Sundara Closed-Back Headphones,hifiman-sundara-closed-back-headphones,HiFiMan,Connector / plug,No matching field found for Connector / Connector / plug
MrEMtYwMtrFDGWmRnQULEz,Hifiman Sundara Closed-Back Headphones,hifiman-sundara-closed-back-headphones,HiFiMan,Microphone,No matching field found for Microphone / Microphones
MrEMtYwMtrFDGWmRnQULEz,Hifiman Sundara Closed-Back Headphones,hifiman-sundara-closed-back-headphones,HiFiMan,Noise cancelling,No matching field found for Noise cancelling / Noise canceling / ANC / Active noise cancelling
MrEMtYwMtrFDGWmRnQULEz,Hifiman Sundara Closed-Back Headphones,hifiman-sundara-closed-back-headphones,HiFiMan,Requires amplifier,No matching field found for Amp required / Requires amplifier / Amplifier required
MrEMtYwMtrFDGWmRnQUmde,T+A Solitaire T,t-a-solitaire-t,T+A,Wearing style,No matching field found for Wearing style
MrEMtYwMtrFDGWmRnQUmde,T+A Solitaire T,t-a-solitaire-t,T+A,Back design,No matching field found for Back design / Cup style / Cup / back design
MrEMtYwMtrFDGWmRnQUmde,T+A Solitaire T,t-a-solitaire-t,T+A,Driver type,No matching field found for Driver type / Driver Type
MrEMtYwMtrFDGWmRnQUmde,T+A Solitaire T,t-a-solitaire-t,T+A,Connectivity,No matching field found for Connectivity
MrEMtYwMtrFDGWmRnQUmde,T+A Solitaire T,t-a-solitaire-t,T+A,Connector / plug,No matching field found for Connector / Connector / plug
MrEMtYwMtrFDGWmRnQUmde,T+A Solitaire T,t-a-solitaire-t,T+A,Microphone,"Field ""Microphones"" raw value ""2 communication microphones on the right, 2 ANC microphones on each side"" does not map to the closed vocabulary for Microphone"
MrEMtYwMtrFDGWmRnQUmde,T+A Solitaire T,t-a-solitaire-t,T+A,Noise cancelling,"Field ""Noise Cancelling"" raw value ""hybrid"" does not map to the closed vocabulary for Noise cancelling"
MrEMtYwMtrFDGWmRnQUmde,T+A Solitaire T,t-a-solitaire-t,T+A,Requires amplifier,No matching field found for Amp required / Requires amplifier / Amplifier required
MrEMtYwMtrFDGWmRnQV78j,Bowers & Wilkins PX8 Wireless ANC Headphones,bowers-wilkins-px8-wireless-anc-headphones,Bowers & Wilkins,Wearing style,No matching field found for Wearing style
MrEMtYwMtrFDGWmRnQV78j,Bowers & Wilkins PX8 Wireless ANC Headphones,bowers-wilkins-px8-wireless-anc-headphones,Bowers & Wilkins,Back design,No matching field found for Back design / Cup style / Cup / back design
MrEMtYwMtrFDGWmRnQV78j,Bowers & Wilkins PX8 Wireless ANC Headphones,bowers-wilkins-px8-wireless-anc-headphones,Bowers & Wilkins,Driver type,No matching field found for Driver type / Driver Type
MrEMtYwMtrFDGWmRnQV78j,Bowers & Wilkins PX8 Wireless ANC Headphones,bowers-wilkins-px8-wireless-anc-headphones,Bowers & Wilkins,Connectivity,No matching field found for Connectivity
MrEMtYwMtrFDGWmRnQV78j,Bowers & Wilkins PX8 Wireless ANC Headphones,bowers-wilkins-px8-wireless-anc-headphones,Bowers & Wilkins,Connector / plug,No matching field found for Connector / Connector / plug
MrEMtYwMtrFDGWmRnQV78j,Bowers & Wilkins PX8 Wireless ANC Headphones,bowers-wilkins-px8-wireless-anc-headphones,Bowers & Wilkins,Microphone,No matching field found for Microphone / Microphones
MrEMtYwMtrFDGWmRnQV78j,Bowers & Wilkins PX8 Wireless ANC Headphones,bowers-wilkins-px8-wireless-anc-headphones,Bowers & Wilkins,Noise cancelling,No matching field found for Noise cancelling / Noise canceling / ANC / Active noise cancelling
MrEMtYwMtrFDGWmRnQV78j,Bowers & Wilkins PX8 Wireless ANC Headphones,bowers-wilkins-px8-wireless-anc-headphones,Bowers & Wilkins,Requires amplifier,No matching field found for Amp required / Requires amplifier / Amplifier required
MrEMtYwMtrFDGWmRnQVOZL,Hisenior Audio Mega5-EST In-Ear Headphones,hisenior-audio-mega5-est-in-ear-headphones,Hisenior Audio,Wearing style,No matching field found for Wearing style
MrEMtYwMtrFDGWmRnQVOZL,Hisenior Audio Mega5-EST In-Ear Headphones,hisenior-audio-mega5-est-in-ear-headphones,Hisenior Audio,Driver type,No matching field found for Driver type / Driver Type
MrEMtYwMtrFDGWmRnQVOZL,Hisenior Audio Mega5-EST In-Ear Headphones,hisenior-audio-mega5-est-in-ear-headphones,Hisenior Audio,Connectivity,No matching field found for Connectivity
MrEMtYwMtrFDGWmRnQVOZL,Hisenior Audio Mega5-EST In-Ear Headphones,hisenior-audio-mega5-est-in-ear-headphones,Hisenior Audio,Connector / plug,No matching field found for Connector / Connector / plug
MrEMtYwMtrFDGWmRnQVOZL,Hisenior Audio Mega5-EST In-Ear Headphones,hisenior-audio-mega5-est-in-ear-headphones,Hisenior Audio,Microphone,No matching field found for Microphone / Microphones
MrEMtYwMtrFDGWmRnQVOZL,Hisenior Audio Mega5-EST In-Ear Headphones,hisenior-audio-mega5-est-in-ear-headphones,Hisenior Audio,Noise cancelling,No matching field found for Noise cancelling / Noise canceling / ANC / Active noise cancelling
MrEMtYwMtrFDGWmRnQVOZL,Hisenior Audio Mega5-EST In-Ear Headphones,hisenior-audio-mega5-est-in-ear-headphones,Hisenior Audio,Requires amplifier,No matching field found for Amp required / Requires amplifier / Amplifier required
MrEMtYwMtrFDGWmRnQW6KX,64 Audio U12t In-Ear Headphones,64-audio-u12t-in-ear-headphones,64 Audio,Wearing style,No matching field found for Wearing style
MrEMtYwMtrFDGWmRnQW6KX,64 Audio U12t In-Ear Headphones,64-audio-u12t-in-ear-headphones,64 Audio,Driver type,No matching field found for Driver type / Driver Type
MrEMtYwMtrFDGWmRnQW6KX,64 Audio U12t In-Ear Headphones,64-audio-u12t-in-ear-headphones,64 Audio,Connectivity,No matching field found for Connectivity
MrEMtYwMtrFDGWmRnQW6KX,64 Audio U12t In-Ear Headphones,64-audio-u12t-in-ear-headphones,64 Audio,Connector / plug,"Field ""Connector"" raw value ""0.78mm 2-pin detachable cables"" does not map to the closed vocabulary for Connector / plug"
MrEMtYwMtrFDGWmRnQW6KX,64 Audio U12t In-Ear Headphones,64-audio-u12t-in-ear-headphones,64 Audio,Microphone,No matching field found for Microphone / Microphones
MrEMtYwMtrFDGWmRnQW6KX,64 Audio U12t In-Ear Headphones,64-audio-u12t-in-ear-headphones,64 Audio,Noise cancelling,No matching field found for Noise cancelling / Noise canceling / ANC / Active noise cancelling
MrEMtYwMtrFDGWmRnQW6KX,64 Audio U12t In-Ear Headphones,64-audio-u12t-in-ear-headphones,64 Audio,Requires amplifier,No matching field found for Amp required / Requires amplifier / Amplifier required
MrEMtYwMtrFDGWmRnQWKR8,Thieaudio Monarch MKIII In-Ear Headphones,thieaudio-monarch-mkiii-in-ear-headphones,Thieaudio,Wearing style,No matching field found for Wearing style
MrEMtYwMtrFDGWmRnQWKR8,Thieaudio Monarch MKIII In-Ear Headphones,thieaudio-monarch-mkiii-in-ear-headphones,Thieaudio,Driver type,No matching field found for Driver type / Driver Type
MrEMtYwMtrFDGWmRnQWKR8,Thieaudio Monarch MKIII In-Ear Headphones,thieaudio-monarch-mkiii-in-ear-headphones,Thieaudio,Connectivity,No matching field found for Connectivity
MrEMtYwMtrFDGWmRnQWKR8,Thieaudio Monarch MKIII In-Ear Headphones,thieaudio-monarch-mkiii-in-ear-headphones,Thieaudio,Connector / plug,No matching field found for Connector / Connector / plug
MrEMtYwMtrFDGWmRnQWKR8,Thieaudio Monarch MKIII In-Ear Headphones,thieaudio-monarch-mkiii-in-ear-headphones,Thieaudio,Microphone,No matching field found for Microphone / Microphones
MrEMtYwMtrFDGWmRnQWKR8,Thieaudio Monarch MKIII In-Ear Headphones,thieaudio-monarch-mkiii-in-ear-headphones,Thieaudio,Noise cancelling,No matching field found for Noise cancelling / Noise canceling / ANC / Active noise cancelling
MrEMtYwMtrFDGWmRnQWKR8,Thieaudio Monarch MKIII In-Ear Headphones,thieaudio-monarch-mkiii-in-ear-headphones,Thieaudio,Requires amplifier,No matching field found for Amp required / Requires amplifier / Amplifier required
MrEMtYwMtrFDGWmRnQWhwn,Sennheiser IE 600 In-Ear Headphones,sennheiser-ie-600-in-ear-headphones,Sennheiser,Wearing style,No matching field found for Wearing style
MrEMtYwMtrFDGWmRnQWhwn,Sennheiser IE 600 In-Ear Headphones,sennheiser-ie-600-in-ear-headphones,Sennheiser,Driver type,No matching field found for Driver type / Driver Type
MrEMtYwMtrFDGWmRnQWhwn,Sennheiser IE 600 In-Ear Headphones,sennheiser-ie-600-in-ear-headphones,Sennheiser,Connectivity,No matching field found for Connectivity
MrEMtYwMtrFDGWmRnQWhwn,Sennheiser IE 600 In-Ear Headphones,sennheiser-ie-600-in-ear-headphones,Sennheiser,Connector / plug,No matching field found for Connector / Connector / plug
MrEMtYwMtrFDGWmRnQWhwn,Sennheiser IE 600 In-Ear Headphones,sennheiser-ie-600-in-ear-headphones,Sennheiser,Microphone,No matching field found for Microphone / Microphones
MrEMtYwMtrFDGWmRnQWhwn,Sennheiser IE 600 In-Ear Headphones,sennheiser-ie-600-in-ear-headphones,Sennheiser,Noise cancelling,No matching field found for Noise cancelling / Noise canceling / ANC / Active noise cancelling
MrEMtYwMtrFDGWmRnQWhwn,Sennheiser IE 600 In-Ear Headphones,sennheiser-ie-600-in-ear-headphones,Sennheiser,Requires amplifier,No matching field found for Amp required / Requires amplifier / Amplifier required
MrEMtYwMtrFDGWmRnQWwrv,TRUTHEAR x Crinacle ZERO:Red In-Ear Headphones,truthear-x-crinacle-zero-red-in-ear-headphones,TRUTHEAR,Wearing style,No matching field found for Wearing style
MrEMtYwMtrFDGWmRnQWwrv,TRUTHEAR x Crinacle ZERO:Red In-Ear Headphones,truthear-x-crinacle-zero-red-in-ear-headphones,TRUTHEAR,Driver type,No matching field found for Driver type / Driver Type
MrEMtYwMtrFDGWmRnQWwrv,TRUTHEAR x Crinacle ZERO:Red In-Ear Headphones,truthear-x-crinacle-zero-red-in-ear-headphones,TRUTHEAR,Connectivity,No matching field found for Connectivity
MrEMtYwMtrFDGWmRnQWwrv,TRUTHEAR x Crinacle ZERO:Red In-Ear Headphones,truthear-x-crinacle-zero-red-in-ear-headphones,TRUTHEAR,Connector / plug,No matching field found for Connector / Connector / plug
MrEMtYwMtrFDGWmRnQWwrv,TRUTHEAR x Crinacle ZERO:Red In-Ear Headphones,truthear-x-crinacle-zero-red-in-ear-headphones,TRUTHEAR,Microphone,No matching field found for Microphone / Microphones
MrEMtYwMtrFDGWmRnQWwrv,TRUTHEAR x Crinacle ZERO:Red In-Ear Headphones,truthear-x-crinacle-zero-red-in-ear-headphones,TRUTHEAR,Noise cancelling,No matching field found for Noise cancelling / Noise canceling / ANC / Active noise cancelling
MrEMtYwMtrFDGWmRnQWwrv,TRUTHEAR x Crinacle ZERO:Red In-Ear Headphones,truthear-x-crinacle-zero-red-in-ear-headphones,TRUTHEAR,Requires amplifier,No matching field found for Amp required / Requires amplifier / Amplifier required
MrEMtYwMtrFDGWmRnQX1VZ,TRUTHEAR x Crinacle ZERO In-Ear Headphones,truthear-x-crinacle-zero-in-ear-headphones,TRUTHEAR,Wearing style,No matching field found for Wearing style
MrEMtYwMtrFDGWmRnQX1VZ,TRUTHEAR x Crinacle ZERO In-Ear Headphones,truthear-x-crinacle-zero-in-ear-headphones,TRUTHEAR,Driver type,No matching field found for Driver type / Driver Type
MrEMtYwMtrFDGWmRnQX1VZ,TRUTHEAR x Crinacle ZERO In-Ear Headphones,truthear-x-crinacle-zero-in-ear-headphones,TRUTHEAR,Connectivity,No matching field found for Connectivity
MrEMtYwMtrFDGWmRnQX1VZ,TRUTHEAR x Crinacle ZERO In-Ear Headphones,truthear-x-crinacle-zero-in-ear-headphones,TRUTHEAR,Connector / plug,No matching field found for Connector / Connector / plug
MrEMtYwMtrFDGWmRnQX1VZ,TRUTHEAR x Crinacle ZERO In-Ear Headphones,truthear-x-crinacle-zero-in-ear-headphones,TRUTHEAR,Microphone,No matching field found for Microphone / Microphones
MrEMtYwMtrFDGWmRnQX1VZ,TRUTHEAR x Crinacle ZERO In-Ear Headphones,truthear-x-crinacle-zero-in-ear-headphones,TRUTHEAR,Noise cancelling,No matching field found for Noise cancelling / Noise canceling / ANC / Active noise cancelling
MrEMtYwMtrFDGWmRnQX1VZ,TRUTHEAR x Crinacle ZERO In-Ear Headphones,truthear-x-crinacle-zero-in-ear-headphones,TRUTHEAR,Requires amplifier,No matching field found for Amp required / Requires amplifier / Amplifier required
MrEMtYwMtrFDGWmRnQXHgR,Dunu Mirai In-Ear Headphones,dunu-mirai-in-ear-headphones,Dunu,Wearing style,No matching field found for Wearing style
MrEMtYwMtrFDGWmRnQXHgR,Dunu Mirai In-Ear Headphones,dunu-mirai-in-ear-headphones,Dunu,Driver type,No matching field found for Driver type / Driver Type
MrEMtYwMtrFDGWmRnQXHgR,Dunu Mirai In-Ear Headphones,dunu-mirai-in-ear-headphones,Dunu,Connectivity,No matching field found for Connectivity
MrEMtYwMtrFDGWmRnQXHgR,Dunu Mirai In-Ear Headphones,dunu-mirai-in-ear-headphones,Dunu,Connector / plug,No matching field found for Connector / Connector / plug
MrEMtYwMtrFDGWmRnQXHgR,Dunu Mirai In-Ear Headphones,dunu-mirai-in-ear-headphones,Dunu,Microphone,No matching field found for Microphone / Microphones
MrEMtYwMtrFDGWmRnQXHgR,Dunu Mirai In-Ear Headphones,dunu-mirai-in-ear-headphones,Dunu,Noise cancelling,No matching field found for Noise cancelling / Noise canceling / ANC / Active noise cancelling
MrEMtYwMtrFDGWmRnQXHgR,Dunu Mirai In-Ear Headphones,dunu-mirai-in-ear-headphones,Dunu,Requires amplifier,No matching field found for Amp required / Requires amplifier / Amplifier required
MrEMtYwMtrFDGWmRnQqrtq,Astell&Kern A&ultima SP3000T Case | Leather Case,astell-kern-a-ultima-sp3000t-case-leather-case,Astell&Kern,Accessory type,No matching field found for Accessory type / Type
MrEMtYwMtrFDGWmRnQqrtq,Astell&Kern A&ultima SP3000T Case | Leather Case,astell-kern-a-ultima-sp3000t-case-leather-case,Astell&Kern,Compatibility,No matching field found for Compatibility / Compatible with / Fits
MrEMtYwMtrFDGWmRnQqu20,Astell&Kern KANN CUBE | Leather Case,astell-kern-kann-cube-leather-case,Astell&Kern,Accessory type,No matching field found for Accessory type / Type
MrEMtYwMtrFDGWmRnQqu20,Astell&Kern KANN CUBE | Leather Case,astell-kern-kann-cube-leather-case,Astell&Kern,Compatibility,No matching field found for Compatibility / Compatible with / Fits
MrEMtYwMtrFDGWmRnQqv2C,Astell&Kern PD20 Case | Premium Leather Case,astell-kern-pd20-case-premium-leather-case,Astell&Kern,Accessory type,No matching field found for Accessory type / Type
MrEMtYwMtrFDGWmRnQqv2C,Astell&Kern PD20 Case | Premium Leather Case,astell-kern-pd20-case-premium-leather-case,Astell&Kern,Compatibility,No matching field found for Compatibility / Compatible with / Fits
MrEMtYwMtrFDGWmRnQr68D,Audma Brioso Case | Black Leather Case for Brioso,audma-brioso-case-black-leather-case-for-brioso,Audma,Accessory type,No matching field found for Accessory type / Type
MrEMtYwMtrFDGWmRnQr68D,Audma Brioso Case | Black Leather Case for Brioso,audma-brioso-case-black-leather-case-for-brioso,Audma,Compatibility,No matching field found for Compatibility / Compatible with / Fits
MrEMtYwMtrFDGWmRnQrHuz,Campfire Audio Compact Leather Case | IEM Case,campfire-audio-compact-leather-case-iem-case,Campfire Audio,Accessory type,No matching field found for Accessory type / Type
MrEMtYwMtrFDGWmRnQrHuz,Campfire Audio Compact Leather Case | IEM Case,campfire-audio-compact-leather-case-iem-case,Campfire Audio,Compatibility,No matching field found for Compatibility / Compatible with / Fits
MrEMtYwMtrFDGWmRnRF4hA,"Replacement Earpads for Fostex TH and Denon AH, and X00 Series Headphones",replacement-earpads-for-fostex-th-and-denon-ah-and-x00-series-headphones,Dekoni Audio,Accessory type,No matching field found for Accessory type / Type
MrEMtYwMtrFDGWmRnRF4hA,"Replacement Earpads for Fostex TH and Denon AH, and X00 Series Headphones",replacement-earpads-for-fostex-th-and-denon-ah-and-x00-series-headphones,Dekoni Audio,Compatibility,No matching field found for Compatibility / Compatible with / Fits
MrEMtYwMtrFDGWmRnRFJcI,Replacement Earpads for Sony WH1000Xm3 Headphones,replacement-earpads-for-sony-wh1000xm3-headphones,Dekoni Audio,Accessory type,No matching field found for Accessory type / Type
MrEMtYwMtrFDGWmRnRFJcI,Replacement Earpads for Sony WH1000Xm3 Headphones,replacement-earpads-for-sony-wh1000xm3-headphones,Dekoni Audio,Compatibility,No matching field found for Compatibility / Compatible with / Fits
MrEMtYwMtrFDGWmRnRG143,Replacement Earpads for Sennheiser Momentum 4 Headphones,replacement-earpads-for-sennheiser-momentum-4-headphones,Dekoni Audio,Accessory type,No matching field found for Accessory type / Type
MrEMtYwMtrFDGWmRnRG143,Replacement Earpads for Sennheiser Momentum 4 Headphones,replacement-earpads-for-sennheiser-momentum-4-headphones,Dekoni Audio,Compatibility,No matching field found for Compatibility / Compatible with / Fits
MrEMtYwMtrFDGWmRnRGU5m,Replacement Earpads for Beyerdynamic DT700/900 Pro X Headphones,replacement-earpads-for-beyerdynamic-dt700-900-pro-x-headphones,Dekoni Audio,Accessory type,No matching field found for Accessory type / Type
MrEMtYwMtrFDGWmRnRGU5m,Replacement Earpads for Beyerdynamic DT700/900 Pro X Headphones,replacement-earpads-for-beyerdynamic-dt700-900-pro-x-headphones,Dekoni Audio,Compatibility,No matching field found for Compatibility / Compatible with / Fits
MrEMtYwMtrFDGWmRnRGpuU,Aune Audio BX2 Magnum Portable Headphone Amplifier,aune-audio-bx2-magnum-portable-headphone-amplifier,Aune Audio,Device type,"Field ""Product Type"" raw value ""Portable Class A headphone amplifier"" does not map to the closed vocabulary for Device type"
MrEMtYwMtrFDGWmRnRGpuU,Aune Audio BX2 Magnum Portable Headphone Amplifier,aune-audio-bx2-magnum-portable-headphone-amplifier,Aune Audio,Form factor,No matching field found for Form factor / Portability
MrEMtYwMtrFDGWmRnRGpuU,Aune Audio BX2 Magnum Portable Headphone Amplifier,aune-audio-bx2-magnum-portable-headphone-amplifier,Aune Audio,Amplification,No matching field found for Amplifier type / Amplification
MrEMtYwMtrFDGWmRnRGpuU,Aune Audio BX2 Magnum Portable Headphone Amplifier,aune-audio-bx2-magnum-portable-headphone-amplifier,Aune Audio,DAC included,No matching field found for DAC included / DAC / Built-in DAC
MrEMtYwMtrFDGWmRnRGpuU,Aune Audio BX2 Magnum Portable Headphone Amplifier,aune-audio-bx2-magnum-portable-headphone-amplifier,Aune Audio,Balanced output,No matching field found for Balanced output / Balanced / Balanced connection
MrEMtYwMtrFDGWmRnRGtU3,Aune Audio YUKI Portable DAC and Headphone Amplifier,aune-audio-yuki-portable-dac-and-headphone-amplifier,Aune Audio,Device type,"Field ""Product Type"" raw value ""Portable USB DAC and headphone amplifier"" does not map to the closed vocabulary for Device type"
MrEMtYwMtrFDGWmRnRGtU3,Aune Audio YUKI Portable DAC and Headphone Amplifier,aune-audio-yuki-portable-dac-and-headphone-amplifier,Aune Audio,Form factor,No matching field found for Form factor / Portability
MrEMtYwMtrFDGWmRnRGtU3,Aune Audio YUKI Portable DAC and Headphone Amplifier,aune-audio-yuki-portable-dac-and-headphone-amplifier,Aune Audio,Amplification,No matching field found for Amplifier type / Amplification
MrEMtYwMtrFDGWmRnRGtU3,Aune Audio YUKI Portable DAC and Headphone Amplifier,aune-audio-yuki-portable-dac-and-headphone-amplifier,Aune Audio,DAC included,No matching field found for DAC included / DAC / Built-in DAC
MrEMtYwMtrFDGWmRnRGtU3,Aune Audio YUKI Portable DAC and Headphone Amplifier,aune-audio-yuki-portable-dac-and-headphone-amplifier,Aune Audio,Balanced output,No matching field found for Balanced output / Balanced / Balanced connection
MrEMtYwMtrFDGWmRnRGtU3,Aune Audio YUKI Portable DAC and Headphone Amplifier,aune-audio-yuki-portable-dac-and-headphone-amplifier,Aune Audio,Inputs,No matching field found for Inputs / Input
MrEMtYwMtrFDGWmRnRGtU3,Aune Audio YUKI Portable DAC and Headphone Amplifier,aune-audio-yuki-portable-dac-and-headphone-amplifier,Aune Audio,Outputs,No matching field found for Outputs / Output
MrEMtYwMtrFDGWmRnRH2Ru,Denon DNP-2000NE Streaming Music Player and Preamplifier - Open Box,denon-dnp-2000ne-streaming-music-player-and-preamplifier-open-box,Denon,Device type,No matching field found for Device type / Product type / Type
MrEMtYwMtrFDGWmRnRH2Ru,Denon DNP-2000NE Streaming Music Player and Preamplifier - Open Box,denon-dnp-2000ne-streaming-music-player-and-preamplifier-open-box,Denon,Form factor,No matching field found for Form factor / Portability
MrEMtYwMtrFDGWmRnRH2Ru,Denon DNP-2000NE Streaming Music Player and Preamplifier - Open Box,denon-dnp-2000ne-streaming-music-player-and-preamplifier-open-box,Denon,Amplification,No matching field found for Amplifier type / Amplification
MrEMtYwMtrFDGWmRnRH2Ru,Denon DNP-2000NE Streaming Music Player and Preamplifier - Open Box,denon-dnp-2000ne-streaming-music-player-and-preamplifier-open-box,Denon,DAC included,No matching field found for DAC included / DAC / Built-in DAC
MrEMtYwMtrFDGWmRnRH2Ru,Denon DNP-2000NE Streaming Music Player and Preamplifier - Open Box,denon-dnp-2000ne-streaming-music-player-and-preamplifier-open-box,Denon,Balanced output,No matching field found for Balanced output / Balanced / Balanced connection
MrEMtYwMtrFDGWmRnRH2Ru,Denon DNP-2000NE Streaming Music Player and Preamplifier - Open Box,denon-dnp-2000ne-streaming-music-player-and-preamplifier-open-box,Denon,Outputs,"Field ""Outputs"" raw value ""RCA Outputs"" does not map to the closed vocabulary for Outputs"
MrEMtYwMtrFDGWmRnRHed9,Cambridge Audio DacMagic 200M - Open Box,cambridge-audio-dacmagic-200m-open-box,Cambridge Audio,Device type,No matching field found for Device type / Product type / Type
MrEMtYwMtrFDGWmRnRHed9,Cambridge Audio DacMagic 200M - Open Box,cambridge-audio-dacmagic-200m-open-box,Cambridge Audio,Form factor,No matching field found for Form factor / Portability
MrEMtYwMtrFDGWmRnRHed9,Cambridge Audio DacMagic 200M - Open Box,cambridge-audio-dacmagic-200m-open-box,Cambridge Audio,Amplification,No matching field found for Amplifier type / Amplification
MrEMtYwMtrFDGWmRnRHed9,Cambridge Audio DacMagic 200M - Open Box,cambridge-audio-dacmagic-200m-open-box,Cambridge Audio,DAC included,No matching field found for DAC included / DAC / Built-in DAC
MrEMtYwMtrFDGWmRnRHed9,Cambridge Audio DacMagic 200M - Open Box,cambridge-audio-dacmagic-200m-open-box,Cambridge Audio,Balanced output,No matching field found for Balanced output / Balanced / Balanced connection
MrEMtYwMtrFDGWmRnRHed9,Cambridge Audio DacMagic 200M - Open Box,cambridge-audio-dacmagic-200m-open-box,Cambridge Audio,Inputs,No matching field found for Inputs / Input
MrEMtYwMtrFDGWmRnRHed9,Cambridge Audio DacMagic 200M - Open Box,cambridge-audio-dacmagic-200m-open-box,Cambridge Audio,Outputs,No matching field found for Outputs / Output
MrEMtYwMtrFDGWmRnRIFQs,Hifiman EF499 Desktop DAC and Headphone Amplifier,hifiman-ef499-desktop-dac-and-headphone-amplifier,HiFiMan,Device type,No matching field found for Device type / Product type / Type
MrEMtYwMtrFDGWmRnRIFQs,Hifiman EF499 Desktop DAC and Headphone Amplifier,hifiman-ef499-desktop-dac-and-headphone-amplifier,HiFiMan,Form factor,No matching field found for Form factor / Portability
MrEMtYwMtrFDGWmRnRIFQs,Hifiman EF499 Desktop DAC and Headphone Amplifier,hifiman-ef499-desktop-dac-and-headphone-amplifier,HiFiMan,Amplification,No matching field found for Amplifier type / Amplification
MrEMtYwMtrFDGWmRnRIFQs,Hifiman EF499 Desktop DAC and Headphone Amplifier,hifiman-ef499-desktop-dac-and-headphone-amplifier,HiFiMan,DAC included,No matching field found for DAC included / DAC / Built-in DAC
MrEMtYwMtrFDGWmRnRIFQs,Hifiman EF499 Desktop DAC and Headphone Amplifier,hifiman-ef499-desktop-dac-and-headphone-amplifier,HiFiMan,Balanced output,No matching field found for Balanced output / Balanced / Balanced connection
MrEMtYwMtrFDGWmRnRIFQs,Hifiman EF499 Desktop DAC and Headphone Amplifier,hifiman-ef499-desktop-dac-and-headphone-amplifier,HiFiMan,Inputs,No matching field found for Inputs / Input
MrEMtYwMtrFDGWmRnRIFQs,Hifiman EF499 Desktop DAC and Headphone Amplifier,hifiman-ef499-desktop-dac-and-headphone-amplifier,HiFiMan,Outputs,No matching field found for Outputs / Output
MrEMtYwMtrFDGWmRnRIIom,Hifiman EF600 Headphone Amplifier and DAC,hifiman-ef600-headphone-amplifier-and-dac,HiFiMan,Device type,No matching field found for Device type / Product type / Type
MrEMtYwMtrFDGWmRnRIIom,Hifiman EF600 Headphone Amplifier and DAC,hifiman-ef600-headphone-amplifier-and-dac,HiFiMan,Form factor,No matching field found for Form factor / Portability
MrEMtYwMtrFDGWmRnRIIom,Hifiman EF600 Headphone Amplifier and DAC,hifiman-ef600-headphone-amplifier-and-dac,HiFiMan,Amplification,No matching field found for Amplifier type / Amplification
MrEMtYwMtrFDGWmRnRIIom,Hifiman EF600 Headphone Amplifier and DAC,hifiman-ef600-headphone-amplifier-and-dac,HiFiMan,DAC included,No matching field found for DAC included / DAC / Built-in DAC
MrEMtYwMtrFDGWmRnRIIom,Hifiman EF600 Headphone Amplifier and DAC,hifiman-ef600-headphone-amplifier-and-dac,HiFiMan,Balanced output,No matching field found for Balanced output / Balanced / Balanced connection
MrEMtYwMtrFDGWmRnRIIom,Hifiman EF600 Headphone Amplifier and DAC,hifiman-ef600-headphone-amplifier-and-dac,HiFiMan,Inputs,No matching field found for Inputs / Input
MrEMtYwMtrFDGWmRnRIIom,Hifiman EF600 Headphone Amplifier and DAC,hifiman-ef600-headphone-amplifier-and-dac,HiFiMan,Outputs,"Field ""Outputs"" raw value ""6.3mm single-ended, XLR four-pin balanced, Dual (L/R) XLR three-pin full Balanced line outputs"" does not map to the closed vocabulary for Outputs"
MrEMtYwMtrFDGWmRnRJcsz,iFi Audio iCAN Phantom Headphone Amplifier and Energizer,ifi-audio-ican-phantom-headphone-amplifier-and-energizer,iFi Audio,Device type,No matching field found for Device type / Product type / Type
MrEMtYwMtrFDGWmRnRJcsz,iFi Audio iCAN Phantom Headphone Amplifier and Energizer,ifi-audio-ican-phantom-headphone-amplifier-and-energizer,iFi Audio,Form factor,No matching field found for Form factor / Portability
MrEMtYwMtrFDGWmRnRJcsz,iFi Audio iCAN Phantom Headphone Amplifier and Energizer,ifi-audio-ican-phantom-headphone-amplifier-and-energizer,iFi Audio,Amplification,No matching field found for Amplifier type / Amplification
MrEMtYwMtrFDGWmRnRJcsz,iFi Audio iCAN Phantom Headphone Amplifier and Energizer,ifi-audio-ican-phantom-headphone-amplifier-and-energizer,iFi Audio,DAC included,No matching field found for DAC included / DAC / Built-in DAC
MrEMtYwMtrFDGWmRnRJcsz,iFi Audio iCAN Phantom Headphone Amplifier and Energizer,ifi-audio-ican-phantom-headphone-amplifier-and-energizer,iFi Audio,Balanced output,No matching field found for Balanced output / Balanced / Balanced connection
MrEMtYwMtrFDGWmRnRJcsz,iFi Audio iCAN Phantom Headphone Amplifier and Energizer,ifi-audio-ican-phantom-headphone-amplifier-and-energizer,iFi Audio,Inputs,No matching field found for Inputs / Input
MrEMtYwMtrFDGWmRnRJcsz,iFi Audio iCAN Phantom Headphone Amplifier and Energizer,ifi-audio-ican-phantom-headphone-amplifier-and-energizer,iFi Audio,Outputs,No matching field found for Outputs / Output
MrEMtYwMtrFDGWmRnRJqYN,Auris Audio Euterpe,auris-audio-euterpe,Auris Audio,Device type,No matching field found for Device type / Product type / Type
MrEMtYwMtrFDGWmRnRJqYN,Auris Audio Euterpe,auris-audio-euterpe,Auris Audio,Form factor,No matching field found for Form factor / Portability
MrEMtYwMtrFDGWmRnRJqYN,Auris Audio Euterpe,auris-audio-euterpe,Auris Audio,Amplification,No matching field found for Amplifier type / Amplification
MrEMtYwMtrFDGWmRnRJqYN,Auris Audio Euterpe,auris-audio-euterpe,Auris Audio,DAC included,No matching field found for DAC included / DAC / Built-in DAC
MrEMtYwMtrFDGWmRnRJqYN,Auris Audio Euterpe,auris-audio-euterpe,Auris Audio,Balanced output,No matching field found for Balanced output / Balanced / Balanced connection
MrEMtYwMtrFDGWmRnRJqYN,Auris Audio Euterpe,auris-audio-euterpe,Auris Audio,Inputs,No matching field found for Inputs / Input
MrEMtYwMtrFDGWmRnRJqYN,Auris Audio Euterpe,auris-audio-euterpe,Auris Audio,Outputs,No matching field found for Outputs / Output
MrEMtYwMtrFDGWmRnRKRM6,Aune Audio N7 Headphone Amplifier,aune-audio-n7-headphone-amplifier,Aune Audio,Device type,"Field ""Product Type"" raw value ""Class A headphone amplifier and preamplifier"" does not map to the closed vocabulary for Device type"
MrEMtYwMtrFDGWmRnRKRM6,Aune Audio N7 Headphone Amplifier,aune-audio-n7-headphone-amplifier,Aune Audio,Form factor,No matching field found for Form factor / Portability
MrEMtYwMtrFDGWmRnRKRM6,Aune Audio N7 Headphone Amplifier,aune-audio-n7-headphone-amplifier,Aune Audio,Amplification,No matching field found for Amplifier type / Amplification
MrEMtYwMtrFDGWmRnRKRM6,Aune Audio N7 Headphone Amplifier,aune-audio-n7-headphone-amplifier,Aune Audio,DAC included,No matching field found for DAC included / DAC / Built-in DAC
MrEMtYwMtrFDGWmRnRKRM6,Aune Audio N7 Headphone Amplifier,aune-audio-n7-headphone-amplifier,Aune Audio,Balanced output,No matching field found for Balanced output / Balanced / Balanced connection
MrEMtYwMtrFDGWmRnRKRM6,Aune Audio N7 Headphone Amplifier,aune-audio-n7-headphone-amplifier,Aune Audio,Inputs,No matching field found for Inputs / Input
MrEMtYwMtrFDGWmRnRKRM6,Aune Audio N7 Headphone Amplifier,aune-audio-n7-headphone-amplifier,Aune Audio,Outputs,No matching field found for Outputs / Output
MrEMtYwMtrFDGWmRnRKsJY,Ferrum Oor Desktop Headphone Amplifier,ferrum-oor-desktop-headphone-amplifier,Ferrum Audio,Device type,No matching field found for Device type / Product type / Type
MrEMtYwMtrFDGWmRnRKsJY,Ferrum Oor Desktop Headphone Amplifier,ferrum-oor-desktop-headphone-amplifier,Ferrum Audio,Form factor,No matching field found for Form factor / Portability
MrEMtYwMtrFDGWmRnRKsJY,Ferrum Oor Desktop Headphone Amplifier,ferrum-oor-desktop-headphone-amplifier,Ferrum Audio,Amplification,No matching field found for Amplifier type / Amplification
MrEMtYwMtrFDGWmRnRKsJY,Ferrum Oor Desktop Headphone Amplifier,ferrum-oor-desktop-headphone-amplifier,Ferrum Audio,DAC included,No matching field found for DAC included / DAC / Built-in DAC
MrEMtYwMtrFDGWmRnRKsJY,Ferrum Oor Desktop Headphone Amplifier,ferrum-oor-desktop-headphone-amplifier,Ferrum Audio,Balanced output,No matching field found for Balanced output / Balanced / Balanced connection
MrEMtYwMtrFDGWmRnRL7UE,Woo Audio WA7 Fireflies 3rd Gen Headphone Tube Amplifier,woo-audio-wa7-fireflies-3rd-gen-headphone-tube-amplifier,Woo Audio,Device type,No matching field found for Device type / Product type / Type
MrEMtYwMtrFDGWmRnRL7UE,Woo Audio WA7 Fireflies 3rd Gen Headphone Tube Amplifier,woo-audio-wa7-fireflies-3rd-gen-headphone-tube-amplifier,Woo Audio,Form factor,No matching field found for Form factor / Portability
MrEMtYwMtrFDGWmRnRL7UE,Woo Audio WA7 Fireflies 3rd Gen Headphone Tube Amplifier,woo-audio-wa7-fireflies-3rd-gen-headphone-tube-amplifier,Woo Audio,Amplification,No matching field found for Amplifier type / Amplification
MrEMtYwMtrFDGWmRnRL7UE,Woo Audio WA7 Fireflies 3rd Gen Headphone Tube Amplifier,woo-audio-wa7-fireflies-3rd-gen-headphone-tube-amplifier,Woo Audio,DAC included,No matching field found for DAC included / DAC / Built-in DAC
MrEMtYwMtrFDGWmRnRL7UE,Woo Audio WA7 Fireflies 3rd Gen Headphone Tube Amplifier,woo-audio-wa7-fireflies-3rd-gen-headphone-tube-amplifier,Woo Audio,Balanced output,No matching field found for Balanced output / Balanced / Balanced connection
MrEMtYwMtrFDGWmRnRL7UE,Woo Audio WA7 Fireflies 3rd Gen Headphone Tube Amplifier,woo-audio-wa7-fireflies-3rd-gen-headphone-tube-amplifier,Woo Audio,Inputs,No matching field found for Inputs / Input
MrEMtYwMtrFDGWmRnRL7UE,Woo Audio WA7 Fireflies 3rd Gen Headphone Tube Amplifier,woo-audio-wa7-fireflies-3rd-gen-headphone-tube-amplifier,Woo Audio,Outputs,No matching field found for Outputs / Output
MrEMtYwMtrFDGWmRnRLHGc,Woo Audio WA6 Desktop Tube Headphone Amplifier,woo-audio-wa6-desktop-tube-headphone-amplifier,Woo Audio,Device type,No matching field found for Device type / Product type / Type
MrEMtYwMtrFDGWmRnRLHGc,Woo Audio WA6 Desktop Tube Headphone Amplifier,woo-audio-wa6-desktop-tube-headphone-amplifier,Woo Audio,Form factor,No matching field found for Form factor / Portability
MrEMtYwMtrFDGWmRnRLHGc,Woo Audio WA6 Desktop Tube Headphone Amplifier,woo-audio-wa6-desktop-tube-headphone-amplifier,Woo Audio,Amplification,No matching field found for Amplifier type / Amplification
MrEMtYwMtrFDGWmRnRLHGc,Woo Audio WA6 Desktop Tube Headphone Amplifier,woo-audio-wa6-desktop-tube-headphone-amplifier,Woo Audio,DAC included,No matching field found for DAC included / DAC / Built-in DAC
MrEMtYwMtrFDGWmRnRLHGc,Woo Audio WA6 Desktop Tube Headphone Amplifier,woo-audio-wa6-desktop-tube-headphone-amplifier,Woo Audio,Balanced output,No matching field found for Balanced output / Balanced / Balanced connection
MrEMtYwMtrFDGWmRnRLHGc,Woo Audio WA6 Desktop Tube Headphone Amplifier,woo-audio-wa6-desktop-tube-headphone-amplifier,Woo Audio,Inputs,No matching field found for Inputs / Input
MrEMtYwMtrFDGWmRnRLHGc,Woo Audio WA6 Desktop Tube Headphone Amplifier,woo-audio-wa6-desktop-tube-headphone-amplifier,Woo Audio,Outputs,No matching field found for Outputs / Output
MrEMtYwMtrFDGWmRnRM6g2,"Dekoni Audio Ensemble Presplit PCUHD Twisted Cable with 6.35mm Unbalanced Connector (52"")",dekoni-audio-ensemble-presplit-pcuhd-twisted-cable-with-6-35mm-unbalanced-connector-52,Dekoni Audio,Accessory type,No matching field found for Accessory type / Type
MrEMtYwMtrFDGWmRnRM6g2,"Dekoni Audio Ensemble Presplit PCUHD Twisted Cable with 6.35mm Unbalanced Connector (52"")",dekoni-audio-ensemble-presplit-pcuhd-twisted-cable-with-6-35mm-unbalanced-connector-52,Dekoni Audio,Connector / termination,No matching field found for Connector / termination / Connector / Termination
MrEMtYwMtrFDGWmRnRM6g2,"Dekoni Audio Ensemble Presplit PCUHD Twisted Cable with 6.35mm Unbalanced Connector (52"")",dekoni-audio-ensemble-presplit-pcuhd-twisted-cable-with-6-35mm-unbalanced-connector-52,Dekoni Audio,Compatibility,No matching field found for Compatibility / Compatible with / Fits
MrEMtYwMtrFDGWmRnRMEGN,"Dekoni Audio Ensemble 4.4mm 52"" Braided Cable with HD600 Headphone Connectors",dekoni-audio-ensemble-4-4mm-52-braided-cable-with-hd600-headphone-connectors,Dekoni Audio,Accessory type,No matching field found for Accessory type / Type
MrEMtYwMtrFDGWmRnRMEGN,"Dekoni Audio Ensemble 4.4mm 52"" Braided Cable with HD600 Headphone Connectors",dekoni-audio-ensemble-4-4mm-52-braided-cable-with-hd600-headphone-connectors,Dekoni Audio,Connector / termination,No matching field found for Connector / termination / Connector / Termination
MrEMtYwMtrFDGWmRnRMEGN,"Dekoni Audio Ensemble 4.4mm 52"" Braided Cable with HD600 Headphone Connectors",dekoni-audio-ensemble-4-4mm-52-braided-cable-with-hd600-headphone-connectors,Dekoni Audio,Compatibility,No matching field found for Compatibility / Compatible with / Fits
MrEMtYwMtrFDGWmRnRMrRo,"Dekoni Audio Ensemble 1/4"" 64"" Nylon Wrapped Cable with HD600 Headphone Connectors",dekoni-audio-ensemble-1-4-64-nylon-wrapped-cable-with-hd600-headphone-connectors,Dekoni Audio,Accessory type,No matching field found for Accessory type / Type
MrEMtYwMtrFDGWmRnRMrRo,"Dekoni Audio Ensemble 1/4"" 64"" Nylon Wrapped Cable with HD600 Headphone Connectors",dekoni-audio-ensemble-1-4-64-nylon-wrapped-cable-with-hd600-headphone-connectors,Dekoni Audio,Connector / termination,No matching field found for Connector / termination / Connector / Termination
MrEMtYwMtrFDGWmRnRMrRo,"Dekoni Audio Ensemble 1/4"" 64"" Nylon Wrapped Cable with HD600 Headphone Connectors",dekoni-audio-ensemble-1-4-64-nylon-wrapped-cable-with-hd600-headphone-connectors,Dekoni Audio,Compatibility,No matching field found for Compatibility / Compatible with / Fits
MrEMtYwMtrFDGWmRnRNW0l,"Dekoni Audio Ensemble 4-Pin XLR 64"" Braided Cable Cable with 3.5mm Headphone Connectors",dekoni-audio-ensemble-4-pin-xlr-64-braided-cable-cable-with-3-5mm-headphone-connectors,Dekoni Audio,Accessory type,No matching field found for Accessory type / Type
MrEMtYwMtrFDGWmRnRNW0l,"Dekoni Audio Ensemble 4-Pin XLR 64"" Braided Cable Cable with 3.5mm Headphone Connectors",dekoni-audio-ensemble-4-pin-xlr-64-braided-cable-cable-with-3-5mm-headphone-connectors,Dekoni Audio,Connector / termination,No matching field found for Connector / termination / Connector / Termination
MrEMtYwMtrFDGWmRnRNW0l,"Dekoni Audio Ensemble 4-Pin XLR 64"" Braided Cable Cable with 3.5mm Headphone Connectors",dekoni-audio-ensemble-4-pin-xlr-64-braided-cable-cable-with-3-5mm-headphone-connectors,Dekoni Audio,Compatibility,No matching field found for Compatibility / Compatible with / Fits
MrEMtYwMtrFDGWmRnROEm9,"Dekoni Audio Ensemble 4.4mm 64"" Braided Cable with HD600 Headphone Connectors",dekoni-audio-ensemble-4-4mm-64-braided-cable-with-hd600-headphone-connectors,Dekoni Audio,Accessory type,No matching field found for Accessory type / Type
MrEMtYwMtrFDGWmRnROEm9,"Dekoni Audio Ensemble 4.4mm 64"" Braided Cable with HD600 Headphone Connectors",dekoni-audio-ensemble-4-4mm-64-braided-cable-with-hd600-headphone-connectors,Dekoni Audio,Connector / termination,No matching field found for Connector / termination / Connector / Termination
MrEMtYwMtrFDGWmRnROEm9,"Dekoni Audio Ensemble 4.4mm 64"" Braided Cable with HD600 Headphone Connectors",dekoni-audio-ensemble-4-4mm-64-braided-cable-with-hd600-headphone-connectors,Dekoni Audio,Compatibility,No matching field found for Compatibility / Compatible with / Fits
MrEMtYwMtrFDGWmRnROOcQ,"Dekoni Audio Ensemble 1/8"" 64"" Nylon Jacket Cable with 4-pin Mini XLR Headphone Connectors",dekoni-audio-ensemble-1-8-64-nylon-jacket-cable-with-4-pin-mini-xlr-headphone-connectors,Dekoni Audio,Accessory type,No matching field found for Accessory type / Type
MrEMtYwMtrFDGWmRnROOcQ,"Dekoni Audio Ensemble 1/8"" 64"" Nylon Jacket Cable with 4-pin Mini XLR Headphone Connectors",dekoni-audio-ensemble-1-8-64-nylon-jacket-cable-with-4-pin-mini-xlr-headphone-connectors,Dekoni Audio,Connector / termination,No matching field found for Connector / termination / Connector / Termination
MrEMtYwMtrFDGWmRnROOcQ,"Dekoni Audio Ensemble 1/8"" 64"" Nylon Jacket Cable with 4-pin Mini XLR Headphone Connectors",dekoni-audio-ensemble-1-8-64-nylon-jacket-cable-with-4-pin-mini-xlr-headphone-connectors,Dekoni Audio,Compatibility,No matching field found for Compatibility / Compatible with / Fits
MrEMtYwMtrFDGWmRnROj7V,"Dekoni Audio Ensemble 1/4"" 64"" Nylon Jacket Cable with ATHM Headphone Connector",dekoni-audio-ensemble-1-4-64-nylon-jacket-cable-with-athm-headphone-connector,Dekoni Audio,Accessory type,No matching field found for Accessory type / Type
MrEMtYwMtrFDGWmRnROj7V,"Dekoni Audio Ensemble 1/4"" 64"" Nylon Jacket Cable with ATHM Headphone Connector",dekoni-audio-ensemble-1-4-64-nylon-jacket-cable-with-athm-headphone-connector,Dekoni Audio,Connector / termination,No matching field found for Connector / termination / Connector / Termination
MrEMtYwMtrFDGWmRnROj7V,"Dekoni Audio Ensemble 1/4"" 64"" Nylon Jacket Cable with ATHM Headphone Connector",dekoni-audio-ensemble-1-4-64-nylon-jacket-cable-with-athm-headphone-connector,Dekoni Audio,Compatibility,No matching field found for Compatibility / Compatible with / Fits
MrEMtYwMtrFDGWmRnROsH1,"Dekoni Audio Ensemble 1/4"" 64"" Braided Cable with Single 3pin XLR Headphone Connector",dekoni-audio-ensemble-1-4-64-braided-cable-with-single-3pin-xlr-headphone-connector,Dekoni Audio,Accessory type,No matching field found for Accessory type / Type
MrEMtYwMtrFDGWmRnROsH1,"Dekoni Audio Ensemble 1/4"" 64"" Braided Cable with Single 3pin XLR Headphone Connector",dekoni-audio-ensemble-1-4-64-braided-cable-with-single-3pin-xlr-headphone-connector,Dekoni Audio,Connector / termination,No matching field found for Connector / termination / Connector / Termination
MrEMtYwMtrFDGWmRnROsH1,"Dekoni Audio Ensemble 1/4"" 64"" Braided Cable with Single 3pin XLR Headphone Connector",dekoni-audio-ensemble-1-4-64-braided-cable-with-single-3pin-xlr-headphone-connector,Dekoni Audio,Compatibility,No matching field found for Compatibility / Compatible with / Fits
MrEMtYwMtrFDGWmRnRPAdw,"Dekoni Audio Ensemble 4-Pin XLR 64"" Braided Cable Cable with HD600 Headphone Connectors",dekoni-audio-ensemble-4-pin-xlr-64-braided-cable-cable-with-hd600-headphone-connectors,Dekoni Audio,Accessory type,No matching field found for Accessory type / Type
MrEMtYwMtrFDGWmRnRPAdw,"Dekoni Audio Ensemble 4-Pin XLR 64"" Braided Cable Cable with HD600 Headphone Connectors",dekoni-audio-ensemble-4-pin-xlr-64-braided-cable-cable-with-hd600-headphone-connectors,Dekoni Audio,Connector / termination,No matching field found for Connector / termination / Connector / Termination
MrEMtYwMtrFDGWmRnRPAdw,"Dekoni Audio Ensemble 4-Pin XLR 64"" Braided Cable Cable with HD600 Headphone Connectors",dekoni-audio-ensemble-4-pin-xlr-64-braided-cable-cable-with-hd600-headphone-connectors,Dekoni Audio,Compatibility,No matching field found for Compatibility / Compatible with / Fits
MrEMtYwMtrFDGWmRnRPD5X,"Dekoni Audio Ensemble 4.4mm 64"" Nylon Wrapped Cable with HD600 Headphone Connectors",dekoni-audio-ensemble-4-4mm-64-nylon-wrapped-cable-with-hd600-headphone-connectors,Dekoni Audio,Accessory type,No matching field found for Accessory type / Type
MrEMtYwMtrFDGWmRnRPD5X,"Dekoni Audio Ensemble 4.4mm 64"" Nylon Wrapped Cable with HD600 Headphone Connectors",dekoni-audio-ensemble-4-4mm-64-nylon-wrapped-cable-with-hd600-headphone-connectors,Dekoni Audio,Connector / termination,No matching field found for Connector / termination / Connector / Termination
MrEMtYwMtrFDGWmRnRPD5X,"Dekoni Audio Ensemble 4.4mm 64"" Nylon Wrapped Cable with HD600 Headphone Connectors",dekoni-audio-ensemble-4-4mm-64-nylon-wrapped-cable-with-hd600-headphone-connectors,Dekoni Audio,Compatibility,No matching field found for Compatibility / Compatible with / Fits
MrEMtYwMtrFDGWmRnTCCwU,Astell&Kern AK HB1 | Portable Wired/Wireless Bluetooth DAC/Amp,astell-kern-ak-hb1-portable-wired-wireless-bluetooth-dac-amp,Astell&Kern,Device type,No matching field found for Device type / Product type / Type
MrEMtYwMtrFDGWmRnTCCwU,Astell&Kern AK HB1 | Portable Wired/Wireless Bluetooth DAC/Amp,astell-kern-ak-hb1-portable-wired-wireless-bluetooth-dac-amp,Astell&Kern,Form factor,No matching field found for Form factor / Portability
MrEMtYwMtrFDGWmRnTCCwU,Astell&Kern AK HB1 | Portable Wired/Wireless Bluetooth DAC/Amp,astell-kern-ak-hb1-portable-wired-wireless-bluetooth-dac-amp,Astell&Kern,Amplification,No matching field found for Amplifier type / Amplification
MrEMtYwMtrFDGWmRnTCCwU,Astell&Kern AK HB1 | Portable Wired/Wireless Bluetooth DAC/Amp,astell-kern-ak-hb1-portable-wired-wireless-bluetooth-dac-amp,Astell&Kern,DAC included,No matching field found for DAC included / DAC / Built-in DAC
MrEMtYwMtrFDGWmRnTCCwU,Astell&Kern AK HB1 | Portable Wired/Wireless Bluetooth DAC/Amp,astell-kern-ak-hb1-portable-wired-wireless-bluetooth-dac-amp,Astell&Kern,Balanced output,No matching field found for Balanced output / Balanced / Balanced connection
MrEMtYwMtrFDGWmRnTCCwU,Astell&Kern AK HB1 | Portable Wired/Wireless Bluetooth DAC/Amp,astell-kern-ak-hb1-portable-wired-wireless-bluetooth-dac-amp,Astell&Kern,Inputs,No matching field found for Inputs / Input
MrEMtYwMtrFDGWmRnTCCwU,Astell&Kern AK HB1 | Portable Wired/Wireless Bluetooth DAC/Amp,astell-kern-ak-hb1-portable-wired-wireless-bluetooth-dac-amp,Astell&Kern,Outputs,No matching field found for Outputs / Output
MrEMtYwMtrFDGWmRnTCSk2,Aune AR9000 Headphones,aune-ar9000-headphones,Aune Audio,Wearing style,No matching field found for Wearing style
MrEMtYwMtrFDGWmRnTCSk2,Aune AR9000 Headphones,aune-ar9000-headphones,Aune Audio,Back design,No matching field found for Back design / Cup style / Cup / back design
MrEMtYwMtrFDGWmRnTCSk2,Aune AR9000 Headphones,aune-ar9000-headphones,Aune Audio,Driver type,No matching field found for Driver type / Driver Type
MrEMtYwMtrFDGWmRnTCSk2,Aune AR9000 Headphones,aune-ar9000-headphones,Aune Audio,Connectivity,No matching field found for Connectivity
MrEMtYwMtrFDGWmRnTCSk2,Aune AR9000 Headphones,aune-ar9000-headphones,Aune Audio,Connector / plug,No matching field found for Connector / Connector / plug
MrEMtYwMtrFDGWmRnTCSk2,Aune AR9000 Headphones,aune-ar9000-headphones,Aune Audio,Microphone,No matching field found for Microphone / Microphones
MrEMtYwMtrFDGWmRnTCSk2,Aune AR9000 Headphones,aune-ar9000-headphones,Aune Audio,Noise cancelling,No matching field found for Noise cancelling / Noise canceling / ANC / Active noise cancelling
MrEMtYwMtrFDGWmRnTCSk2,Aune AR9000 Headphones,aune-ar9000-headphones,Aune Audio,Requires amplifier,No matching field found for Amp required / Requires amplifier / Amplifier required
MrEMtYwMtrFDGWmRnTCj6Z,Aune AR5000 MK2 Headphones,aune-ar5000-mk2-headphones,Aune Audio,Wearing style,No matching field found for Wearing style
MrEMtYwMtrFDGWmRnTCj6Z,Aune AR5000 MK2 Headphones,aune-ar5000-mk2-headphones,Aune Audio,Back design,No matching field found for Back design / Cup style / Cup / back design
MrEMtYwMtrFDGWmRnTCj6Z,Aune AR5000 MK2 Headphones,aune-ar5000-mk2-headphones,Aune Audio,Driver type,No matching field found for Driver type / Driver Type
MrEMtYwMtrFDGWmRnTCj6Z,Aune AR5000 MK2 Headphones,aune-ar5000-mk2-headphones,Aune Audio,Connectivity,No matching field found for Connectivity
MrEMtYwMtrFDGWmRnTCj6Z,Aune AR5000 MK2 Headphones,aune-ar5000-mk2-headphones,Aune Audio,Connector / plug,No matching field found for Connector / Connector / plug
MrEMtYwMtrFDGWmRnTCj6Z,Aune AR5000 MK2 Headphones,aune-ar5000-mk2-headphones,Aune Audio,Microphone,No matching field found for Microphone / Microphones
MrEMtYwMtrFDGWmRnTCj6Z,Aune AR5000 MK2 Headphones,aune-ar5000-mk2-headphones,Aune Audio,Noise cancelling,No matching field found for Noise cancelling / Noise canceling / ANC / Active noise cancelling
MrEMtYwMtrFDGWmRnTCj6Z,Aune AR5000 MK2 Headphones,aune-ar5000-mk2-headphones,Aune Audio,Requires amplifier,No matching field found for Amp required / Requires amplifier / Amplifier required
MrEMtYwMtrFDGWmRnTDDVo,Warwick Acoustics Bravura Headphones,warwick-acoustics-bravura-headphones,Warwick Acoustics,Wearing style,No matching field found for Wearing style
MrEMtYwMtrFDGWmRnTDDVo,Warwick Acoustics Bravura Headphones,warwick-acoustics-bravura-headphones,Warwick Acoustics,Back design,No matching field found for Back design / Cup style / Cup / back design
MrEMtYwMtrFDGWmRnTDDVo,Warwick Acoustics Bravura Headphones,warwick-acoustics-bravura-headphones,Warwick Acoustics,Driver type,No matching field found for Driver type / Driver Type
MrEMtYwMtrFDGWmRnTDDVo,Warwick Acoustics Bravura Headphones,warwick-acoustics-bravura-headphones,Warwick Acoustics,Connectivity,No matching field found for Connectivity
MrEMtYwMtrFDGWmRnTDDVo,Warwick Acoustics Bravura Headphones,warwick-acoustics-bravura-headphones,Warwick Acoustics,Connector / plug,No matching field found for Connector / Connector / plug
MrEMtYwMtrFDGWmRnTDDVo,Warwick Acoustics Bravura Headphones,warwick-acoustics-bravura-headphones,Warwick Acoustics,Microphone,No matching field found for Microphone / Microphones
MrEMtYwMtrFDGWmRnTDDVo,Warwick Acoustics Bravura Headphones,warwick-acoustics-bravura-headphones,Warwick Acoustics,Noise cancelling,No matching field found for Noise cancelling / Noise canceling / ANC / Active noise cancelling
MrEMtYwMtrFDGWmRnTDDVo,Warwick Acoustics Bravura Headphones,warwick-acoustics-bravura-headphones,Warwick Acoustics,Requires amplifier,No matching field found for Amp required / Requires amplifier / Amplifier required
MrEMtYwMtrFDGWmRnTDN2e,Aperio - GoldenSound Edition,aperio-goldensound-edition,Warwick Acoustics,Wearing style,No matching field found for Wearing style
MrEMtYwMtrFDGWmRnTDN2e,Aperio - GoldenSound Edition,aperio-goldensound-edition,Warwick Acoustics,Back design,No matching field found for Back design / Cup style / Cup / back design
MrEMtYwMtrFDGWmRnTDN2e,Aperio - GoldenSound Edition,aperio-goldensound-edition,Warwick Acoustics,Driver type,No matching field found for Driver type / Driver Type
MrEMtYwMtrFDGWmRnTDN2e,Aperio - GoldenSound Edition,aperio-goldensound-edition,Warwick Acoustics,Connectivity,No matching field found for Connectivity
MrEMtYwMtrFDGWmRnTDN2e,Aperio - GoldenSound Edition,aperio-goldensound-edition,Warwick Acoustics,Connector / plug,No matching field found for Connector / Connector / plug
MrEMtYwMtrFDGWmRnTDN2e,Aperio - GoldenSound Edition,aperio-goldensound-edition,Warwick Acoustics,Microphone,No matching field found for Microphone / Microphones
MrEMtYwMtrFDGWmRnTDN2e,Aperio - GoldenSound Edition,aperio-goldensound-edition,Warwick Acoustics,Noise cancelling,No matching field found for Noise cancelling / Noise canceling / ANC / Active noise cancelling
MrEMtYwMtrFDGWmRnTDN2e,Aperio - GoldenSound Edition,aperio-goldensound-edition,Warwick Acoustics,Requires amplifier,No matching field found for Amp required / Requires amplifier / Amplifier required
MrEMtYwMtrFDGWmRnTDSQw,Austrian Audio The Composer Headphones,austrian-audio-the-composer-headphones,Austrian Audio,Wearing style,No matching field found for Wearing style
MrEMtYwMtrFDGWmRnTDSQw,Austrian Audio The Composer Headphones,austrian-audio-the-composer-headphones,Austrian Audio,Back design,No matching field found for Back design / Cup style / Cup / back design
MrEMtYwMtrFDGWmRnTDSQw,Austrian Audio The Composer Headphones,austrian-audio-the-composer-headphones,Austrian Audio,Driver type,No matching field found for Driver type / Driver Type
MrEMtYwMtrFDGWmRnTDSQw,Austrian Audio The Composer Headphones,austrian-audio-the-composer-headphones,Austrian Audio,Connectivity,No matching field found for Connectivity
MrEMtYwMtrFDGWmRnTDSQw,Austrian Audio The Composer Headphones,austrian-audio-the-composer-headphones,Austrian Audio,Connector / plug,No matching field found for Connector / Connector / plug
MrEMtYwMtrFDGWmRnTDSQw,Austrian Audio The Composer Headphones,austrian-audio-the-composer-headphones,Austrian Audio,Microphone,No matching field found for Microphone / Microphones
MrEMtYwMtrFDGWmRnTDSQw,Austrian Audio The Composer Headphones,austrian-audio-the-composer-headphones,Austrian Audio,Noise cancelling,No matching field found for Noise cancelling / Noise canceling / ANC / Active noise cancelling
MrEMtYwMtrFDGWmRnTDSQw,Austrian Audio The Composer Headphones,austrian-audio-the-composer-headphones,Austrian Audio,Requires amplifier,No matching field found for Amp required / Requires amplifier / Amplifier required
MrEMtYwMtrFDGWmRnTDpsi,T+A Solitaire P-SE Headphones - Open Box,t-a-solitaire-p-se-headphones-open-box,T+A,Wearing style,No matching field found for Wearing style
MrEMtYwMtrFDGWmRnTDpsi,T+A Solitaire P-SE Headphones - Open Box,t-a-solitaire-p-se-headphones-open-box,T+A,Back design,No matching field found for Back design / Cup style / Cup / back design
MrEMtYwMtrFDGWmRnTDpsi,T+A Solitaire P-SE Headphones - Open Box,t-a-solitaire-p-se-headphones-open-box,T+A,Driver type,No matching field found for Driver type / Driver Type
MrEMtYwMtrFDGWmRnTDpsi,T+A Solitaire P-SE Headphones - Open Box,t-a-solitaire-p-se-headphones-open-box,T+A,Connectivity,No matching field found for Connectivity
MrEMtYwMtrFDGWmRnTDpsi,T+A Solitaire P-SE Headphones - Open Box,t-a-solitaire-p-se-headphones-open-box,T+A,Connector / plug,No matching field found for Connector / Connector / plug
MrEMtYwMtrFDGWmRnTDpsi,T+A Solitaire P-SE Headphones - Open Box,t-a-solitaire-p-se-headphones-open-box,T+A,Microphone,No matching field found for Microphone / Microphones
MrEMtYwMtrFDGWmRnTDpsi,T+A Solitaire P-SE Headphones - Open Box,t-a-solitaire-p-se-headphones-open-box,T+A,Noise cancelling,No matching field found for Noise cancelling / Noise canceling / ANC / Active noise cancelling
MrEMtYwMtrFDGWmRnTDpsi,T+A Solitaire P-SE Headphones - Open Box,t-a-solitaire-p-se-headphones-open-box,T+A,Requires amplifier,No matching field found for Amp required / Requires amplifier / Amplifier required
MrEMtYwMtrFDGWmRnTE4cB,Astell&Kern HC5 | Portable DAC and Amp,astell-kern-hc5-portable-dac-and-amp,Astell&Kern,Device type,No matching field found for Device type / Product type / Type
MrEMtYwMtrFDGWmRnTE4cB,Astell&Kern HC5 | Portable DAC and Amp,astell-kern-hc5-portable-dac-and-amp,Astell&Kern,Form factor,No matching field found for Form factor / Portability
MrEMtYwMtrFDGWmRnTE4cB,Astell&Kern HC5 | Portable DAC and Amp,astell-kern-hc5-portable-dac-and-amp,Astell&Kern,Amplification,No matching field found for Amplifier type / Amplification
MrEMtYwMtrFDGWmRnTE4cB,Astell&Kern HC5 | Portable DAC and Amp,astell-kern-hc5-portable-dac-and-amp,Astell&Kern,DAC included,No matching field found for DAC included / DAC / Built-in DAC
MrEMtYwMtrFDGWmRnTE4cB,Astell&Kern HC5 | Portable DAC and Amp,astell-kern-hc5-portable-dac-and-amp,Astell&Kern,Balanced output,No matching field found for Balanced output / Balanced / Balanced connection
MrEMtYwMtrFDGWmRnTE4cB,Astell&Kern HC5 | Portable DAC and Amp,astell-kern-hc5-portable-dac-and-amp,Astell&Kern,Inputs,No matching field found for Inputs / Input
MrEMtYwMtrFDGWmRnTE4cB,Astell&Kern HC5 | Portable DAC and Amp,astell-kern-hc5-portable-dac-and-amp,Astell&Kern,Outputs,No matching field found for Outputs / Output
MrEMtYwMtrFDGWmRnTEgIK,Moondrop Dark Saber In-Ear Headphones,moondrop-dark-saber-in-ear-headphones,Moondrop,Wearing style,No matching field found for Wearing style
MrEMtYwMtrFDGWmRnTEgIK,Moondrop Dark Saber In-Ear Headphones,moondrop-dark-saber-in-ear-headphones,Moondrop,Driver type,No matching field found for Driver type / Driver Type
MrEMtYwMtrFDGWmRnTEgIK,Moondrop Dark Saber In-Ear Headphones,moondrop-dark-saber-in-ear-headphones,Moondrop,Connectivity,No matching field found for Connectivity
MrEMtYwMtrFDGWmRnTEgIK,Moondrop Dark Saber In-Ear Headphones,moondrop-dark-saber-in-ear-headphones,Moondrop,Connector / plug,No matching field found for Connector / Connector / plug
MrEMtYwMtrFDGWmRnTEgIK,Moondrop Dark Saber In-Ear Headphones,moondrop-dark-saber-in-ear-headphones,Moondrop,Microphone,No matching field found for Microphone / Microphones
MrEMtYwMtrFDGWmRnTEgIK,Moondrop Dark Saber In-Ear Headphones,moondrop-dark-saber-in-ear-headphones,Moondrop,Noise cancelling,No matching field found for Noise cancelling / Noise canceling / ANC / Active noise cancelling
MrEMtYwMtrFDGWmRnTEgIK,Moondrop Dark Saber In-Ear Headphones,moondrop-dark-saber-in-ear-headphones,Moondrop,Requires amplifier,No matching field found for Amp required / Requires amplifier / Amplifier required
PHPYj28HJdPDHAaIB69jT4,ddHiFi DJ35L L-Shaped Adapter | 3.5mm F to 3.5mm M,ddhifi-dj35l-l-shaped-adapter-3-5mm-f-to-3-5mm-m,ddHiFi,Accessory type,No matching field found for Accessory type / Type
PHPYj28HJdPDHAaIB69jT4,ddHiFi DJ35L L-Shaped Adapter | 3.5mm F to 3.5mm M,ddhifi-dj35l-l-shaped-adapter-3-5mm-f-to-3-5mm-m,ddHiFi,Connector / termination,No matching field found for Connector / termination / Connector / Termination
PHPYj28HJdPDHAaIB69jT4,ddHiFi DJ35L L-Shaped Adapter | 3.5mm F to 3.5mm M,ddhifi-dj35l-l-shaped-adapter-3-5mm-f-to-3-5mm-m,ddHiFi,Compatibility,No matching field found for Compatibility / Compatible with / Fits
PHPYj28HJdPDHAaIB6AeOS,ddHiFi DJ44 Mark II Headphone Adapter | 4.4mm F to 2.5/3.5 M,ddhifi-dj44-mark-ii-headphone-adapter-4-4mm-f-to-2-5-3-5-m,ddHiFi,Accessory type,No matching field found for Accessory type / Type
PHPYj28HJdPDHAaIB6AeOS,ddHiFi DJ44 Mark II Headphone Adapter | 4.4mm F to 2.5/3.5 M,ddhifi-dj44-mark-ii-headphone-adapter-4-4mm-f-to-2-5-3-5-m,ddHiFi,Connector / termination,No matching field found for Connector / termination / Connector / Termination
PHPYj28HJdPDHAaIB6AeOS,ddHiFi DJ44 Mark II Headphone Adapter | 4.4mm F to 2.5/3.5 M,ddhifi-dj44-mark-ii-headphone-adapter-4-4mm-f-to-2-5-3-5-m,ddHiFi,Compatibility,No matching field found for Compatibility / Compatible with / Fits
PHPYj28HJdPDHAaIB6CYWu,ddHiFi DJ44L L-Shaped Adapter | 4.4mm F to 4.4mm M,ddhifi-dj44l-l-shaped-adapter-4-4mm-f-to-4-4mm-m,ddHiFi,Accessory type,No matching field found for Accessory type / Type
PHPYj28HJdPDHAaIB6CYWu,ddHiFi DJ44L L-Shaped Adapter | 4.4mm F to 4.4mm M,ddhifi-dj44l-l-shaped-adapter-4-4mm-f-to-4-4mm-m,ddHiFi,Connector / termination,No matching field found for Connector / termination / Connector / Termination
PHPYj28HJdPDHAaIB6CYWu,ddHiFi DJ44L L-Shaped Adapter | 4.4mm F to 4.4mm M,ddhifi-dj44l-l-shaped-adapter-4-4mm-f-to-4-4mm-m,ddHiFi,Compatibility,No matching field found for Compatibility / Compatible with / Fits
PHPYj28HJdPDHAaIB6FFOI,Dekoni Audio Omega Headphone Stand | Headphone Stand,dekoni-audio-omega-headphone-stand-headphone-stand,Dekoni Audio,Accessory type,No matching field found for Accessory type / Type
PHPYj28HJdPDHAaIB6FFOI,Dekoni Audio Omega Headphone Stand | Headphone Stand,dekoni-audio-omega-headphone-stand-headphone-stand,Dekoni Audio,Compatibility,No matching field found for Compatibility / Compatible with / Fits
PHPYj28HJdPDHAaIB6FSgo,ddHiFi HS270W Wood Headphone Stand | Headphone Stand,ddhifi-hs270w-wood-headphone-stand-headphone-stand,ddHiFi,Accessory type,No matching field found for Accessory type / Type
PHPYj28HJdPDHAaIB6FSgo,ddHiFi HS270W Wood Headphone Stand | Headphone Stand,ddhifi-hs270w-wood-headphone-stand-headphone-stand,ddHiFi,Compatibility,No matching field found for Compatibility / Compatible with / Fits
PHPYj28HJdPDHAaIB6Fxyi,Campfire Audio Silicone Eartips | Replacement Eartips,campfire-audio-silicone-eartips-replacement-eartips,Campfire Audio,Accessory type,No matching field found for Accessory type / Type
PHPYj28HJdPDHAaIB6Fxyi,Campfire Audio Silicone Eartips | Replacement Eartips,campfire-audio-silicone-eartips-replacement-eartips,Campfire Audio,Compatibility,No matching field found for Compatibility / Compatible with / Fits
PHPYj28HJdPDHAaIB6GKjY,Eletech Baroque AirPods Pro | Luxury HiFi Eartips for IEMs,eletech-baroque-airpods-pro-luxury-hifi-eartips-for-iems,Eletech,Accessory type,No matching field found for Accessory type / Type
PHPYj28HJdPDHAaIB6GKjY,Eletech Baroque AirPods Pro | Luxury HiFi Eartips for IEMs,eletech-baroque-airpods-pro-luxury-hifi-eartips-for-iems,Eletech,Compatibility,No matching field found for Compatibility / Compatible with / Fits
PHPYj28HJdPDHAaIB6Gc3i,SpinFit AuraFine | Premium Silicone Eartips for AirPods Pro 3,spinfit-aurafine-premium-silicone-eartips-for-airpods-pro-3,Spinfit,Accessory type,No matching field found for Accessory type / Type
PHPYj28HJdPDHAaIB6Gc3i,SpinFit AuraFine | Premium Silicone Eartips for AirPods Pro 3,spinfit-aurafine-premium-silicone-eartips-for-airpods-pro-3,Spinfit,Compatibility,No matching field found for Compatibility / Compatible with / Fits
PHPYj28HJdPDHAaIB6GkTu,SpinFit CP145 | Premium Eartips (2 Pairs),spinfit-cp145-premium-eartips-2-pairs,Spinfit,Accessory type,No matching field found for Accessory type / Type
PHPYj28HJdPDHAaIB6GkTu,SpinFit CP145 | Premium Eartips (2 Pairs),spinfit-cp145-premium-eartips-2-pairs,Spinfit,Compatibility,No matching field found for Compatibility / Compatible with / Fits
PHPYj28HJdPDHAaIB6GtX2,SpinFit OMNI | Premium Universal Silicone Eartips,spinfit-omni-premium-universal-silicone-eartips,Spinfit,Accessory type,No matching field found for Accessory type / Type
PHPYj28HJdPDHAaIB6GtX2,SpinFit OMNI | Premium Universal Silicone Eartips,spinfit-omni-premium-universal-silicone-eartips,Spinfit,Compatibility,No matching field found for Compatibility / Compatible with / Fits
PHPYj28HJdPDHAaIB6GvLG,SpinFit SuperFine | Premium Silicone Eartips for AirPods Pro,spinfit-superfine-premium-silicone-eartips-for-airpods-pro,Spinfit,Accessory type,No matching field found for Accessory type / Type
PHPYj28HJdPDHAaIB6GvLG,SpinFit SuperFine | Premium Silicone Eartips for AirPods Pro,spinfit-superfine-premium-silicone-eartips-for-airpods-pro,Spinfit,Compatibility,No matching field found for Compatibility / Compatible with / Fits
PHPYj28HJdPDHAaIB6Gyt8,SpinFit W1 | Premium Silicone Eartips,spinfit-w1-premium-silicone-eartips,Spinfit,Accessory type,No matching field found for Accessory type / Type
PHPYj28HJdPDHAaIB6Gyt8,SpinFit W1 | Premium Silicone Eartips,spinfit-w1-premium-silicone-eartips,Spinfit,Compatibility,No matching field found for Compatibility / Compatible with / Fits
PHPYj28HJdPDHAaIB6HHQs,iFi iTraveller | Multipurpose Travel Case for DACs,ifi-itraveller-multipurpose-travel-case-for-dacs,iFi Audio,Accessory type,No matching field found for Accessory type / Type
PHPYj28HJdPDHAaIB6HHQs,iFi iTraveller | Multipurpose Travel Case for DACs,ifi-itraveller-multipurpose-travel-case-for-dacs,iFi Audio,Compatibility,No matching field found for Compatibility / Compatible with / Fits
PHPYj28HJdPDHAaIB6P7bo,Audio wipes - small,audio-wipes-small,Sensaphonics,Accessory type,No matching field found for Accessory type / Type
PHPYj28HJdPDHAaIB6P7bo,Audio wipes - small,audio-wipes-small,Sensaphonics,Compatibility,No matching field found for Compatibility / Compatible with / Fits
PHPYj28HJdPDHAaIB6P8QC,Jodi-Vac (Pro) IEM vacuum,jodi-vac-pro-iem-vacuum,Sensaphonics,Accessory type,No matching field found for Accessory type / Type
PHPYj28HJdPDHAaIB6P8QC,Jodi-Vac (Pro) IEM vacuum,jodi-vac-pro-iem-vacuum,Sensaphonics,Compatibility,No matching field found for Compatibility / Compatible with / Fits
PHPYj28HJdPDHAaIB6P9CI,Earpiece Soft Wrap by Comply,earpiece-soft-wrap-by-comply,Sensaphonics,Accessory type,No matching field found for Accessory type / Type
PHPYj28HJdPDHAaIB6P9CI,Earpiece Soft Wrap by Comply,earpiece-soft-wrap-by-comply,Sensaphonics,Compatibility,No matching field found for Compatibility / Compatible with / Fits
PHPYj28HJdPDHAaIB6UFNA,Plastic Needle,plastic-needle,64 Audio,Accessory type,No matching field found for Accessory type / Type
PHPYj28HJdPDHAaIB6UFNA,Plastic Needle,plastic-needle,64 Audio,Compatibility,No matching field found for Compatibility / Compatible with / Fits
PHPYj28HJdPDHAaIB6cQtu,ALO audio Reference 8 | Mini to Mini Cable,alo-audio-reference-8-mini-to-mini-cable,ALO audio,Accessory type,No matching field found for Accessory type / Type
PHPYj28HJdPDHAaIB6cQtu,ALO audio Reference 8 | Mini to Mini Cable,alo-audio-reference-8-mini-to-mini-cable,ALO audio,Connector / termination,No matching field found for Connector / termination / Connector / Termination
PHPYj28HJdPDHAaIB6cQtu,ALO audio Reference 8 | Mini to Mini Cable,alo-audio-reference-8-mini-to-mini-cable,ALO audio,Compatibility,No matching field found for Compatibility / Compatible with / Fits
PHPYj28HJdPDHAaIB6cRSG,Dan Clark Audio DUMMER Cable | Headphone Cable for AEON and ETHER,dan-clark-audio-dummer-cable-headphone-cable-for-aeon-and-ether,Dan Clark Audio,Accessory type,No matching field found for Accessory type / Type
PHPYj28HJdPDHAaIB6cRSG,Dan Clark Audio DUMMER Cable | Headphone Cable for AEON and ETHER,dan-clark-audio-dummer-cable-headphone-cable-for-aeon-and-ether,Dan Clark Audio,Connector / termination,No matching field found for Connector / termination / Connector / Termination
PHPYj28HJdPDHAaIB6cRSG,Dan Clark Audio DUMMER Cable | Headphone Cable for AEON and ETHER,dan-clark-audio-dummer-cable-headphone-cable-for-aeon-and-ether,Dan Clark Audio,Compatibility,No matching field found for Compatibility / Compatible with / Fits
PHPYj28HJdPDHAaIB6cRiI,Dan Clark Audio VIVO | Super Premium Headphone Cable,dan-clark-audio-vivo-super-premium-headphone-cable,Dan Clark Audio,Accessory type,No matching field found for Accessory type / Type
PHPYj28HJdPDHAaIB6cRiI,Dan Clark Audio VIVO | Super Premium Headphone Cable,dan-clark-audio-vivo-super-premium-headphone-cable,Dan Clark Audio,Connector / termination,No matching field found for Connector / termination / Connector / Termination
PHPYj28HJdPDHAaIB6cRiI,Dan Clark Audio VIVO | Super Premium Headphone Cable,dan-clark-audio-vivo-super-premium-headphone-cable,Dan Clark Audio,Compatibility,No matching field found for Compatibility / Compatible with / Fits
PHPYj28HJdPDHAaIB6cVoW,Dekoni Audio Balanced 4.4mm Cable for Sennheiser HD600 | Replacement Headphone Cable,dekoni-audio-balanced-4-4mm-cable-for-sennheiser-hd600-replacement-headphone-cable,Dekoni Audio,Accessory type,No matching field found for Accessory type / Type
PHPYj28HJdPDHAaIB6cVoW,Dekoni Audio Balanced 4.4mm Cable for Sennheiser HD600 | Replacement Headphone Cable,dekoni-audio-balanced-4-4mm-cable-for-sennheiser-hd600-replacement-headphone-cable,Dekoni Audio,Connector / termination,No matching field found for Connector / termination / Connector / Termination
PHPYj28HJdPDHAaIB6cVoW,Dekoni Audio Balanced 4.4mm Cable for Sennheiser HD600 | Replacement Headphone Cable,dekoni-audio-balanced-4-4mm-cable-for-sennheiser-hd600-replacement-headphone-cable,Dekoni Audio,Compatibility,No matching field found for Compatibility / Compatible with / Fits
PHPYj28HJdPDHAaIB6cZHo,Eletech Azrael | Copper Upgrade Cable for IEMs,eletech-azrael-copper-upgrade-cable-for-iems,Eletech,Accessory type,No matching field found for Accessory type / Type
PHPYj28HJdPDHAaIB6cZHo,Eletech Azrael | Copper Upgrade Cable for IEMs,eletech-azrael-copper-upgrade-cable-for-iems,Eletech,Connector / termination,No matching field found for Connector / termination / Connector / Termination
PHPYj28HJdPDHAaIB6cZHo,Eletech Azrael | Copper Upgrade Cable for IEMs,eletech-azrael-copper-upgrade-cable-for-iems,Eletech,Compatibility,No matching field found for Compatibility / Compatible with / Fits
PHPYj28HJdPDHAaIB8e38u,Comply T100 Foam Ear Tips,comply-t100-foam-ear-tips,Comply,Accessory type,No matching field found for Accessory type / Type
PHPYj28HJdPDHAaIB8e38u,Comply T100 Foam Ear Tips,comply-t100-foam-ear-tips,Comply,Compatibility,No matching field found for Compatibility / Compatible with / Fits
PHPYj28HJdPDHAaIBACuKc,iFi Audio GO Blu Portable Bluetooth DAC/Amp,ifi-audio-go-blu-portable-bluetooth-dac-amp,iFi Audio,Device type,No matching field found for Device type / Product type / Type
PHPYj28HJdPDHAaIBACuKc,iFi Audio GO Blu Portable Bluetooth DAC/Amp,ifi-audio-go-blu-portable-bluetooth-dac-amp,iFi Audio,Form factor,No matching field found for Form factor / Portability
PHPYj28HJdPDHAaIBACuKc,iFi Audio GO Blu Portable Bluetooth DAC/Amp,ifi-audio-go-blu-portable-bluetooth-dac-amp,iFi Audio,Amplification,No matching field found for Amplifier type / Amplification
PHPYj28HJdPDHAaIBACuKc,iFi Audio GO Blu Portable Bluetooth DAC/Amp,ifi-audio-go-blu-portable-bluetooth-dac-amp,iFi Audio,DAC included,No matching field found for DAC included / DAC / Built-in DAC
PHPYj28HJdPDHAaIBACuKc,iFi Audio GO Blu Portable Bluetooth DAC/Amp,ifi-audio-go-blu-portable-bluetooth-dac-amp,iFi Audio,Balanced output,No matching field found for Balanced output / Balanced / Balanced connection
PHPYj28HJdPDHAaIBACuKc,iFi Audio GO Blu Portable Bluetooth DAC/Amp,ifi-audio-go-blu-portable-bluetooth-dac-amp,iFi Audio,Inputs,No matching field found for Inputs / Input
PHPYj28HJdPDHAaIBACuKc,iFi Audio GO Blu Portable Bluetooth DAC/Amp,ifi-audio-go-blu-portable-bluetooth-dac-amp,iFi Audio,Outputs,No matching field found for Outputs / Output
PHPYj28HJdPDHAaIBADCQs,Hifiman Sundara Headphones | 2020 Edition,hifiman-sundara-headphones-2020-edition,HiFiMan,Wearing style,No matching field found for Wearing style
PHPYj28HJdPDHAaIBADCQs,Hifiman Sundara Headphones | 2020 Edition,hifiman-sundara-headphones-2020-edition,HiFiMan,Back design,No matching field found for Back design / Cup style / Cup / back design
PHPYj28HJdPDHAaIBADCQs,Hifiman Sundara Headphones | 2020 Edition,hifiman-sundara-headphones-2020-edition,HiFiMan,Connectivity,No matching field found for Connectivity
PHPYj28HJdPDHAaIBADCQs,Hifiman Sundara Headphones | 2020 Edition,hifiman-sundara-headphones-2020-edition,HiFiMan,Connector / plug,No matching field found for Connector / Connector / plug
PHPYj28HJdPDHAaIBADCQs,Hifiman Sundara Headphones | 2020 Edition,hifiman-sundara-headphones-2020-edition,HiFiMan,Microphone,No matching field found for Microphone / Microphones
PHPYj28HJdPDHAaIBADCQs,Hifiman Sundara Headphones | 2020 Edition,hifiman-sundara-headphones-2020-edition,HiFiMan,Noise cancelling,No matching field found for Noise cancelling / Noise canceling / ANC / Active noise cancelling
PHPYj28HJdPDHAaIBADCQs,Hifiman Sundara Headphones | 2020 Edition,hifiman-sundara-headphones-2020-edition,HiFiMan,Requires amplifier,No matching field found for Amp required / Requires amplifier / Amplifier required
PHPYj28HJdPDHAaIBADGUo,Hifiman Arya Headphones | Stealth Magnets Edition,hifiman-arya-headphones-stealth-magnets-edition,HiFiMan,Wearing style,No matching field found for Wearing style
PHPYj28HJdPDHAaIBADGUo,Hifiman Arya Headphones | Stealth Magnets Edition,hifiman-arya-headphones-stealth-magnets-edition,HiFiMan,Back design,No matching field found for Back design / Cup style / Cup / back design
PHPYj28HJdPDHAaIBADGUo,Hifiman Arya Headphones | Stealth Magnets Edition,hifiman-arya-headphones-stealth-magnets-edition,HiFiMan,Driver type,No matching field found for Driver type / Driver Type
PHPYj28HJdPDHAaIBADGUo,Hifiman Arya Headphones | Stealth Magnets Edition,hifiman-arya-headphones-stealth-magnets-edition,HiFiMan,Connectivity,No matching field found for Connectivity
PHPYj28HJdPDHAaIBADGUo,Hifiman Arya Headphones | Stealth Magnets Edition,hifiman-arya-headphones-stealth-magnets-edition,HiFiMan,Connector / plug,No matching field found for Connector / Connector / plug
PHPYj28HJdPDHAaIBADGUo,Hifiman Arya Headphones | Stealth Magnets Edition,hifiman-arya-headphones-stealth-magnets-edition,HiFiMan,Microphone,No matching field found for Microphone / Microphones
PHPYj28HJdPDHAaIBADGUo,Hifiman Arya Headphones | Stealth Magnets Edition,hifiman-arya-headphones-stealth-magnets-edition,HiFiMan,Noise cancelling,No matching field found for Noise cancelling / Noise canceling / ANC / Active noise cancelling
PHPYj28HJdPDHAaIBADGUo,Hifiman Arya Headphones | Stealth Magnets Edition,hifiman-arya-headphones-stealth-magnets-edition,HiFiMan,Requires amplifier,No matching field found for Amp required / Requires amplifier / Amplifier required
PHPYj28HJdPDHAaIBADN6m,Hifiman Ananda Planar Magnetic  Headphones - Stealth Magnets,hifiman-ananda-planar-magnetic-headphones-stealth-magnets,HiFiMan,Wearing style,No matching field found for Wearing style
PHPYj28HJdPDHAaIBADN6m,Hifiman Ananda Planar Magnetic  Headphones - Stealth Magnets,hifiman-ananda-planar-magnetic-headphones-stealth-magnets,HiFiMan,Back design,No matching field found for Back design / Cup style / Cup / back design
PHPYj28HJdPDHAaIBADN6m,Hifiman Ananda Planar Magnetic  Headphones - Stealth Magnets,hifiman-ananda-planar-magnetic-headphones-stealth-magnets,HiFiMan,Driver type,"Field ""Driver Type"" raw value ""Planar"" does not map to the closed vocabulary for Driver type"
PHPYj28HJdPDHAaIBADN6m,Hifiman Ananda Planar Magnetic  Headphones - Stealth Magnets,hifiman-ananda-planar-magnetic-headphones-stealth-magnets,HiFiMan,Connectivity,No matching field found for Connectivity
PHPYj28HJdPDHAaIBADN6m,Hifiman Ananda Planar Magnetic  Headphones - Stealth Magnets,hifiman-ananda-planar-magnetic-headphones-stealth-magnets,HiFiMan,Connector / plug,No matching field found for Connector / Connector / plug
PHPYj28HJdPDHAaIBADN6m,Hifiman Ananda Planar Magnetic  Headphones - Stealth Magnets,hifiman-ananda-planar-magnetic-headphones-stealth-magnets,HiFiMan,Microphone,No matching field found for Microphone / Microphones
PHPYj28HJdPDHAaIBADN6m,Hifiman Ananda Planar Magnetic  Headphones - Stealth Magnets,hifiman-ananda-planar-magnetic-headphones-stealth-magnets,HiFiMan,Noise cancelling,No matching field found for Noise cancelling / Noise canceling / ANC / Active noise cancelling
PHPYj28HJdPDHAaIBADN6m,Hifiman Ananda Planar Magnetic  Headphones - Stealth Magnets,hifiman-ananda-planar-magnetic-headphones-stealth-magnets,HiFiMan,Requires amplifier,No matching field found for Amp required / Requires amplifier / Amplifier required
PHPYj28HJdPDHAaIBADqsm,Utopia 2022,utopia-2022,Focal,Wearing style,No matching field found for Wearing style
PHPYj28HJdPDHAaIBADqsm,Utopia 2022,utopia-2022,Focal,Back design,No matching field found for Back design / Cup style / Cup / back design
PHPYj28HJdPDHAaIBADqsm,Utopia 2022,utopia-2022,Focal,Driver type,No matching field found for Driver type / Driver Type
PHPYj28HJdPDHAaIBADqsm,Utopia 2022,utopia-2022,Focal,Connectivity,No matching field found for Connectivity
PHPYj28HJdPDHAaIBADqsm,Utopia 2022,utopia-2022,Focal,Connector / plug,No matching field found for Connector / Connector / plug
PHPYj28HJdPDHAaIBADqsm,Utopia 2022,utopia-2022,Focal,Microphone,No matching field found for Microphone / Microphones
PHPYj28HJdPDHAaIBADqsm,Utopia 2022,utopia-2022,Focal,Noise cancelling,No matching field found for Noise cancelling / Noise canceling / ANC / Active noise cancelling
PHPYj28HJdPDHAaIBADqsm,Utopia 2022,utopia-2022,Focal,Requires amplifier,No matching field found for Amp required / Requires amplifier / Amplifier required
PHPYj28HJdPDHAaIBAGWYs,Topping D70 Pro DAC,topping-d70-pro-dac,Topping,Device type,No matching field found for Device type / Product type / Type
PHPYj28HJdPDHAaIBAGWYs,Topping D70 Pro DAC,topping-d70-pro-dac,Topping,Form factor,No matching field found for Form factor / Portability
PHPYj28HJdPDHAaIBAGWYs,Topping D70 Pro DAC,topping-d70-pro-dac,Topping,Amplification,No matching field found for Amplifier type / Amplification
PHPYj28HJdPDHAaIBAGWYs,Topping D70 Pro DAC,topping-d70-pro-dac,Topping,DAC included,No matching field found for DAC included / DAC / Built-in DAC
PHPYj28HJdPDHAaIBAGWYs,Topping D70 Pro DAC,topping-d70-pro-dac,Topping,Balanced output,No matching field found for Balanced output / Balanced / Balanced connection
PHPYj28HJdPDHAaIBAGWYs,Topping D70 Pro DAC,topping-d70-pro-dac,Topping,Inputs,No matching field found for Inputs / Input
PHPYj28HJdPDHAaIBAGWYs,Topping D70 Pro DAC,topping-d70-pro-dac,Topping,Outputs,No matching field found for Outputs / Output
PHPYj28HJdPDHAaIBAGqx8,Topping DX3 Pro+ Desktop DAC & Headphone Amplifier,topping-dx3-pro-desktop-dac-headphone-amplifier,Topping,Device type,No matching field found for Device type / Product type / Type
PHPYj28HJdPDHAaIBAGqx8,Topping DX3 Pro+ Desktop DAC & Headphone Amplifier,topping-dx3-pro-desktop-dac-headphone-amplifier,Topping,Form factor,No matching field found for Form factor / Portability
PHPYj28HJdPDHAaIBAGqx8,Topping DX3 Pro+ Desktop DAC & Headphone Amplifier,topping-dx3-pro-desktop-dac-headphone-amplifier,Topping,Amplification,No matching field found for Amplifier type / Amplification
PHPYj28HJdPDHAaIBAGqx8,Topping DX3 Pro+ Desktop DAC & Headphone Amplifier,topping-dx3-pro-desktop-dac-headphone-amplifier,Topping,DAC included,No matching field found for DAC included / DAC / Built-in DAC
PHPYj28HJdPDHAaIBAGqx8,Topping DX3 Pro+ Desktop DAC & Headphone Amplifier,topping-dx3-pro-desktop-dac-headphone-amplifier,Topping,Balanced output,No matching field found for Balanced output / Balanced / Balanced connection
PHPYj28HJdPDHAaIBAGqx8,Topping DX3 Pro+ Desktop DAC & Headphone Amplifier,topping-dx3-pro-desktop-dac-headphone-amplifier,Topping,Inputs,No matching field found for Inputs / Input
PHPYj28HJdPDHAaIBAGqx8,Topping DX3 Pro+ Desktop DAC & Headphone Amplifier,topping-dx3-pro-desktop-dac-headphone-amplifier,Topping,Outputs,No matching field found for Outputs / Output
PHPYj28HJdPDHAaIBAHGKa,Burson Audio Playmate 2,burson-audio-playmate-2,Burson Audio,Device type,No matching field found for Device type / Product type / Type
PHPYj28HJdPDHAaIBAHGKa,Burson Audio Playmate 2,burson-audio-playmate-2,Burson Audio,Form factor,No matching field found for Form factor / Portability
PHPYj28HJdPDHAaIBAHGKa,Burson Audio Playmate 2,burson-audio-playmate-2,Burson Audio,Amplification,No matching field found for Amplifier type / Amplification
PHPYj28HJdPDHAaIBAHGKa,Burson Audio Playmate 2,burson-audio-playmate-2,Burson Audio,DAC included,No matching field found for DAC included / DAC / Built-in DAC
PHPYj28HJdPDHAaIBAHGKa,Burson Audio Playmate 2,burson-audio-playmate-2,Burson Audio,Balanced output,No matching field found for Balanced output / Balanced / Balanced connection
PHPYj28HJdPDHAaIBAHGKa,Burson Audio Playmate 2,burson-audio-playmate-2,Burson Audio,Inputs,No matching field found for Inputs / Input
PHPYj28HJdPDHAaIBAHGKa,Burson Audio Playmate 2,burson-audio-playmate-2,Burson Audio,Outputs,No matching field found for Outputs / Output
PHPYj28HJdPDHAaIBAHVcm,Etched Headphone Cable,etched-headphone-cable,Listenmore,Accessory type,No matching field found for Accessory type / Type
PHPYj28HJdPDHAaIBAHVcm,Etched Headphone Cable,etched-headphone-cable,Listenmore,Connector / termination,No matching field found for Connector / termination / Connector / Termination
PHPYj28HJdPDHAaIBAHVcm,Etched Headphone Cable,etched-headphone-cable,Listenmore,Compatibility,"Compatibility raw value ""Focal: Elear, Elex, Clear, Elegia, Celestee, Radiance, Clear Mg, Stellia
            Hifiman: HE400se, Sundara, Sundara Closed, Edition XS, Ananda, Ananda Stealth, Arya, Arya Stealth, Arya Organic, Au…"" could not be matched to canonical product slugs. Unmatched parts: Focal: Elear, Elex, Clear, Elegia, Celestee, Radiance, Clear Mg, Stellia
            Hifiman: HE400se, Sundara, Sundara Closed, Edition XS, Ananda, Ananda Stealth, Arya, Arya Stealth, Arya Organic, Audivina, HE1000 Stealth, HE1000SE, Susvara
            Meze Audio: 99 Classics, 109 Pro, 109 Pro Primal, LIRIC
            HEDD Audio: HEDDphone TWO
            Denon: AH-D5200, AH-D7200, AH-D9200
            Sony: MDR-Z7M2, MDR-Z1R"
PHPYj28HJdPDHAaIBAHZj0,Etched Headphone Cable for Sennheiser HD 600 Series,etched-headphone-cable-for-sennheiser-hd-600-series,Listenmore,Accessory type,No matching field found for Accessory type / Type
PHPYj28HJdPDHAaIBAHZj0,Etched Headphone Cable for Sennheiser HD 600 Series,etched-headphone-cable-for-sennheiser-hd-600-series,Listenmore,Connector / termination,No matching field found for Connector / termination / Connector / Termination
PHPYj28HJdPDHAaIBAHZj0,Etched Headphone Cable for Sennheiser HD 600 Series,etched-headphone-cable-for-sennheiser-hd-600-series,Listenmore,Compatibility,"Compatibility raw value ""Sennheiser dual-pin (HD 600 Series compatible)"" could not be matched to canonical product slugs. Unmatched parts: Sennheiser dual-pin (HD 600 Series compatible)"
PHPYj28HJdPDHAaIBAHiIM,"Meze Audio 99 Series Silver Replacement cable (2.5mm, 3.5mm or 4.4mm)",meze-audio-99-series-silver-replacement-cable-2-5mm-3-5mm-or-4-4mm,Meze Audio,Accessory type,No matching field found for Accessory type / Type
PHPYj28HJdPDHAaIBAHiIM,"Meze Audio 99 Series Silver Replacement cable (2.5mm, 3.5mm or 4.4mm)",meze-audio-99-series-silver-replacement-cable-2-5mm-3-5mm-or-4-4mm,Meze Audio,Connector / termination,No matching field found for Connector / termination / Connector / Termination
PHPYj28HJdPDHAaIBAHiIM,"Meze Audio 99 Series Silver Replacement cable (2.5mm, 3.5mm or 4.4mm)",meze-audio-99-series-silver-replacement-cable-2-5mm-3-5mm-or-4-4mm,Meze Audio,Compatibility,No matching field found for Compatibility / Compatible with / Fits
PHPYj28HJdPDHAaIBAJiLG,Audeze LCD-2 Classic Headphones,audeze-lcd-2-classic-headphones,Audeze,Wearing style,No matching field found for Wearing style
PHPYj28HJdPDHAaIBAJiLG,Audeze LCD-2 Classic Headphones,audeze-lcd-2-classic-headphones,Audeze,Back design,No matching field found for Back design / Cup style / Cup / back design
PHPYj28HJdPDHAaIBAJiLG,Audeze LCD-2 Classic Headphones,audeze-lcd-2-classic-headphones,Audeze,Connectivity,No matching field found for Connectivity
PHPYj28HJdPDHAaIBAJiLG,Audeze LCD-2 Classic Headphones,audeze-lcd-2-classic-headphones,Audeze,Connector / plug,No matching field found for Connector / Connector / plug
PHPYj28HJdPDHAaIBAJiLG,Audeze LCD-2 Classic Headphones,audeze-lcd-2-classic-headphones,Audeze,Microphone,No matching field found for Microphone / Microphones
PHPYj28HJdPDHAaIBAJiLG,Audeze LCD-2 Classic Headphones,audeze-lcd-2-classic-headphones,Audeze,Noise cancelling,No matching field found for Noise cancelling / Noise canceling / ANC / Active noise cancelling
PHPYj28HJdPDHAaIBAJiLG,Audeze LCD-2 Classic Headphones,audeze-lcd-2-classic-headphones,Audeze,Requires amplifier,No matching field found for Amp required / Requires amplifier / Amplifier required
PHPYj28HJdPDHAaIBAJqcI,Meze Audio 109 PRO Headphones,meze-audio-109-pro-headphones,Meze Audio,Wearing style,No matching field found for Wearing style
PHPYj28HJdPDHAaIBAJqcI,Meze Audio 109 PRO Headphones,meze-audio-109-pro-headphones,Meze Audio,Back design,No matching field found for Back design / Cup style / Cup / back design
PHPYj28HJdPDHAaIBAJqcI,Meze Audio 109 PRO Headphones,meze-audio-109-pro-headphones,Meze Audio,Driver type,No matching field found for Driver type / Driver Type
PHPYj28HJdPDHAaIBAJqcI,Meze Audio 109 PRO Headphones,meze-audio-109-pro-headphones,Meze Audio,Connectivity,No matching field found for Connectivity
PHPYj28HJdPDHAaIBAJqcI,Meze Audio 109 PRO Headphones,meze-audio-109-pro-headphones,Meze Audio,Connector / plug,No matching field found for Connector / Connector / plug
PHPYj28HJdPDHAaIBAJqcI,Meze Audio 109 PRO Headphones,meze-audio-109-pro-headphones,Meze Audio,Microphone,No matching field found for Microphone / Microphones
PHPYj28HJdPDHAaIBAJqcI,Meze Audio 109 PRO Headphones,meze-audio-109-pro-headphones,Meze Audio,Noise cancelling,No matching field found for Noise cancelling / Noise canceling / ANC / Active noise cancelling
PHPYj28HJdPDHAaIBAJqcI,Meze Audio 109 PRO Headphones,meze-audio-109-pro-headphones,Meze Audio,Requires amplifier,No matching field found for Amp required / Requires amplifier / Amplifier required
PHPYj28HJdPDHAaIBAK0fG,HEDD Audio HEDDPhone® Two,hedd-audio-heddphone-two,HEDD Audio,Wearing style,No matching field found for Wearing style
PHPYj28HJdPDHAaIBAK0fG,HEDD Audio HEDDPhone® Two,hedd-audio-heddphone-two,HEDD Audio,Back design,No matching field found for Back design / Cup style / Cup / back design
PHPYj28HJdPDHAaIBAK0fG,HEDD Audio HEDDPhone® Two,hedd-audio-heddphone-two,HEDD Audio,Driver type,No matching field found for Driver type / Driver Type
PHPYj28HJdPDHAaIBAK0fG,HEDD Audio HEDDPhone® Two,hedd-audio-heddphone-two,HEDD Audio,Connectivity,No matching field found for Connectivity
PHPYj28HJdPDHAaIBAK0fG,HEDD Audio HEDDPhone® Two,hedd-audio-heddphone-two,HEDD Audio,Connector / plug,No matching field found for Connector / Connector / plug
PHPYj28HJdPDHAaIBAK0fG,HEDD Audio HEDDPhone® Two,hedd-audio-heddphone-two,HEDD Audio,Microphone,No matching field found for Microphone / Microphones
PHPYj28HJdPDHAaIBAK0fG,HEDD Audio HEDDPhone® Two,hedd-audio-heddphone-two,HEDD Audio,Noise cancelling,No matching field found for Noise cancelling / Noise canceling / ANC / Active noise cancelling
PHPYj28HJdPDHAaIBAK0fG,HEDD Audio HEDDPhone® Two,hedd-audio-heddphone-two,HEDD Audio,Requires amplifier,No matching field found for Amp required / Requires amplifier / Amplifier required
PHPYj28HJdPDHAaIBAKFRO,Woo Audio Tube Mini Portable DAC and Tube Amp,woo-audio-tube-mini-portable-dac-and-tube-amp,Woo Audio,Device type,No matching field found for Device type / Product type / Type
PHPYj28HJdPDHAaIBAKFRO,Woo Audio Tube Mini Portable DAC and Tube Amp,woo-audio-tube-mini-portable-dac-and-tube-amp,Woo Audio,Form factor,No matching field found for Form factor / Portability
PHPYj28HJdPDHAaIBAKFRO,Woo Audio Tube Mini Portable DAC and Tube Amp,woo-audio-tube-mini-portable-dac-and-tube-amp,Woo Audio,Amplification,No matching field found for Amplifier type / Amplification
PHPYj28HJdPDHAaIBAKFRO,Woo Audio Tube Mini Portable DAC and Tube Amp,woo-audio-tube-mini-portable-dac-and-tube-amp,Woo Audio,DAC included,No matching field found for DAC included / DAC / Built-in DAC
PHPYj28HJdPDHAaIBAKFRO,Woo Audio Tube Mini Portable DAC and Tube Amp,woo-audio-tube-mini-portable-dac-and-tube-amp,Woo Audio,Balanced output,No matching field found for Balanced output / Balanced / Balanced connection
PHPYj28HJdPDHAaIBAKFRO,Woo Audio Tube Mini Portable DAC and Tube Amp,woo-audio-tube-mini-portable-dac-and-tube-amp,Woo Audio,Inputs,No matching field found for Inputs / Input
PHPYj28HJdPDHAaIBAKFRO,Woo Audio Tube Mini Portable DAC and Tube Amp,woo-audio-tube-mini-portable-dac-and-tube-amp,Woo Audio,Outputs,No matching field found for Outputs / Output
PHPYj28HJdPDHAaIBAL1Lw,HiFi Rose RS520 Network Streamer & Integrated Amplifier,hifi-rose-rs520-network-streamer-integrated-amplifier,HiFi Rose,Device type,No matching field found for Device type / Product type / Type
PHPYj28HJdPDHAaIBAL1Lw,HiFi Rose RS520 Network Streamer & Integrated Amplifier,hifi-rose-rs520-network-streamer-integrated-amplifier,HiFi Rose,Form factor,No matching field found for Form factor / Portability
PHPYj28HJdPDHAaIBAL1Lw,HiFi Rose RS520 Network Streamer & Integrated Amplifier,hifi-rose-rs520-network-streamer-integrated-amplifier,HiFi Rose,Amplification,No matching field found for Amplifier type / Amplification
PHPYj28HJdPDHAaIBAL1Lw,HiFi Rose RS520 Network Streamer & Integrated Amplifier,hifi-rose-rs520-network-streamer-integrated-amplifier,HiFi Rose,DAC included,No matching field found for DAC included / DAC / Built-in DAC
PHPYj28HJdPDHAaIBAL1Lw,HiFi Rose RS520 Network Streamer & Integrated Amplifier,hifi-rose-rs520-network-streamer-integrated-amplifier,HiFi Rose,Balanced output,No matching field found for Balanced output / Balanced / Balanced connection
PHPYj28HJdPDHAaIBAL1Lw,HiFi Rose RS520 Network Streamer & Integrated Amplifier,hifi-rose-rs520-network-streamer-integrated-amplifier,HiFi Rose,Inputs,No matching field found for Inputs / Input
PHPYj28HJdPDHAaIBAL1Lw,HiFi Rose RS520 Network Streamer & Integrated Amplifier,hifi-rose-rs520-network-streamer-integrated-amplifier,HiFi Rose,Outputs,No matching field found for Outputs / Output
PHPYj28HJdPDHAaIBAMKFk,FiiO R7 DAC and Headphone Amp,fiio-r7-dac-and-headphone-amp,FiiO,Device type,No matching field found for Device type / Product type / Type
PHPYj28HJdPDHAaIBAMKFk,FiiO R7 DAC and Headphone Amp,fiio-r7-dac-and-headphone-amp,FiiO,Form factor,No matching field found for Form factor / Portability
PHPYj28HJdPDHAaIBAMKFk,FiiO R7 DAC and Headphone Amp,fiio-r7-dac-and-headphone-amp,FiiO,Amplification,No matching field found for Amplifier type / Amplification
PHPYj28HJdPDHAaIBAMKFk,FiiO R7 DAC and Headphone Amp,fiio-r7-dac-and-headphone-amp,FiiO,DAC included,"Field ""DAC"" raw value ""ES9068AS DAC"" does not map to the closed vocabulary for DAC included"
PHPYj28HJdPDHAaIBAMKFk,FiiO R7 DAC and Headphone Amp,fiio-r7-dac-and-headphone-amp,FiiO,Balanced output,No matching field found for Balanced output / Balanced / Balanced connection
PHPYj28HJdPDHAaIBAMKFk,FiiO R7 DAC and Headphone Amp,fiio-r7-dac-and-headphone-amp,FiiO,Inputs,No matching field found for Inputs / Input
PHPYj28HJdPDHAaIBAMKFk,FiiO R7 DAC and Headphone Amp,fiio-r7-dac-and-headphone-amp,FiiO,Outputs,No matching field found for Outputs / Output
PHPYj28HJdPDHAaIBANGzM,Astell&Kern A&ultima SP3000M | Digital Audio Player,astell-kern-a-ultima-sp3000m-digital-audio-player,Astell&Kern,Device type,No matching field found for Device type / Product type / Type
PHPYj28HJdPDHAaIBANGzM,Astell&Kern A&ultima SP3000M | Digital Audio Player,astell-kern-a-ultima-sp3000m-digital-audio-player,Astell&Kern,Form factor,No matching field found for Form factor / Portability
PHPYj28HJdPDHAaIBANGzM,Astell&Kern A&ultima SP3000M | Digital Audio Player,astell-kern-a-ultima-sp3000m-digital-audio-player,Astell&Kern,Amplification,No matching field found for Amplifier type / Amplification
PHPYj28HJdPDHAaIBANGzM,Astell&Kern A&ultima SP3000M | Digital Audio Player,astell-kern-a-ultima-sp3000m-digital-audio-player,Astell&Kern,DAC included,No matching field found for DAC included / DAC / Built-in DAC
PHPYj28HJdPDHAaIBANGzM,Astell&Kern A&ultima SP3000M | Digital Audio Player,astell-kern-a-ultima-sp3000m-digital-audio-player,Astell&Kern,Balanced output,No matching field found for Balanced output / Balanced / Balanced connection
PHPYj28HJdPDHAaIBANGzM,Astell&Kern A&ultima SP3000M | Digital Audio Player,astell-kern-a-ultima-sp3000m-digital-audio-player,Astell&Kern,Inputs,No matching field found for Inputs / Input
PHPYj28HJdPDHAaIBANGzM,Astell&Kern A&ultima SP3000M | Digital Audio Player,astell-kern-a-ultima-sp3000m-digital-audio-player,Astell&Kern,Outputs,No matching field found for Outputs / Output
PHPYj28HJdPDHAaIBANTBA,Astell&Kern A&norma SR35 | Digital Audio Player,astell-kern-a-norma-sr35-digital-audio-player,Astell&Kern,Device type,No matching field found for Device type / Product type / Type
PHPYj28HJdPDHAaIBANTBA,Astell&Kern A&norma SR35 | Digital Audio Player,astell-kern-a-norma-sr35-digital-audio-player,Astell&Kern,Form factor,No matching field found for Form factor / Portability
PHPYj28HJdPDHAaIBANTBA,Astell&Kern A&norma SR35 | Digital Audio Player,astell-kern-a-norma-sr35-digital-audio-player,Astell&Kern,Amplification,No matching field found for Amplifier type / Amplification
PHPYj28HJdPDHAaIBANTBA,Astell&Kern A&norma SR35 | Digital Audio Player,astell-kern-a-norma-sr35-digital-audio-player,Astell&Kern,DAC included,No matching field found for DAC included / DAC / Built-in DAC
PHPYj28HJdPDHAaIBANTBA,Astell&Kern A&norma SR35 | Digital Audio Player,astell-kern-a-norma-sr35-digital-audio-player,Astell&Kern,Balanced output,No matching field found for Balanced output / Balanced / Balanced connection
PHPYj28HJdPDHAaIBANTBA,Astell&Kern A&norma SR35 | Digital Audio Player,astell-kern-a-norma-sr35-digital-audio-player,Astell&Kern,Inputs,No matching field found for Inputs / Input
PHPYj28HJdPDHAaIBANTBA,Astell&Kern A&norma SR35 | Digital Audio Player,astell-kern-a-norma-sr35-digital-audio-player,Astell&Kern,Outputs,No matching field found for Outputs / Output
PHPYj28HJdPDHAaIBANaSM,Astell&Kern Acro CA1000T | Transportable Digital Audio Player,astell-kern-acro-ca1000t-transportable-digital-audio-player,Astell&Kern,Device type,No matching field found for Device type / Product type / Type
PHPYj28HJdPDHAaIBANaSM,Astell&Kern Acro CA1000T | Transportable Digital Audio Player,astell-kern-acro-ca1000t-transportable-digital-audio-player,Astell&Kern,Form factor,No matching field found for Form factor / Portability
PHPYj28HJdPDHAaIBANaSM,Astell&Kern Acro CA1000T | Transportable Digital Audio Player,astell-kern-acro-ca1000t-transportable-digital-audio-player,Astell&Kern,Amplification,No matching field found for Amplifier type / Amplification
PHPYj28HJdPDHAaIBANaSM,Astell&Kern Acro CA1000T | Transportable Digital Audio Player,astell-kern-acro-ca1000t-transportable-digital-audio-player,Astell&Kern,DAC included,No matching field found for DAC included / DAC / Built-in DAC
PHPYj28HJdPDHAaIBANaSM,Astell&Kern Acro CA1000T | Transportable Digital Audio Player,astell-kern-acro-ca1000t-transportable-digital-audio-player,Astell&Kern,Balanced output,No matching field found for Balanced output / Balanced / Balanced connection
PHPYj28HJdPDHAaIBANaSM,Astell&Kern Acro CA1000T | Transportable Digital Audio Player,astell-kern-acro-ca1000t-transportable-digital-audio-player,Astell&Kern,Inputs,No matching field found for Inputs / Input
PHPYj28HJdPDHAaIBANaSM,Astell&Kern Acro CA1000T | Transportable Digital Audio Player,astell-kern-acro-ca1000t-transportable-digital-audio-player,Astell&Kern,Outputs,No matching field found for Outputs / Output
PHPYj28HJdPDHAaIBCBx40,Focal Elex Ear Pads (Pair),focal-elex-ear-pads-pair,Focal,Accessory type,No matching field found for Accessory type / Type
PHPYj28HJdPDHAaIBCBx40,Focal Elex Ear Pads (Pair),focal-elex-ear-pads-pair,Focal,Compatibility,No matching field found for Compatibility / Compatible with / Fits
PHPYj28HJdPDHAaIBCC8aa,Dekoni Audio Elite Sheepskin Ear Pads for Focal,dekoni-audio-elite-sheepskin-ear-pads-for-focal,Dekoni Audio,Accessory type,No matching field found for Accessory type / Type
PHPYj28HJdPDHAaIBCC8aa,Dekoni Audio Elite Sheepskin Ear Pads for Focal,dekoni-audio-elite-sheepskin-ear-pads-for-focal,Dekoni Audio,Compatibility,No matching field found for Compatibility / Compatible with / Fits
PHPYj28HJdPDHAaIBCCSLu,Focal Bathys,focal-bathys,Focal,Wearing style,No matching field found for Wearing style
PHPYj28HJdPDHAaIBCCSLu,Focal Bathys,focal-bathys,Focal,Back design,No matching field found for Back design / Cup style / Cup / back design
PHPYj28HJdPDHAaIBCCSLu,Focal Bathys,focal-bathys,Focal,Driver type,No matching field found for Driver type / Driver Type
PHPYj28HJdPDHAaIBCCSLu,Focal Bathys,focal-bathys,Focal,Connectivity,No matching field found for Connectivity
PHPYj28HJdPDHAaIBCCSLu,Focal Bathys,focal-bathys,Focal,Connector / plug,No matching field found for Connector / Connector / plug
PHPYj28HJdPDHAaIBCCSLu,Focal Bathys,focal-bathys,Focal,Microphone,No matching field found for Microphone / Microphones
PHPYj28HJdPDHAaIBCCSLu,Focal Bathys,focal-bathys,Focal,Noise cancelling,No matching field found for Noise cancelling / Noise canceling / ANC / Active noise cancelling
PHPYj28HJdPDHAaIBCCSLu,Focal Bathys,focal-bathys,Focal,Requires amplifier,No matching field found for Amp required / Requires amplifier / Amplifier required
PHPYj28HJdPDHAaIBCCaW4,Focal Stellia Headphones,focal-stellia-headphones,Focal,Wearing style,No matching field found for Wearing style
PHPYj28HJdPDHAaIBCCaW4,Focal Stellia Headphones,focal-stellia-headphones,Focal,Back design,No matching field found for Back design / Cup style / Cup / back design
PHPYj28HJdPDHAaIBCCaW4,Focal Stellia Headphones,focal-stellia-headphones,Focal,Driver type,"Field ""Driver Type"" raw value ""Electrodynamic speaker driver"" does not map to the closed vocabulary for Driver type"
PHPYj28HJdPDHAaIBCCaW4,Focal Stellia Headphones,focal-stellia-headphones,Focal,Connectivity,No matching field found for Connectivity
PHPYj28HJdPDHAaIBCCaW4,Focal Stellia Headphones,focal-stellia-headphones,Focal,Connector / plug,No matching field found for Connector / Connector / plug
PHPYj28HJdPDHAaIBCCaW4,Focal Stellia Headphones,focal-stellia-headphones,Focal,Microphone,No matching field found for Microphone / Microphones
PHPYj28HJdPDHAaIBCCaW4,Focal Stellia Headphones,focal-stellia-headphones,Focal,Noise cancelling,No matching field found for Noise cancelling / Noise canceling / ANC / Active noise cancelling
PHPYj28HJdPDHAaIBCCaW4,Focal Stellia Headphones,focal-stellia-headphones,Focal,Requires amplifier,No matching field found for Amp required / Requires amplifier / Amplifier required
PHPYj28HJdPDHAaIBCCjUc,Audeze LCD-XC Headphones | 2024 Creator's Edition,audeze-lcd-xc-headphones-2024-creator-s-edition,Audeze,Wearing style,No matching field found for Wearing style
PHPYj28HJdPDHAaIBCCjUc,Audeze LCD-XC Headphones | 2024 Creator's Edition,audeze-lcd-xc-headphones-2024-creator-s-edition,Audeze,Back design,No matching field found for Back design / Cup style / Cup / back design
PHPYj28HJdPDHAaIBCCjUc,Audeze LCD-XC Headphones | 2024 Creator's Edition,audeze-lcd-xc-headphones-2024-creator-s-edition,Audeze,Connectivity,No matching field found for Connectivity
PHPYj28HJdPDHAaIBCCjUc,Audeze LCD-XC Headphones | 2024 Creator's Edition,audeze-lcd-xc-headphones-2024-creator-s-edition,Audeze,Connector / plug,No matching field found for Connector / Connector / plug
PHPYj28HJdPDHAaIBCCjUc,Audeze LCD-XC Headphones | 2024 Creator's Edition,audeze-lcd-xc-headphones-2024-creator-s-edition,Audeze,Microphone,No matching field found for Microphone / Microphones
PHPYj28HJdPDHAaIBCCjUc,Audeze LCD-XC Headphones | 2024 Creator's Edition,audeze-lcd-xc-headphones-2024-creator-s-edition,Audeze,Noise cancelling,No matching field found for Noise cancelling / Noise canceling / ANC / Active noise cancelling
PHPYj28HJdPDHAaIBCCjUc,Audeze LCD-XC Headphones | 2024 Creator's Edition,audeze-lcd-xc-headphones-2024-creator-s-edition,Audeze,Requires amplifier,No matching field found for Amp required / Requires amplifier / Amplifier required
PHPYj28HJdPDHAaIBCD0NI,Meze Audio 99 Classics Headphones,meze-audio-99-classics-headphones,Meze Audio,Wearing style,No matching field found for Wearing style
PHPYj28HJdPDHAaIBCD0NI,Meze Audio 99 Classics Headphones,meze-audio-99-classics-headphones,Meze Audio,Back design,No matching field found for Back design / Cup style / Cup / back design
PHPYj28HJdPDHAaIBCD0NI,Meze Audio 99 Classics Headphones,meze-audio-99-classics-headphones,Meze Audio,Driver type,No matching field found for Driver type / Driver Type
PHPYj28HJdPDHAaIBCD0NI,Meze Audio 99 Classics Headphones,meze-audio-99-classics-headphones,Meze Audio,Connectivity,No matching field found for Connectivity
PHPYj28HJdPDHAaIBCD0NI,Meze Audio 99 Classics Headphones,meze-audio-99-classics-headphones,Meze Audio,Connector / plug,No matching field found for Connector / Connector / plug
PHPYj28HJdPDHAaIBCD0NI,Meze Audio 99 Classics Headphones,meze-audio-99-classics-headphones,Meze Audio,Microphone,No matching field found for Microphone / Microphones
PHPYj28HJdPDHAaIBCD0NI,Meze Audio 99 Classics Headphones,meze-audio-99-classics-headphones,Meze Audio,Noise cancelling,No matching field found for Noise cancelling / Noise canceling / ANC / Active noise cancelling
PHPYj28HJdPDHAaIBCD0NI,Meze Audio 99 Classics Headphones,meze-audio-99-classics-headphones,Meze Audio,Requires amplifier,No matching field found for Amp required / Requires amplifier / Amplifier required
PHPYj28HJdPDHAaIBCDAX8,Meze Audio Strada Headphones,meze-audio-strada-headphones,Meze Audio,Wearing style,No matching field found for Wearing style
PHPYj28HJdPDHAaIBCDAX8,Meze Audio Strada Headphones,meze-audio-strada-headphones,Meze Audio,Back design,No matching field found for Back design / Cup style / Cup / back design
PHPYj28HJdPDHAaIBCDAX8,Meze Audio Strada Headphones,meze-audio-strada-headphones,Meze Audio,Connectivity,No matching field found for Connectivity
PHPYj28HJdPDHAaIBCDAX8,Meze Audio Strada Headphones,meze-audio-strada-headphones,Meze Audio,Connector / plug,No matching field found for Connector / Connector / plug
PHPYj28HJdPDHAaIBCDAX8,Meze Audio Strada Headphones,meze-audio-strada-headphones,Meze Audio,Microphone,No matching field found for Microphone / Microphones
PHPYj28HJdPDHAaIBCDAX8,Meze Audio Strada Headphones,meze-audio-strada-headphones,Meze Audio,Noise cancelling,No matching field found for Noise cancelling / Noise canceling / ANC / Active noise cancelling
PHPYj28HJdPDHAaIBCDAX8,Meze Audio Strada Headphones,meze-audio-strada-headphones,Meze Audio,Requires amplifier,No matching field found for Amp required / Requires amplifier / Amplifier required
PHPYj28HJdPDHAaIBCDRC4,Dan Clark Audio E3 Headphones,dan-clark-audio-e3-headphones,Dan Clark Audio,Wearing style,No matching field found for Wearing style
PHPYj28HJdPDHAaIBCDRC4,Dan Clark Audio E3 Headphones,dan-clark-audio-e3-headphones,Dan Clark Audio,Back design,No matching field found for Back design / Cup style / Cup / back design
PHPYj28HJdPDHAaIBCDRC4,Dan Clark Audio E3 Headphones,dan-clark-audio-e3-headphones,Dan Clark Audio,Driver type,No matching field found for Driver type / Driver Type
PHPYj28HJdPDHAaIBCDRC4,Dan Clark Audio E3 Headphones,dan-clark-audio-e3-headphones,Dan Clark Audio,Connectivity,No matching field found for Connectivity
PHPYj28HJdPDHAaIBCDRC4,Dan Clark Audio E3 Headphones,dan-clark-audio-e3-headphones,Dan Clark Audio,Connector / plug,No matching field found for Connector / Connector / plug
PHPYj28HJdPDHAaIBCDRC4,Dan Clark Audio E3 Headphones,dan-clark-audio-e3-headphones,Dan Clark Audio,Microphone,No matching field found for Microphone / Microphones
PHPYj28HJdPDHAaIBCDRC4,Dan Clark Audio E3 Headphones,dan-clark-audio-e3-headphones,Dan Clark Audio,Noise cancelling,No matching field found for Noise cancelling / Noise canceling / ANC / Active noise cancelling
PHPYj28HJdPDHAaIBCDRC4,Dan Clark Audio E3 Headphones,dan-clark-audio-e3-headphones,Dan Clark Audio,Requires amplifier,No matching field found for Amp required / Requires amplifier / Amplifier required
PHPYj28HJdPDHAaIBCE9om,CrinEar Daybreak In-Ear Headphones,crinear-daybreak-in-ear-headphones,CrinEar,Wearing style,No matching field found for Wearing style
PHPYj28HJdPDHAaIBCE9om,CrinEar Daybreak In-Ear Headphones,crinear-daybreak-in-ear-headphones,CrinEar,Driver type,No matching field found for Driver type / Driver Type
PHPYj28HJdPDHAaIBCE9om,CrinEar Daybreak In-Ear Headphones,crinear-daybreak-in-ear-headphones,CrinEar,Connectivity,No matching field found for Connectivity
PHPYj28HJdPDHAaIBCE9om,CrinEar Daybreak In-Ear Headphones,crinear-daybreak-in-ear-headphones,CrinEar,Microphone,No matching field found for Microphone / Microphones
PHPYj28HJdPDHAaIBCE9om,CrinEar Daybreak In-Ear Headphones,crinear-daybreak-in-ear-headphones,CrinEar,Noise cancelling,No matching field found for Noise cancelling / Noise canceling / ANC / Active noise cancelling
PHPYj28HJdPDHAaIBCE9om,CrinEar Daybreak In-Ear Headphones,crinear-daybreak-in-ear-headphones,CrinEar,Requires amplifier,No matching field found for Amp required / Requires amplifier / Amplifier required
PHPYj28HJdPDHAaIBCEZtk,Thieaudio Hype 4 In-Ear Headphones,thieaudio-hype-4-in-ear-headphones,Thieaudio,Wearing style,No matching field found for Wearing style
PHPYj28HJdPDHAaIBCEZtk,Thieaudio Hype 4 In-Ear Headphones,thieaudio-hype-4-in-ear-headphones,Thieaudio,Driver type,No matching field found for Driver type / Driver Type
PHPYj28HJdPDHAaIBCEZtk,Thieaudio Hype 4 In-Ear Headphones,thieaudio-hype-4-in-ear-headphones,Thieaudio,Connectivity,No matching field found for Connectivity
PHPYj28HJdPDHAaIBCEZtk,Thieaudio Hype 4 In-Ear Headphones,thieaudio-hype-4-in-ear-headphones,Thieaudio,Connector / plug,No matching field found for Connector / Connector / plug
PHPYj28HJdPDHAaIBCEZtk,Thieaudio Hype 4 In-Ear Headphones,thieaudio-hype-4-in-ear-headphones,Thieaudio,Microphone,No matching field found for Microphone / Microphones
PHPYj28HJdPDHAaIBCEZtk,Thieaudio Hype 4 In-Ear Headphones,thieaudio-hype-4-in-ear-headphones,Thieaudio,Noise cancelling,No matching field found for Noise cancelling / Noise canceling / ANC / Active noise cancelling
PHPYj28HJdPDHAaIBCEZtk,Thieaudio Hype 4 In-Ear Headphones,thieaudio-hype-4-in-ear-headphones,Thieaudio,Requires amplifier,No matching field found for Amp required / Requires amplifier / Amplifier required
PHPYj28HJdPDHAaIBCEe6q,Meze Audio Alba In-Ear Headphones,meze-audio-alba-in-ear-headphones,Meze Audio,Wearing style,No matching field found for Wearing style
PHPYj28HJdPDHAaIBCEe6q,Meze Audio Alba In-Ear Headphones,meze-audio-alba-in-ear-headphones,Meze Audio,Driver type,"Field ""Driver Type"" raw value ""10.8 mm Dynamic Driver"" does not map to the closed vocabulary for Driver type"
PHPYj28HJdPDHAaIBCEe6q,Meze Audio Alba In-Ear Headphones,meze-audio-alba-in-ear-headphones,Meze Audio,Connectivity,No matching field found for Connectivity
PHPYj28HJdPDHAaIBCEe6q,Meze Audio Alba In-Ear Headphones,meze-audio-alba-in-ear-headphones,Meze Audio,Connector / plug,No matching field found for Connector / Connector / plug
PHPYj28HJdPDHAaIBCEe6q,Meze Audio Alba In-Ear Headphones,meze-audio-alba-in-ear-headphones,Meze Audio,Microphone,No matching field found for Microphone / Microphones
PHPYj28HJdPDHAaIBCEe6q,Meze Audio Alba In-Ear Headphones,meze-audio-alba-in-ear-headphones,Meze Audio,Noise cancelling,No matching field found for Noise cancelling / Noise canceling / ANC / Active noise cancelling
PHPYj28HJdPDHAaIBCEe6q,Meze Audio Alba In-Ear Headphones,meze-audio-alba-in-ear-headphones,Meze Audio,Requires amplifier,No matching field found for Amp required / Requires amplifier / Amplifier required
PHPYj28HJdPDHAaIBCEl18,Sennheiser IE 200 In-Ear Headphones,sennheiser-ie-200-in-ear-headphones,Sennheiser,Wearing style,No matching field found for Wearing style
PHPYj28HJdPDHAaIBCEl18,Sennheiser IE 200 In-Ear Headphones,sennheiser-ie-200-in-ear-headphones,Sennheiser,Driver type,No matching field found for Driver type / Driver Type
PHPYj28HJdPDHAaIBCEl18,Sennheiser IE 200 In-Ear Headphones,sennheiser-ie-200-in-ear-headphones,Sennheiser,Connectivity,No matching field found for Connectivity
PHPYj28HJdPDHAaIBCEl18,Sennheiser IE 200 In-Ear Headphones,sennheiser-ie-200-in-ear-headphones,Sennheiser,Connector / plug,No matching field found for Connector / Connector / plug
PHPYj28HJdPDHAaIBCEl18,Sennheiser IE 200 In-Ear Headphones,sennheiser-ie-200-in-ear-headphones,Sennheiser,Microphone,No matching field found for Microphone / Microphones
PHPYj28HJdPDHAaIBCEl18,Sennheiser IE 200 In-Ear Headphones,sennheiser-ie-200-in-ear-headphones,Sennheiser,Noise cancelling,No matching field found for Noise cancelling / Noise canceling / ANC / Active noise cancelling
PHPYj28HJdPDHAaIBCEl18,Sennheiser IE 200 In-Ear Headphones,sennheiser-ie-200-in-ear-headphones,Sennheiser,Requires amplifier,No matching field found for Amp required / Requires amplifier / Amplifier required
PHPYj28HJdPDHAaIBCEzHC,TRUTHEAR HEXA In-Ear Headphones,truthear-hexa-in-ear-headphones,TRUTHEAR,Wearing style,No matching field found for Wearing style
PHPYj28HJdPDHAaIBCEzHC,TRUTHEAR HEXA In-Ear Headphones,truthear-hexa-in-ear-headphones,TRUTHEAR,Driver type,No matching field found for Driver type / Driver Type
PHPYj28HJdPDHAaIBCEzHC,TRUTHEAR HEXA In-Ear Headphones,truthear-hexa-in-ear-headphones,TRUTHEAR,Connectivity,No matching field found for Connectivity
PHPYj28HJdPDHAaIBCEzHC,TRUTHEAR HEXA In-Ear Headphones,truthear-hexa-in-ear-headphones,TRUTHEAR,Connector / plug,No matching field found for Connector / Connector / plug
PHPYj28HJdPDHAaIBCEzHC,TRUTHEAR HEXA In-Ear Headphones,truthear-hexa-in-ear-headphones,TRUTHEAR,Microphone,No matching field found for Microphone / Microphones
PHPYj28HJdPDHAaIBCEzHC,TRUTHEAR HEXA In-Ear Headphones,truthear-hexa-in-ear-headphones,TRUTHEAR,Noise cancelling,No matching field found for Noise cancelling / Noise canceling / ANC / Active noise cancelling
PHPYj28HJdPDHAaIBCEzHC,TRUTHEAR HEXA In-Ear Headphones,truthear-hexa-in-ear-headphones,TRUTHEAR,Requires amplifier,No matching field found for Amp required / Requires amplifier / Amplifier required
PHPYj28HJdPDHAaIBCF9jM,Symphonium Audio Titan In-Ear Headphones,symphonium-audio-titan-in-ear-headphones,Symphonium Audio,Wearing style,No matching field found for Wearing style
PHPYj28HJdPDHAaIBCF9jM,Symphonium Audio Titan In-Ear Headphones,symphonium-audio-titan-in-ear-headphones,Symphonium Audio,Driver type,No matching field found for Driver type / Driver Type
PHPYj28HJdPDHAaIBCF9jM,Symphonium Audio Titan In-Ear Headphones,symphonium-audio-titan-in-ear-headphones,Symphonium Audio,Connectivity,No matching field found for Connectivity
PHPYj28HJdPDHAaIBCF9jM,Symphonium Audio Titan In-Ear Headphones,symphonium-audio-titan-in-ear-headphones,Symphonium Audio,Connector / plug,No matching field found for Connector / Connector / plug
PHPYj28HJdPDHAaIBCF9jM,Symphonium Audio Titan In-Ear Headphones,symphonium-audio-titan-in-ear-headphones,Symphonium Audio,Microphone,No matching field found for Microphone / Microphones
PHPYj28HJdPDHAaIBCF9jM,Symphonium Audio Titan In-Ear Headphones,symphonium-audio-titan-in-ear-headphones,Symphonium Audio,Noise cancelling,No matching field found for Noise cancelling / Noise canceling / ANC / Active noise cancelling
PHPYj28HJdPDHAaIBCF9jM,Symphonium Audio Titan In-Ear Headphones,symphonium-audio-titan-in-ear-headphones,Symphonium Audio,Requires amplifier,No matching field found for Amp required / Requires amplifier / Amplifier required
PHPYj28HJdPDHAaIBCQ5Rc,Astell&Kern A&ultima SP3000M Case | Leather Case,astell-kern-a-ultima-sp3000m-case-leather-case,Astell&Kern,Accessory type,No matching field found for Accessory type / Type
PHPYj28HJdPDHAaIBCQ5Rc,Astell&Kern A&ultima SP3000M Case | Leather Case,astell-kern-a-ultima-sp3000m-case-leather-case,Astell&Kern,Compatibility,No matching field found for Compatibility / Compatible with / Fits
PHPYj28HJdPDHAaIBCQ9Og,Astell&Kern Collector's Atelier Case | Leather Storage Box,astell-kern-collector-s-atelier-case-leather-storage-box,Astell&Kern,Accessory type,No matching field found for Accessory type / Type
PHPYj28HJdPDHAaIBCQ9Og,Astell&Kern Collector's Atelier Case | Leather Storage Box,astell-kern-collector-s-atelier-case-leather-storage-box,Astell&Kern,Compatibility,No matching field found for Compatibility / Compatible with / Fits
PHPYj28HJdPDHAaIBCQJvQ,Austrian Audio The Composer Travel Case | Hard Case,austrian-audio-the-composer-travel-case-hard-case,Austrian Audio,Accessory type,No matching field found for Accessory type / Type
PHPYj28HJdPDHAaIBCQJvQ,Austrian Audio The Composer Travel Case | Hard Case,austrian-audio-the-composer-travel-case-hard-case,Austrian Audio,Compatibility,No matching field found for Compatibility / Compatible with / Fits
PHPYj28HJdPDHAaIBCQgkq,Cayin N3Ultra Case | Protective Leather DAP Case,cayin-n3ultra-case-protective-leather-dap-case,Cayin,Accessory type,No matching field found for Accessory type / Type
PHPYj28HJdPDHAaIBCQgkq,Cayin N3Ultra Case | Protective Leather DAP Case,cayin-n3ultra-case-protective-leather-dap-case,Cayin,Compatibility,No matching field found for Compatibility / Compatible with / Fits
PHPYj28HJdPDHAaIBCdwl6,Replacement Adhesive Rings for Dekoni Audio LCD Series Earpads - One Pair,replacement-adhesive-rings-for-dekoni-audio-lcd-series-earpads-one-pair,Dekoni Audio,Accessory type,No matching field found for Accessory type / Type
PHPYj28HJdPDHAaIBCdwl6,Replacement Adhesive Rings for Dekoni Audio LCD Series Earpads - One Pair,replacement-adhesive-rings-for-dekoni-audio-lcd-series-earpads-one-pair,Dekoni Audio,Compatibility,No matching field found for Compatibility / Compatible with / Fits
PHPYj28HJdPDHAaIBCeGGO,Replacement Earpads for Bose Quiet Comfort Noise Cancelling Headphones,replacement-earpads-for-bose-quiet-comfort-noise-cancelling-headphones,Dekoni Audio,Accessory type,No matching field found for Accessory type / Type
PHPYj28HJdPDHAaIBCeGGO,Replacement Earpads for Bose Quiet Comfort Noise Cancelling Headphones,replacement-earpads-for-bose-quiet-comfort-noise-cancelling-headphones,Dekoni Audio,Compatibility,No matching field found for Compatibility / Compatible with / Fits
PHPYj28HJdPDHAaIBCeJDc,"Earpads for AKG K601, K701, and More",earpads-for-akg-k601-k701-and-more,Dekoni Audio,Accessory type,No matching field found for Accessory type / Type
PHPYj28HJdPDHAaIBCeJDc,"Earpads for AKG K601, K701, and More",earpads-for-akg-k601-k701-and-more,Dekoni Audio,Compatibility,No matching field found for Compatibility / Compatible with / Fits
PHPYj28HJdPDHAaIBCeREc,Replacement Earpads for Sony WH1000Xm5 Headphones,replacement-earpads-for-sony-wh1000xm5-headphones,Dekoni Audio,Accessory type,No matching field found for Accessory type / Type
PHPYj28HJdPDHAaIBCeREc,Replacement Earpads for Sony WH1000Xm5 Headphones,replacement-earpads-for-sony-wh1000xm5-headphones,Dekoni Audio,Compatibility,No matching field found for Compatibility / Compatible with / Fits
PHPYj28HJdPDHAaIBCeUBq,Earpads for Sony WH1000XM4 ANC Headphones,earpads-for-sony-wh1000xm4-anc-headphones,Dekoni Audio,Accessory type,No matching field found for Accessory type / Type
PHPYj28HJdPDHAaIBCeUBq,Earpads for Sony WH1000XM4 ANC Headphones,earpads-for-sony-wh1000xm4-anc-headphones,Dekoni Audio,Compatibility,No matching field found for Compatibility / Compatible with / Fits
PHPYj28HJdPDHAaIBCeaXm,Replacement Earpads for AKG K371 Headphones,replacement-earpads-for-akg-k371-headphones,Dekoni Audio,Accessory type,No matching field found for Accessory type / Type
PHPYj28HJdPDHAaIBCeaXm,Replacement Earpads for AKG K371 Headphones,replacement-earpads-for-akg-k371-headphones,Dekoni Audio,Compatibility,No matching field found for Compatibility / Compatible with / Fits
PHPYj28HJdPDHAaIBCedwU,Replacement Earpads for Sony WH1000Xm6 Headphones,replacement-earpads-for-sony-wh1000xm6-headphones,Dekoni Audio,Accessory type,No matching field found for Accessory type / Type
PHPYj28HJdPDHAaIBCedwU,Replacement Earpads for Sony WH1000Xm6 Headphones,replacement-earpads-for-sony-wh1000xm6-headphones,Dekoni Audio,Compatibility,No matching field found for Compatibility / Compatible with / Fits
PHPYj28HJdPDHAaIBCejqw,Replacement Earpads for Audeze Maxwell 2 Gaming Headphone,replacement-earpads-for-audeze-maxwell-2-gaming-headphone,Dekoni Audio,Accessory type,No matching field found for Accessory type / Type
PHPYj28HJdPDHAaIBCejqw,Replacement Earpads for Audeze Maxwell 2 Gaming Headphone,replacement-earpads-for-audeze-maxwell-2-gaming-headphone,Dekoni Audio,Compatibility,No matching field found for Compatibility / Compatible with / Fits
PHPYj28HJdPDHAaIBCfbSC,Burson Audio Composer 3X Performance DAC - Open Box,burson-audio-composer-3x-performance-dac-open-box,Burson Audio,Device type,No matching field found for Device type / Product type / Type
PHPYj28HJdPDHAaIBCfbSC,Burson Audio Composer 3X Performance DAC - Open Box,burson-audio-composer-3x-performance-dac-open-box,Burson Audio,Form factor,No matching field found for Form factor / Portability
PHPYj28HJdPDHAaIBCfbSC,Burson Audio Composer 3X Performance DAC - Open Box,burson-audio-composer-3x-performance-dac-open-box,Burson Audio,Amplification,No matching field found for Amplifier type / Amplification
PHPYj28HJdPDHAaIBCfbSC,Burson Audio Composer 3X Performance DAC - Open Box,burson-audio-composer-3x-performance-dac-open-box,Burson Audio,DAC included,No matching field found for DAC included / DAC / Built-in DAC
PHPYj28HJdPDHAaIBCfbSC,Burson Audio Composer 3X Performance DAC - Open Box,burson-audio-composer-3x-performance-dac-open-box,Burson Audio,Balanced output,No matching field found for Balanced output / Balanced / Balanced connection
PHPYj28HJdPDHAaIBCfbSC,Burson Audio Composer 3X Performance DAC - Open Box,burson-audio-composer-3x-performance-dac-open-box,Burson Audio,Inputs,No matching field found for Inputs / Input
PHPYj28HJdPDHAaIBCfbSC,Burson Audio Composer 3X Performance DAC - Open Box,burson-audio-composer-3x-performance-dac-open-box,Burson Audio,Outputs,No matching field found for Outputs / Output
PHPYj28HJdPDHAaIBCgFZU,iFi Audio iDSD NEO,ifi-audio-idsd-neo,iFi Audio,Device type,No matching field found for Device type / Product type / Type
PHPYj28HJdPDHAaIBCgFZU,iFi Audio iDSD NEO,ifi-audio-idsd-neo,iFi Audio,Form factor,No matching field found for Form factor / Portability
PHPYj28HJdPDHAaIBCgFZU,iFi Audio iDSD NEO,ifi-audio-idsd-neo,iFi Audio,Amplification,No matching field found for Amplifier type / Amplification
PHPYj28HJdPDHAaIBCgFZU,iFi Audio iDSD NEO,ifi-audio-idsd-neo,iFi Audio,DAC included,No matching field found for DAC included / DAC / Built-in DAC
PHPYj28HJdPDHAaIBCgFZU,iFi Audio iDSD NEO,ifi-audio-idsd-neo,iFi Audio,Balanced output,No matching field found for Balanced output / Balanced / Balanced connection
PHPYj28HJdPDHAaIBCgFZU,iFi Audio iDSD NEO,ifi-audio-idsd-neo,iFi Audio,Inputs,No matching field found for Inputs / Input
PHPYj28HJdPDHAaIBCgFZU,iFi Audio iDSD NEO,ifi-audio-idsd-neo,iFi Audio,Outputs,No matching field found for Outputs / Output
PHPYj28HJdPDHAaIBCgRj0,Questyle CMA 18 Master DAC and Headphone Amp,questyle-cma-18-master-dac-and-headphone-amp,Questyle,Device type,No matching field found for Device type / Product type / Type
PHPYj28HJdPDHAaIBCgRj0,Questyle CMA 18 Master DAC and Headphone Amp,questyle-cma-18-master-dac-and-headphone-amp,Questyle,Form factor,No matching field found for Form factor / Portability
PHPYj28HJdPDHAaIBCgRj0,Questyle CMA 18 Master DAC and Headphone Amp,questyle-cma-18-master-dac-and-headphone-amp,Questyle,Amplification,No matching field found for Amplifier type / Amplification
PHPYj28HJdPDHAaIBCgRj0,Questyle CMA 18 Master DAC and Headphone Amp,questyle-cma-18-master-dac-and-headphone-amp,Questyle,DAC included,No matching field found for DAC included / DAC / Built-in DAC
PHPYj28HJdPDHAaIBCgRj0,Questyle CMA 18 Master DAC and Headphone Amp,questyle-cma-18-master-dac-and-headphone-amp,Questyle,Balanced output,No matching field found for Balanced output / Balanced / Balanced connection
PHPYj28HJdPDHAaIBCgRj0,Questyle CMA 18 Master DAC and Headphone Amp,questyle-cma-18-master-dac-and-headphone-amp,Questyle,Inputs,No matching field found for Inputs / Input
PHPYj28HJdPDHAaIBCgRj0,Questyle CMA 18 Master DAC and Headphone Amp,questyle-cma-18-master-dac-and-headphone-amp,Questyle,Outputs,No matching field found for Outputs / Output
PHPYj28HJdPDHAaIBCgUJK,Questyle CMA Twelve Desktop DAC & Amp,questyle-cma-twelve-desktop-dac-amp,Questyle,Device type,No matching field found for Device type / Product type / Type
PHPYj28HJdPDHAaIBCgUJK,Questyle CMA Twelve Desktop DAC & Amp,questyle-cma-twelve-desktop-dac-amp,Questyle,Form factor,No matching field found for Form factor / Portability
PHPYj28HJdPDHAaIBCgUJK,Questyle CMA Twelve Desktop DAC & Amp,questyle-cma-twelve-desktop-dac-amp,Questyle,Amplification,No matching field found for Amplifier type / Amplification
PHPYj28HJdPDHAaIBCgUJK,Questyle CMA Twelve Desktop DAC & Amp,questyle-cma-twelve-desktop-dac-amp,Questyle,DAC included,No matching field found for DAC included / DAC / Built-in DAC
PHPYj28HJdPDHAaIBCgUJK,Questyle CMA Twelve Desktop DAC & Amp,questyle-cma-twelve-desktop-dac-amp,Questyle,Balanced output,No matching field found for Balanced output / Balanced / Balanced connection
PHPYj28HJdPDHAaIBCgUJK,Questyle CMA Twelve Desktop DAC & Amp,questyle-cma-twelve-desktop-dac-amp,Questyle,Inputs,No matching field found for Inputs / Input
PHPYj28HJdPDHAaIBCgaYO,Chord Electronics Anni,chord-electronics-anni,Chord Electronics,Device type,No matching field found for Device type / Product type / Type
PHPYj28HJdPDHAaIBCgaYO,Chord Electronics Anni,chord-electronics-anni,Chord Electronics,Form factor,No matching field found for Form factor / Portability
PHPYj28HJdPDHAaIBCgaYO,Chord Electronics Anni,chord-electronics-anni,Chord Electronics,Amplification,No matching field found for Amplifier type / Amplification
PHPYj28HJdPDHAaIBCgaYO,Chord Electronics Anni,chord-electronics-anni,Chord Electronics,DAC included,No matching field found for DAC included / DAC / Built-in DAC
PHPYj28HJdPDHAaIBCgaYO,Chord Electronics Anni,chord-electronics-anni,Chord Electronics,Balanced output,No matching field found for Balanced output / Balanced / Balanced connection
PHPYj28HJdPDHAaIBCgaYO,Chord Electronics Anni,chord-electronics-anni,Chord Electronics,Inputs,No matching field found for Inputs / Input
PHPYj28HJdPDHAaIBCgaYO,Chord Electronics Anni,chord-electronics-anni,Chord Electronics,Outputs,No matching field found for Outputs / Output
PHPYj28HJdPDHAaIBCghLo,Chord Electronics Alto Headphone Amplifier,chord-electronics-alto-headphone-amplifier,Chord Electronics,Device type,No matching field found for Device type / Product type / Type
PHPYj28HJdPDHAaIBCghLo,Chord Electronics Alto Headphone Amplifier,chord-electronics-alto-headphone-amplifier,Chord Electronics,Form factor,No matching field found for Form factor / Portability
PHPYj28HJdPDHAaIBCghLo,Chord Electronics Alto Headphone Amplifier,chord-electronics-alto-headphone-amplifier,Chord Electronics,Amplification,No matching field found for Amplifier type / Amplification
PHPYj28HJdPDHAaIBCghLo,Chord Electronics Alto Headphone Amplifier,chord-electronics-alto-headphone-amplifier,Chord Electronics,DAC included,No matching field found for DAC included / DAC / Built-in DAC
PHPYj28HJdPDHAaIBCghLo,Chord Electronics Alto Headphone Amplifier,chord-electronics-alto-headphone-amplifier,Chord Electronics,Balanced output,No matching field found for Balanced output / Balanced / Balanced connection
PHPYj28HJdPDHAaIBCghLo,Chord Electronics Alto Headphone Amplifier,chord-electronics-alto-headphone-amplifier,Chord Electronics,Inputs,No matching field found for Inputs / Input
PHPYj28HJdPDHAaIBCghLo,Chord Electronics Alto Headphone Amplifier,chord-electronics-alto-headphone-amplifier,Chord Electronics,Outputs,No matching field found for Outputs / Output
PHPYj28HJdPDHAaIBCgrcW,iFi Audio iCAN Phantom Headphone Amplifier and Energizer - Open Box,ifi-audio-ican-phantom-headphone-amplifier-and-energizer-open-box,iFi Audio,Device type,No matching field found for Device type / Product type / Type
PHPYj28HJdPDHAaIBCgrcW,iFi Audio iCAN Phantom Headphone Amplifier and Energizer - Open Box,ifi-audio-ican-phantom-headphone-amplifier-and-energizer-open-box,iFi Audio,Form factor,No matching field found for Form factor / Portability
PHPYj28HJdPDHAaIBCgrcW,iFi Audio iCAN Phantom Headphone Amplifier and Energizer - Open Box,ifi-audio-ican-phantom-headphone-amplifier-and-energizer-open-box,iFi Audio,Amplification,No matching field found for Amplifier type / Amplification
PHPYj28HJdPDHAaIBCgrcW,iFi Audio iCAN Phantom Headphone Amplifier and Energizer - Open Box,ifi-audio-ican-phantom-headphone-amplifier-and-energizer-open-box,iFi Audio,DAC included,No matching field found for DAC included / DAC / Built-in DAC
PHPYj28HJdPDHAaIBCgrcW,iFi Audio iCAN Phantom Headphone Amplifier and Energizer - Open Box,ifi-audio-ican-phantom-headphone-amplifier-and-energizer-open-box,iFi Audio,Balanced output,No matching field found for Balanced output / Balanced / Balanced connection
PHPYj28HJdPDHAaIBCgrcW,iFi Audio iCAN Phantom Headphone Amplifier and Energizer - Open Box,ifi-audio-ican-phantom-headphone-amplifier-and-energizer-open-box,iFi Audio,Inputs,No matching field found for Inputs / Input
PHPYj28HJdPDHAaIBCgrcW,iFi Audio iCAN Phantom Headphone Amplifier and Energizer - Open Box,ifi-audio-ican-phantom-headphone-amplifier-and-energizer-open-box,iFi Audio,Outputs,No matching field found for Outputs / Output
PHPYj28HJdPDHAaIBChGhe,Enleum Amp-23r Desktop Headphone & Speaker Amplifier,enleum-amp-23r-desktop-headphone-speaker-amplifier,Enleum,Device type,No matching field found for Device type / Product type / Type
PHPYj28HJdPDHAaIBChGhe,Enleum Amp-23r Desktop Headphone & Speaker Amplifier,enleum-amp-23r-desktop-headphone-speaker-amplifier,Enleum,Form factor,No matching field found for Form factor / Portability
PHPYj28HJdPDHAaIBChGhe,Enleum Amp-23r Desktop Headphone & Speaker Amplifier,enleum-amp-23r-desktop-headphone-speaker-amplifier,Enleum,Amplification,No matching field found for Amplifier type / Amplification
PHPYj28HJdPDHAaIBChGhe,Enleum Amp-23r Desktop Headphone & Speaker Amplifier,enleum-amp-23r-desktop-headphone-speaker-amplifier,Enleum,DAC included,No matching field found for DAC included / DAC / Built-in DAC
PHPYj28HJdPDHAaIBChGhe,Enleum Amp-23r Desktop Headphone & Speaker Amplifier,enleum-amp-23r-desktop-headphone-speaker-amplifier,Enleum,Balanced output,No matching field found for Balanced output / Balanced / Balanced connection
PHPYj28HJdPDHAaIBChGhe,Enleum Amp-23r Desktop Headphone & Speaker Amplifier,enleum-amp-23r-desktop-headphone-speaker-amplifier,Enleum,Outputs,"Field ""OUTPUT"" raw value ""5 Way Speaker Binding Post 1/4"" Headphone Out"" does not map to the closed vocabulary for Outputs"
PHPYj28HJdPDHAaIBChQCG,Aune Audio A17 Headphone Amplifier,aune-audio-a17-headphone-amplifier,Aune Audio,Device type,"Field ""Product Type"" raw value ""Class A headphone amplifier and preamplifier"" does not map to the closed vocabulary for Device type"
PHPYj28HJdPDHAaIBChQCG,Aune Audio A17 Headphone Amplifier,aune-audio-a17-headphone-amplifier,Aune Audio,Form factor,No matching field found for Form factor / Portability
PHPYj28HJdPDHAaIBChQCG,Aune Audio A17 Headphone Amplifier,aune-audio-a17-headphone-amplifier,Aune Audio,Amplification,No matching field found for Amplifier type / Amplification
PHPYj28HJdPDHAaIBChQCG,Aune Audio A17 Headphone Amplifier,aune-audio-a17-headphone-amplifier,Aune Audio,DAC included,No matching field found for DAC included / DAC / Built-in DAC
PHPYj28HJdPDHAaIBChQCG,Aune Audio A17 Headphone Amplifier,aune-audio-a17-headphone-amplifier,Aune Audio,Balanced output,No matching field found for Balanced output / Balanced / Balanced connection
PHPYj28HJdPDHAaIBChQCG,Aune Audio A17 Headphone Amplifier,aune-audio-a17-headphone-amplifier,Aune Audio,Inputs,No matching field found for Inputs / Input
PHPYj28HJdPDHAaIBChQCG,Aune Audio A17 Headphone Amplifier,aune-audio-a17-headphone-amplifier,Aune Audio,Outputs,No matching field found for Outputs / Output
PHPYj28HJdPDHAaIBChWTc,Aune Audio S17 Pro EVO Headphone Amplifier,aune-audio-s17-pro-evo-headphone-amplifier,Aune Audio,Device type,"Field ""Product Type"" raw value ""Class A headphone amplifier and preamplifier"" does not map to the closed vocabulary for Device type"
PHPYj28HJdPDHAaIBChWTc,Aune Audio S17 Pro EVO Headphone Amplifier,aune-audio-s17-pro-evo-headphone-amplifier,Aune Audio,Form factor,No matching field found for Form factor / Portability
PHPYj28HJdPDHAaIBChWTc,Aune Audio S17 Pro EVO Headphone Amplifier,aune-audio-s17-pro-evo-headphone-amplifier,Aune Audio,Amplification,No matching field found for Amplifier type / Amplification
PHPYj28HJdPDHAaIBChWTc,Aune Audio S17 Pro EVO Headphone Amplifier,aune-audio-s17-pro-evo-headphone-amplifier,Aune Audio,DAC included,No matching field found for DAC included / DAC / Built-in DAC
PHPYj28HJdPDHAaIBChWTc,Aune Audio S17 Pro EVO Headphone Amplifier,aune-audio-s17-pro-evo-headphone-amplifier,Aune Audio,Balanced output,No matching field found for Balanced output / Balanced / Balanced connection
PHPYj28HJdPDHAaIBChWTc,Aune Audio S17 Pro EVO Headphone Amplifier,aune-audio-s17-pro-evo-headphone-amplifier,Aune Audio,Inputs,No matching field found for Inputs / Input
PHPYj28HJdPDHAaIBChWTc,Aune Audio S17 Pro EVO Headphone Amplifier,aune-audio-s17-pro-evo-headphone-amplifier,Aune Audio,Outputs,No matching field found for Outputs / Output
PHPYj28HJdPDHAaIBChaz2,Luxman P-100 Centennial Headphone Amplifier,luxman-p-100-centennial-headphone-amplifier,Luxman,Device type,No matching field found for Device type / Product type / Type
PHPYj28HJdPDHAaIBChaz2,Luxman P-100 Centennial Headphone Amplifier,luxman-p-100-centennial-headphone-amplifier,Luxman,Form factor,No matching field found for Form factor / Portability
PHPYj28HJdPDHAaIBChaz2,Luxman P-100 Centennial Headphone Amplifier,luxman-p-100-centennial-headphone-amplifier,Luxman,Amplification,No matching field found for Amplifier type / Amplification
PHPYj28HJdPDHAaIBChaz2,Luxman P-100 Centennial Headphone Amplifier,luxman-p-100-centennial-headphone-amplifier,Luxman,DAC included,No matching field found for DAC included / DAC / Built-in DAC
PHPYj28HJdPDHAaIBChaz2,Luxman P-100 Centennial Headphone Amplifier,luxman-p-100-centennial-headphone-amplifier,Luxman,Balanced output,No matching field found for Balanced output / Balanced / Balanced connection
PHPYj28HJdPDHAaIBChaz2,Luxman P-100 Centennial Headphone Amplifier,luxman-p-100-centennial-headphone-amplifier,Luxman,Inputs,No matching field found for Inputs / Input
PHPYj28HJdPDHAaIBChaz2,Luxman P-100 Centennial Headphone Amplifier,luxman-p-100-centennial-headphone-amplifier,Luxman,Outputs,No matching field found for Outputs / Output
PHPYj28HJdPDHAaIBChpSq,Woo Audio WA23 LUNA,woo-audio-wa23-luna,Woo Audio,Device type,No matching field found for Device type / Product type / Type
PHPYj28HJdPDHAaIBChpSq,Woo Audio WA23 LUNA,woo-audio-wa23-luna,Woo Audio,Form factor,No matching field found for Form factor / Portability
PHPYj28HJdPDHAaIBChpSq,Woo Audio WA23 LUNA,woo-audio-wa23-luna,Woo Audio,Amplification,No matching field found for Amplifier type / Amplification
PHPYj28HJdPDHAaIBChpSq,Woo Audio WA23 LUNA,woo-audio-wa23-luna,Woo Audio,DAC included,No matching field found for DAC included / DAC / Built-in DAC
PHPYj28HJdPDHAaIBChpSq,Woo Audio WA23 LUNA,woo-audio-wa23-luna,Woo Audio,Balanced output,No matching field found for Balanced output / Balanced / Balanced connection
PHPYj28HJdPDHAaIBCiFsQ,"Dekoni Audio Ensemble 4.4mm 52"" Braided Cable with 3.5mm Headphone Connectors",dekoni-audio-ensemble-4-4mm-52-braided-cable-with-3-5mm-headphone-connectors,Dekoni Audio,Accessory type,No matching field found for Accessory type / Type
PHPYj28HJdPDHAaIBCiFsQ,"Dekoni Audio Ensemble 4.4mm 52"" Braided Cable with 3.5mm Headphone Connectors",dekoni-audio-ensemble-4-4mm-52-braided-cable-with-3-5mm-headphone-connectors,Dekoni Audio,Connector / termination,No matching field found for Connector / termination / Connector / Termination
PHPYj28HJdPDHAaIBCiFsQ,"Dekoni Audio Ensemble 4.4mm 52"" Braided Cable with 3.5mm Headphone Connectors",dekoni-audio-ensemble-4-4mm-52-braided-cable-with-3-5mm-headphone-connectors,Dekoni Audio,Compatibility,No matching field found for Compatibility / Compatible with / Fits
PHPYj28HJdPDHAaIBCiKGy,"Dekoni Audio Ensemble 4.4mm 52"" Nylon Wrapped Cable with HD600 Headphone Connectors",dekoni-audio-ensemble-4-4mm-52-nylon-wrapped-cable-with-hd600-headphone-connectors,Dekoni Audio,Accessory type,No matching field found for Accessory type / Type
PHPYj28HJdPDHAaIBCiKGy,"Dekoni Audio Ensemble 4.4mm 52"" Nylon Wrapped Cable with HD600 Headphone Connectors",dekoni-audio-ensemble-4-4mm-52-nylon-wrapped-cable-with-hd600-headphone-connectors,Dekoni Audio,Connector / termination,No matching field found for Connector / termination / Connector / Termination
PHPYj28HJdPDHAaIBCiKGy,"Dekoni Audio Ensemble 4.4mm 52"" Nylon Wrapped Cable with HD600 Headphone Connectors",dekoni-audio-ensemble-4-4mm-52-nylon-wrapped-cable-with-hd600-headphone-connectors,Dekoni Audio,Compatibility,No matching field found for Compatibility / Compatible with / Fits
PHPYj28HJdPDHAaIBCiXro,"Dekoni Audio Ensemble 1/8"" 64"" Nylon Jacket Cable with HD600 Headphone Connectors",dekoni-audio-ensemble-1-8-64-nylon-jacket-cable-with-hd600-headphone-connectors,Dekoni Audio,Accessory type,No matching field found for Accessory type / Type
PHPYj28HJdPDHAaIBCiXro,"Dekoni Audio Ensemble 1/8"" 64"" Nylon Jacket Cable with HD600 Headphone Connectors",dekoni-audio-ensemble-1-8-64-nylon-jacket-cable-with-hd600-headphone-connectors,Dekoni Audio,Connector / termination,No matching field found for Connector / termination / Connector / Termination
PHPYj28HJdPDHAaIBCiXro,"Dekoni Audio Ensemble 1/8"" 64"" Nylon Jacket Cable with HD600 Headphone Connectors",dekoni-audio-ensemble-1-8-64-nylon-jacket-cable-with-hd600-headphone-connectors,Dekoni Audio,Compatibility,No matching field found for Compatibility / Compatible with / Fits
PHPYj28HJdPDHAaIBCioiC,"Dekoni Audio Ensemble 1/4"" 64"" Braided Cable with 3.5mm Headphone Connectors",dekoni-audio-ensemble-1-4-64-braided-cable-with-3-5mm-headphone-connectors,Dekoni Audio,Accessory type,No matching field found for Accessory type / Type
PHPYj28HJdPDHAaIBCioiC,"Dekoni Audio Ensemble 1/4"" 64"" Braided Cable with 3.5mm Headphone Connectors",dekoni-audio-ensemble-1-4-64-braided-cable-with-3-5mm-headphone-connectors,Dekoni Audio,Connector / termination,No matching field found for Connector / termination / Connector / Termination
PHPYj28HJdPDHAaIBCioiC,"Dekoni Audio Ensemble 1/4"" 64"" Braided Cable with 3.5mm Headphone Connectors",dekoni-audio-ensemble-1-4-64-braided-cable-with-3-5mm-headphone-connectors,Dekoni Audio,Compatibility,No matching field found for Compatibility / Compatible with / Fits
PHPYj28HJdPDHAaIBCiv48,"Dekoni Audio Ensemble 1/4"" 52"" Braided Cable with HD600 Headphone Connectors",dekoni-audio-ensemble-1-4-52-braided-cable-with-hd600-headphone-connectors,Dekoni Audio,Accessory type,No matching field found for Accessory type / Type
PHPYj28HJdPDHAaIBCiv48,"Dekoni Audio Ensemble 1/4"" 52"" Braided Cable with HD600 Headphone Connectors",dekoni-audio-ensemble-1-4-52-braided-cable-with-hd600-headphone-connectors,Dekoni Audio,Connector / termination,No matching field found for Connector / termination / Connector / Termination
PHPYj28HJdPDHAaIBCiv48,"Dekoni Audio Ensemble 1/4"" 52"" Braided Cable with HD600 Headphone Connectors",dekoni-audio-ensemble-1-4-52-braided-cable-with-hd600-headphone-connectors,Dekoni Audio,Compatibility,No matching field found for Compatibility / Compatible with / Fits
PHPYj28HJdPDHAaIBCjTtu,"Dekoni Audio Ensemble 1/4"" 64"" PCUHD Cable with 4-pin Mini XLR Headphone Connectors",dekoni-audio-ensemble-1-4-64-pcuhd-cable-with-4-pin-mini-xlr-headphone-connectors,Dekoni Audio,Accessory type,No matching field found for Accessory type / Type
PHPYj28HJdPDHAaIBCjTtu,"Dekoni Audio Ensemble 1/4"" 64"" PCUHD Cable with 4-pin Mini XLR Headphone Connectors",dekoni-audio-ensemble-1-4-64-pcuhd-cable-with-4-pin-mini-xlr-headphone-connectors,Dekoni Audio,Connector / termination,No matching field found for Connector / termination / Connector / Termination
PHPYj28HJdPDHAaIBCjTtu,"Dekoni Audio Ensemble 1/4"" 64"" PCUHD Cable with 4-pin Mini XLR Headphone Connectors",dekoni-audio-ensemble-1-4-64-pcuhd-cable-with-4-pin-mini-xlr-headphone-connectors,Dekoni Audio,Compatibility,No matching field found for Compatibility / Compatible with / Fits
PHPYj28HJdPDHAaIBCjeeO,"Dekoni Audio Ensemble 4-Pin XLR 52"" PCUHD Cable with 2 Pin Utopia Lemo Headphone Connectors",dekoni-audio-ensemble-4-pin-xlr-52-pcuhd-cable-with-2-pin-utopia-lemo-headphone-connectors,Dekoni Audio,Accessory type,No matching field found for Accessory type / Type
PHPYj28HJdPDHAaIBCjeeO,"Dekoni Audio Ensemble 4-Pin XLR 52"" PCUHD Cable with 2 Pin Utopia Lemo Headphone Connectors",dekoni-audio-ensemble-4-pin-xlr-52-pcuhd-cable-with-2-pin-utopia-lemo-headphone-connectors,Dekoni Audio,Connector / termination,No matching field found for Connector / termination / Connector / Termination
PHPYj28HJdPDHAaIBCjeeO,"Dekoni Audio Ensemble 4-Pin XLR 52"" PCUHD Cable with 2 Pin Utopia Lemo Headphone Connectors",dekoni-audio-ensemble-4-pin-xlr-52-pcuhd-cable-with-2-pin-utopia-lemo-headphone-connectors,Dekoni Audio,Compatibility,No matching field found for Compatibility / Compatible with / Fits
PHPYj28HJdPDHAaIBCk0IW,"Dekoni Audio Ensemble 4.4mm 52"" Nylon Wrapped Cable with 4-pin Mini XLR Headphone Connectors",dekoni-audio-ensemble-4-4mm-52-nylon-wrapped-cable-with-4-pin-mini-xlr-headphone-connectors,Dekoni Audio,Accessory type,No matching field found for Accessory type / Type
PHPYj28HJdPDHAaIBCk0IW,"Dekoni Audio Ensemble 4.4mm 52"" Nylon Wrapped Cable with 4-pin Mini XLR Headphone Connectors",dekoni-audio-ensemble-4-4mm-52-nylon-wrapped-cable-with-4-pin-mini-xlr-headphone-connectors,Dekoni Audio,Connector / termination,No matching field found for Connector / termination / Connector / Termination
PHPYj28HJdPDHAaIBCk0IW,"Dekoni Audio Ensemble 4.4mm 52"" Nylon Wrapped Cable with 4-pin Mini XLR Headphone Connectors",dekoni-audio-ensemble-4-4mm-52-nylon-wrapped-cable-with-4-pin-mini-xlr-headphone-connectors,Dekoni Audio,Compatibility,No matching field found for Compatibility / Compatible with / Fits
PHPYj28HJdPDHAaIBCk4Vc,"Dekoni Audio Ensemble 1/4"" 64"" Braided Cable with HD600 Headphone Connectors",dekoni-audio-ensemble-1-4-64-braided-cable-with-hd600-headphone-connectors,Dekoni Audio,Accessory type,No matching field found for Accessory type / Type
PHPYj28HJdPDHAaIBCk4Vc,"Dekoni Audio Ensemble 1/4"" 64"" Braided Cable with HD600 Headphone Connectors",dekoni-audio-ensemble-1-4-64-braided-cable-with-hd600-headphone-connectors,Dekoni Audio,Connector / termination,No matching field found for Connector / termination / Connector / Termination
PHPYj28HJdPDHAaIBCk4Vc,"Dekoni Audio Ensemble 1/4"" 64"" Braided Cable with HD600 Headphone Connectors",dekoni-audio-ensemble-1-4-64-braided-cable-with-hd600-headphone-connectors,Dekoni Audio,Compatibility,No matching field found for Compatibility / Compatible with / Fits
PHPYj28HJdPDHAaIBCk6T0,"Dekoni Audio Ensemble 64"" 4.4 + Mini XLR Blue Nylon Woven Jacket",dekoni-audio-ensemble-64-4-4-mini-xlr-blue-nylon-woven-jacket,Dekoni Audio,Accessory type,No matching field found for Accessory type / Type
PHPYj28HJdPDHAaIBCk6T0,"Dekoni Audio Ensemble 64"" 4.4 + Mini XLR Blue Nylon Woven Jacket",dekoni-audio-ensemble-64-4-4-mini-xlr-blue-nylon-woven-jacket,Dekoni Audio,Connector / termination,No matching field found for Connector / termination / Connector / Termination
PHPYj28HJdPDHAaIBCk6T0,"Dekoni Audio Ensemble 64"" 4.4 + Mini XLR Blue Nylon Woven Jacket",dekoni-audio-ensemble-64-4-4-mini-xlr-blue-nylon-woven-jacket,Dekoni Audio,Compatibility,No matching field found for Compatibility / Compatible with / Fits
PHPYj28HJdPDHAaIBCk9ZO,"Dekoni Audio Ensemble 1/8"" 64"" Nylon Jacket Cable with ATHM Headphone Connector",dekoni-audio-ensemble-1-8-64-nylon-jacket-cable-with-athm-headphone-connector,Dekoni Audio,Accessory type,No matching field found for Accessory type / Type
PHPYj28HJdPDHAaIBCk9ZO,"Dekoni Audio Ensemble 1/8"" 64"" Nylon Jacket Cable with ATHM Headphone Connector",dekoni-audio-ensemble-1-8-64-nylon-jacket-cable-with-athm-headphone-connector,Dekoni Audio,Connector / termination,No matching field found for Connector / termination / Connector / Termination
PHPYj28HJdPDHAaIBCk9ZO,"Dekoni Audio Ensemble 1/8"" 64"" Nylon Jacket Cable with ATHM Headphone Connector",dekoni-audio-ensemble-1-8-64-nylon-jacket-cable-with-athm-headphone-connector,Dekoni Audio,Compatibility,No matching field found for Compatibility / Compatible with / Fits
PHPYj28HJdPDHAaIBDrDFo,Dan Clark Audio NOIRE XO Headphones,dan-clark-audio-noire-xo-headphones,Dan Clark Audio,Wearing style,No matching field found for Wearing style
PHPYj28HJdPDHAaIBDrDFo,Dan Clark Audio NOIRE XO Headphones,dan-clark-audio-noire-xo-headphones,Dan Clark Audio,Back design,No matching field found for Back design / Cup style / Cup / back design
PHPYj28HJdPDHAaIBDrDFo,Dan Clark Audio NOIRE XO Headphones,dan-clark-audio-noire-xo-headphones,Dan Clark Audio,Driver type,No matching field found for Driver type / Driver Type
PHPYj28HJdPDHAaIBDrDFo,Dan Clark Audio NOIRE XO Headphones,dan-clark-audio-noire-xo-headphones,Dan Clark Audio,Connectivity,No matching field found for Connectivity
PHPYj28HJdPDHAaIBDrDFo,Dan Clark Audio NOIRE XO Headphones,dan-clark-audio-noire-xo-headphones,Dan Clark Audio,Connector / plug,No matching field found for Connector / Connector / plug
PHPYj28HJdPDHAaIBDrDFo,Dan Clark Audio NOIRE XO Headphones,dan-clark-audio-noire-xo-headphones,Dan Clark Audio,Microphone,No matching field found for Microphone / Microphones
PHPYj28HJdPDHAaIBDrDFo,Dan Clark Audio NOIRE XO Headphones,dan-clark-audio-noire-xo-headphones,Dan Clark Audio,Noise cancelling,No matching field found for Noise cancelling / Noise canceling / ANC / Active noise cancelling
PHPYj28HJdPDHAaIBDrDFo,Dan Clark Audio NOIRE XO Headphones,dan-clark-audio-noire-xo-headphones,Dan Clark Audio,Requires amplifier,No matching field found for Amp required / Requires amplifier / Amplifier required
PHPYj28HJdPDHAaIBDrPvO,Warwick Acoustics Bravura Headphones - Open Box,warwick-acoustics-bravura-headphones-open-box,Warwick Acoustics,Wearing style,No matching field found for Wearing style
PHPYj28HJdPDHAaIBDrPvO,Warwick Acoustics Bravura Headphones - Open Box,warwick-acoustics-bravura-headphones-open-box,Warwick Acoustics,Back design,No matching field found for Back design / Cup style / Cup / back design
PHPYj28HJdPDHAaIBDrPvO,Warwick Acoustics Bravura Headphones - Open Box,warwick-acoustics-bravura-headphones-open-box,Warwick Acoustics,Driver type,No matching field found for Driver type / Driver Type
PHPYj28HJdPDHAaIBDrPvO,Warwick Acoustics Bravura Headphones - Open Box,warwick-acoustics-bravura-headphones-open-box,Warwick Acoustics,Connectivity,No matching field found for Connectivity
PHPYj28HJdPDHAaIBDrPvO,Warwick Acoustics Bravura Headphones - Open Box,warwick-acoustics-bravura-headphones-open-box,Warwick Acoustics,Connector / plug,No matching field found for Connector / Connector / plug
PHPYj28HJdPDHAaIBDrPvO,Warwick Acoustics Bravura Headphones - Open Box,warwick-acoustics-bravura-headphones-open-box,Warwick Acoustics,Microphone,No matching field found for Microphone / Microphones
PHPYj28HJdPDHAaIBDrPvO,Warwick Acoustics Bravura Headphones - Open Box,warwick-acoustics-bravura-headphones-open-box,Warwick Acoustics,Noise cancelling,No matching field found for Noise cancelling / Noise canceling / ANC / Active noise cancelling
PHPYj28HJdPDHAaIBDrPvO,Warwick Acoustics Bravura Headphones - Open Box,warwick-acoustics-bravura-headphones-open-box,Warwick Acoustics,Requires amplifier,No matching field found for Amp required / Requires amplifier / Amplifier required
PHPYj28HJdPDHAaIBDrefE,T+A Solitaire P-SE Headphones,t-a-solitaire-p-se-headphones,T+A,Wearing style,No matching field found for Wearing style
PHPYj28HJdPDHAaIBDrefE,T+A Solitaire P-SE Headphones,t-a-solitaire-p-se-headphones,T+A,Back design,No matching field found for Back design / Cup style / Cup / back design
PHPYj28HJdPDHAaIBDrefE,T+A Solitaire P-SE Headphones,t-a-solitaire-p-se-headphones,T+A,Driver type,No matching field found for Driver type / Driver Type
PHPYj28HJdPDHAaIBDrefE,T+A Solitaire P-SE Headphones,t-a-solitaire-p-se-headphones,T+A,Connectivity,No matching field found for Connectivity
PHPYj28HJdPDHAaIBDrefE,T+A Solitaire P-SE Headphones,t-a-solitaire-p-se-headphones,T+A,Connector / plug,No matching field found for Connector / Connector / plug
PHPYj28HJdPDHAaIBDrefE,T+A Solitaire P-SE Headphones,t-a-solitaire-p-se-headphones,T+A,Microphone,No matching field found for Microphone / Microphones
PHPYj28HJdPDHAaIBDrefE,T+A Solitaire P-SE Headphones,t-a-solitaire-p-se-headphones,T+A,Noise cancelling,No matching field found for Noise cancelling / Noise canceling / ANC / Active noise cancelling
PHPYj28HJdPDHAaIBDrefE,T+A Solitaire P-SE Headphones,t-a-solitaire-p-se-headphones,T+A,Requires amplifier,No matching field found for Amp required / Requires amplifier / Amplifier required
PHPYj28HJdPDHAaIBDs64e,Astell&Kern HC3 | Portable DAC and Amp,astell-kern-hc3-portable-dac-and-amp,Astell&Kern,Device type,No matching field found for Device type / Product type / Type
PHPYj28HJdPDHAaIBDs64e,Astell&Kern HC3 | Portable DAC and Amp,astell-kern-hc3-portable-dac-and-amp,Astell&Kern,Form factor,No matching field found for Form factor / Portability
PHPYj28HJdPDHAaIBDs64e,Astell&Kern HC3 | Portable DAC and Amp,astell-kern-hc3-portable-dac-and-amp,Astell&Kern,Amplification,No matching field found for Amplifier type / Amplification
PHPYj28HJdPDHAaIBDs64e,Astell&Kern HC3 | Portable DAC and Amp,astell-kern-hc3-portable-dac-and-amp,Astell&Kern,DAC included,No matching field found for DAC included / DAC / Built-in DAC
PHPYj28HJdPDHAaIBDs64e,Astell&Kern HC3 | Portable DAC and Amp,astell-kern-hc3-portable-dac-and-amp,Astell&Kern,Balanced output,No matching field found for Balanced output / Balanced / Balanced connection
PHPYj28HJdPDHAaIBDs64e,Astell&Kern HC3 | Portable DAC and Amp,astell-kern-hc3-portable-dac-and-amp,Astell&Kern,Inputs,No matching field found for Inputs / Input
PHPYj28HJdPDHAaIBDs64e,Astell&Kern HC3 | Portable DAC and Amp,astell-kern-hc3-portable-dac-and-amp,Astell&Kern,Outputs,No matching field found for Outputs / Output
PHPYj28HJdPDHAaIBDs9x8,Astell&Kern AK HC4 | Portable DAC and Amp,astell-kern-ak-hc4-portable-dac-and-amp,Astell&Kern,Device type,No matching field found for Device type / Product type / Type
PHPYj28HJdPDHAaIBDs9x8,Astell&Kern AK HC4 | Portable DAC and Amp,astell-kern-ak-hc4-portable-dac-and-amp,Astell&Kern,Form factor,No matching field found for Form factor / Portability
PHPYj28HJdPDHAaIBDs9x8,Astell&Kern AK HC4 | Portable DAC and Amp,astell-kern-ak-hc4-portable-dac-and-amp,Astell&Kern,Amplification,No matching field found for Amplifier type / Amplification
PHPYj28HJdPDHAaIBDs9x8,Astell&Kern AK HC4 | Portable DAC and Amp,astell-kern-ak-hc4-portable-dac-and-amp,Astell&Kern,DAC included,No matching field found for DAC included / DAC / Built-in DAC
PHPYj28HJdPDHAaIBDs9x8,Astell&Kern AK HC4 | Portable DAC and Amp,astell-kern-ak-hc4-portable-dac-and-amp,Astell&Kern,Balanced output,No matching field found for Balanced output / Balanced / Balanced connection
PHPYj28HJdPDHAaIBDs9x8,Astell&Kern AK HC4 | Portable DAC and Amp,astell-kern-ak-hc4-portable-dac-and-amp,Astell&Kern,Inputs,No matching field found for Inputs / Input
PHPYj28HJdPDHAaIBDs9x8,Astell&Kern AK HC4 | Portable DAC and Amp,astell-kern-ak-hc4-portable-dac-and-amp,Astell&Kern,Outputs,No matching field found for Outputs / Output
PHPYj28HJdPDHAaIBDsCuM,Denon AH-D9200 Headphones,denon-ah-d9200-headphones,Denon,Wearing style,No matching field found for Wearing style
PHPYj28HJdPDHAaIBDsCuM,Denon AH-D9200 Headphones,denon-ah-d9200-headphones,Denon,Back design,No matching field found for Back design / Cup style / Cup / back design
PHPYj28HJdPDHAaIBDsCuM,Denon AH-D9200 Headphones,denon-ah-d9200-headphones,Denon,Driver type,No matching field found for Driver type / Driver Type
PHPYj28HJdPDHAaIBDsCuM,Denon AH-D9200 Headphones,denon-ah-d9200-headphones,Denon,Connectivity,No matching field found for Connectivity
PHPYj28HJdPDHAaIBDsCuM,Denon AH-D9200 Headphones,denon-ah-d9200-headphones,Denon,Connector / plug,No matching field found for Connector / Connector / plug
PHPYj28HJdPDHAaIBDsCuM,Denon AH-D9200 Headphones,denon-ah-d9200-headphones,Denon,Microphone,No matching field found for Microphone / Microphones
PHPYj28HJdPDHAaIBDsCuM,Denon AH-D9200 Headphones,denon-ah-d9200-headphones,Denon,Noise cancelling,No matching field found for Noise cancelling / Noise canceling / ANC / Active noise cancelling
PHPYj28HJdPDHAaIBDsCuM,Denon AH-D9200 Headphones,denon-ah-d9200-headphones,Denon,Requires amplifier,No matching field found for Amp required / Requires amplifier / Amplifier required
PHPYj28HJdPDHAaIBDsKN0,Denon PerL True Wireless In-Ear Headphones,denon-perl-true-wireless-in-ear-headphones,Denon,Wearing style,No matching field found for Wearing style
PHPYj28HJdPDHAaIBDsKN0,Denon PerL True Wireless In-Ear Headphones,denon-perl-true-wireless-in-ear-headphones,Denon,Connectivity,No matching field found for Connectivity
PHPYj28HJdPDHAaIBDsKN0,Denon PerL True Wireless In-Ear Headphones,denon-perl-true-wireless-in-ear-headphones,Denon,Connector / plug,No matching field found for Connector / Connector / plug
PHPYj28HJdPDHAaIBDsKN0,Denon PerL True Wireless In-Ear Headphones,denon-perl-true-wireless-in-ear-headphones,Denon,Microphone,No matching field found for Microphone / Microphones
PHPYj28HJdPDHAaIBDsKN0,Denon PerL True Wireless In-Ear Headphones,denon-perl-true-wireless-in-ear-headphones,Denon,Noise cancelling,"Field ""Noise Cancelling"" raw value ""Active noise cancelling"" does not map to the closed vocabulary for Noise cancelling"
PHPYj28HJdPDHAaIBDsKN0,Denon PerL True Wireless In-Ear Headphones,denon-perl-true-wireless-in-ear-headphones,Denon,Requires amplifier,No matching field found for Amp required / Requires amplifier / Amplifier required
Pn6oyV4Ks5AcNbecjamOn3,Cayin PH-35X | 4.4mm to 3.5mm Adapter,cayin-ph-35x-4-4mm-to-3-5mm-adapter,Cayin,Accessory type,No matching field found for Accessory type / Type
Pn6oyV4Ks5AcNbecjamOn3,Cayin PH-35X | 4.4mm to 3.5mm Adapter,cayin-ph-35x-4-4mm-to-3-5mm-adapter,Cayin,Connector / termination,No matching field found for Connector / termination / Connector / Termination
Pn6oyV4Ks5AcNbecjamOn3,Cayin PH-35X | 4.4mm to 3.5mm Adapter,cayin-ph-35x-4-4mm-to-3-5mm-adapter,Cayin,Compatibility,No matching field found for Compatibility / Compatible with / Fits
Pn6oyV4Ks5AcNbecjap4tM,Cayin PH-4X | 2.5mm to 4.4mm Adapter,cayin-ph-4x-2-5mm-to-4-4mm-adapter,Cayin,Accessory type,No matching field found for Accessory type / Type
Pn6oyV4Ks5AcNbecjap4tM,Cayin PH-4X | 2.5mm to 4.4mm Adapter,cayin-ph-4x-2-5mm-to-4-4mm-adapter,Cayin,Connector / termination,No matching field found for Connector / termination / Connector / Termination
Pn6oyV4Ks5AcNbecjap4tM,Cayin PH-4X | 2.5mm to 4.4mm Adapter,cayin-ph-4x-2-5mm-to-4-4mm-adapter,Cayin,Compatibility,No matching field found for Compatibility / Compatible with / Fits
Pn6oyV4Ks5AcNbecjatqB5,ddHiFi DJ44Gold Headphone Adapter | 4.4mm F to 3.5mm M,ddhifi-dj44gold-headphone-adapter-4-4mm-f-to-3-5mm-m,ddHiFi,Accessory type,No matching field found for Accessory type / Type
Pn6oyV4Ks5AcNbecjatqB5,ddHiFi DJ44Gold Headphone Adapter | 4.4mm F to 3.5mm M,ddhifi-dj44gold-headphone-adapter-4-4mm-f-to-3-5mm-m,ddHiFi,Connector / termination,No matching field found for Connector / termination / Connector / Termination
Pn6oyV4Ks5AcNbecjatqB5,ddHiFi DJ44Gold Headphone Adapter | 4.4mm F to 3.5mm M,ddhifi-dj44gold-headphone-adapter-4-4mm-f-to-3-5mm-m,ddHiFi,Compatibility,No matching field found for Compatibility / Compatible with / Fits
Pn6oyV4Ks5AcNbecjayoLj,Meze Audio Manta Headphone Stand | Headphone Stand,meze-audio-manta-headphone-stand-headphone-stand,Meze Audio,Accessory type,No matching field found for Accessory type / Type
Pn6oyV4Ks5AcNbecjayoLj,Meze Audio Manta Headphone Stand | Headphone Stand,meze-audio-manta-headphone-stand-headphone-stand,Meze Audio,Compatibility,No matching field found for Compatibility / Compatible with / Fits
Pn6oyV4Ks5AcNbecjb0hIg,Final Audio Type E | Silicone Ear Tips,final-audio-type-e-silicone-ear-tips,Final Audio,Accessory type,No matching field found for Accessory type / Type
Pn6oyV4Ks5AcNbecjb0hIg,Final Audio Type E | Silicone Ear Tips,final-audio-type-e-silicone-ear-tips,Final Audio,Compatibility,No matching field found for Compatibility / Compatible with / Fits
Pn6oyV4Ks5AcNbecjb0rnH,SpinFit CP1025 | Premium Eartips for TWS/AirPods,spinfit-cp1025-premium-eartips-for-tws-airpods,Spinfit,Accessory type,No matching field found for Accessory type / Type
Pn6oyV4Ks5AcNbecjb0rnH,SpinFit CP1025 | Premium Eartips for TWS/AirPods,spinfit-cp1025-premium-eartips-for-tws-airpods,Spinfit,Compatibility,No matching field found for Compatibility / Compatible with / Fits
Pn6oyV4Ks5AcNbecjb0zLq,SpinFit CP240 | Premium Double Flange Eartips (1 Pair),spinfit-cp240-premium-double-flange-eartips-1-pair,Spinfit,Accessory type,No matching field found for Accessory type / Type
Pn6oyV4Ks5AcNbecjb0zLq,SpinFit CP240 | Premium Double Flange Eartips (1 Pair),spinfit-cp240-premium-double-flange-eartips-1-pair,Spinfit,Compatibility,No matching field found for Compatibility / Compatible with / Fits
Pn6oyV4Ks5AcNbecjb12LF,SpinFit NEO | Premium Silicone Eartips,spinfit-neo-premium-silicone-eartips,Spinfit,Accessory type,No matching field found for Accessory type / Type
Pn6oyV4Ks5AcNbecjb12LF,SpinFit NEO | Premium Silicone Eartips,spinfit-neo-premium-silicone-eartips,Spinfit,Compatibility,No matching field found for Compatibility / Compatible with / Fits
Pn6oyV4Ks5AcNbecjb1MSV,Symbio W Eartips | Hybrid Silcone/Foam Eartips,symbio-w-eartips-hybrid-silcone-foam-eartips,Symbio,Accessory type,No matching field found for Accessory type / Type
Pn6oyV4Ks5AcNbecjb1MSV,Symbio W Eartips | Hybrid Silcone/Foam Eartips,symbio-w-eartips-hybrid-silcone-foam-eartips,Symbio,Compatibility,No matching field found for Compatibility / Compatible with / Fits
Pn6oyV4Ks5AcNbecjb1QJq,ddHiFi CZ300 Portable Case | Large-Capacity Storage Bag,ddhifi-cz300-portable-case-large-capacity-storage-bag,ddHiFi,Accessory type,No matching field found for Accessory type / Type
Pn6oyV4Ks5AcNbecjb1QJq,ddHiFi CZ300 Portable Case | Large-Capacity Storage Bag,ddhifi-cz300-portable-case-large-capacity-storage-bag,ddHiFi,Compatibility,No matching field found for Compatibility / Compatible with / Fits
Pn6oyV4Ks5AcNbecjbDXfF,Earpiece Cleaning Tool,earpiece-cleaning-tool,Sensaphonics,Accessory type,No matching field found for Accessory type / Type
Pn6oyV4Ks5AcNbecjbDXfF,Earpiece Cleaning Tool,earpiece-cleaning-tool,Sensaphonics,Compatibility,No matching field found for Compatibility / Compatible with / Fits
Pn6oyV4Ks5AcNbecjbDai1,Dry-Aid desiccant,dry-aid-desiccant,Sensaphonics,Accessory type,No matching field found for Accessory type / Type
Pn6oyV4Ks5AcNbecjbDai1,Dry-Aid desiccant,dry-aid-desiccant,Sensaphonics,Compatibility,No matching field found for Compatibility / Compatible with / Fits
Pn6oyV4Ks5AcNbecjbDc7f,Jodi-Vac (Consumer) IEM vacuum,jodi-vac-consumer-iem-vacuum,Sensaphonics,Accessory type,No matching field found for Accessory type / Type
Pn6oyV4Ks5AcNbecjbDc7f,Jodi-Vac (Consumer) IEM vacuum,jodi-vac-consumer-iem-vacuum,Sensaphonics,Compatibility,No matching field found for Compatibility / Compatible with / Fits
Pn6oyV4Ks5AcNbecjbKjAx,Small Dehumidifier 3-Pack,small-dehumidifier-3-pack,64 Audio,Accessory type,No matching field found for Accessory type / Type
Pn6oyV4Ks5AcNbecjbKjAx,Small Dehumidifier 3-Pack,small-dehumidifier-3-pack,64 Audio,Compatibility,No matching field found for Compatibility / Compatible with / Fits
Pn6oyV4Ks5AcNbecjbXRKV,Audeze Premium Braided Upgrade Cable | 6.3 or XLR for LCD Series,audeze-premium-braided-upgrade-cable-6-3-or-xlr-for-lcd-series,Audeze,Accessory type,No matching field found for Accessory type / Type
Pn6oyV4Ks5AcNbecjbXRKV,Audeze Premium Braided Upgrade Cable | 6.3 or XLR for LCD Series,audeze-premium-braided-upgrade-cable-6-3-or-xlr-for-lcd-series,Audeze,Connector / termination,No matching field found for Connector / termination / Connector / Termination
Pn6oyV4Ks5AcNbecjbXRKV,Audeze Premium Braided Upgrade Cable | 6.3 or XLR for LCD Series,audeze-premium-braided-upgrade-cable-6-3-or-xlr-for-lcd-series,Audeze,Compatibility,No matching field found for Compatibility / Compatible with / Fits
Pn6oyV4Ks5AcNbecjbXY7s,Dekoni Audio Balanced XLR Cable for Sennheiser HD800 | Replacement Headphone Cable,dekoni-audio-balanced-xlr-cable-for-sennheiser-hd800-replacement-headphone-cable,Dekoni Audio,Accessory type,No matching field found for Accessory type / Type
Pn6oyV4Ks5AcNbecjbXY7s,Dekoni Audio Balanced XLR Cable for Sennheiser HD800 | Replacement Headphone Cable,dekoni-audio-balanced-xlr-cable-for-sennheiser-hd800-replacement-headphone-cable,Dekoni Audio,Connector / termination,No matching field found for Connector / termination / Connector / Termination
Pn6oyV4Ks5AcNbecjbXY7s,Dekoni Audio Balanced XLR Cable for Sennheiser HD800 | Replacement Headphone Cable,dekoni-audio-balanced-xlr-cable-for-sennheiser-hd800-replacement-headphone-cable,Dekoni Audio,Compatibility,No matching field found for Compatibility / Compatible with / Fits
Pn6oyV4Ks5AcNbecjbXdBN,Eletech Cassiel | Silver-Plated Copper Upgrade Cable for IEMs,eletech-cassiel-silver-plated-copper-upgrade-cable-for-iems,Eletech,Accessory type,No matching field found for Accessory type / Type
Pn6oyV4Ks5AcNbecjbXdBN,Eletech Cassiel | Silver-Plated Copper Upgrade Cable for IEMs,eletech-cassiel-silver-plated-copper-upgrade-cable-for-iems,Eletech,Connector / termination,No matching field found for Connector / termination / Connector / Termination
Pn6oyV4Ks5AcNbecjbXdBN,Eletech Cassiel | Silver-Plated Copper Upgrade Cable for IEMs,eletech-cassiel-silver-plated-copper-upgrade-cable-for-iems,Eletech,Compatibility,No matching field found for Compatibility / Compatible with / Fits
Pn6oyV4Ks5AcNbecjbXdtC,Eletech Elegy to Lucia | Limited Flagship IEM Cable,eletech-elegy-to-lucia-limited-flagship-iem-cable,Eletech,Accessory type,No matching field found for Accessory type / Type
Pn6oyV4Ks5AcNbecjbXdtC,Eletech Elegy to Lucia | Limited Flagship IEM Cable,eletech-elegy-to-lucia-limited-flagship-iem-cable,Eletech,Connector / termination,No matching field found for Connector / termination / Connector / Termination
Pn6oyV4Ks5AcNbecjbXdtC,Eletech Elegy to Lucia | Limited Flagship IEM Cable,eletech-elegy-to-lucia-limited-flagship-iem-cable,Eletech,Compatibility,No matching field found for Compatibility / Compatible with / Fits
Pn6oyV4Ks5AcNbecjbXftv,Eletech Euclid | Silver IEM Upgrade Cable,eletech-euclid-silver-iem-upgrade-cable,Eletech,Accessory type,No matching field found for Accessory type / Type
Pn6oyV4Ks5AcNbecjbXftv,Eletech Euclid | Silver IEM Upgrade Cable,eletech-euclid-silver-iem-upgrade-cable,Eletech,Connector / termination,No matching field found for Connector / termination / Connector / Termination
Pn6oyV4Ks5AcNbecjbXftv,Eletech Euclid | Silver IEM Upgrade Cable,eletech-euclid-silver-iem-upgrade-cable,Eletech,Compatibility,No matching field found for Compatibility / Compatible with / Fits
Pn6oyV4Ks5AcNbecjexfWP,FiiO M17 Portable Music Player,fiio-m17-portable-music-player,FiiO,Device type,No matching field found for Device type / Product type / Type
Pn6oyV4Ks5AcNbecjexfWP,FiiO M17 Portable Music Player,fiio-m17-portable-music-player,FiiO,Form factor,No matching field found for Form factor / Portability
Pn6oyV4Ks5AcNbecjexfWP,FiiO M17 Portable Music Player,fiio-m17-portable-music-player,FiiO,Amplification,No matching field found for Amplifier type / Amplification
Pn6oyV4Ks5AcNbecjexfWP,FiiO M17 Portable Music Player,fiio-m17-portable-music-player,FiiO,DAC included,"Field ""DAC"" raw value ""Dual ES9038PRO"" does not map to the closed vocabulary for DAC included"
Pn6oyV4Ks5AcNbecjexfWP,FiiO M17 Portable Music Player,fiio-m17-portable-music-player,FiiO,Balanced output,No matching field found for Balanced output / Balanced / Balanced connection
Pn6oyV4Ks5AcNbecjexfWP,FiiO M17 Portable Music Player,fiio-m17-portable-music-player,FiiO,Inputs,No matching field found for Inputs / Input
Pn6oyV4Ks5AcNbecjexfWP,FiiO M17 Portable Music Player,fiio-m17-portable-music-player,FiiO,Outputs,No matching field found for Outputs / Output
Pn6oyV4Ks5AcNbecjgp8X6,FiiO BTR17 Bluetooth DAC And Headphone Amp,fiio-btr17-bluetooth-dac-and-headphone-amp,FiiO,Device type,No matching field found for Device type / Product type / Type
Pn6oyV4Ks5AcNbecjgp8X6,FiiO BTR17 Bluetooth DAC And Headphone Amp,fiio-btr17-bluetooth-dac-and-headphone-amp,FiiO,Form factor,No matching field found for Form factor / Portability
Pn6oyV4Ks5AcNbecjgp8X6,FiiO BTR17 Bluetooth DAC And Headphone Amp,fiio-btr17-bluetooth-dac-and-headphone-amp,FiiO,Amplification,No matching field found for Amplifier type / Amplification
Pn6oyV4Ks5AcNbecjgp8X6,FiiO BTR17 Bluetooth DAC And Headphone Amp,fiio-btr17-bluetooth-dac-and-headphone-amp,FiiO,DAC included,No matching field found for DAC included / DAC / Built-in DAC
Pn6oyV4Ks5AcNbecjgp8X6,FiiO BTR17 Bluetooth DAC And Headphone Amp,fiio-btr17-bluetooth-dac-and-headphone-amp,FiiO,Balanced output,No matching field found for Balanced output / Balanced / Balanced connection
Pn6oyV4Ks5AcNbecjgp8X6,FiiO BTR17 Bluetooth DAC And Headphone Amp,fiio-btr17-bluetooth-dac-and-headphone-amp,FiiO,Inputs,No matching field found for Inputs / Input
Pn6oyV4Ks5AcNbecjgpOZX,FiiO BTR7 Portable DAC and Headphone Amp,fiio-btr7-portable-dac-and-headphone-amp,FiiO,Device type,No matching field found for Device type / Product type / Type
Pn6oyV4Ks5AcNbecjgpOZX,FiiO BTR7 Portable DAC and Headphone Amp,fiio-btr7-portable-dac-and-headphone-amp,FiiO,Form factor,No matching field found for Form factor / Portability
Pn6oyV4Ks5AcNbecjgpOZX,FiiO BTR7 Portable DAC and Headphone Amp,fiio-btr7-portable-dac-and-headphone-amp,FiiO,Amplification,No matching field found for Amplifier type / Amplification
Pn6oyV4Ks5AcNbecjgpOZX,FiiO BTR7 Portable DAC and Headphone Amp,fiio-btr7-portable-dac-and-headphone-amp,FiiO,DAC included,No matching field found for DAC included / DAC / Built-in DAC
Pn6oyV4Ks5AcNbecjgpOZX,FiiO BTR7 Portable DAC and Headphone Amp,fiio-btr7-portable-dac-and-headphone-amp,FiiO,Balanced output,No matching field found for Balanced output / Balanced / Balanced connection
Pn6oyV4Ks5AcNbecjgpOZX,FiiO BTR7 Portable DAC and Headphone Amp,fiio-btr7-portable-dac-and-headphone-amp,FiiO,Inputs,No matching field found for Inputs / Input
Pn6oyV4Ks5AcNbecjgpOZX,FiiO BTR7 Portable DAC and Headphone Amp,fiio-btr7-portable-dac-and-headphone-amp,FiiO,Outputs,No matching field found for Outputs / Output
Pn6oyV4Ks5AcNbecjgq7ah,Hifiman Edition XS Headphones,hifiman-edition-xs-headphones,HiFiMan,Wearing style,No matching field found for Wearing style
Pn6oyV4Ks5AcNbecjgq7ah,Hifiman Edition XS Headphones,hifiman-edition-xs-headphones,HiFiMan,Back design,No matching field found for Back design / Cup style / Cup / back design
Pn6oyV4Ks5AcNbecjgq7ah,Hifiman Edition XS Headphones,hifiman-edition-xs-headphones,HiFiMan,Driver type,No matching field found for Driver type / Driver Type
Pn6oyV4Ks5AcNbecjgq7ah,Hifiman Edition XS Headphones,hifiman-edition-xs-headphones,HiFiMan,Connectivity,No matching field found for Connectivity
Pn6oyV4Ks5AcNbecjgq7ah,Hifiman Edition XS Headphones,hifiman-edition-xs-headphones,HiFiMan,Connector / plug,No matching field found for Connector / Connector / plug
Pn6oyV4Ks5AcNbecjgq7ah,Hifiman Edition XS Headphones,hifiman-edition-xs-headphones,HiFiMan,Microphone,No matching field found for Microphone / Microphones
Pn6oyV4Ks5AcNbecjgq7ah,Hifiman Edition XS Headphones,hifiman-edition-xs-headphones,HiFiMan,Noise cancelling,No matching field found for Noise cancelling / Noise canceling / ANC / Active noise cancelling
Pn6oyV4Ks5AcNbecjgq7ah,Hifiman Edition XS Headphones,hifiman-edition-xs-headphones,HiFiMan,Requires amplifier,No matching field found for Amp required / Requires amplifier / Amplifier required
Pn6oyV4Ks5AcNbecjgqHro,Hifiman HE400se Entry-Level Headphones,hifiman-he400se-entry-level-headphones,HiFiMan,Wearing style,No matching field found for Wearing style
Pn6oyV4Ks5AcNbecjgqHro,Hifiman HE400se Entry-Level Headphones,hifiman-he400se-entry-level-headphones,HiFiMan,Back design,No matching field found for Back design / Cup style / Cup / back design
Pn6oyV4Ks5AcNbecjgqHro,Hifiman HE400se Entry-Level Headphones,hifiman-he400se-entry-level-headphones,HiFiMan,Driver type,"Field ""Driver Type"" raw value ""Planar Magnetic Driver"" does not map to the closed vocabulary for Driver type"
Pn6oyV4Ks5AcNbecjgqHro,Hifiman HE400se Entry-Level Headphones,hifiman-he400se-entry-level-headphones,HiFiMan,Connectivity,No matching field found for Connectivity
Pn6oyV4Ks5AcNbecjgqHro,Hifiman HE400se Entry-Level Headphones,hifiman-he400se-entry-level-headphones,HiFiMan,Connector / plug,No matching field found for Connector / Connector / plug
Pn6oyV4Ks5AcNbecjgqHro,Hifiman HE400se Entry-Level Headphones,hifiman-he400se-entry-level-headphones,HiFiMan,Microphone,No matching field found for Microphone / Microphones
Pn6oyV4Ks5AcNbecjgqHro,Hifiman HE400se Entry-Level Headphones,hifiman-he400se-entry-level-headphones,HiFiMan,Noise cancelling,No matching field found for Noise cancelling / Noise canceling / ANC / Active noise cancelling
Pn6oyV4Ks5AcNbecjgqHro,Hifiman HE400se Entry-Level Headphones,hifiman-he400se-entry-level-headphones,HiFiMan,Requires amplifier,No matching field found for Amp required / Requires amplifier / Amplifier required
Pn6oyV4Ks5AcNbecjgqXuF,Hifiman Arya Organic Headphones,hifiman-arya-organic-headphones,HiFiMan,Wearing style,No matching field found for Wearing style
Pn6oyV4Ks5AcNbecjgqXuF,Hifiman Arya Organic Headphones,hifiman-arya-organic-headphones,HiFiMan,Back design,No matching field found for Back design / Cup style / Cup / back design
Pn6oyV4Ks5AcNbecjgqXuF,Hifiman Arya Organic Headphones,hifiman-arya-organic-headphones,HiFiMan,Driver type,No matching field found for Driver type / Driver Type
Pn6oyV4Ks5AcNbecjgqXuF,Hifiman Arya Organic Headphones,hifiman-arya-organic-headphones,HiFiMan,Connectivity,No matching field found for Connectivity
Pn6oyV4Ks5AcNbecjgqXuF,Hifiman Arya Organic Headphones,hifiman-arya-organic-headphones,HiFiMan,Connector / plug,No matching field found for Connector / Connector / plug
Pn6oyV4Ks5AcNbecjgqXuF,Hifiman Arya Organic Headphones,hifiman-arya-organic-headphones,HiFiMan,Microphone,No matching field found for Microphone / Microphones
Pn6oyV4Ks5AcNbecjgqXuF,Hifiman Arya Organic Headphones,hifiman-arya-organic-headphones,HiFiMan,Noise cancelling,No matching field found for Noise cancelling / Noise canceling / ANC / Active noise cancelling
Pn6oyV4Ks5AcNbecjgqXuF,Hifiman Arya Organic Headphones,hifiman-arya-organic-headphones,HiFiMan,Requires amplifier,No matching field found for Amp required / Requires amplifier / Amplifier required
Pn6oyV4Ks5AcNbecjgqaFC,Hifiman HE1000se Headphones,hifiman-he1000se-headphones,HiFiMan,Wearing style,No matching field found for Wearing style
Pn6oyV4Ks5AcNbecjgqaFC,Hifiman HE1000se Headphones,hifiman-he1000se-headphones,HiFiMan,Back design,No matching field found for Back design / Cup style / Cup / back design
Pn6oyV4Ks5AcNbecjgqaFC,Hifiman HE1000se Headphones,hifiman-he1000se-headphones,HiFiMan,Connectivity,No matching field found for Connectivity
Pn6oyV4Ks5AcNbecjgqaFC,Hifiman HE1000se Headphones,hifiman-he1000se-headphones,HiFiMan,Connector / plug,No matching field found for Connector / Connector / plug
Pn6oyV4Ks5AcNbecjgqaFC,Hifiman HE1000se Headphones,hifiman-he1000se-headphones,HiFiMan,Microphone,No matching field found for Microphone / Microphones
Pn6oyV4Ks5AcNbecjgqaFC,Hifiman HE1000se Headphones,hifiman-he1000se-headphones,HiFiMan,Noise cancelling,No matching field found for Noise cancelling / Noise canceling / ANC / Active noise cancelling
Pn6oyV4Ks5AcNbecjgqaFC,Hifiman HE1000se Headphones,hifiman-he1000se-headphones,HiFiMan,Requires amplifier,No matching field found for Amp required / Requires amplifier / Amplifier required
Pn6oyV4Ks5AcNbecjgql0e,Focal Hadenys,focal-hadenys,Focal,Wearing style,No matching field found for Wearing style
Pn6oyV4Ks5AcNbecjgql0e,Focal Hadenys,focal-hadenys,Focal,Back design,No matching field found for Back design / Cup style / Cup / back design
Pn6oyV4Ks5AcNbecjgql0e,Focal Hadenys,focal-hadenys,Focal,Driver type,No matching field found for Driver type / Driver Type
Pn6oyV4Ks5AcNbecjgql0e,Focal Hadenys,focal-hadenys,Focal,Connectivity,No matching field found for Connectivity
Pn6oyV4Ks5AcNbecjgql0e,Focal Hadenys,focal-hadenys,Focal,Connector / plug,No matching field found for Connector / Connector / plug
Pn6oyV4Ks5AcNbecjgql0e,Focal Hadenys,focal-hadenys,Focal,Microphone,No matching field found for Microphone / Microphones
Pn6oyV4Ks5AcNbecjgql0e,Focal Hadenys,focal-hadenys,Focal,Noise cancelling,No matching field found for Noise cancelling / Noise canceling / ANC / Active noise cancelling
Pn6oyV4Ks5AcNbecjgql0e,Focal Hadenys,focal-hadenys,Focal,Requires amplifier,No matching field found for Amp required / Requires amplifier / Amplifier required
Pn6oyV4Ks5AcNbecjgrju8,Sennheiser HD 600 Headphones,sennheiser-hd-600-headphones,Sennheiser,Wearing style,No matching field found for Wearing style
Pn6oyV4Ks5AcNbecjgrju8,Sennheiser HD 600 Headphones,sennheiser-hd-600-headphones,Sennheiser,Back design,No matching field found for Back design / Cup style / Cup / back design
Pn6oyV4Ks5AcNbecjgrju8,Sennheiser HD 600 Headphones,sennheiser-hd-600-headphones,Sennheiser,Driver type,No matching field found for Driver type / Driver Type
Pn6oyV4Ks5AcNbecjgrju8,Sennheiser HD 600 Headphones,sennheiser-hd-600-headphones,Sennheiser,Connectivity,No matching field found for Connectivity
Pn6oyV4Ks5AcNbecjgrju8,Sennheiser HD 600 Headphones,sennheiser-hd-600-headphones,Sennheiser,Microphone,No matching field found for Microphone / Microphones
Pn6oyV4Ks5AcNbecjgrju8,Sennheiser HD 600 Headphones,sennheiser-hd-600-headphones,Sennheiser,Noise cancelling,No matching field found for Noise cancelling / Noise canceling / ANC / Active noise cancelling
Pn6oyV4Ks5AcNbecjgrju8,Sennheiser HD 600 Headphones,sennheiser-hd-600-headphones,Sennheiser,Requires amplifier,No matching field found for Amp required / Requires amplifier / Amplifier required
Pn6oyV4Ks5AcNbecjgrpEU,Sennheiser HD 650 Headphones,sennheiser-hd-650-headphones,Sennheiser,Wearing style,No matching field found for Wearing style
Pn6oyV4Ks5AcNbecjgrpEU,Sennheiser HD 650 Headphones,sennheiser-hd-650-headphones,Sennheiser,Back design,No matching field found for Back design / Cup style / Cup / back design
Pn6oyV4Ks5AcNbecjgrpEU,Sennheiser HD 650 Headphones,sennheiser-hd-650-headphones,Sennheiser,Driver type,No matching field found for Driver type / Driver Type
Pn6oyV4Ks5AcNbecjgrpEU,Sennheiser HD 650 Headphones,sennheiser-hd-650-headphones,Sennheiser,Connectivity,No matching field found for Connectivity
Pn6oyV4Ks5AcNbecjgrpEU,Sennheiser HD 650 Headphones,sennheiser-hd-650-headphones,Sennheiser,Microphone,No matching field found for Microphone / Microphones
Pn6oyV4Ks5AcNbecjgrpEU,Sennheiser HD 650 Headphones,sennheiser-hd-650-headphones,Sennheiser,Noise cancelling,No matching field found for Noise cancelling / Noise canceling / ANC / Active noise cancelling
Pn6oyV4Ks5AcNbecjgrpEU,Sennheiser HD 650 Headphones,sennheiser-hd-650-headphones,Sennheiser,Requires amplifier,No matching field found for Amp required / Requires amplifier / Amplifier required
Pn6oyV4Ks5AcNbecjgs488,Meze Audio Manta Headphone Stand,meze-audio-manta-headphone-stand,Meze Audio,Accessory type,No matching field found for Accessory type / Type
Pn6oyV4Ks5AcNbecjgs488,Meze Audio Manta Headphone Stand,meze-audio-manta-headphone-stand,Meze Audio,Compatibility,No matching field found for Compatibility / Compatible with / Fits
Pn6oyV4Ks5AcNbecjgsEF8,Chord Electronics Mojo 2 Portable DAC and Headphone Amplifier (4.4mm),chord-electronics-mojo-2-portable-dac-and-headphone-amplifier-4-4mm,Chord Electronics,Device type,"Field ""Product Type"" raw value ""Portable DAC and headphone amplifier"" does not map to the closed vocabulary for Device type"
Pn6oyV4Ks5AcNbecjgsEF8,Chord Electronics Mojo 2 Portable DAC and Headphone Amplifier (4.4mm),chord-electronics-mojo-2-portable-dac-and-headphone-amplifier-4-4mm,Chord Electronics,Form factor,No matching field found for Form factor / Portability
Pn6oyV4Ks5AcNbecjgsEF8,Chord Electronics Mojo 2 Portable DAC and Headphone Amplifier (4.4mm),chord-electronics-mojo-2-portable-dac-and-headphone-amplifier-4-4mm,Chord Electronics,Amplification,No matching field found for Amplifier type / Amplification
Pn6oyV4Ks5AcNbecjgsEF8,Chord Electronics Mojo 2 Portable DAC and Headphone Amplifier (4.4mm),chord-electronics-mojo-2-portable-dac-and-headphone-amplifier-4-4mm,Chord Electronics,DAC included,No matching field found for DAC included / DAC / Built-in DAC
Pn6oyV4Ks5AcNbecjgsEF8,Chord Electronics Mojo 2 Portable DAC and Headphone Amplifier (4.4mm),chord-electronics-mojo-2-portable-dac-and-headphone-amplifier-4-4mm,Chord Electronics,Balanced output,No matching field found for Balanced output / Balanced / Balanced connection
Pn6oyV4Ks5AcNbecjgsEF8,Chord Electronics Mojo 2 Portable DAC and Headphone Amplifier (4.4mm),chord-electronics-mojo-2-portable-dac-and-headphone-amplifier-4-4mm,Chord Electronics,Inputs,No matching field found for Inputs / Input
Pn6oyV4Ks5AcNbecjgsEF8,Chord Electronics Mojo 2 Portable DAC and Headphone Amplifier (4.4mm),chord-electronics-mojo-2-portable-dac-and-headphone-amplifier-4-4mm,Chord Electronics,Outputs,No matching field found for Outputs / Output
Pn6oyV4Ks5AcNbecjgsda0,Questyle M12i Portable USB DAC & Headphone Amp,questyle-m12i-portable-usb-dac-headphone-amp,Questyle,Device type,No matching field found for Device type / Product type / Type
Pn6oyV4Ks5AcNbecjgsda0,Questyle M12i Portable USB DAC & Headphone Amp,questyle-m12i-portable-usb-dac-headphone-amp,Questyle,Form factor,No matching field found for Form factor / Portability
Pn6oyV4Ks5AcNbecjgsda0,Questyle M12i Portable USB DAC & Headphone Amp,questyle-m12i-portable-usb-dac-headphone-amp,Questyle,Amplification,No matching field found for Amplifier type / Amplification
Pn6oyV4Ks5AcNbecjgsda0,Questyle M12i Portable USB DAC & Headphone Amp,questyle-m12i-portable-usb-dac-headphone-amp,Questyle,DAC included,No matching field found for DAC included / DAC / Built-in DAC
Pn6oyV4Ks5AcNbecjgsda0,Questyle M12i Portable USB DAC & Headphone Amp,questyle-m12i-portable-usb-dac-headphone-amp,Questyle,Balanced output,No matching field found for Balanced output / Balanced / Balanced connection
Pn6oyV4Ks5AcNbecjgsda0,Questyle M12i Portable USB DAC & Headphone Amp,questyle-m12i-portable-usb-dac-headphone-amp,Questyle,Inputs,No matching field found for Inputs / Input
Pn6oyV4Ks5AcNbecjgsda0,Questyle M12i Portable USB DAC & Headphone Amp,questyle-m12i-portable-usb-dac-headphone-amp,Questyle,Outputs,No matching field found for Outputs / Output
Pn6oyV4Ks5AcNbecjgsvqe,iFi Audio GO Bar Portable USB DAC & Headphone Amplifier,ifi-audio-go-bar-portable-usb-dac-headphone-amplifier,iFi Audio,Device type,No matching field found for Device type / Product type / Type
Pn6oyV4Ks5AcNbecjgsvqe,iFi Audio GO Bar Portable USB DAC & Headphone Amplifier,ifi-audio-go-bar-portable-usb-dac-headphone-amplifier,iFi Audio,Form factor,No matching field found for Form factor / Portability
Pn6oyV4Ks5AcNbecjgsvqe,iFi Audio GO Bar Portable USB DAC & Headphone Amplifier,ifi-audio-go-bar-portable-usb-dac-headphone-amplifier,iFi Audio,Amplification,No matching field found for Amplifier type / Amplification
Pn6oyV4Ks5AcNbecjgsvqe,iFi Audio GO Bar Portable USB DAC & Headphone Amplifier,ifi-audio-go-bar-portable-usb-dac-headphone-amplifier,iFi Audio,DAC included,No matching field found for DAC included / DAC / Built-in DAC
Pn6oyV4Ks5AcNbecjgsvqe,iFi Audio GO Bar Portable USB DAC & Headphone Amplifier,ifi-audio-go-bar-portable-usb-dac-headphone-amplifier,iFi Audio,Balanced output,No matching field found for Balanced output / Balanced / Balanced connection
Pn6oyV4Ks5AcNbecjgsvqe,iFi Audio GO Bar Portable USB DAC & Headphone Amplifier,ifi-audio-go-bar-portable-usb-dac-headphone-amplifier,iFi Audio,Inputs,No matching field found for Inputs / Input
Pn6oyV4Ks5AcNbecjgsvqe,iFi Audio GO Bar Portable USB DAC & Headphone Amplifier,ifi-audio-go-bar-portable-usb-dac-headphone-amplifier,iFi Audio,Outputs,No matching field found for Outputs / Output
Pn6oyV4Ks5AcNbecjgtLZ7,Eversolo DMP-A6 Streamer and DAC Gen 2,eversolo-dmp-a6-streamer-and-dac-gen-2,Eversolo,Device type,No matching field found for Device type / Product type / Type
Pn6oyV4Ks5AcNbecjgtLZ7,Eversolo DMP-A6 Streamer and DAC Gen 2,eversolo-dmp-a6-streamer-and-dac-gen-2,Eversolo,Form factor,No matching field found for Form factor / Portability
Pn6oyV4Ks5AcNbecjgtLZ7,Eversolo DMP-A6 Streamer and DAC Gen 2,eversolo-dmp-a6-streamer-and-dac-gen-2,Eversolo,Amplification,No matching field found for Amplifier type / Amplification
Pn6oyV4Ks5AcNbecjgtLZ7,Eversolo DMP-A6 Streamer and DAC Gen 2,eversolo-dmp-a6-streamer-and-dac-gen-2,Eversolo,DAC included,"Field ""DAC"" raw value ""Dual ES9038Q2M"" does not map to the closed vocabulary for DAC included"
Pn6oyV4Ks5AcNbecjgtLZ7,Eversolo DMP-A6 Streamer and DAC Gen 2,eversolo-dmp-a6-streamer-and-dac-gen-2,Eversolo,Balanced output,No matching field found for Balanced output / Balanced / Balanced connection
Pn6oyV4Ks5AcNbecjgtLZ7,Eversolo DMP-A6 Streamer and DAC Gen 2,eversolo-dmp-a6-streamer-and-dac-gen-2,Eversolo,Inputs,No matching field found for Inputs / Input
Pn6oyV4Ks5AcNbecjgtLZ7,Eversolo DMP-A6 Streamer and DAC Gen 2,eversolo-dmp-a6-streamer-and-dac-gen-2,Eversolo,Outputs,No matching field found for Outputs / Output
Pn6oyV4Ks5AcNbecjguCqf,Ferrum WANDLA 2.0 DAC,ferrum-wandla-2-0-dac,Ferrum Audio,Device type,No matching field found for Device type / Product type / Type
Pn6oyV4Ks5AcNbecjguCqf,Ferrum WANDLA 2.0 DAC,ferrum-wandla-2-0-dac,Ferrum Audio,Form factor,No matching field found for Form factor / Portability
Pn6oyV4Ks5AcNbecjguCqf,Ferrum WANDLA 2.0 DAC,ferrum-wandla-2-0-dac,Ferrum Audio,Amplification,No matching field found for Amplifier type / Amplification
Pn6oyV4Ks5AcNbecjguCqf,Ferrum WANDLA 2.0 DAC,ferrum-wandla-2-0-dac,Ferrum Audio,DAC included,No matching field found for DAC included / DAC / Built-in DAC
Pn6oyV4Ks5AcNbecjguCqf,Ferrum WANDLA 2.0 DAC,ferrum-wandla-2-0-dac,Ferrum Audio,Balanced output,No matching field found for Balanced output / Balanced / Balanced connection
Pn6oyV4Ks5AcNbecjguCqf,Ferrum WANDLA 2.0 DAC,ferrum-wandla-2-0-dac,Ferrum Audio,Inputs,No matching field found for Inputs / Input
Pn6oyV4Ks5AcNbecjguCqf,Ferrum WANDLA 2.0 DAC,ferrum-wandla-2-0-dac,Ferrum Audio,Outputs,No matching field found for Outputs / Output
Pn6oyV4Ks5AcNbecjguegb,RME ADI-2 DAC FS Desktop DAC & Headphone Amp,rme-adi-2-dac-fs-desktop-dac-headphone-amp,RME,Device type,No matching field found for Device type / Product type / Type
Pn6oyV4Ks5AcNbecjguegb,RME ADI-2 DAC FS Desktop DAC & Headphone Amp,rme-adi-2-dac-fs-desktop-dac-headphone-amp,RME,Form factor,No matching field found for Form factor / Portability
Pn6oyV4Ks5AcNbecjguegb,RME ADI-2 DAC FS Desktop DAC & Headphone Amp,rme-adi-2-dac-fs-desktop-dac-headphone-amp,RME,Amplification,No matching field found for Amplifier type / Amplification
Pn6oyV4Ks5AcNbecjguegb,RME ADI-2 DAC FS Desktop DAC & Headphone Amp,rme-adi-2-dac-fs-desktop-dac-headphone-amp,RME,DAC included,No matching field found for DAC included / DAC / Built-in DAC
Pn6oyV4Ks5AcNbecjguegb,RME ADI-2 DAC FS Desktop DAC & Headphone Amp,rme-adi-2-dac-fs-desktop-dac-headphone-amp,RME,Balanced output,No matching field found for Balanced output / Balanced / Balanced connection
Pn6oyV4Ks5AcNbecjguegb,RME ADI-2 DAC FS Desktop DAC & Headphone Amp,rme-adi-2-dac-fs-desktop-dac-headphone-amp,RME,Inputs,No matching field found for Inputs / Input
Pn6oyV4Ks5AcNbecjguegb,RME ADI-2 DAC FS Desktop DAC & Headphone Amp,rme-adi-2-dac-fs-desktop-dac-headphone-amp,RME,Outputs,No matching field found for Outputs / Output
Pn6oyV4Ks5AcNbecjgysXB,Audeze LCD-X Headphones | 2024 Creator's Edition,audeze-lcd-x-headphones-2024-creator-s-edition,Audeze,Wearing style,No matching field found for Wearing style
Pn6oyV4Ks5AcNbecjgysXB,Audeze LCD-X Headphones | 2024 Creator's Edition,audeze-lcd-x-headphones-2024-creator-s-edition,Audeze,Back design,No matching field found for Back design / Cup style / Cup / back design
Pn6oyV4Ks5AcNbecjgysXB,Audeze LCD-X Headphones | 2024 Creator's Edition,audeze-lcd-x-headphones-2024-creator-s-edition,Audeze,Connectivity,No matching field found for Connectivity
Pn6oyV4Ks5AcNbecjgysXB,Audeze LCD-X Headphones | 2024 Creator's Edition,audeze-lcd-x-headphones-2024-creator-s-edition,Audeze,Connector / plug,No matching field found for Connector / Connector / plug
Pn6oyV4Ks5AcNbecjgysXB,Audeze LCD-X Headphones | 2024 Creator's Edition,audeze-lcd-x-headphones-2024-creator-s-edition,Audeze,Microphone,No matching field found for Microphone / Microphones
Pn6oyV4Ks5AcNbecjgysXB,Audeze LCD-X Headphones | 2024 Creator's Edition,audeze-lcd-x-headphones-2024-creator-s-edition,Audeze,Noise cancelling,No matching field found for Noise cancelling / Noise canceling / ANC / Active noise cancelling
Pn6oyV4Ks5AcNbecjgysXB,Audeze LCD-X Headphones | 2024 Creator's Edition,audeze-lcd-x-headphones-2024-creator-s-edition,Audeze,Requires amplifier,No matching field found for Amp required / Requires amplifier / Amplifier required
Pn6oyV4Ks5AcNbecjgz0Fr,Audeze MM-100 Headphones,audeze-mm-100-headphones,Audeze,Wearing style,No matching field found for Wearing style
Pn6oyV4Ks5AcNbecjgz0Fr,Audeze MM-100 Headphones,audeze-mm-100-headphones,Audeze,Back design,No matching field found for Back design / Cup style / Cup / back design
Pn6oyV4Ks5AcNbecjgz0Fr,Audeze MM-100 Headphones,audeze-mm-100-headphones,Audeze,Driver type,No matching field found for Driver type / Driver Type
Pn6oyV4Ks5AcNbecjgz0Fr,Audeze MM-100 Headphones,audeze-mm-100-headphones,Audeze,Connectivity,No matching field found for Connectivity
Pn6oyV4Ks5AcNbecjgz0Fr,Audeze MM-100 Headphones,audeze-mm-100-headphones,Audeze,Connector / plug,No matching field found for Connector / Connector / plug
Pn6oyV4Ks5AcNbecjgz0Fr,Audeze MM-100 Headphones,audeze-mm-100-headphones,Audeze,Microphone,No matching field found for Microphone / Microphones
Pn6oyV4Ks5AcNbecjgz0Fr,Audeze MM-100 Headphones,audeze-mm-100-headphones,Audeze,Noise cancelling,No matching field found for Noise cancelling / Noise canceling / ANC / Active noise cancelling
Pn6oyV4Ks5AcNbecjgz0Fr,Audeze MM-100 Headphones,audeze-mm-100-headphones,Audeze,Requires amplifier,No matching field found for Amp required / Requires amplifier / Amplifier required
Pn6oyV4Ks5AcNbecjgzEw1,HEDD Audio HEDDphone D1 Headphones,hedd-audio-heddphone-d1-headphones,HEDD Audio,Wearing style,No matching field found for Wearing style
Pn6oyV4Ks5AcNbecjgzEw1,HEDD Audio HEDDphone D1 Headphones,hedd-audio-heddphone-d1-headphones,HEDD Audio,Back design,No matching field found for Back design / Cup style / Cup / back design
Pn6oyV4Ks5AcNbecjgzEw1,HEDD Audio HEDDphone D1 Headphones,hedd-audio-heddphone-d1-headphones,HEDD Audio,Driver type,"Field ""Driver Type"" raw value ""Dynamic with Thin-Ply Carbon Diaphragm (TPCD)"" does not map to the closed vocabulary for Driver type"
Pn6oyV4Ks5AcNbecjgzEw1,HEDD Audio HEDDphone D1 Headphones,hedd-audio-heddphone-d1-headphones,HEDD Audio,Connectivity,No matching field found for Connectivity
Pn6oyV4Ks5AcNbecjgzEw1,HEDD Audio HEDDphone D1 Headphones,hedd-audio-heddphone-d1-headphones,HEDD Audio,Connector / plug,No matching field found for Connector / Connector / plug
Pn6oyV4Ks5AcNbecjgzEw1,HEDD Audio HEDDphone D1 Headphones,hedd-audio-heddphone-d1-headphones,HEDD Audio,Microphone,No matching field found for Microphone / Microphones
Pn6oyV4Ks5AcNbecjgzEw1,HEDD Audio HEDDphone D1 Headphones,hedd-audio-heddphone-d1-headphones,HEDD Audio,Noise cancelling,No matching field found for Noise cancelling / Noise canceling / ANC / Active noise cancelling
Pn6oyV4Ks5AcNbecjgzEw1,HEDD Audio HEDDphone D1 Headphones,hedd-audio-heddphone-d1-headphones,HEDD Audio,Requires amplifier,No matching field found for Amp required / Requires amplifier / Amplifier required
Pn6oyV4Ks5AcNbecjh0awA,CrinEar Protocol Max,crinear-protocol-max,CrinEar,Device type,No matching field found for Device type / Product type / Type
Pn6oyV4Ks5AcNbecjh0awA,CrinEar Protocol Max,crinear-protocol-max,CrinEar,Form factor,No matching field found for Form factor / Portability
Pn6oyV4Ks5AcNbecjh0awA,CrinEar Protocol Max,crinear-protocol-max,CrinEar,Amplification,No matching field found for Amplifier type / Amplification
Pn6oyV4Ks5AcNbecjh0awA,CrinEar Protocol Max,crinear-protocol-max,CrinEar,DAC included,No matching field found for DAC included / DAC / Built-in DAC
Pn6oyV4Ks5AcNbecjh0awA,CrinEar Protocol Max,crinear-protocol-max,CrinEar,Balanced output,No matching field found for Balanced output / Balanced / Balanced connection
Pn6oyV4Ks5AcNbecjh0awA,CrinEar Protocol Max,crinear-protocol-max,CrinEar,Inputs,No matching field found for Inputs / Input
Pn6oyV4Ks5AcNbecjh1b8Y,HiFi Rose RS150B Reference HiFi Network Streamer,hifi-rose-rs150b-reference-hifi-network-streamer,HiFi Rose,Device type,No matching field found for Device type / Product type / Type
Pn6oyV4Ks5AcNbecjh1b8Y,HiFi Rose RS150B Reference HiFi Network Streamer,hifi-rose-rs150b-reference-hifi-network-streamer,HiFi Rose,Form factor,No matching field found for Form factor / Portability
Pn6oyV4Ks5AcNbecjh1b8Y,HiFi Rose RS150B Reference HiFi Network Streamer,hifi-rose-rs150b-reference-hifi-network-streamer,HiFi Rose,Amplification,No matching field found for Amplifier type / Amplification
Pn6oyV4Ks5AcNbecjh1b8Y,HiFi Rose RS150B Reference HiFi Network Streamer,hifi-rose-rs150b-reference-hifi-network-streamer,HiFi Rose,DAC included,No matching field found for DAC included / DAC / Built-in DAC
Pn6oyV4Ks5AcNbecjh1b8Y,HiFi Rose RS150B Reference HiFi Network Streamer,hifi-rose-rs150b-reference-hifi-network-streamer,HiFi Rose,Balanced output,No matching field found for Balanced output / Balanced / Balanced connection
Pn6oyV4Ks5AcNbecjh1b8Y,HiFi Rose RS150B Reference HiFi Network Streamer,hifi-rose-rs150b-reference-hifi-network-streamer,HiFi Rose,Inputs,No matching field found for Inputs / Input
Pn6oyV4Ks5AcNbecjh1b8Y,HiFi Rose RS150B Reference HiFi Network Streamer,hifi-rose-rs150b-reference-hifi-network-streamer,HiFi Rose,Outputs,No matching field found for Outputs / Output
Pn6oyV4Ks5AcNbecjh34kd,Feliks Audio Echo Classic,feliks-audio-echo-classic,Feliks Audio,Device type,"Field ""Product Type"" raw value ""OTL tube headphone amplifier"" does not map to the closed vocabulary for Device type"
Pn6oyV4Ks5AcNbecjh34kd,Feliks Audio Echo Classic,feliks-audio-echo-classic,Feliks Audio,Form factor,No matching field found for Form factor / Portability
Pn6oyV4Ks5AcNbecjh34kd,Feliks Audio Echo Classic,feliks-audio-echo-classic,Feliks Audio,Amplification,No matching field found for Amplifier type / Amplification
Pn6oyV4Ks5AcNbecjh34kd,Feliks Audio Echo Classic,feliks-audio-echo-classic,Feliks Audio,DAC included,No matching field found for DAC included / DAC / Built-in DAC
Pn6oyV4Ks5AcNbecjh34kd,Feliks Audio Echo Classic,feliks-audio-echo-classic,Feliks Audio,Balanced output,No matching field found for Balanced output / Balanced / Balanced connection
Pn6oyV4Ks5AcNbecjh34kd,Feliks Audio Echo Classic,feliks-audio-echo-classic,Feliks Audio,Inputs,No matching field found for Inputs / Input
Pn6oyV4Ks5AcNbecjh34kd,Feliks Audio Echo Classic,feliks-audio-echo-classic,Feliks Audio,Outputs,No matching field found for Outputs / Output
Pn6oyV4Ks5AcNbecjh3AqB,Feliks Audio Envy Flagship Desktop Headphone Tube Amplifier,feliks-audio-envy-flagship-desktop-headphone-tube-amplifier,Feliks Audio,Device type,No matching field found for Device type / Product type / Type
Pn6oyV4Ks5AcNbecjh3AqB,Feliks Audio Envy Flagship Desktop Headphone Tube Amplifier,feliks-audio-envy-flagship-desktop-headphone-tube-amplifier,Feliks Audio,Form factor,No matching field found for Form factor / Portability
Pn6oyV4Ks5AcNbecjh3AqB,Feliks Audio Envy Flagship Desktop Headphone Tube Amplifier,feliks-audio-envy-flagship-desktop-headphone-tube-amplifier,Feliks Audio,Amplification,No matching field found for Amplifier type / Amplification
Pn6oyV4Ks5AcNbecjh3AqB,Feliks Audio Envy Flagship Desktop Headphone Tube Amplifier,feliks-audio-envy-flagship-desktop-headphone-tube-amplifier,Feliks Audio,DAC included,No matching field found for DAC included / DAC / Built-in DAC
Pn6oyV4Ks5AcNbecjh3AqB,Feliks Audio Envy Flagship Desktop Headphone Tube Amplifier,feliks-audio-envy-flagship-desktop-headphone-tube-amplifier,Feliks Audio,Balanced output,No matching field found for Balanced output / Balanced / Balanced connection
Pn6oyV4Ks5AcNbecjh3AqB,Feliks Audio Envy Flagship Desktop Headphone Tube Amplifier,feliks-audio-envy-flagship-desktop-headphone-tube-amplifier,Feliks Audio,Inputs,No matching field found for Inputs / Input
Pn6oyV4Ks5AcNbecjh3AqB,Feliks Audio Envy Flagship Desktop Headphone Tube Amplifier,feliks-audio-envy-flagship-desktop-headphone-tube-amplifier,Feliks Audio,Outputs,No matching field found for Outputs / Output
Pn6oyV4Ks5AcNbecjh3egq,HEDD Audio GTC HEDDphone TWO Cable,hedd-audio-gtc-heddphone-two-cable,HEDD Audio,Accessory type,No matching field found for Accessory type / Type
Pn6oyV4Ks5AcNbecjh3egq,HEDD Audio GTC HEDDphone TWO Cable,hedd-audio-gtc-heddphone-two-cable,HEDD Audio,Connector / termination,No matching field found for Connector / termination / Connector / Termination
Pn6oyV4Ks5AcNbecjh3egq,HEDD Audio GTC HEDDphone TWO Cable,hedd-audio-gtc-heddphone-two-cable,HEDD Audio,Compatibility,No matching field found for Compatibility / Compatible with / Fits
Pn6oyV4Ks5AcNbecjh3ghZ,Crystal Cable DUET for Focal Utopia,crystal-cable-duet-for-focal-utopia,Crystal Cables,Accessory type,No matching field found for Accessory type / Type
Pn6oyV4Ks5AcNbecjh3ghZ,Crystal Cable DUET for Focal Utopia,crystal-cable-duet-for-focal-utopia,Crystal Cables,Connector / termination,No matching field found for Connector / termination / Connector / Termination
Pn6oyV4Ks5AcNbecjh3ghZ,Crystal Cable DUET for Focal Utopia,crystal-cable-duet-for-focal-utopia,Crystal Cables,Compatibility,No matching field found for Compatibility / Compatible with / Fits
Pn6oyV4Ks5AcNbecjh3y6H,Astell&Kern A&ultima SP4000T | Vacuum Tube Digital Audio Player,astell-kern-a-ultima-sp4000t-vacuum-tube-digital-audio-player,Astell&Kern,Device type,No matching field found for Device type / Product type / Type
Pn6oyV4Ks5AcNbecjh3y6H,Astell&Kern A&ultima SP4000T | Vacuum Tube Digital Audio Player,astell-kern-a-ultima-sp4000t-vacuum-tube-digital-audio-player,Astell&Kern,Form factor,No matching field found for Form factor / Portability
Pn6oyV4Ks5AcNbecjh3y6H,Astell&Kern A&ultima SP4000T | Vacuum Tube Digital Audio Player,astell-kern-a-ultima-sp4000t-vacuum-tube-digital-audio-player,Astell&Kern,Amplification,No matching field found for Amplifier type / Amplification
Pn6oyV4Ks5AcNbecjh3y6H,Astell&Kern A&ultima SP4000T | Vacuum Tube Digital Audio Player,astell-kern-a-ultima-sp4000t-vacuum-tube-digital-audio-player,Astell&Kern,DAC included,No matching field found for DAC included / DAC / Built-in DAC
Pn6oyV4Ks5AcNbecjh3y6H,Astell&Kern A&ultima SP4000T | Vacuum Tube Digital Audio Player,astell-kern-a-ultima-sp4000t-vacuum-tube-digital-audio-player,Astell&Kern,Balanced output,No matching field found for Balanced output / Balanced / Balanced connection
Pn6oyV4Ks5AcNbecjh3y6H,Astell&Kern A&ultima SP4000T | Vacuum Tube Digital Audio Player,astell-kern-a-ultima-sp4000t-vacuum-tube-digital-audio-player,Astell&Kern,Inputs,No matching field found for Inputs / Input
Pn6oyV4Ks5AcNbecjh3y6H,Astell&Kern A&ultima SP4000T | Vacuum Tube Digital Audio Player,astell-kern-a-ultima-sp4000t-vacuum-tube-digital-audio-player,Astell&Kern,Outputs,No matching field found for Outputs / Output
Pn6oyV4Ks5AcNbecjh4ExH,Astell&Kern PD10 | Digital Audio Player,astell-kern-pd10-digital-audio-player,Astell&Kern,Device type,No matching field found for Device type / Product type / Type
Pn6oyV4Ks5AcNbecjh4ExH,Astell&Kern PD10 | Digital Audio Player,astell-kern-pd10-digital-audio-player,Astell&Kern,Form factor,No matching field found for Form factor / Portability
Pn6oyV4Ks5AcNbecjh4ExH,Astell&Kern PD10 | Digital Audio Player,astell-kern-pd10-digital-audio-player,Astell&Kern,Amplification,No matching field found for Amplifier type / Amplification
Pn6oyV4Ks5AcNbecjh4ExH,Astell&Kern PD10 | Digital Audio Player,astell-kern-pd10-digital-audio-player,Astell&Kern,DAC included,No matching field found for DAC included / DAC / Built-in DAC
Pn6oyV4Ks5AcNbecjh4ExH,Astell&Kern PD10 | Digital Audio Player,astell-kern-pd10-digital-audio-player,Astell&Kern,Balanced output,No matching field found for Balanced output / Balanced / Balanced connection
Pn6oyV4Ks5AcNbecjh4ExH,Astell&Kern PD10 | Digital Audio Player,astell-kern-pd10-digital-audio-player,Astell&Kern,Inputs,No matching field found for Inputs / Input
Pn6oyV4Ks5AcNbecjh4ExH,Astell&Kern PD10 | Digital Audio Player,astell-kern-pd10-digital-audio-player,Astell&Kern,Outputs,No matching field found for Outputs / Output
Pn6oyV4Ks5AcNbecjh4PL8,Astell&Kern A&ultima SP3000T | Vacuum Tube Digital Audio Player,astell-kern-a-ultima-sp3000t-vacuum-tube-digital-audio-player,Astell&Kern,Device type,No matching field found for Device type / Product type / Type
Pn6oyV4Ks5AcNbecjh4PL8,Astell&Kern A&ultima SP3000T | Vacuum Tube Digital Audio Player,astell-kern-a-ultima-sp3000t-vacuum-tube-digital-audio-player,Astell&Kern,Form factor,No matching field found for Form factor / Portability
Pn6oyV4Ks5AcNbecjh4PL8,Astell&Kern A&ultima SP3000T | Vacuum Tube Digital Audio Player,astell-kern-a-ultima-sp3000t-vacuum-tube-digital-audio-player,Astell&Kern,Amplification,No matching field found for Amplifier type / Amplification
Pn6oyV4Ks5AcNbecjh4PL8,Astell&Kern A&ultima SP3000T | Vacuum Tube Digital Audio Player,astell-kern-a-ultima-sp3000t-vacuum-tube-digital-audio-player,Astell&Kern,DAC included,No matching field found for DAC included / DAC / Built-in DAC
Pn6oyV4Ks5AcNbecjh4PL8,Astell&Kern A&ultima SP3000T | Vacuum Tube Digital Audio Player,astell-kern-a-ultima-sp3000t-vacuum-tube-digital-audio-player,Astell&Kern,Balanced output,No matching field found for Balanced output / Balanced / Balanced connection
Pn6oyV4Ks5AcNbecjh4PL8,Astell&Kern A&ultima SP3000T | Vacuum Tube Digital Audio Player,astell-kern-a-ultima-sp3000t-vacuum-tube-digital-audio-player,Astell&Kern,Inputs,No matching field found for Inputs / Input
Pn6oyV4Ks5AcNbecjh4PL8,Astell&Kern A&ultima SP3000T | Vacuum Tube Digital Audio Player,astell-kern-a-ultima-sp3000t-vacuum-tube-digital-audio-player,Astell&Kern,Outputs,No matching field found for Outputs / Output
Pn6oyV4Ks5AcNbecjjl5G7,Focal Utopia Ear Pad,focal-utopia-ear-pad,Focal,Accessory type,No matching field found for Accessory type / Type
Pn6oyV4Ks5AcNbecjjl5G7,Focal Utopia Ear Pad,focal-utopia-ear-pad,Focal,Compatibility,No matching field found for Compatibility / Compatible with / Fits
Pn6oyV4Ks5AcNbecjjlPGd,Dan Clark Audio AEON 2 Perforated Ear Pads,dan-clark-audio-aeon-2-perforated-ear-pads,Dan Clark Audio,Accessory type,No matching field found for Accessory type / Type
Pn6oyV4Ks5AcNbecjjlPGd,Dan Clark Audio AEON 2 Perforated Ear Pads,dan-clark-audio-aeon-2-perforated-ear-pads,Dan Clark Audio,Compatibility,No matching field found for Compatibility / Compatible with / Fits
Pn6oyV4Ks5AcNbecjjlRHM,Meze Audio Empyrean Vegan Leather Ear Pads,meze-audio-empyrean-vegan-leather-ear-pads,Meze Audio,Accessory type,No matching field found for Accessory type / Type
Pn6oyV4Ks5AcNbecjjlRHM,Meze Audio Empyrean Vegan Leather Ear Pads,meze-audio-empyrean-vegan-leather-ear-pads,Meze Audio,Compatibility,No matching field found for Compatibility / Compatible with / Fits
Pn6oyV4Ks5AcNbecjjlbsh,Dekoni Audio Savior v2 | Universal Headphone Carrying Case,dekoni-audio-savior-v2-universal-headphone-carrying-case,Dekoni Audio,Accessory type,No matching field found for Accessory type / Type
Pn6oyV4Ks5AcNbecjjlbsh,Dekoni Audio Savior v2 | Universal Headphone Carrying Case,dekoni-audio-savior-v2-universal-headphone-carrying-case,Dekoni Audio,Compatibility,No matching field found for Compatibility / Compatible with / Fits
Pn6oyV4Ks5AcNbecjjohGV,64 Audio Nio In-Ear Headphones,64-audio-nio-in-ear-headphones,64 Audio,Wearing style,No matching field found for Wearing style
Pn6oyV4Ks5AcNbecjjohGV,64 Audio Nio In-Ear Headphones,64-audio-nio-in-ear-headphones,64 Audio,Driver type,No matching field found for Driver type / Driver Type
Pn6oyV4Ks5AcNbecjjohGV,64 Audio Nio In-Ear Headphones,64-audio-nio-in-ear-headphones,64 Audio,Connectivity,No matching field found for Connectivity
Pn6oyV4Ks5AcNbecjjohGV,64 Audio Nio In-Ear Headphones,64-audio-nio-in-ear-headphones,64 Audio,Connector / plug,No matching field found for Connector / Connector / plug
Pn6oyV4Ks5AcNbecjjohGV,64 Audio Nio In-Ear Headphones,64-audio-nio-in-ear-headphones,64 Audio,Microphone,No matching field found for Microphone / Microphones
Pn6oyV4Ks5AcNbecjjohGV,64 Audio Nio In-Ear Headphones,64-audio-nio-in-ear-headphones,64 Audio,Noise cancelling,No matching field found for Noise cancelling / Noise canceling / ANC / Active noise cancelling
Pn6oyV4Ks5AcNbecjjohGV,64 Audio Nio In-Ear Headphones,64-audio-nio-in-ear-headphones,64 Audio,Requires amplifier,No matching field found for Amp required / Requires amplifier / Amplifier required
Pn6oyV4Ks5AcNbecjjpRo3,Sennheiser IE 900 In-Ear Headphones,sennheiser-ie-900-in-ear-headphones,Sennheiser,Wearing style,No matching field found for Wearing style
Pn6oyV4Ks5AcNbecjjpRo3,Sennheiser IE 900 In-Ear Headphones,sennheiser-ie-900-in-ear-headphones,Sennheiser,Driver type,No matching field found for Driver type / Driver Type
Pn6oyV4Ks5AcNbecjjpRo3,Sennheiser IE 900 In-Ear Headphones,sennheiser-ie-900-in-ear-headphones,Sennheiser,Connectivity,No matching field found for Connectivity
Pn6oyV4Ks5AcNbecjjpRo3,Sennheiser IE 900 In-Ear Headphones,sennheiser-ie-900-in-ear-headphones,Sennheiser,Microphone,No matching field found for Microphone / Microphones
Pn6oyV4Ks5AcNbecjjpRo3,Sennheiser IE 900 In-Ear Headphones,sennheiser-ie-900-in-ear-headphones,Sennheiser,Noise cancelling,No matching field found for Noise cancelling / Noise canceling / ANC / Active noise cancelling
Pn6oyV4Ks5AcNbecjjpRo3,Sennheiser IE 900 In-Ear Headphones,sennheiser-ie-900-in-ear-headphones,Sennheiser,Requires amplifier,No matching field found for Amp required / Requires amplifier / Amplifier required
Pn6oyV4Ks5AcNbecjjpYAS,Sennheiser MOMENTUM True Wireless 4,sennheiser-momentum-true-wireless-4,Sennheiser,Wearing style,No matching field found for Wearing style
Pn6oyV4Ks5AcNbecjjpYAS,Sennheiser MOMENTUM True Wireless 4,sennheiser-momentum-true-wireless-4,Sennheiser,Driver type,No matching field found for Driver type / Driver Type
Pn6oyV4Ks5AcNbecjjpYAS,Sennheiser MOMENTUM True Wireless 4,sennheiser-momentum-true-wireless-4,Sennheiser,Connectivity,No matching field found for Connectivity
Pn6oyV4Ks5AcNbecjjpYAS,Sennheiser MOMENTUM True Wireless 4,sennheiser-momentum-true-wireless-4,Sennheiser,Connector / plug,No matching field found for Connector / Connector / plug
Pn6oyV4Ks5AcNbecjjpYAS,Sennheiser MOMENTUM True Wireless 4,sennheiser-momentum-true-wireless-4,Sennheiser,Microphone,No matching field found for Microphone / Microphones
Pn6oyV4Ks5AcNbecjjpYAS,Sennheiser MOMENTUM True Wireless 4,sennheiser-momentum-true-wireless-4,Sennheiser,Noise cancelling,No matching field found for Noise cancelling / Noise canceling / ANC / Active noise cancelling
Pn6oyV4Ks5AcNbecjjpYAS,Sennheiser MOMENTUM True Wireless 4,sennheiser-momentum-true-wireless-4,Sennheiser,Requires amplifier,No matching field found for Amp required / Requires amplifier / Amplifier required
Pn6oyV4Ks5AcNbecjjppVn,TRUTHEAR NOVA In-Ear Headphones,truthear-nova-in-ear-headphones,TRUTHEAR,Wearing style,No matching field found for Wearing style
Pn6oyV4Ks5AcNbecjjppVn,TRUTHEAR NOVA In-Ear Headphones,truthear-nova-in-ear-headphones,TRUTHEAR,Driver type,No matching field found for Driver type / Driver Type
Pn6oyV4Ks5AcNbecjjppVn,TRUTHEAR NOVA In-Ear Headphones,truthear-nova-in-ear-headphones,TRUTHEAR,Connectivity,No matching field found for Connectivity
Pn6oyV4Ks5AcNbecjjppVn,TRUTHEAR NOVA In-Ear Headphones,truthear-nova-in-ear-headphones,TRUTHEAR,Connector / plug,No matching field found for Connector / Connector / plug
Pn6oyV4Ks5AcNbecjjppVn,TRUTHEAR NOVA In-Ear Headphones,truthear-nova-in-ear-headphones,TRUTHEAR,Microphone,No matching field found for Microphone / Microphones
Pn6oyV4Ks5AcNbecjjppVn,TRUTHEAR NOVA In-Ear Headphones,truthear-nova-in-ear-headphones,TRUTHEAR,Noise cancelling,No matching field found for Noise cancelling / Noise canceling / ANC / Active noise cancelling
Pn6oyV4Ks5AcNbecjjppVn,TRUTHEAR NOVA In-Ear Headphones,truthear-nova-in-ear-headphones,TRUTHEAR,Requires amplifier,No matching field found for Amp required / Requires amplifier / Amplifier required
Pn6oyV4Ks5AcNbecjjpxmB,Dunu Studio SA6 MK2 In-Ear Headphones,dunu-studio-sa6-mk2-in-ear-headphones,Dunu,Wearing style,No matching field found for Wearing style
Pn6oyV4Ks5AcNbecjjpxmB,Dunu Studio SA6 MK2 In-Ear Headphones,dunu-studio-sa6-mk2-in-ear-headphones,Dunu,Driver type,No matching field found for Driver type / Driver Type
Pn6oyV4Ks5AcNbecjjpxmB,Dunu Studio SA6 MK2 In-Ear Headphones,dunu-studio-sa6-mk2-in-ear-headphones,Dunu,Connectivity,No matching field found for Connectivity
Pn6oyV4Ks5AcNbecjjpxmB,Dunu Studio SA6 MK2 In-Ear Headphones,dunu-studio-sa6-mk2-in-ear-headphones,Dunu,Connector / plug,No matching field found for Connector / Connector / plug
Pn6oyV4Ks5AcNbecjjpxmB,Dunu Studio SA6 MK2 In-Ear Headphones,dunu-studio-sa6-mk2-in-ear-headphones,Dunu,Microphone,No matching field found for Microphone / Microphones
Pn6oyV4Ks5AcNbecjjpxmB,Dunu Studio SA6 MK2 In-Ear Headphones,dunu-studio-sa6-mk2-in-ear-headphones,Dunu,Noise cancelling,No matching field found for Noise cancelling / Noise canceling / ANC / Active noise cancelling
Pn6oyV4Ks5AcNbecjjpxmB,Dunu Studio SA6 MK2 In-Ear Headphones,dunu-studio-sa6-mk2-in-ear-headphones,Dunu,Requires amplifier,No matching field found for Amp required / Requires amplifier / Amplifier required
Pn6oyV4Ks5AcNbecjjqHIM,Symphonium Audio Crimson In-Ear Headphones,symphonium-audio-crimson-in-ear-headphones,Symphonium Audio,Wearing style,No matching field found for Wearing style
Pn6oyV4Ks5AcNbecjjqHIM,Symphonium Audio Crimson In-Ear Headphones,symphonium-audio-crimson-in-ear-headphones,Symphonium Audio,Driver type,No matching field found for Driver type / Driver Type
Pn6oyV4Ks5AcNbecjjqHIM,Symphonium Audio Crimson In-Ear Headphones,symphonium-audio-crimson-in-ear-headphones,Symphonium Audio,Connectivity,No matching field found for Connectivity
Pn6oyV4Ks5AcNbecjjqHIM,Symphonium Audio Crimson In-Ear Headphones,symphonium-audio-crimson-in-ear-headphones,Symphonium Audio,Connector / plug,No matching field found for Connector / Connector / plug
Pn6oyV4Ks5AcNbecjjqHIM,Symphonium Audio Crimson In-Ear Headphones,symphonium-audio-crimson-in-ear-headphones,Symphonium Audio,Microphone,No matching field found for Microphone / Microphones
Pn6oyV4Ks5AcNbecjjqHIM,Symphonium Audio Crimson In-Ear Headphones,symphonium-audio-crimson-in-ear-headphones,Symphonium Audio,Noise cancelling,No matching field found for Noise cancelling / Noise canceling / ANC / Active noise cancelling
Pn6oyV4Ks5AcNbecjjqHIM,Symphonium Audio Crimson In-Ear Headphones,symphonium-audio-crimson-in-ear-headphones,Symphonium Audio,Requires amplifier,No matching field found for Amp required / Requires amplifier / Amplifier required
Pn6oyV4Ks5AcNbecjk66Sq,Astell&Kern A&norma SR35 Case | Protective Case,astell-kern-a-norma-sr35-case-protective-case,Astell&Kern,Accessory type,No matching field found for Accessory type / Type
Pn6oyV4Ks5AcNbecjk66Sq,Astell&Kern A&norma SR35 Case | Protective Case,astell-kern-a-norma-sr35-case-protective-case,Astell&Kern,Compatibility,No matching field found for Compatibility / Compatible with / Fits
Pn6oyV4Ks5AcNbecjk6Pve,Astell&Kern SP4000T Case | Premium Leather Case,astell-kern-sp4000t-case-premium-leather-case,Astell&Kern,Accessory type,No matching field found for Accessory type / Type
Pn6oyV4Ks5AcNbecjk6Pve,Astell&Kern SP4000T Case | Premium Leather Case,astell-kern-sp4000t-case-premium-leather-case,Astell&Kern,Compatibility,No matching field found for Compatibility / Compatible with / Fits
Pn6oyV4Ks5AcNbecjk6mXy,Campfire Audio IEM Case | IEM Case,campfire-audio-iem-case-iem-case,Campfire Audio,Accessory type,No matching field found for Accessory type / Type
Pn6oyV4Ks5AcNbecjk6mXy,Campfire Audio IEM Case | IEM Case,campfire-audio-iem-case-iem-case,Campfire Audio,Compatibility,No matching field found for Compatibility / Compatible with / Fits
Pn6oyV4Ks5AcNbecjk6xTX,Cayin CP6 Case | Leather Case for CP6,cayin-cp6-case-leather-case-for-cp6,Cayin,Accessory type,No matching field found for Accessory type / Type
Pn6oyV4Ks5AcNbecjk6xTX,Cayin CP6 Case | Leather Case for CP6,cayin-cp6-case-leather-case-for-cp6,Cayin,Compatibility,No matching field found for Compatibility / Compatible with / Fits
Pn6oyV4Ks5AcNbecjkRXld,"Replacement Earpads for the Fostex T20RP, T40RP, T50RP Series Headphones",replacement-earpads-for-the-fostex-t20rp-t40rp-t50rp-series-headphones,Dekoni Audio,Accessory type,No matching field found for Accessory type / Type
Pn6oyV4Ks5AcNbecjkRXld,"Replacement Earpads for the Fostex T20RP, T40RP, T50RP Series Headphones",replacement-earpads-for-the-fostex-t20rp-t40rp-t50rp-series-headphones,Dekoni Audio,Compatibility,No matching field found for Compatibility / Compatible with / Fits
Pn6oyV4Ks5AcNbecjkRkNh,Replacement Earpads for Dan Clark Audio Aeon 2 - Elite Sheepskin,replacement-earpads-for-dan-clark-audio-aeon-2-elite-sheepskin,Dekoni Audio,Accessory type,No matching field found for Accessory type / Type
Pn6oyV4Ks5AcNbecjkRkNh,Replacement Earpads for Dan Clark Audio Aeon 2 - Elite Sheepskin,replacement-earpads-for-dan-clark-audio-aeon-2-elite-sheepskin,Dekoni Audio,Compatibility,No matching field found for Compatibility / Compatible with / Fits
Pn6oyV4Ks5AcNbecjkS947,Dekoni Audio Memory Foam Upgrade Ear Pads for Sony Z1R Headphones Elite Sheepskin,dekoni-audio-memory-foam-upgrade-ear-pads-for-sony-z1r-headphones-elite-sheepskin,Dekoni Audio,Accessory type,No matching field found for Accessory type / Type
Pn6oyV4Ks5AcNbecjkS947,Dekoni Audio Memory Foam Upgrade Ear Pads for Sony Z1R Headphones Elite Sheepskin,dekoni-audio-memory-foam-upgrade-ear-pads-for-sony-z1r-headphones-elite-sheepskin,Dekoni Audio,Compatibility,No matching field found for Compatibility / Compatible with / Fits
Pn6oyV4Ks5AcNbecjkSCNk,Replacement Earpads for Audio Technica ATH-AD Series Open Back Audiophile Headphones - Elite Velour,replacement-earpads-for-audio-technica-ath-ad-series-open-back-audiophile-headphones-elite-velou,Dekoni Audio,Accessory type,No matching field found for Accessory type / Type
Pn6oyV4Ks5AcNbecjkSCNk,Replacement Earpads for Audio Technica ATH-AD Series Open Back Audiophile Headphones - Elite Velour,replacement-earpads-for-audio-technica-ath-ad-series-open-back-audiophile-headphones-elite-velou,Dekoni Audio,Compatibility,No matching field found for Compatibility / Compatible with / Fits
Pn6oyV4Ks5AcNbecjkSVqY,Denon DNP-2000NE Streaming Music Player and Preamplifier,denon-dnp-2000ne-streaming-music-player-and-preamplifier,Denon,Device type,No matching field found for Device type / Product type / Type
Pn6oyV4Ks5AcNbecjkSVqY,Denon DNP-2000NE Streaming Music Player and Preamplifier,denon-dnp-2000ne-streaming-music-player-and-preamplifier,Denon,Form factor,No matching field found for Form factor / Portability
Pn6oyV4Ks5AcNbecjkSVqY,Denon DNP-2000NE Streaming Music Player and Preamplifier,denon-dnp-2000ne-streaming-music-player-and-preamplifier,Denon,Amplification,No matching field found for Amplifier type / Amplification
Pn6oyV4Ks5AcNbecjkSVqY,Denon DNP-2000NE Streaming Music Player and Preamplifier,denon-dnp-2000ne-streaming-music-player-and-preamplifier,Denon,DAC included,No matching field found for DAC included / DAC / Built-in DAC
Pn6oyV4Ks5AcNbecjkSVqY,Denon DNP-2000NE Streaming Music Player and Preamplifier,denon-dnp-2000ne-streaming-music-player-and-preamplifier,Denon,Balanced output,No matching field found for Balanced output / Balanced / Balanced connection
Pn6oyV4Ks5AcNbecjkSVqY,Denon DNP-2000NE Streaming Music Player and Preamplifier,denon-dnp-2000ne-streaming-music-player-and-preamplifier,Denon,Outputs,"Field ""Outputs"" raw value ""RCA Outputs"" does not map to the closed vocabulary for Outputs"
Pn6oyV4Ks5AcNbecjkStf2,Cambridge Audio DacMagic 200M,cambridge-audio-dacmagic-200m,Cambridge Audio,Device type,No matching field found for Device type / Product type / Type
Pn6oyV4Ks5AcNbecjkStf2,Cambridge Audio DacMagic 200M,cambridge-audio-dacmagic-200m,Cambridge Audio,Form factor,No matching field found for Form factor / Portability
Pn6oyV4Ks5AcNbecjkStf2,Cambridge Audio DacMagic 200M,cambridge-audio-dacmagic-200m,Cambridge Audio,Amplification,No matching field found for Amplifier type / Amplification
Pn6oyV4Ks5AcNbecjkStf2,Cambridge Audio DacMagic 200M,cambridge-audio-dacmagic-200m,Cambridge Audio,DAC included,No matching field found for DAC included / DAC / Built-in DAC
Pn6oyV4Ks5AcNbecjkStf2,Cambridge Audio DacMagic 200M,cambridge-audio-dacmagic-200m,Cambridge Audio,Balanced output,No matching field found for Balanced output / Balanced / Balanced connection
Pn6oyV4Ks5AcNbecjkStf2,Cambridge Audio DacMagic 200M,cambridge-audio-dacmagic-200m,Cambridge Audio,Inputs,No matching field found for Inputs / Input
Pn6oyV4Ks5AcNbecjkStf2,Cambridge Audio DacMagic 200M,cambridge-audio-dacmagic-200m,Cambridge Audio,Outputs,No matching field found for Outputs / Output
Pn6oyV4Ks5AcNbecjkSwUK,Cambridge Audio DacMagic 100,cambridge-audio-dacmagic-100,Cambridge Audio,Device type,"Field ""Type"" raw value ""Desktop external DAC"" does not map to the closed vocabulary for Device type"
Pn6oyV4Ks5AcNbecjkSwUK,Cambridge Audio DacMagic 100,cambridge-audio-dacmagic-100,Cambridge Audio,Form factor,No matching field found for Form factor / Portability
Pn6oyV4Ks5AcNbecjkSwUK,Cambridge Audio DacMagic 100,cambridge-audio-dacmagic-100,Cambridge Audio,Amplification,No matching field found for Amplifier type / Amplification
Pn6oyV4Ks5AcNbecjkSwUK,Cambridge Audio DacMagic 100,cambridge-audio-dacmagic-100,Cambridge Audio,DAC included,No matching field found for DAC included / DAC / Built-in DAC
Pn6oyV4Ks5AcNbecjkSwUK,Cambridge Audio DacMagic 100,cambridge-audio-dacmagic-100,Cambridge Audio,Balanced output,No matching field found for Balanced output / Balanced / Balanced connection
Pn6oyV4Ks5AcNbecjkSwUK,Cambridge Audio DacMagic 100,cambridge-audio-dacmagic-100,Cambridge Audio,Outputs,"Field ""Outputs"" raw value ""1 x Stereo RCA line out"" does not map to the closed vocabulary for Outputs"
Pn6oyV4Ks5AcNbecjkT8mA,Burson Audio Conductor 3x Grand Tourer Desktop DAC & Amp,burson-audio-conductor-3x-grand-tourer-desktop-dac-amp,Burson Audio,Device type,No matching field found for Device type / Product type / Type
Pn6oyV4Ks5AcNbecjkT8mA,Burson Audio Conductor 3x Grand Tourer Desktop DAC & Amp,burson-audio-conductor-3x-grand-tourer-desktop-dac-amp,Burson Audio,Form factor,No matching field found for Form factor / Portability
Pn6oyV4Ks5AcNbecjkT8mA,Burson Audio Conductor 3x Grand Tourer Desktop DAC & Amp,burson-audio-conductor-3x-grand-tourer-desktop-dac-amp,Burson Audio,Amplification,No matching field found for Amplifier type / Amplification
Pn6oyV4Ks5AcNbecjkT8mA,Burson Audio Conductor 3x Grand Tourer Desktop DAC & Amp,burson-audio-conductor-3x-grand-tourer-desktop-dac-amp,Burson Audio,DAC included,No matching field found for DAC included / DAC / Built-in DAC
Pn6oyV4Ks5AcNbecjkT8mA,Burson Audio Conductor 3x Grand Tourer Desktop DAC & Amp,burson-audio-conductor-3x-grand-tourer-desktop-dac-amp,Burson Audio,Balanced output,No matching field found for Balanced output / Balanced / Balanced connection
Pn6oyV4Ks5AcNbecjkT8mA,Burson Audio Conductor 3x Grand Tourer Desktop DAC & Amp,burson-audio-conductor-3x-grand-tourer-desktop-dac-amp,Burson Audio,Inputs,No matching field found for Inputs / Input
Pn6oyV4Ks5AcNbecjkT8mA,Burson Audio Conductor 3x Grand Tourer Desktop DAC & Amp,burson-audio-conductor-3x-grand-tourer-desktop-dac-amp,Burson Audio,Outputs,No matching field found for Outputs / Output
Pn6oyV4Ks5AcNbecjkTAjW,Burson Audio Conductor 3x Performance - Open Box,burson-audio-conductor-3x-performance-open-box,Burson Audio,Device type,No matching field found for Device type / Product type / Type
Pn6oyV4Ks5AcNbecjkTAjW,Burson Audio Conductor 3x Performance - Open Box,burson-audio-conductor-3x-performance-open-box,Burson Audio,Form factor,No matching field found for Form factor / Portability
Pn6oyV4Ks5AcNbecjkTAjW,Burson Audio Conductor 3x Performance - Open Box,burson-audio-conductor-3x-performance-open-box,Burson Audio,Amplification,No matching field found for Amplifier type / Amplification
Pn6oyV4Ks5AcNbecjkTAjW,Burson Audio Conductor 3x Performance - Open Box,burson-audio-conductor-3x-performance-open-box,Burson Audio,DAC included,No matching field found for DAC included / DAC / Built-in DAC
Pn6oyV4Ks5AcNbecjkTAjW,Burson Audio Conductor 3x Performance - Open Box,burson-audio-conductor-3x-performance-open-box,Burson Audio,Balanced output,No matching field found for Balanced output / Balanced / Balanced connection
Pn6oyV4Ks5AcNbecjkTAjW,Burson Audio Conductor 3x Performance - Open Box,burson-audio-conductor-3x-performance-open-box,Burson Audio,Inputs,No matching field found for Inputs / Input
Pn6oyV4Ks5AcNbecjkTAjW,Burson Audio Conductor 3x Performance - Open Box,burson-audio-conductor-3x-performance-open-box,Burson Audio,Outputs,No matching field found for Outputs / Output
Pn6oyV4Ks5AcNbecjkTEhb,Burson Audio Timekeeper 3i Reference Integrated Amp & DAC,burson-audio-timekeeper-3i-reference-integrated-amp-dac,Burson Audio,Device type,No matching field found for Device type / Product type / Type
Pn6oyV4Ks5AcNbecjkTEhb,Burson Audio Timekeeper 3i Reference Integrated Amp & DAC,burson-audio-timekeeper-3i-reference-integrated-amp-dac,Burson Audio,Form factor,No matching field found for Form factor / Portability
Pn6oyV4Ks5AcNbecjkTEhb,Burson Audio Timekeeper 3i Reference Integrated Amp & DAC,burson-audio-timekeeper-3i-reference-integrated-amp-dac,Burson Audio,Amplification,No matching field found for Amplifier type / Amplification
Pn6oyV4Ks5AcNbecjkTEhb,Burson Audio Timekeeper 3i Reference Integrated Amp & DAC,burson-audio-timekeeper-3i-reference-integrated-amp-dac,Burson Audio,DAC included,No matching field found for DAC included / DAC / Built-in DAC
Pn6oyV4Ks5AcNbecjkTEhb,Burson Audio Timekeeper 3i Reference Integrated Amp & DAC,burson-audio-timekeeper-3i-reference-integrated-amp-dac,Burson Audio,Balanced output,No matching field found for Balanced output / Balanced / Balanced connection
Pn6oyV4Ks5AcNbecjkTEhb,Burson Audio Timekeeper 3i Reference Integrated Amp & DAC,burson-audio-timekeeper-3i-reference-integrated-amp-dac,Burson Audio,Inputs,No matching field found for Inputs / Input
Pn6oyV4Ks5AcNbecjkTEhb,Burson Audio Timekeeper 3i Reference Integrated Amp & DAC,burson-audio-timekeeper-3i-reference-integrated-amp-dac,Burson Audio,Outputs,No matching field found for Outputs / Output
Pn6oyV4Ks5AcNbecjkTGp4,Burson Audio Conductor 3 GT,burson-audio-conductor-3-gt,Burson Audio,Device type,No matching field found for Device type / Product type / Type
Pn6oyV4Ks5AcNbecjkTGp4,Burson Audio Conductor 3 GT,burson-audio-conductor-3-gt,Burson Audio,Form factor,No matching field found for Form factor / Portability
Pn6oyV4Ks5AcNbecjkTGp4,Burson Audio Conductor 3 GT,burson-audio-conductor-3-gt,Burson Audio,Amplification,No matching field found for Amplifier type / Amplification
Pn6oyV4Ks5AcNbecjkTGp4,Burson Audio Conductor 3 GT,burson-audio-conductor-3-gt,Burson Audio,DAC included,No matching field found for DAC included / DAC / Built-in DAC
Pn6oyV4Ks5AcNbecjkTGp4,Burson Audio Conductor 3 GT,burson-audio-conductor-3-gt,Burson Audio,Balanced output,No matching field found for Balanced output / Balanced / Balanced connection
Pn6oyV4Ks5AcNbecjkTGp4,Burson Audio Conductor 3 GT,burson-audio-conductor-3-gt,Burson Audio,Outputs,"Field ""Outputs"" raw value ""2 x RCA Pre Amp/Line-Level DAC Out, 1XSubwoofer Pre Amp, 1 x 6.3mm & 1 x XLR Headphone Jack"" does not map to the closed vocabulary for Outputs"
Pn6oyV4Ks5AcNbecjkTTlM,Chord Electronics Hugo TT2 - Open Box,chord-electronics-hugo-tt2-open-box,Chord Electronics,Device type,No matching field found for Device type / Product type / Type
Pn6oyV4Ks5AcNbecjkTTlM,Chord Electronics Hugo TT2 - Open Box,chord-electronics-hugo-tt2-open-box,Chord Electronics,Form factor,No matching field found for Form factor / Portability
Pn6oyV4Ks5AcNbecjkTTlM,Chord Electronics Hugo TT2 - Open Box,chord-electronics-hugo-tt2-open-box,Chord Electronics,Amplification,No matching field found for Amplifier type / Amplification
Pn6oyV4Ks5AcNbecjkTTlM,Chord Electronics Hugo TT2 - Open Box,chord-electronics-hugo-tt2-open-box,Chord Electronics,DAC included,No matching field found for DAC included / DAC / Built-in DAC
Pn6oyV4Ks5AcNbecjkTTlM,Chord Electronics Hugo TT2 - Open Box,chord-electronics-hugo-tt2-open-box,Chord Electronics,Balanced output,No matching field found for Balanced output / Balanced / Balanced connection
Pn6oyV4Ks5AcNbecjkTTlM,Chord Electronics Hugo TT2 - Open Box,chord-electronics-hugo-tt2-open-box,Chord Electronics,Inputs,No matching field found for Inputs / Input
Pn6oyV4Ks5AcNbecjkTTlM,Chord Electronics Hugo TT2 - Open Box,chord-electronics-hugo-tt2-open-box,Chord Electronics,Outputs,No matching field found for Outputs / Output
Pn6oyV4Ks5AcNbecjkThBz,Eversolo DAC-Z8 Desktop DAC and Amp,eversolo-dac-z8-desktop-dac-and-amp,Eversolo,Device type,No matching field found for Device type / Product type / Type
Pn6oyV4Ks5AcNbecjkThBz,Eversolo DAC-Z8 Desktop DAC and Amp,eversolo-dac-z8-desktop-dac-and-amp,Eversolo,Form factor,No matching field found for Form factor / Portability
Pn6oyV4Ks5AcNbecjkThBz,Eversolo DAC-Z8 Desktop DAC and Amp,eversolo-dac-z8-desktop-dac-and-amp,Eversolo,Amplification,No matching field found for Amplifier type / Amplification
Pn6oyV4Ks5AcNbecjkThBz,Eversolo DAC-Z8 Desktop DAC and Amp,eversolo-dac-z8-desktop-dac-and-amp,Eversolo,DAC included,"Field ""DAC"" raw value ""ES 9038Pro"" does not map to the closed vocabulary for DAC included"
Pn6oyV4Ks5AcNbecjkThBz,Eversolo DAC-Z8 Desktop DAC and Amp,eversolo-dac-z8-desktop-dac-and-amp,Eversolo,Balanced output,No matching field found for Balanced output / Balanced / Balanced connection
Pn6oyV4Ks5AcNbecjkThBz,Eversolo DAC-Z8 Desktop DAC and Amp,eversolo-dac-z8-desktop-dac-and-amp,Eversolo,Inputs,No matching field found for Inputs / Input
Pn6oyV4Ks5AcNbecjkThBz,Eversolo DAC-Z8 Desktop DAC and Amp,eversolo-dac-z8-desktop-dac-and-amp,Eversolo,Outputs,No matching field found for Outputs / Output
Pn6oyV4Ks5AcNbecjkTlXf,Ferrum WANDLA HP DAC and Headphone Amplifier,ferrum-wandla-hp-dac-and-headphone-amplifier,Ferrum Audio,Device type,No matching field found for Device type / Product type / Type
Pn6oyV4Ks5AcNbecjkTlXf,Ferrum WANDLA HP DAC and Headphone Amplifier,ferrum-wandla-hp-dac-and-headphone-amplifier,Ferrum Audio,Form factor,No matching field found for Form factor / Portability
Pn6oyV4Ks5AcNbecjkTlXf,Ferrum WANDLA HP DAC and Headphone Amplifier,ferrum-wandla-hp-dac-and-headphone-amplifier,Ferrum Audio,Amplification,No matching field found for Amplifier type / Amplification
Pn6oyV4Ks5AcNbecjkTlXf,Ferrum WANDLA HP DAC and Headphone Amplifier,ferrum-wandla-hp-dac-and-headphone-amplifier,Ferrum Audio,DAC included,No matching field found for DAC included / DAC / Built-in DAC
Pn6oyV4Ks5AcNbecjkTlXf,Ferrum WANDLA HP DAC and Headphone Amplifier,ferrum-wandla-hp-dac-and-headphone-amplifier,Ferrum Audio,Balanced output,No matching field found for Balanced output / Balanced / Balanced connection
Pn6oyV4Ks5AcNbecjkTlXf,Ferrum WANDLA HP DAC and Headphone Amplifier,ferrum-wandla-hp-dac-and-headphone-amplifier,Ferrum Audio,Inputs,No matching field found for Inputs / Input
Pn6oyV4Ks5AcNbecjkTlXf,Ferrum WANDLA HP DAC and Headphone Amplifier,ferrum-wandla-hp-dac-and-headphone-amplifier,Ferrum Audio,Outputs,"Field ""Outputs"" raw value ""XLR (Balanced), RCA (Unbalanced)"" does not map to the closed vocabulary for Outputs"
Pn6oyV4Ks5AcNbecjkU57D,EarMen ST-Amp Fully Balanced DAC and Headphone Amplifier,earmen-st-amp-fully-balanced-dac-and-headphone-amplifier,EarMen,Device type,No matching field found for Device type / Product type / Type
Pn6oyV4Ks5AcNbecjkU57D,EarMen ST-Amp Fully Balanced DAC and Headphone Amplifier,earmen-st-amp-fully-balanced-dac-and-headphone-amplifier,EarMen,Form factor,No matching field found for Form factor / Portability
Pn6oyV4Ks5AcNbecjkU57D,EarMen ST-Amp Fully Balanced DAC and Headphone Amplifier,earmen-st-amp-fully-balanced-dac-and-headphone-amplifier,EarMen,Amplification,No matching field found for Amplifier type / Amplification
Pn6oyV4Ks5AcNbecjkU57D,EarMen ST-Amp Fully Balanced DAC and Headphone Amplifier,earmen-st-amp-fully-balanced-dac-and-headphone-amplifier,EarMen,DAC included,No matching field found for DAC included / DAC / Built-in DAC
Pn6oyV4Ks5AcNbecjkU57D,EarMen ST-Amp Fully Balanced DAC and Headphone Amplifier,earmen-st-amp-fully-balanced-dac-and-headphone-amplifier,EarMen,Balanced output,No matching field found for Balanced output / Balanced / Balanced connection
Pn6oyV4Ks5AcNbecjkU57D,EarMen ST-Amp Fully Balanced DAC and Headphone Amplifier,earmen-st-amp-fully-balanced-dac-and-headphone-amplifier,EarMen,Inputs,No matching field found for Inputs / Input
Pn6oyV4Ks5AcNbecjkU57D,EarMen ST-Amp Fully Balanced DAC and Headphone Amplifier,earmen-st-amp-fully-balanced-dac-and-headphone-amplifier,EarMen,Outputs,No matching field found for Outputs / Output
Pn6oyV4Ks5AcNbecjkUefp,EarMen Ch-Amp Headphone Amplifier - Open Box,earmen-ch-amp-headphone-amplifier-open-box,EarMen,Device type,No matching field found for Device type / Product type / Type
Pn6oyV4Ks5AcNbecjkUefp,EarMen Ch-Amp Headphone Amplifier - Open Box,earmen-ch-amp-headphone-amplifier-open-box,EarMen,Form factor,No matching field found for Form factor / Portability
Pn6oyV4Ks5AcNbecjkUefp,EarMen Ch-Amp Headphone Amplifier - Open Box,earmen-ch-amp-headphone-amplifier-open-box,EarMen,Amplification,No matching field found for Amplifier type / Amplification
Pn6oyV4Ks5AcNbecjkUefp,EarMen Ch-Amp Headphone Amplifier - Open Box,earmen-ch-amp-headphone-amplifier-open-box,EarMen,DAC included,No matching field found for DAC included / DAC / Built-in DAC
Pn6oyV4Ks5AcNbecjkUefp,EarMen Ch-Amp Headphone Amplifier - Open Box,earmen-ch-amp-headphone-amplifier-open-box,EarMen,Balanced output,No matching field found for Balanced output / Balanced / Balanced connection
Pn6oyV4Ks5AcNbecjkUefp,EarMen Ch-Amp Headphone Amplifier - Open Box,earmen-ch-amp-headphone-amplifier-open-box,EarMen,Inputs,No matching field found for Inputs / Input
Pn6oyV4Ks5AcNbecjkUefp,EarMen Ch-Amp Headphone Amplifier - Open Box,earmen-ch-amp-headphone-amplifier-open-box,EarMen,Outputs,No matching field found for Outputs / Output
Pn6oyV4Ks5AcNbecjkV2A5,Hifiman Prelude Headphone Amplifier,hifiman-prelude-headphone-amplifier,HiFiMan,Device type,No matching field found for Device type / Product type / Type
Pn6oyV4Ks5AcNbecjkV2A5,Hifiman Prelude Headphone Amplifier,hifiman-prelude-headphone-amplifier,HiFiMan,Form factor,No matching field found for Form factor / Portability
Pn6oyV4Ks5AcNbecjkV2A5,Hifiman Prelude Headphone Amplifier,hifiman-prelude-headphone-amplifier,HiFiMan,Amplification,No matching field found for Amplifier type / Amplification
Pn6oyV4Ks5AcNbecjkV2A5,Hifiman Prelude Headphone Amplifier,hifiman-prelude-headphone-amplifier,HiFiMan,DAC included,No matching field found for DAC included / DAC / Built-in DAC
Pn6oyV4Ks5AcNbecjkV2A5,Hifiman Prelude Headphone Amplifier,hifiman-prelude-headphone-amplifier,HiFiMan,Balanced output,No matching field found for Balanced output / Balanced / Balanced connection
Pn6oyV4Ks5AcNbecjkV2A5,Hifiman Prelude Headphone Amplifier,hifiman-prelude-headphone-amplifier,HiFiMan,Inputs,No matching field found for Inputs / Input
Pn6oyV4Ks5AcNbecjkV2A5,Hifiman Prelude Headphone Amplifier,hifiman-prelude-headphone-amplifier,HiFiMan,Outputs,No matching field found for Outputs / Output
Pn6oyV4Ks5AcNbecjkVKDF,Enleum HPA-23rm Headphone Amplifier,enleum-hpa-23rm-headphone-amplifier,Enleum,Device type,No matching field found for Device type / Product type / Type
Pn6oyV4Ks5AcNbecjkVKDF,Enleum HPA-23rm Headphone Amplifier,enleum-hpa-23rm-headphone-amplifier,Enleum,Form factor,No matching field found for Form factor / Portability
Pn6oyV4Ks5AcNbecjkVKDF,Enleum HPA-23rm Headphone Amplifier,enleum-hpa-23rm-headphone-amplifier,Enleum,Amplification,No matching field found for Amplifier type / Amplification
Pn6oyV4Ks5AcNbecjkVKDF,Enleum HPA-23rm Headphone Amplifier,enleum-hpa-23rm-headphone-amplifier,Enleum,DAC included,No matching field found for DAC included / DAC / Built-in DAC
Pn6oyV4Ks5AcNbecjkVKDF,Enleum HPA-23rm Headphone Amplifier,enleum-hpa-23rm-headphone-amplifier,Enleum,Balanced output,No matching field found for Balanced output / Balanced / Balanced connection
Pn6oyV4Ks5AcNbecjkVKDF,Enleum HPA-23rm Headphone Amplifier,enleum-hpa-23rm-headphone-amplifier,Enleum,Outputs,"Field ""Output"" raw value ""1/4"" (Current Output) and 1/8"" (Voltage Output) Headphone Jacks"" does not map to the closed vocabulary for Outputs"
Pn6oyV4Ks5AcNbecjkVOLR,Enleum Amp 23-RMH Headphone Amplifier,enleum-amp-23-rmh-headphone-amplifier,Enleum,Device type,"Field ""Product Type"" raw value ""Reference headphone amplifier"" does not map to the closed vocabulary for Device type"
Pn6oyV4Ks5AcNbecjkVOLR,Enleum Amp 23-RMH Headphone Amplifier,enleum-amp-23-rmh-headphone-amplifier,Enleum,Form factor,No matching field found for Form factor / Portability
Pn6oyV4Ks5AcNbecjkVOLR,Enleum Amp 23-RMH Headphone Amplifier,enleum-amp-23-rmh-headphone-amplifier,Enleum,Amplification,No matching field found for Amplifier type / Amplification
Pn6oyV4Ks5AcNbecjkVOLR,Enleum Amp 23-RMH Headphone Amplifier,enleum-amp-23-rmh-headphone-amplifier,Enleum,DAC included,No matching field found for DAC included / DAC / Built-in DAC
Pn6oyV4Ks5AcNbecjkVOLR,Enleum Amp 23-RMH Headphone Amplifier,enleum-amp-23-rmh-headphone-amplifier,Enleum,Balanced output,No matching field found for Balanced output / Balanced / Balanced connection
Pn6oyV4Ks5AcNbecjkVOLR,Enleum Amp 23-RMH Headphone Amplifier,enleum-amp-23-rmh-headphone-amplifier,Enleum,Outputs,No matching field found for Outputs / Output
Pn6oyV4Ks5AcNbecjkWvRG,"Dekoni Audio Ensemble 4.4mm 64"" Braided Cable with 4-pin Mini XLR Headphone Connectors",dekoni-audio-ensemble-4-4mm-64-braided-cable-with-4-pin-mini-xlr-headphone-connectors,Dekoni Audio,Accessory type,No matching field found for Accessory type / Type
Pn6oyV4Ks5AcNbecjkWvRG,"Dekoni Audio Ensemble 4.4mm 64"" Braided Cable with 4-pin Mini XLR Headphone Connectors",dekoni-audio-ensemble-4-4mm-64-braided-cable-with-4-pin-mini-xlr-headphone-connectors,Dekoni Audio,Connector / termination,No matching field found for Connector / termination / Connector / Termination
Pn6oyV4Ks5AcNbecjkWvRG,"Dekoni Audio Ensemble 4.4mm 64"" Braided Cable with 4-pin Mini XLR Headphone Connectors",dekoni-audio-ensemble-4-4mm-64-braided-cable-with-4-pin-mini-xlr-headphone-connectors,Dekoni Audio,Compatibility,No matching field found for Compatibility / Compatible with / Fits
Pn6oyV4Ks5AcNbecjkXHP8,Dekoni Audio Ensemble Post-Split Nylon Wrapped Cable with Single 3-pin Mini XLR,dekoni-audio-ensemble-post-split-nylon-wrapped-cable-with-single-3-pin-mini-xlr,Dekoni Audio,Accessory type,No matching field found for Accessory type / Type
Pn6oyV4Ks5AcNbecjkXHP8,Dekoni Audio Ensemble Post-Split Nylon Wrapped Cable with Single 3-pin Mini XLR,dekoni-audio-ensemble-post-split-nylon-wrapped-cable-with-single-3-pin-mini-xlr,Dekoni Audio,Connector / termination,No matching field found for Connector / termination / Connector / Termination
Pn6oyV4Ks5AcNbecjkXHP8,Dekoni Audio Ensemble Post-Split Nylon Wrapped Cable with Single 3-pin Mini XLR,dekoni-audio-ensemble-post-split-nylon-wrapped-cable-with-single-3-pin-mini-xlr,Dekoni Audio,Compatibility,No matching field found for Compatibility / Compatible with / Fits
Pn6oyV4Ks5AcNbecjkXZj9,"Dekoni Audio Ensemble 1/8"" 64"" Braided Cable with HD600 Headphone Connectors",dekoni-audio-ensemble-1-8-64-braided-cable-with-hd600-headphone-connectors,Dekoni Audio,Accessory type,No matching field found for Accessory type / Type
Pn6oyV4Ks5AcNbecjkXZj9,"Dekoni Audio Ensemble 1/8"" 64"" Braided Cable with HD600 Headphone Connectors",dekoni-audio-ensemble-1-8-64-braided-cable-with-hd600-headphone-connectors,Dekoni Audio,Connector / termination,No matching field found for Connector / termination / Connector / Termination
Pn6oyV4Ks5AcNbecjkXZj9,"Dekoni Audio Ensemble 1/8"" 64"" Braided Cable with HD600 Headphone Connectors",dekoni-audio-ensemble-1-8-64-braided-cable-with-hd600-headphone-connectors,Dekoni Audio,Compatibility,No matching field found for Compatibility / Compatible with / Fits
Pn6oyV4Ks5AcNbecjkXxA2,"Dekoni Audio Ensemble 4.4mm 52"" Braided Cable with 4-pin Mini XLR Headphone Connectors",dekoni-audio-ensemble-4-4mm-52-braided-cable-with-4-pin-mini-xlr-headphone-connectors,Dekoni Audio,Accessory type,No matching field found for Accessory type / Type
Pn6oyV4Ks5AcNbecjkXxA2,"Dekoni Audio Ensemble 4.4mm 52"" Braided Cable with 4-pin Mini XLR Headphone Connectors",dekoni-audio-ensemble-4-4mm-52-braided-cable-with-4-pin-mini-xlr-headphone-connectors,Dekoni Audio,Connector / termination,No matching field found for Connector / termination / Connector / Termination
Pn6oyV4Ks5AcNbecjkXxA2,"Dekoni Audio Ensemble 4.4mm 52"" Braided Cable with 4-pin Mini XLR Headphone Connectors",dekoni-audio-ensemble-4-4mm-52-braided-cable-with-4-pin-mini-xlr-headphone-connectors,Dekoni Audio,Compatibility,No matching field found for Compatibility / Compatible with / Fits
Pn6oyV4Ks5AcNbecjkYFoH,"Dekoni Audio Ensemble 1/8"" 64"" Braided Cable with 3.5mm Headphone Connectors",dekoni-audio-ensemble-1-8-64-braided-cable-with-3-5mm-headphone-connectors,Dekoni Audio,Accessory type,No matching field found for Accessory type / Type
Pn6oyV4Ks5AcNbecjkYFoH,"Dekoni Audio Ensemble 1/8"" 64"" Braided Cable with 3.5mm Headphone Connectors",dekoni-audio-ensemble-1-8-64-braided-cable-with-3-5mm-headphone-connectors,Dekoni Audio,Connector / termination,No matching field found for Connector / termination / Connector / Termination
Pn6oyV4Ks5AcNbecjkYFoH,"Dekoni Audio Ensemble 1/8"" 64"" Braided Cable with 3.5mm Headphone Connectors",dekoni-audio-ensemble-1-8-64-braided-cable-with-3-5mm-headphone-connectors,Dekoni Audio,Compatibility,No matching field found for Compatibility / Compatible with / Fits
Pn6oyV4Ks5AcNbecjkYRpG,"Dekoni Audio Ensemble 4.4mm 64"" Nylon Wrapped Cable with 3.5mm Headphone Connectors",dekoni-audio-ensemble-4-4mm-64-nylon-wrapped-cable-with-3-5mm-headphone-connectors,Dekoni Audio,Accessory type,No matching field found for Accessory type / Type
Pn6oyV4Ks5AcNbecjkYRpG,"Dekoni Audio Ensemble 4.4mm 64"" Nylon Wrapped Cable with 3.5mm Headphone Connectors",dekoni-audio-ensemble-4-4mm-64-nylon-wrapped-cable-with-3-5mm-headphone-connectors,Dekoni Audio,Connector / termination,No matching field found for Connector / termination / Connector / Termination
Pn6oyV4Ks5AcNbecjkYRpG,"Dekoni Audio Ensemble 4.4mm 64"" Nylon Wrapped Cable with 3.5mm Headphone Connectors",dekoni-audio-ensemble-4-4mm-64-nylon-wrapped-cable-with-3-5mm-headphone-connectors,Dekoni Audio,Compatibility,No matching field found for Compatibility / Compatible with / Fits
Pn6oyV4Ks5AcNbecjkYeAT,"Dekoni Audio Ensemble 4-Pin XLR 52"" PCUHD Cable with 4-pin Mini XLR Headphone Connectors",dekoni-audio-ensemble-4-pin-xlr-52-pcuhd-cable-with-4-pin-mini-xlr-headphone-connectors,Dekoni Audio,Accessory type,No matching field found for Accessory type / Type
Pn6oyV4Ks5AcNbecjkYeAT,"Dekoni Audio Ensemble 4-Pin XLR 52"" PCUHD Cable with 4-pin Mini XLR Headphone Connectors",dekoni-audio-ensemble-4-pin-xlr-52-pcuhd-cable-with-4-pin-mini-xlr-headphone-connectors,Dekoni Audio,Connector / termination,No matching field found for Connector / termination / Connector / Termination
Pn6oyV4Ks5AcNbecjkYeAT,"Dekoni Audio Ensemble 4-Pin XLR 52"" PCUHD Cable with 4-pin Mini XLR Headphone Connectors",dekoni-audio-ensemble-4-pin-xlr-52-pcuhd-cable-with-4-pin-mini-xlr-headphone-connectors,Dekoni Audio,Compatibility,No matching field found for Compatibility / Compatible with / Fits
Pn6oyV4Ks5AcNbecjkZ08L,"Dekoni Audio Ensemble 1/4"" 52"" Nylon Wrapped Cable with HD600 Headphone Connectors",dekoni-audio-ensemble-1-4-52-nylon-wrapped-cable-with-hd600-headphone-connectors,Dekoni Audio,Accessory type,No matching field found for Accessory type / Type
Pn6oyV4Ks5AcNbecjkZ08L,"Dekoni Audio Ensemble 1/4"" 52"" Nylon Wrapped Cable with HD600 Headphone Connectors",dekoni-audio-ensemble-1-4-52-nylon-wrapped-cable-with-hd600-headphone-connectors,Dekoni Audio,Connector / termination,No matching field found for Connector / termination / Connector / Termination
Pn6oyV4Ks5AcNbecjkZ08L,"Dekoni Audio Ensemble 1/4"" 52"" Nylon Wrapped Cable with HD600 Headphone Connectors",dekoni-audio-ensemble-1-4-52-nylon-wrapped-cable-with-hd600-headphone-connectors,Dekoni Audio,Compatibility,No matching field found for Compatibility / Compatible with / Fits
Pn6oyV4Ks5AcNbecjkZ5FD,"Dekoni Audio Ensemble 1/4"" 52"" Nylon Wrapped Cable with 3.5mm Headphone Connectors",dekoni-audio-ensemble-1-4-52-nylon-wrapped-cable-with-3-5mm-headphone-connectors,Dekoni Audio,Accessory type,No matching field found for Accessory type / Type
Pn6oyV4Ks5AcNbecjkZ5FD,"Dekoni Audio Ensemble 1/4"" 52"" Nylon Wrapped Cable with 3.5mm Headphone Connectors",dekoni-audio-ensemble-1-4-52-nylon-wrapped-cable-with-3-5mm-headphone-connectors,Dekoni Audio,Connector / termination,No matching field found for Connector / termination / Connector / Termination
Pn6oyV4Ks5AcNbecjkZ5FD,"Dekoni Audio Ensemble 1/4"" 52"" Nylon Wrapped Cable with 3.5mm Headphone Connectors",dekoni-audio-ensemble-1-4-52-nylon-wrapped-cable-with-3-5mm-headphone-connectors,Dekoni Audio,Compatibility,No matching field found for Compatibility / Compatible with / Fits
Pn6oyV4Ks5AcNbecjkZ7Mg,"Dekoni Audio Ensemble 1/4"" 52"" Braided Cable with 4-pin Mini XLR Headphone Connectors",dekoni-audio-ensemble-1-4-52-braided-cable-with-4-pin-mini-xlr-headphone-connectors,Dekoni Audio,Accessory type,No matching field found for Accessory type / Type
Pn6oyV4Ks5AcNbecjkZ7Mg,"Dekoni Audio Ensemble 1/4"" 52"" Braided Cable with 4-pin Mini XLR Headphone Connectors",dekoni-audio-ensemble-1-4-52-braided-cable-with-4-pin-mini-xlr-headphone-connectors,Dekoni Audio,Connector / termination,No matching field found for Connector / termination / Connector / Termination
Pn6oyV4Ks5AcNbecjkZ7Mg,"Dekoni Audio Ensemble 1/4"" 52"" Braided Cable with 4-pin Mini XLR Headphone Connectors",dekoni-audio-ensemble-1-4-52-braided-cable-with-4-pin-mini-xlr-headphone-connectors,Dekoni Audio,Compatibility,No matching field found for Compatibility / Compatible with / Fits
Pn6oyV4Ks5AcNbecjkZv3k,"Dekoni Audio Ensemble 1/8"" 64"" Nylon Jacket Cable with 3.5mm Headphone Connectors",dekoni-audio-ensemble-1-8-64-nylon-jacket-cable-with-3-5mm-headphone-connectors,Dekoni Audio,Accessory type,No matching field found for Accessory type / Type
Pn6oyV4Ks5AcNbecjkZv3k,"Dekoni Audio Ensemble 1/8"" 64"" Nylon Jacket Cable with 3.5mm Headphone Connectors",dekoni-audio-ensemble-1-8-64-nylon-jacket-cable-with-3-5mm-headphone-connectors,Dekoni Audio,Connector / termination,No matching field found for Connector / termination / Connector / Termination
Pn6oyV4Ks5AcNbecjkZv3k,"Dekoni Audio Ensemble 1/8"" 64"" Nylon Jacket Cable with 3.5mm Headphone Connectors",dekoni-audio-ensemble-1-8-64-nylon-jacket-cable-with-3-5mm-headphone-connectors,Dekoni Audio,Compatibility,No matching field found for Compatibility / Compatible with / Fits
Pn6oyV4Ks5AcNbecjkZxOh,"Dekoni Audio Ensemble 1/4"" 52"" Braided Cable with 3.5mm Headphone Connectors",dekoni-audio-ensemble-1-4-52-braided-cable-with-3-5mm-headphone-connectors,Dekoni Audio,Accessory type,No matching field found for Accessory type / Type
Pn6oyV4Ks5AcNbecjkZxOh,"Dekoni Audio Ensemble 1/4"" 52"" Braided Cable with 3.5mm Headphone Connectors",dekoni-audio-ensemble-1-4-52-braided-cable-with-3-5mm-headphone-connectors,Dekoni Audio,Connector / termination,No matching field found for Connector / termination / Connector / Termination
Pn6oyV4Ks5AcNbecjkZxOh,"Dekoni Audio Ensemble 1/4"" 52"" Braided Cable with 3.5mm Headphone Connectors",dekoni-audio-ensemble-1-4-52-braided-cable-with-3-5mm-headphone-connectors,Dekoni Audio,Compatibility,No matching field found for Compatibility / Compatible with / Fits
Pn6oyV4Ks5AcNbecjmBwzI,Aune Audio AR5000 Headphones,aune-audio-ar5000-headphones,Aune Audio,Wearing style,No matching field found for Wearing style
Pn6oyV4Ks5AcNbecjmBwzI,Aune Audio AR5000 Headphones,aune-audio-ar5000-headphones,Aune Audio,Back design,No matching field found for Back design / Cup style / Cup / back design
Pn6oyV4Ks5AcNbecjmBwzI,Aune Audio AR5000 Headphones,aune-audio-ar5000-headphones,Aune Audio,Driver type,No matching field found for Driver type / Driver Type
Pn6oyV4Ks5AcNbecjmBwzI,Aune Audio AR5000 Headphones,aune-audio-ar5000-headphones,Aune Audio,Connectivity,No matching field found for Connectivity
Pn6oyV4Ks5AcNbecjmBwzI,Aune Audio AR5000 Headphones,aune-audio-ar5000-headphones,Aune Audio,Connector / plug,No matching field found for Connector / Connector / plug
Pn6oyV4Ks5AcNbecjmBwzI,Aune Audio AR5000 Headphones,aune-audio-ar5000-headphones,Aune Audio,Microphone,No matching field found for Microphone / Microphones
Pn6oyV4Ks5AcNbecjmBwzI,Aune Audio AR5000 Headphones,aune-audio-ar5000-headphones,Aune Audio,Noise cancelling,No matching field found for Noise cancelling / Noise canceling / ANC / Active noise cancelling
Pn6oyV4Ks5AcNbecjmBwzI,Aune Audio AR5000 Headphones,aune-audio-ar5000-headphones,Aune Audio,Requires amplifier,No matching field found for Amp required / Requires amplifier / Amplifier required
Pn6oyV4Ks5AcNbecjmCFMg,FiiO FT1 Pro Headphones,fiio-ft1-pro-headphones,FiiO,Wearing style,No matching field found for Wearing style
Pn6oyV4Ks5AcNbecjmCFMg,FiiO FT1 Pro Headphones,fiio-ft1-pro-headphones,FiiO,Back design,No matching field found for Back design / Cup style / Cup / back design
Pn6oyV4Ks5AcNbecjmCFMg,FiiO FT1 Pro Headphones,fiio-ft1-pro-headphones,FiiO,Driver type,No matching field found for Driver type / Driver Type
Pn6oyV4Ks5AcNbecjmCFMg,FiiO FT1 Pro Headphones,fiio-ft1-pro-headphones,FiiO,Connectivity,No matching field found for Connectivity
Pn6oyV4Ks5AcNbecjmCFMg,FiiO FT1 Pro Headphones,fiio-ft1-pro-headphones,FiiO,Connector / plug,No matching field found for Connector / Connector / plug
Pn6oyV4Ks5AcNbecjmCFMg,FiiO FT1 Pro Headphones,fiio-ft1-pro-headphones,FiiO,Microphone,No matching field found for Microphone / Microphones
Pn6oyV4Ks5AcNbecjmCFMg,FiiO FT1 Pro Headphones,fiio-ft1-pro-headphones,FiiO,Noise cancelling,No matching field found for Noise cancelling / Noise canceling / ANC / Active noise cancelling
Pn6oyV4Ks5AcNbecjmCFMg,FiiO FT1 Pro Headphones,fiio-ft1-pro-headphones,FiiO,Requires amplifier,No matching field found for Amp required / Requires amplifier / Amplifier required
Pn6oyV4Ks5AcNbecjmCnfl,Final Audio D7000 Headphones,final-audio-d7000-headphones,Final Audio,Wearing style,No matching field found for Wearing style
Pn6oyV4Ks5AcNbecjmCnfl,Final Audio D7000 Headphones,final-audio-d7000-headphones,Final Audio,Back design,No matching field found for Back design / Cup style / Cup / back design
Pn6oyV4Ks5AcNbecjmCnfl,Final Audio D7000 Headphones,final-audio-d7000-headphones,Final Audio,Driver type,No matching field found for Driver type / Driver Type
Pn6oyV4Ks5AcNbecjmCnfl,Final Audio D7000 Headphones,final-audio-d7000-headphones,Final Audio,Connectivity,No matching field found for Connectivity
Pn6oyV4Ks5AcNbecjmCnfl,Final Audio D7000 Headphones,final-audio-d7000-headphones,Final Audio,Connector / plug,No matching field found for Connector / Connector / plug
Pn6oyV4Ks5AcNbecjmCnfl,Final Audio D7000 Headphones,final-audio-d7000-headphones,Final Audio,Microphone,No matching field found for Microphone / Microphones
Pn6oyV4Ks5AcNbecjmCnfl,Final Audio D7000 Headphones,final-audio-d7000-headphones,Final Audio,Noise cancelling,No matching field found for Noise cancelling / Noise canceling / ANC / Active noise cancelling
Pn6oyV4Ks5AcNbecjmCnfl,Final Audio D7000 Headphones,final-audio-d7000-headphones,Final Audio,Requires amplifier,No matching field found for Amp required / Requires amplifier / Amplifier required
Pn6oyV4Ks5AcNbecjmCuqj,T+A Solitaire P Headphones,t-a-solitaire-p-headphones,T+A,Wearing style,No matching field found for Wearing style
Pn6oyV4Ks5AcNbecjmCuqj,T+A Solitaire P Headphones,t-a-solitaire-p-headphones,T+A,Back design,No matching field found for Back design / Cup style / Cup / back design
Pn6oyV4Ks5AcNbecjmCuqj,T+A Solitaire P Headphones,t-a-solitaire-p-headphones,T+A,Driver type,No matching field found for Driver type / Driver Type
Pn6oyV4Ks5AcNbecjmCuqj,T+A Solitaire P Headphones,t-a-solitaire-p-headphones,T+A,Connectivity,No matching field found for Connectivity
Pn6oyV4Ks5AcNbecjmCuqj,T+A Solitaire P Headphones,t-a-solitaire-p-headphones,T+A,Connector / plug,No matching field found for Connector / Connector / plug
Pn6oyV4Ks5AcNbecjmCuqj,T+A Solitaire P Headphones,t-a-solitaire-p-headphones,T+A,Microphone,No matching field found for Microphone / Microphones
Pn6oyV4Ks5AcNbecjmCuqj,T+A Solitaire P Headphones,t-a-solitaire-p-headphones,T+A,Noise cancelling,No matching field found for Noise cancelling / Noise canceling / ANC / Active noise cancelling
Pn6oyV4Ks5AcNbecjmCuqj,T+A Solitaire P Headphones,t-a-solitaire-p-headphones,T+A,Requires amplifier,No matching field found for Amp required / Requires amplifier / Amplifier required
Pn6oyV4Ks5AcNbecjmDlGL,Softears Volume S In-Ear Headphones,softears-volume-s-in-ear-headphones,Softears,Wearing style,No matching field found for Wearing style
Pn6oyV4Ks5AcNbecjmDlGL,Softears Volume S In-Ear Headphones,softears-volume-s-in-ear-headphones,Softears,Driver type,No matching field found for Driver type / Driver Type
Pn6oyV4Ks5AcNbecjmDlGL,Softears Volume S In-Ear Headphones,softears-volume-s-in-ear-headphones,Softears,Connectivity,No matching field found for Connectivity
Pn6oyV4Ks5AcNbecjmDlGL,Softears Volume S In-Ear Headphones,softears-volume-s-in-ear-headphones,Softears,Connector / plug,No matching field found for Connector / Connector / plug
Pn6oyV4Ks5AcNbecjmDlGL,Softears Volume S In-Ear Headphones,softears-volume-s-in-ear-headphones,Softears,Microphone,No matching field found for Microphone / Microphones
Pn6oyV4Ks5AcNbecjmDlGL,Softears Volume S In-Ear Headphones,softears-volume-s-in-ear-headphones,Softears,Noise cancelling,No matching field found for Noise cancelling / Noise canceling / ANC / Active noise cancelling
Pn6oyV4Ks5AcNbecjmDlGL,Softears Volume S In-Ear Headphones,softears-volume-s-in-ear-headphones,Softears,Requires amplifier,No matching field found for Amp required / Requires amplifier / Amplifier required
ULy5F1v4tquhHAic3WFNzN,AudioQuest Perch Headphone Stand,audioquest-perch-headphone-stand,AudioQuest,Accessory type,No matching field found for Accessory type / Type
ULy5F1v4tquhHAic3WFNzN,AudioQuest Perch Headphone Stand,audioquest-perch-headphone-stand,AudioQuest,Compatibility,No matching field found for Compatibility / Compatible with / Fits
ULy5F1v4tquhHAic3WSREZ,Meze Audio Mono 3.5mm to 2.5mm Balanced Headphone Cable - 4.9 ft.,meze-audio-mono-3-5mm-to-2-5mm-balanced-headphone-cable-4-9-ft,Meze Audio,Accessory type,No matching field found for Accessory type / Type
ULy5F1v4tquhHAic3WSREZ,Meze Audio Mono 3.5mm to 2.5mm Balanced Headphone Cable - 4.9 ft.,meze-audio-mono-3-5mm-to-2-5mm-balanced-headphone-cable-4-9-ft,Meze Audio,Connector / termination,No matching field found for Connector / termination / Connector / Termination
ULy5F1v4tquhHAic3WSREZ,Meze Audio Mono 3.5mm to 2.5mm Balanced Headphone Cable - 4.9 ft.,meze-audio-mono-3-5mm-to-2-5mm-balanced-headphone-cable-4-9-ft,Meze Audio,Compatibility,No matching field found for Compatibility / Compatible with / Fits
ULy5F1v4tquhHAic3WSShK,Meze Audio Mono 3.5mm 99 Series Gold Standard Cable - 9.94 ft.,meze-audio-mono-3-5mm-99-series-gold-standard-cable-9-94-ft,Meze Audio,Accessory type,No matching field found for Accessory type / Type
ULy5F1v4tquhHAic3WSShK,Meze Audio Mono 3.5mm 99 Series Gold Standard Cable - 9.94 ft.,meze-audio-mono-3-5mm-99-series-gold-standard-cable-9-94-ft,Meze Audio,Connector / termination,No matching field found for Connector / termination / Connector / Termination
ULy5F1v4tquhHAic3WSShK,Meze Audio Mono 3.5mm 99 Series Gold Standard Cable - 9.94 ft.,meze-audio-mono-3-5mm-99-series-gold-standard-cable-9-94-ft,Meze Audio,Compatibility,No matching field found for Compatibility / Compatible with / Fits
Y7l1IhzX2fnyiano4ipzcN,iFi Audio iDSD Valkyrie Portable Amp & DAC,ifi-audio-idsd-valkyrie-portable-amp-dac,iFi Audio,Device type,No matching field found for Device type / Product type / Type
Y7l1IhzX2fnyiano4ipzcN,iFi Audio iDSD Valkyrie Portable Amp & DAC,ifi-audio-idsd-valkyrie-portable-amp-dac,iFi Audio,Form factor,No matching field found for Form factor / Portability
Y7l1IhzX2fnyiano4ipzcN,iFi Audio iDSD Valkyrie Portable Amp & DAC,ifi-audio-idsd-valkyrie-portable-amp-dac,iFi Audio,Amplification,No matching field found for Amplifier type / Amplification
Y7l1IhzX2fnyiano4ipzcN,iFi Audio iDSD Valkyrie Portable Amp & DAC,ifi-audio-idsd-valkyrie-portable-amp-dac,iFi Audio,DAC included,No matching field found for DAC included / DAC / Built-in DAC
Y7l1IhzX2fnyiano4ipzcN,iFi Audio iDSD Valkyrie Portable Amp & DAC,ifi-audio-idsd-valkyrie-portable-amp-dac,iFi Audio,Balanced output,No matching field found for Balanced output / Balanced / Balanced connection
Y7l1IhzX2fnyiano4ipzcN,iFi Audio iDSD Valkyrie Portable Amp & DAC,ifi-audio-idsd-valkyrie-portable-amp-dac,iFi Audio,Inputs,No matching field found for Inputs / Input
Y7l1IhzX2fnyiano4ipzcN,iFi Audio iDSD Valkyrie Portable Amp & DAC,ifi-audio-idsd-valkyrie-portable-amp-dac,iFi Audio,Outputs,No matching field found for Outputs / Output
Y7l1IhzX2fnyiano4iq6jp,iFi Audio Zen Can 3 Analog Headphone Amplifier,ifi-audio-zen-can-3-analog-headphone-amplifier,iFi Audio,Device type,No matching field found for Device type / Product type / Type
Y7l1IhzX2fnyiano4iq6jp,iFi Audio Zen Can 3 Analog Headphone Amplifier,ifi-audio-zen-can-3-analog-headphone-amplifier,iFi Audio,Form factor,No matching field found for Form factor / Portability
Y7l1IhzX2fnyiano4iq6jp,iFi Audio Zen Can 3 Analog Headphone Amplifier,ifi-audio-zen-can-3-analog-headphone-amplifier,iFi Audio,Amplification,No matching field found for Amplifier type / Amplification
Y7l1IhzX2fnyiano4iq6jp,iFi Audio Zen Can 3 Analog Headphone Amplifier,ifi-audio-zen-can-3-analog-headphone-amplifier,iFi Audio,DAC included,No matching field found for DAC included / DAC / Built-in DAC
Y7l1IhzX2fnyiano4iq6jp,iFi Audio Zen Can 3 Analog Headphone Amplifier,ifi-audio-zen-can-3-analog-headphone-amplifier,iFi Audio,Balanced output,No matching field found for Balanced output / Balanced / Balanced connection
Y7l1IhzX2fnyiano4iq6jp,iFi Audio Zen Can 3 Analog Headphone Amplifier,ifi-audio-zen-can-3-analog-headphone-amplifier,iFi Audio,Inputs,No matching field found for Inputs / Input
Y7l1IhzX2fnyiano4iq6jp,iFi Audio Zen Can 3 Analog Headphone Amplifier,ifi-audio-zen-can-3-analog-headphone-amplifier,iFi Audio,Outputs,No matching field found for Outputs / Output
Y7l1IhzX2fnyiano4irsdl,Bose QuietComfort Wireless Noise Cancelling Ultra Earbuds - 2024 (Lunar Blue),bose-quiet-comfort-ultra-earbuds-2024-lunar-blue,Bose,Wearing style,No matching field found for Wearing style
Y7l1IhzX2fnyiano4irsdl,Bose QuietComfort Wireless Noise Cancelling Ultra Earbuds - 2024 (Lunar Blue),bose-quiet-comfort-ultra-earbuds-2024-lunar-blue,Bose,Driver type,No matching field found for Driver type / Driver Type
Y7l1IhzX2fnyiano4irsdl,Bose QuietComfort Wireless Noise Cancelling Ultra Earbuds - 2024 (Lunar Blue),bose-quiet-comfort-ultra-earbuds-2024-lunar-blue,Bose,Connectivity,No matching field found for Connectivity
Y7l1IhzX2fnyiano4irsdl,Bose QuietComfort Wireless Noise Cancelling Ultra Earbuds - 2024 (Lunar Blue),bose-quiet-comfort-ultra-earbuds-2024-lunar-blue,Bose,Connector / plug,No matching field found for Connector / Connector / plug
Y7l1IhzX2fnyiano4irsdl,Bose QuietComfort Wireless Noise Cancelling Ultra Earbuds - 2024 (Lunar Blue),bose-quiet-comfort-ultra-earbuds-2024-lunar-blue,Bose,Microphone,No matching field found for Microphone / Microphones
Y7l1IhzX2fnyiano4irsdl,Bose QuietComfort Wireless Noise Cancelling Ultra Earbuds - 2024 (Lunar Blue),bose-quiet-comfort-ultra-earbuds-2024-lunar-blue,Bose,Noise cancelling,No matching field found for Noise cancelling / Noise canceling / ANC / Active noise cancelling
Y7l1IhzX2fnyiano4irsdl,Bose QuietComfort Wireless Noise Cancelling Ultra Earbuds - 2024 (Lunar Blue),bose-quiet-comfort-ultra-earbuds-2024-lunar-blue,Bose,Requires amplifier,No matching field found for Amp required / Requires amplifier / Amplifier required
Y7l1IhzX2fnyiano4jO6bg,iFi Audio hip-dac 3 Portable USB DAC & Amplifier,ifi-audio-hip-dac-3-portable-usb-dac-amplifier,iFi Audio,Device type,No matching field found for Device type / Product type / Type
Y7l1IhzX2fnyiano4jO6bg,iFi Audio hip-dac 3 Portable USB DAC & Amplifier,ifi-audio-hip-dac-3-portable-usb-dac-amplifier,iFi Audio,Form factor,No matching field found for Form factor / Portability
Y7l1IhzX2fnyiano4jO6bg,iFi Audio hip-dac 3 Portable USB DAC & Amplifier,ifi-audio-hip-dac-3-portable-usb-dac-amplifier,iFi Audio,Amplification,No matching field found for Amplifier type / Amplification
Y7l1IhzX2fnyiano4jO6bg,iFi Audio hip-dac 3 Portable USB DAC & Amplifier,ifi-audio-hip-dac-3-portable-usb-dac-amplifier,iFi Audio,DAC included,No matching field found for DAC included / DAC / Built-in DAC
Y7l1IhzX2fnyiano4jO6bg,iFi Audio hip-dac 3 Portable USB DAC & Amplifier,ifi-audio-hip-dac-3-portable-usb-dac-amplifier,iFi Audio,Balanced output,No matching field found for Balanced output / Balanced / Balanced connection
Y7l1IhzX2fnyiano4jO6bg,iFi Audio hip-dac 3 Portable USB DAC & Amplifier,ifi-audio-hip-dac-3-portable-usb-dac-amplifier,iFi Audio,Inputs,No matching field found for Inputs / Input
Y7l1IhzX2fnyiano4jO6bg,iFi Audio hip-dac 3 Portable USB DAC & Amplifier,ifi-audio-hip-dac-3-portable-usb-dac-amplifier,iFi Audio,Outputs,No matching field found for Outputs / Output
Y7l1IhzX2fnyiano4jOIfY,iFi Audio Zen DAC 3 Balanced Headphone Amp & DAC,ifi-audio-zen-dac-3-balanced-headphone-amp-dac,iFi Audio,Device type,No matching field found for Device type / Product type / Type
Y7l1IhzX2fnyiano4jOIfY,iFi Audio Zen DAC 3 Balanced Headphone Amp & DAC,ifi-audio-zen-dac-3-balanced-headphone-amp-dac,iFi Audio,Form factor,No matching field found for Form factor / Portability
Y7l1IhzX2fnyiano4jOIfY,iFi Audio Zen DAC 3 Balanced Headphone Amp & DAC,ifi-audio-zen-dac-3-balanced-headphone-amp-dac,iFi Audio,Amplification,No matching field found for Amplifier type / Amplification
Y7l1IhzX2fnyiano4jOIfY,iFi Audio Zen DAC 3 Balanced Headphone Amp & DAC,ifi-audio-zen-dac-3-balanced-headphone-amp-dac,iFi Audio,DAC included,"Field ""DAC"" raw value ""Bit-Perfect DSD &amp; DXD DAC by Burr Brown"" does not map to the closed vocabulary for DAC included"
Y7l1IhzX2fnyiano4jOIfY,iFi Audio Zen DAC 3 Balanced Headphone Amp & DAC,ifi-audio-zen-dac-3-balanced-headphone-amp-dac,iFi Audio,Balanced output,No matching field found for Balanced output / Balanced / Balanced connection
Y7l1IhzX2fnyiano4jOIfY,iFi Audio Zen DAC 3 Balanced Headphone Amp & DAC,ifi-audio-zen-dac-3-balanced-headphone-amp-dac,iFi Audio,Inputs,No matching field found for Inputs / Input
Y7l1IhzX2fnyiano4jOIfY,iFi Audio Zen DAC 3 Balanced Headphone Amp & DAC,ifi-audio-zen-dac-3-balanced-headphone-amp-dac,iFi Audio,Outputs,No matching field found for Outputs / Output
Y7l1IhzX2fnyiano57b1dx,Ruark Audio TV Mount for R810 High Fidelity Radiogram,ruark-audio-r810-tv-mount-with-adjustable-av-shelf-for-r810-high-fidelity-radiogram,Ruark Audio,Accessory type,No matching field found for Accessory type / Type
Y7l1IhzX2fnyiano57b1dx,Ruark Audio TV Mount for R810 High Fidelity Radiogram,ruark-audio-r810-tv-mount-with-adjustable-av-shelf-for-r810-high-fidelity-radiogram,Ruark Audio,Compatibility,No matching field found for Compatibility / Compatible with / Fits
Y7l1IhzX2fnyiano58Giz2,JL Audio 2-Channel Core RCA Male to RCA Male Cables - 6 ft. (1.82m) - 2-Pack,jl-audio-2-channel-core-rca-male-to-rca-male-cables-6-ft-1-82m-2-pack,JL Audio,Accessory type,No matching field found for Accessory type / Type
Y7l1IhzX2fnyiano58Giz2,JL Audio 2-Channel Core RCA Male to RCA Male Cables - 6 ft. (1.82m) - 2-Pack,jl-audio-2-channel-core-rca-male-to-rca-male-cables-6-ft-1-82m-2-pack,JL Audio,Connector / termination,No matching field found for Connector / termination / Connector / Termination
Y7l1IhzX2fnyiano58Giz2,JL Audio 2-Channel Core RCA Male to RCA Male Cables - 6 ft. (1.82m) - 2-Pack,jl-audio-2-channel-core-rca-male-to-rca-male-cables-6-ft-1-82m-2-pack,JL Audio,Compatibility,No matching field found for Compatibility / Compatible with / Fits
Y7l1IhzX2fnyiano58Gmxj,AudioQuest Cinnamon USB to Micro Audio Cable - 2.46 ft. (.75m),audioquest-cinnamon-usb-to-micro-audio-cable-2-46-ft-75m,AudioQuest,Accessory type,No matching field found for Accessory type / Type
Y7l1IhzX2fnyiano58Gmxj,AudioQuest Cinnamon USB to Micro Audio Cable - 2.46 ft. (.75m),audioquest-cinnamon-usb-to-micro-audio-cable-2-46-ft-75m,AudioQuest,Connector / termination,No matching field found for Connector / termination / Connector / Termination
Y7l1IhzX2fnyiano58Gmxj,AudioQuest Cinnamon USB to Micro Audio Cable - 2.46 ft. (.75m),audioquest-cinnamon-usb-to-micro-audio-cable-2-46-ft-75m,AudioQuest,Compatibility,No matching field found for Compatibility / Compatible with / Fits
Y7l1IhzX2fnyiano58GsCK,AudioQuest Forest USB to Micro High Definition Digital Audio Cable - 1.5M,audioquest-forest-usb-to-micro-high-definition-digital-audio-cable-1-5m,AudioQuest,Accessory type,No matching field found for Accessory type / Type
Y7l1IhzX2fnyiano58GsCK,AudioQuest Forest USB to Micro High Definition Digital Audio Cable - 1.5M,audioquest-forest-usb-to-micro-high-definition-digital-audio-cable-1-5m,AudioQuest,Connector / termination,No matching field found for Connector / termination / Connector / Termination
Y7l1IhzX2fnyiano58GsCK,AudioQuest Forest USB to Micro High Definition Digital Audio Cable - 1.5M,audioquest-forest-usb-to-micro-high-definition-digital-audio-cable-1-5m,AudioQuest,Compatibility,No matching field found for Compatibility / Compatible with / Fits
Y7l1IhzX2fnyiano58H1hn,Meze Audio Mono 3.5mm to 2.5mm Balanced Headphone Cable - 4.9 ft.,meze-audio-mono-3-5mm-to-2-5mm-balanced-headphone-cable-4-9-ft,Meze Audio,Accessory type,No matching field found for Accessory type / Type
Y7l1IhzX2fnyiano58H1hn,Meze Audio Mono 3.5mm to 2.5mm Balanced Headphone Cable - 4.9 ft.,meze-audio-mono-3-5mm-to-2-5mm-balanced-headphone-cable-4-9-ft,Meze Audio,Connector / termination,No matching field found for Connector / termination / Connector / Termination
Y7l1IhzX2fnyiano58H1hn,Meze Audio Mono 3.5mm to 2.5mm Balanced Headphone Cable - 4.9 ft.,meze-audio-mono-3-5mm-to-2-5mm-balanced-headphone-cable-4-9-ft,Meze Audio,Compatibility,No matching field found for Compatibility / Compatible with / Fits
Y7l1IhzX2fnyiano58H5OJ,Meze Audio Mono 3.5mm to 4.4mm Balanced Silver-Plated Cable - 4.2 ft.,meze-audio-mono-3-5mm-to-4-4mm-balanced-silver-plated-cable-4-2-ft,Meze Audio,Accessory type,No matching field found for Accessory type / Type
Y7l1IhzX2fnyiano58H5OJ,Meze Audio Mono 3.5mm to 4.4mm Balanced Silver-Plated Cable - 4.2 ft.,meze-audio-mono-3-5mm-to-4-4mm-balanced-silver-plated-cable-4-2-ft,Meze Audio,Connector / termination,No matching field found for Connector / termination / Connector / Termination
Y7l1IhzX2fnyiano58H5OJ,Meze Audio Mono 3.5mm to 4.4mm Balanced Silver-Plated Cable - 4.2 ft.,meze-audio-mono-3-5mm-to-4-4mm-balanced-silver-plated-cable-4-2-ft,Meze Audio,Compatibility,No matching field found for Compatibility / Compatible with / Fits
ZuUKzmkqDyQwdcwhxl77C3,iFi Audio Hip-dac2 Portable USB DAC and Headphone Amp with Soft Protective Case,ifi-audio-hip-dac2-portable-usb-dac-and-headphone-amp-with-soft-protective-case,iFi Audio,Device type,No matching field found for Device type / Product type / Type
ZuUKzmkqDyQwdcwhxl77C3,iFi Audio Hip-dac2 Portable USB DAC and Headphone Amp with Soft Protective Case,ifi-audio-hip-dac2-portable-usb-dac-and-headphone-amp-with-soft-protective-case,iFi Audio,Form factor,No matching field found for Form factor / Portability
ZuUKzmkqDyQwdcwhxl77C3,iFi Audio Hip-dac2 Portable USB DAC and Headphone Amp with Soft Protective Case,ifi-audio-hip-dac2-portable-usb-dac-and-headphone-amp-with-soft-protective-case,iFi Audio,Amplification,No matching field found for Amplifier type / Amplification
ZuUKzmkqDyQwdcwhxl77C3,iFi Audio Hip-dac2 Portable USB DAC and Headphone Amp with Soft Protective Case,ifi-audio-hip-dac2-portable-usb-dac-and-headphone-amp-with-soft-protective-case,iFi Audio,DAC included,No matching field found for DAC included / DAC / Built-in DAC
ZuUKzmkqDyQwdcwhxl77C3,iFi Audio Hip-dac2 Portable USB DAC and Headphone Amp with Soft Protective Case,ifi-audio-hip-dac2-portable-usb-dac-and-headphone-amp-with-soft-protective-case,iFi Audio,Balanced output,"Field ""Balanced"" raw value ""4.4mm"" does not map to the closed vocabulary for Balanced output"
ZuUKzmkqDyQwdcwhxl77C3,iFi Audio Hip-dac2 Portable USB DAC and Headphone Amp with Soft Protective Case,ifi-audio-hip-dac2-portable-usb-dac-and-headphone-amp-with-soft-protective-case,iFi Audio,Inputs,No matching field found for Inputs / Input
ZuUKzmkqDyQwdcwhxl77C3,iFi Audio Hip-dac2 Portable USB DAC and Headphone Amp with Soft Protective Case,ifi-audio-hip-dac2-portable-usb-dac-and-headphone-amp-with-soft-protective-case,iFi Audio,Outputs,No matching field found for Outputs / Output
ZuUKzmkqDyQwdcwhxl7Puy,iFi Audio iCan Phantom Analog Headphone Amplifier,ifi-audio-ican-phantom-analog-headphone-amplifier,iFi Audio,Device type,No matching field found for Device type / Product type / Type
ZuUKzmkqDyQwdcwhxl7Puy,iFi Audio iCan Phantom Analog Headphone Amplifier,ifi-audio-ican-phantom-analog-headphone-amplifier,iFi Audio,Form factor,No matching field found for Form factor / Portability
ZuUKzmkqDyQwdcwhxl7Puy,iFi Audio iCan Phantom Analog Headphone Amplifier,ifi-audio-ican-phantom-analog-headphone-amplifier,iFi Audio,Amplification,No matching field found for Amplifier type / Amplification
ZuUKzmkqDyQwdcwhxl7Puy,iFi Audio iCan Phantom Analog Headphone Amplifier,ifi-audio-ican-phantom-analog-headphone-amplifier,iFi Audio,DAC included,No matching field found for DAC included / DAC / Built-in DAC
ZuUKzmkqDyQwdcwhxl7Puy,iFi Audio iCan Phantom Analog Headphone Amplifier,ifi-audio-ican-phantom-analog-headphone-amplifier,iFi Audio,Balanced output,"Field ""Balanced"" raw value ""&le;0.0015%"" does not map to the closed vocabulary for Balanced output"
ZuUKzmkqDyQwdcwhxl7Puy,iFi Audio iCan Phantom Analog Headphone Amplifier,ifi-audio-ican-phantom-analog-headphone-amplifier,iFi Audio,Inputs,No matching field found for Inputs / Input
ZuUKzmkqDyQwdcwhxl7Puy,iFi Audio iCan Phantom Analog Headphone Amplifier,ifi-audio-ican-phantom-analog-headphone-amplifier,iFi Audio,Outputs,No matching field found for Outputs / Output
ZuUKzmkqDyQwdcwhxl8p4E,Bose Ultra Open Bluetooth Earbuds with Spatial Audio & Water Resistance (Moonstone Blue),bose-quiet-comfort-ultra-open-earbuds-moonstone-blue,Bose,Wearing style,No matching field found for Wearing style
ZuUKzmkqDyQwdcwhxl8p4E,Bose Ultra Open Bluetooth Earbuds with Spatial Audio & Water Resistance (Moonstone Blue),bose-quiet-comfort-ultra-open-earbuds-moonstone-blue,Bose,Driver type,No matching field found for Driver type / Driver Type
ZuUKzmkqDyQwdcwhxl8p4E,Bose Ultra Open Bluetooth Earbuds with Spatial Audio & Water Resistance (Moonstone Blue),bose-quiet-comfort-ultra-open-earbuds-moonstone-blue,Bose,Connectivity,No matching field found for Connectivity
ZuUKzmkqDyQwdcwhxl8p4E,Bose Ultra Open Bluetooth Earbuds with Spatial Audio & Water Resistance (Moonstone Blue),bose-quiet-comfort-ultra-open-earbuds-moonstone-blue,Bose,Connector / plug,No matching field found for Connector / Connector / plug
ZuUKzmkqDyQwdcwhxl8p4E,Bose Ultra Open Bluetooth Earbuds with Spatial Audio & Water Resistance (Moonstone Blue),bose-quiet-comfort-ultra-open-earbuds-moonstone-blue,Bose,Microphone,No matching field found for Microphone / Microphones
ZuUKzmkqDyQwdcwhxl8p4E,Bose Ultra Open Bluetooth Earbuds with Spatial Audio & Water Resistance (Moonstone Blue),bose-quiet-comfort-ultra-open-earbuds-moonstone-blue,Bose,Noise cancelling,No matching field found for Noise cancelling / Noise canceling / ANC / Active noise cancelling
ZuUKzmkqDyQwdcwhxl8p4E,Bose Ultra Open Bluetooth Earbuds with Spatial Audio & Water Resistance (Moonstone Blue),bose-quiet-comfort-ultra-open-earbuds-moonstone-blue,Bose,Requires amplifier,No matching field found for Amp required / Requires amplifier / Amplifier required
ZuUKzmkqDyQwdcwhxl8saP,Bose QuietComfort Ultra Wireless Noise Cancelling Earbuds (Black),bose-quietcomfort-ultra-wireless-noise-cancelling-earbuds-black,Bose,Wearing style,No matching field found for Wearing style
ZuUKzmkqDyQwdcwhxl8saP,Bose QuietComfort Ultra Wireless Noise Cancelling Earbuds (Black),bose-quietcomfort-ultra-wireless-noise-cancelling-earbuds-black,Bose,Driver type,No matching field found for Driver type / Driver Type
ZuUKzmkqDyQwdcwhxl8saP,Bose QuietComfort Ultra Wireless Noise Cancelling Earbuds (Black),bose-quietcomfort-ultra-wireless-noise-cancelling-earbuds-black,Bose,Connectivity,No matching field found for Connectivity
ZuUKzmkqDyQwdcwhxl8saP,Bose QuietComfort Ultra Wireless Noise Cancelling Earbuds (Black),bose-quietcomfort-ultra-wireless-noise-cancelling-earbuds-black,Bose,Connector / plug,No matching field found for Connector / Connector / plug
ZuUKzmkqDyQwdcwhxl8saP,Bose QuietComfort Ultra Wireless Noise Cancelling Earbuds (Black),bose-quietcomfort-ultra-wireless-noise-cancelling-earbuds-black,Bose,Microphone,No matching field found for Microphone / Microphones
ZuUKzmkqDyQwdcwhxl8saP,Bose QuietComfort Ultra Wireless Noise Cancelling Earbuds (Black),bose-quietcomfort-ultra-wireless-noise-cancelling-earbuds-black,Bose,Noise cancelling,No matching field found for Noise cancelling / Noise canceling / ANC / Active noise cancelling
ZuUKzmkqDyQwdcwhxl8saP,Bose QuietComfort Ultra Wireless Noise Cancelling Earbuds (Black),bose-quietcomfort-ultra-wireless-noise-cancelling-earbuds-black,Bose,Requires amplifier,No matching field found for Amp required / Requires amplifier / Amplifier required
ZuUKzmkqDyQwdcwhxl96BU,Sennheiser Accentum True Wireless Noise-Cancelling Earbuds (Black),sennheiser-accentum-true-wireless-noise-cancelling-earbuds-black,Sennheiser,Wearing style,No matching field found for Wearing style
ZuUKzmkqDyQwdcwhxl96BU,Sennheiser Accentum True Wireless Noise-Cancelling Earbuds (Black),sennheiser-accentum-true-wireless-noise-cancelling-earbuds-black,Sennheiser,Driver type,No matching field found for Driver type / Driver Type
ZuUKzmkqDyQwdcwhxl96BU,Sennheiser Accentum True Wireless Noise-Cancelling Earbuds (Black),sennheiser-accentum-true-wireless-noise-cancelling-earbuds-black,Sennheiser,Connectivity,No matching field found for Connectivity
ZuUKzmkqDyQwdcwhxl96BU,Sennheiser Accentum True Wireless Noise-Cancelling Earbuds (Black),sennheiser-accentum-true-wireless-noise-cancelling-earbuds-black,Sennheiser,Connector / plug,No matching field found for Connector / Connector / plug
ZuUKzmkqDyQwdcwhxl96BU,Sennheiser Accentum True Wireless Noise-Cancelling Earbuds (Black),sennheiser-accentum-true-wireless-noise-cancelling-earbuds-black,Sennheiser,Microphone,No matching field found for Microphone / Microphones
ZuUKzmkqDyQwdcwhxl96BU,Sennheiser Accentum True Wireless Noise-Cancelling Earbuds (Black),sennheiser-accentum-true-wireless-noise-cancelling-earbuds-black,Sennheiser,Noise cancelling,No matching field found for Noise cancelling / Noise canceling / ANC / Active noise cancelling
ZuUKzmkqDyQwdcwhxl96BU,Sennheiser Accentum True Wireless Noise-Cancelling Earbuds (Black),sennheiser-accentum-true-wireless-noise-cancelling-earbuds-black,Sennheiser,Requires amplifier,No matching field found for Amp required / Requires amplifier / Amplifier required
ZuUKzmkqDyQwdcwhxl99sR,Sony WF-1000XM5 Wireless Noise Cancelling In-Ear Headphone Bundle with gSport Hardshell Case (Black),sony-wf-1000xm5-wireless-noise-cancelling-in-ear-headphone-bundle-with-gsport-hardshell-case-black,Sony,Wearing style,"Field ""Wearing Style"" raw value ""Yes (IPX4 equivalent)"" does not map to the closed vocabulary for Wearing style"
ZuUKzmkqDyQwdcwhxl99sR,Sony WF-1000XM5 Wireless Noise Cancelling In-Ear Headphone Bundle with gSport Hardshell Case (Black),sony-wf-1000xm5-wireless-noise-cancelling-in-ear-headphone-bundle-with-gsport-hardshell-case-black,Sony,Driver type,No matching field found for Driver type / Driver Type
ZuUKzmkqDyQwdcwhxl99sR,Sony WF-1000XM5 Wireless Noise Cancelling In-Ear Headphone Bundle with gSport Hardshell Case (Black),sony-wf-1000xm5-wireless-noise-cancelling-in-ear-headphone-bundle-with-gsport-hardshell-case-black,Sony,Connectivity,No matching field found for Connectivity
ZuUKzmkqDyQwdcwhxl99sR,Sony WF-1000XM5 Wireless Noise Cancelling In-Ear Headphone Bundle with gSport Hardshell Case (Black),sony-wf-1000xm5-wireless-noise-cancelling-in-ear-headphone-bundle-with-gsport-hardshell-case-black,Sony,Connector / plug,No matching field found for Connector / Connector / plug
ZuUKzmkqDyQwdcwhxl99sR,Sony WF-1000XM5 Wireless Noise Cancelling In-Ear Headphone Bundle with gSport Hardshell Case (Black),sony-wf-1000xm5-wireless-noise-cancelling-in-ear-headphone-bundle-with-gsport-hardshell-case-black,Sony,Microphone,No matching field found for Microphone / Microphones
ZuUKzmkqDyQwdcwhxl99sR,Sony WF-1000XM5 Wireless Noise Cancelling In-Ear Headphone Bundle with gSport Hardshell Case (Black),sony-wf-1000xm5-wireless-noise-cancelling-in-ear-headphone-bundle-with-gsport-hardshell-case-black,Sony,Noise cancelling,No matching field found for Noise cancelling / Noise canceling / ANC / Active noise cancelling
ZuUKzmkqDyQwdcwhxl99sR,Sony WF-1000XM5 Wireless Noise Cancelling In-Ear Headphone Bundle with gSport Hardshell Case (Black),sony-wf-1000xm5-wireless-noise-cancelling-in-ear-headphone-bundle-with-gsport-hardshell-case-black,Sony,Requires amplifier,No matching field found for Amp required / Requires amplifier / Amplifier required
ZuUKzmkqDyQwdcwhxl9BBF,Sony WH-1000XM5 Wireless Over-Ear Noise Canceling Headphones (Pink),sony-wh-1000xm5-wireless-over-ear-noise-canceling-headphones-pink,Sony,Wearing style,No matching field found for Wearing style
ZuUKzmkqDyQwdcwhxl9BBF,Sony WH-1000XM5 Wireless Over-Ear Noise Canceling Headphones (Pink),sony-wh-1000xm5-wireless-over-ear-noise-canceling-headphones-pink,Sony,Back design,No matching field found for Back design / Cup style / Cup / back design
ZuUKzmkqDyQwdcwhxl9BBF,Sony WH-1000XM5 Wireless Over-Ear Noise Canceling Headphones (Pink),sony-wh-1000xm5-wireless-over-ear-noise-canceling-headphones-pink,Sony,Driver type,No matching field found for Driver type / Driver Type
ZuUKzmkqDyQwdcwhxl9BBF,Sony WH-1000XM5 Wireless Over-Ear Noise Canceling Headphones (Pink),sony-wh-1000xm5-wireless-over-ear-noise-canceling-headphones-pink,Sony,Connectivity,No matching field found for Connectivity
ZuUKzmkqDyQwdcwhxl9BBF,Sony WH-1000XM5 Wireless Over-Ear Noise Canceling Headphones (Pink),sony-wh-1000xm5-wireless-over-ear-noise-canceling-headphones-pink,Sony,Connector / plug,No matching field found for Connector / Connector / plug
ZuUKzmkqDyQwdcwhxl9BBF,Sony WH-1000XM5 Wireless Over-Ear Noise Canceling Headphones (Pink),sony-wh-1000xm5-wireless-over-ear-noise-canceling-headphones-pink,Sony,Microphone,No matching field found for Microphone / Microphones
ZuUKzmkqDyQwdcwhxl9BBF,Sony WH-1000XM5 Wireless Over-Ear Noise Canceling Headphones (Pink),sony-wh-1000xm5-wireless-over-ear-noise-canceling-headphones-pink,Sony,Noise cancelling,No matching field found for Noise cancelling / Noise canceling / ANC / Active noise cancelling
ZuUKzmkqDyQwdcwhxl9BBF,Sony WH-1000XM5 Wireless Over-Ear Noise Canceling Headphones (Pink),sony-wh-1000xm5-wireless-over-ear-noise-canceling-headphones-pink,Sony,Requires amplifier,No matching field found for Amp required / Requires amplifier / Amplifier required
ZuUKzmkqDyQwdcwhxl9CGa,Soundcore Aerofit 2 Wireless Open-Ear Headphones (Black),soundcore-aerofit-2-wireless-headphones-black,Soundcore,Wearing style,No matching field found for Wearing style
ZuUKzmkqDyQwdcwhxl9CGa,Soundcore Aerofit 2 Wireless Open-Ear Headphones (Black),soundcore-aerofit-2-wireless-headphones-black,Soundcore,Back design,No matching field found for Back design / Cup style / Cup / back design
ZuUKzmkqDyQwdcwhxl9CGa,Soundcore Aerofit 2 Wireless Open-Ear Headphones (Black),soundcore-aerofit-2-wireless-headphones-black,Soundcore,Driver type,No matching field found for Driver type / Driver Type
ZuUKzmkqDyQwdcwhxl9CGa,Soundcore Aerofit 2 Wireless Open-Ear Headphones (Black),soundcore-aerofit-2-wireless-headphones-black,Soundcore,Connectivity,No matching field found for Connectivity
ZuUKzmkqDyQwdcwhxl9CGa,Soundcore Aerofit 2 Wireless Open-Ear Headphones (Black),soundcore-aerofit-2-wireless-headphones-black,Soundcore,Connector / plug,No matching field found for Connector / Connector / plug
ZuUKzmkqDyQwdcwhxl9CGa,Soundcore Aerofit 2 Wireless Open-Ear Headphones (Black),soundcore-aerofit-2-wireless-headphones-black,Soundcore,Microphone,No matching field found for Microphone / Microphones
ZuUKzmkqDyQwdcwhxl9CGa,Soundcore Aerofit 2 Wireless Open-Ear Headphones (Black),soundcore-aerofit-2-wireless-headphones-black,Soundcore,Noise cancelling,No matching field found for Noise cancelling / Noise canceling / ANC / Active noise cancelling
ZuUKzmkqDyQwdcwhxl9CGa,Soundcore Aerofit 2 Wireless Open-Ear Headphones (Black),soundcore-aerofit-2-wireless-headphones-black,Soundcore,Requires amplifier,No matching field found for Amp required / Requires amplifier / Amplifier required
ZuUKzmkqDyQwdcwhxl9DU0,Soundcore Aerofit 2 Wireless Open-Ear Headphones (Green),soundcore-aerofit-2-wireless-open-ear-headphones-green,Soundcore,Wearing style,No matching field found for Wearing style
ZuUKzmkqDyQwdcwhxl9DU0,Soundcore Aerofit 2 Wireless Open-Ear Headphones (Green),soundcore-aerofit-2-wireless-open-ear-headphones-green,Soundcore,Back design,No matching field found for Back design / Cup style / Cup / back design
ZuUKzmkqDyQwdcwhxl9DU0,Soundcore Aerofit 2 Wireless Open-Ear Headphones (Green),soundcore-aerofit-2-wireless-open-ear-headphones-green,Soundcore,Driver type,No matching field found for Driver type / Driver Type
ZuUKzmkqDyQwdcwhxl9DU0,Soundcore Aerofit 2 Wireless Open-Ear Headphones (Green),soundcore-aerofit-2-wireless-open-ear-headphones-green,Soundcore,Connectivity,No matching field found for Connectivity
ZuUKzmkqDyQwdcwhxl9DU0,Soundcore Aerofit 2 Wireless Open-Ear Headphones (Green),soundcore-aerofit-2-wireless-open-ear-headphones-green,Soundcore,Connector / plug,No matching field found for Connector / Connector / plug
ZuUKzmkqDyQwdcwhxl9DU0,Soundcore Aerofit 2 Wireless Open-Ear Headphones (Green),soundcore-aerofit-2-wireless-open-ear-headphones-green,Soundcore,Microphone,No matching field found for Microphone / Microphones
ZuUKzmkqDyQwdcwhxl9DU0,Soundcore Aerofit 2 Wireless Open-Ear Headphones (Green),soundcore-aerofit-2-wireless-open-ear-headphones-green,Soundcore,Noise cancelling,No matching field found for Noise cancelling / Noise canceling / ANC / Active noise cancelling
ZuUKzmkqDyQwdcwhxl9DU0,Soundcore Aerofit 2 Wireless Open-Ear Headphones (Green),soundcore-aerofit-2-wireless-open-ear-headphones-green,Soundcore,Requires amplifier,No matching field found for Amp required / Requires amplifier / Amplifier required
ZuUKzmkqDyQwdcwhxlIcNL,Denon DCD-1700NE CD/SACD Player with Advanced AL32 Processing Plus (Black),denon-dcd-1700ne-cd-sacd-player-with-advanced-al32-processing-plus-black,Denon,Device type,No matching field found for Device type / Product type / Type
ZuUKzmkqDyQwdcwhxlIcNL,Denon DCD-1700NE CD/SACD Player with Advanced AL32 Processing Plus (Black),denon-dcd-1700ne-cd-sacd-player-with-advanced-al32-processing-plus-black,Denon,Form factor,No matching field found for Form factor / Portability
ZuUKzmkqDyQwdcwhxlIcNL,Denon DCD-1700NE CD/SACD Player with Advanced AL32 Processing Plus (Black),denon-dcd-1700ne-cd-sacd-player-with-advanced-al32-processing-plus-black,Denon,Amplification,No matching field found for Amplifier type / Amplification
ZuUKzmkqDyQwdcwhxlIcNL,Denon DCD-1700NE CD/SACD Player with Advanced AL32 Processing Plus (Black),denon-dcd-1700ne-cd-sacd-player-with-advanced-al32-processing-plus-black,Denon,DAC included,No matching field found for DAC included / DAC / Built-in DAC
ZuUKzmkqDyQwdcwhxlIcNL,Denon DCD-1700NE CD/SACD Player with Advanced AL32 Processing Plus (Black),denon-dcd-1700ne-cd-sacd-player-with-advanced-al32-processing-plus-black,Denon,Balanced output,No matching field found for Balanced output / Balanced / Balanced connection
ZuUKzmkqDyQwdcwhxlIcNL,Denon DCD-1700NE CD/SACD Player with Advanced AL32 Processing Plus (Black),denon-dcd-1700ne-cd-sacd-player-with-advanced-al32-processing-plus-black,Denon,Inputs,No matching field found for Inputs / Input
ZuUKzmkqDyQwdcwhxlIcNL,Denon DCD-1700NE CD/SACD Player with Advanced AL32 Processing Plus (Black),denon-dcd-1700ne-cd-sacd-player-with-advanced-al32-processing-plus-black,Denon,Outputs,No matching field found for Outputs / Output
ZuUKzmkqDyQwdcwhxlIfVH,Marantz CD 60 CD Player (Silver Gold),marantz-cd-60-cd-player-silver-gold,Marantz,Device type,No matching field found for Device type / Product type / Type
ZuUKzmkqDyQwdcwhxlIfVH,Marantz CD 60 CD Player (Silver Gold),marantz-cd-60-cd-player-silver-gold,Marantz,Form factor,No matching field found for Form factor / Portability
ZuUKzmkqDyQwdcwhxlIfVH,Marantz CD 60 CD Player (Silver Gold),marantz-cd-60-cd-player-silver-gold,Marantz,Amplification,No matching field found for Amplifier type / Amplification
ZuUKzmkqDyQwdcwhxlIfVH,Marantz CD 60 CD Player (Silver Gold),marantz-cd-60-cd-player-silver-gold,Marantz,DAC included,No matching field found for DAC included / DAC / Built-in DAC
ZuUKzmkqDyQwdcwhxlIfVH,Marantz CD 60 CD Player (Silver Gold),marantz-cd-60-cd-player-silver-gold,Marantz,Balanced output,No matching field found for Balanced output / Balanced / Balanced connection
ZuUKzmkqDyQwdcwhxlIfVH,Marantz CD 60 CD Player (Silver Gold),marantz-cd-60-cd-player-silver-gold,Marantz,Inputs,No matching field found for Inputs / Input
ZuUKzmkqDyQwdcwhxlIfVH,Marantz CD 60 CD Player (Silver Gold),marantz-cd-60-cd-player-silver-gold,Marantz,Outputs,No matching field found for Outputs / Output
ZuUKzmkqDyQwdcwhxlIflR,Marantz SACD10 CD Player (Black),marantz-sacd10-cd-player-black,Marantz,Device type,No matching field found for Device type / Product type / Type
ZuUKzmkqDyQwdcwhxlIflR,Marantz SACD10 CD Player (Black),marantz-sacd10-cd-player-black,Marantz,Form factor,No matching field found for Form factor / Portability
ZuUKzmkqDyQwdcwhxlIflR,Marantz SACD10 CD Player (Black),marantz-sacd10-cd-player-black,Marantz,Amplification,No matching field found for Amplifier type / Amplification
ZuUKzmkqDyQwdcwhxlIflR,Marantz SACD10 CD Player (Black),marantz-sacd10-cd-player-black,Marantz,DAC included,No matching field found for DAC included / DAC / Built-in DAC
ZuUKzmkqDyQwdcwhxlIflR,Marantz SACD10 CD Player (Black),marantz-sacd10-cd-player-black,Marantz,Balanced output,"Field ""BALANCED"" raw value ""4.0Vrms"" does not map to the closed vocabulary for Balanced output"
ZuUKzmkqDyQwdcwhxlIflR,Marantz SACD10 CD Player (Black),marantz-sacd10-cd-player-black,Marantz,Inputs,No matching field found for Inputs / Input
ZuUKzmkqDyQwdcwhxlIflR,Marantz SACD10 CD Player (Black),marantz-sacd10-cd-player-black,Marantz,Outputs,No matching field found for Outputs / Output
ZuUKzmkqDyQwdcwhxlJjyP,Eversolo DMP-A8 Network Streamer with Built-In DAC,eversolo-dmp-a8-network-streamer-with-built-in-dac,Eversolo,Device type,No matching field found for Device type / Product type / Type
ZuUKzmkqDyQwdcwhxlJjyP,Eversolo DMP-A8 Network Streamer with Built-In DAC,eversolo-dmp-a8-network-streamer-with-built-in-dac,Eversolo,Form factor,No matching field found for Form factor / Portability
ZuUKzmkqDyQwdcwhxlJjyP,Eversolo DMP-A8 Network Streamer with Built-In DAC,eversolo-dmp-a8-network-streamer-with-built-in-dac,Eversolo,Amplification,No matching field found for Amplifier type / Amplification
ZuUKzmkqDyQwdcwhxlJjyP,Eversolo DMP-A8 Network Streamer with Built-In DAC,eversolo-dmp-a8-network-streamer-with-built-in-dac,Eversolo,DAC included,No matching field found for DAC included / DAC / Built-in DAC
ZuUKzmkqDyQwdcwhxlJjyP,Eversolo DMP-A8 Network Streamer with Built-In DAC,eversolo-dmp-a8-network-streamer-with-built-in-dac,Eversolo,Balanced output,No matching field found for Balanced output / Balanced / Balanced connection
ZuUKzmkqDyQwdcwhxlJjyP,Eversolo DMP-A8 Network Streamer with Built-In DAC,eversolo-dmp-a8-network-streamer-with-built-in-dac,Eversolo,Inputs,No matching field found for Inputs / Input
ZuUKzmkqDyQwdcwhxlJjyP,Eversolo DMP-A8 Network Streamer with Built-In DAC,eversolo-dmp-a8-network-streamer-with-built-in-dac,Eversolo,Outputs,No matching field found for Outputs / Output
ZuUKzmkqDyQwdcwhxlJkHG,HiFi Rose RD160 DAC (Silver),hifi-rose-rd160-network-streamer-dac-silver,HiFi Rose,Device type,No matching field found for Device type / Product type / Type
ZuUKzmkqDyQwdcwhxlJkHG,HiFi Rose RD160 DAC (Silver),hifi-rose-rd160-network-streamer-dac-silver,HiFi Rose,Form factor,No matching field found for Form factor / Portability
ZuUKzmkqDyQwdcwhxlJkHG,HiFi Rose RD160 DAC (Silver),hifi-rose-rd160-network-streamer-dac-silver,HiFi Rose,Amplification,No matching field found for Amplifier type / Amplification
ZuUKzmkqDyQwdcwhxlJkHG,HiFi Rose RD160 DAC (Silver),hifi-rose-rd160-network-streamer-dac-silver,HiFi Rose,DAC included,No matching field found for DAC included / DAC / Built-in DAC
ZuUKzmkqDyQwdcwhxlJkHG,HiFi Rose RD160 DAC (Silver),hifi-rose-rd160-network-streamer-dac-silver,HiFi Rose,Balanced output,No matching field found for Balanced output / Balanced / Balanced connection
ZuUKzmkqDyQwdcwhxlJkHG,HiFi Rose RD160 DAC (Silver),hifi-rose-rd160-network-streamer-dac-silver,HiFi Rose,Inputs,No matching field found for Inputs / Input
ZuUKzmkqDyQwdcwhxlJkHG,HiFi Rose RD160 DAC (Silver),hifi-rose-rd160-network-streamer-dac-silver,HiFi Rose,Outputs,No matching field found for Outputs / Output
ZuUKzmkqDyQwdcwhxlJlJu,iFi Audio GO bar Kensei Portable Hi-Res USB DAC and Preamp,ifi-audio-go-bar-kensei-portable-hi-res-usb-dac-and-preamp,iFi Audio,Device type,No matching field found for Device type / Product type / Type
ZuUKzmkqDyQwdcwhxlJlJu,iFi Audio GO bar Kensei Portable Hi-Res USB DAC and Preamp,ifi-audio-go-bar-kensei-portable-hi-res-usb-dac-and-preamp,iFi Audio,Form factor,No matching field found for Form factor / Portability
ZuUKzmkqDyQwdcwhxlJlJu,iFi Audio GO bar Kensei Portable Hi-Res USB DAC and Preamp,ifi-audio-go-bar-kensei-portable-hi-res-usb-dac-and-preamp,iFi Audio,Amplification,No matching field found for Amplifier type / Amplification
ZuUKzmkqDyQwdcwhxlJlJu,iFi Audio GO bar Kensei Portable Hi-Res USB DAC and Preamp,ifi-audio-go-bar-kensei-portable-hi-res-usb-dac-and-preamp,iFi Audio,DAC included,"Field ""DAC"" raw value ""Bit-Perfect DSD &amp; DXD DAC by Cirrus Logic"" does not map to the closed vocabulary for DAC included"
ZuUKzmkqDyQwdcwhxlJlJu,iFi Audio GO bar Kensei Portable Hi-Res USB DAC and Preamp,ifi-audio-go-bar-kensei-portable-hi-res-usb-dac-and-preamp,iFi Audio,Balanced output,"Field ""Balanced"" raw value ""477mW@32&Omega;; 7.2V@600&Omega;"" does not map to the closed vocabulary for Balanced output"
ZuUKzmkqDyQwdcwhxlJlJu,iFi Audio GO bar Kensei Portable Hi-Res USB DAC and Preamp,ifi-audio-go-bar-kensei-portable-hi-res-usb-dac-and-preamp,iFi Audio,Inputs,No matching field found for Inputs / Input
ZuUKzmkqDyQwdcwhxlJlJu,iFi Audio GO bar Kensei Portable Hi-Res USB DAC and Preamp,ifi-audio-go-bar-kensei-portable-hi-res-usb-dac-and-preamp,iFi Audio,Outputs,No matching field found for Outputs / Output
ZuUKzmkqDyQwdcwhxlJpXB,McIntosh DS200 Streaming DAC,mcintosh-ds200-streaming-dac,McIntosh,Device type,No matching field found for Device type / Product type / Type
ZuUKzmkqDyQwdcwhxlJpXB,McIntosh DS200 Streaming DAC,mcintosh-ds200-streaming-dac,McIntosh,Form factor,No matching field found for Form factor / Portability
ZuUKzmkqDyQwdcwhxlJpXB,McIntosh DS200 Streaming DAC,mcintosh-ds200-streaming-dac,McIntosh,Amplification,No matching field found for Amplifier type / Amplification
ZuUKzmkqDyQwdcwhxlJpXB,McIntosh DS200 Streaming DAC,mcintosh-ds200-streaming-dac,McIntosh,DAC included,No matching field found for DAC included / DAC / Built-in DAC
ZuUKzmkqDyQwdcwhxlJpXB,McIntosh DS200 Streaming DAC,mcintosh-ds200-streaming-dac,McIntosh,Balanced output,No matching field found for Balanced output / Balanced / Balanced connection
ZuUKzmkqDyQwdcwhxlJpXB,McIntosh DS200 Streaming DAC,mcintosh-ds200-streaming-dac,McIntosh,Inputs,No matching field found for Inputs / Input
ZuUKzmkqDyQwdcwhxlJpXB,McIntosh DS200 Streaming DAC,mcintosh-ds200-streaming-dac,McIntosh,Outputs,No matching field found for Outputs / Output
ZuUKzmkqDyQwdcwhxwQHiY,Sennheiser Momentum Sport True Wireless Earbuds with Adaptive Noise Cancellation (Black),sennheiser-momentum-sport-true-wireless-earbuds-with-adaptive-noise-cancellation-black,Sennheiser,Wearing style,"Field ""Wearing style"" raw value ""True wireless stereo earphones"" does not map to the closed vocabulary for Wearing style"
ZuUKzmkqDyQwdcwhxwQHiY,Sennheiser Momentum Sport True Wireless Earbuds with Adaptive Noise Cancellation (Black),sennheiser-momentum-sport-true-wireless-earbuds-with-adaptive-noise-cancellation-black,Sennheiser,Driver type,No matching field found for Driver type / Driver Type
ZuUKzmkqDyQwdcwhxwQHiY,Sennheiser Momentum Sport True Wireless Earbuds with Adaptive Noise Cancellation (Black),sennheiser-momentum-sport-true-wireless-earbuds-with-adaptive-noise-cancellation-black,Sennheiser,Connectivity,"Field ""Connectivity"" raw value ""Bluetooth 5.2 compliant, class 1, 16mW (max), RF Range 40m – line of sight"" does not map to the closed vocabulary for Connectivity"
ZuUKzmkqDyQwdcwhxwQHiY,Sennheiser Momentum Sport True Wireless Earbuds with Adaptive Noise Cancellation (Black),sennheiser-momentum-sport-true-wireless-earbuds-with-adaptive-noise-cancellation-black,Sennheiser,Connector / plug,No matching field found for Connector / Connector / plug
ZuUKzmkqDyQwdcwhxwQHiY,Sennheiser Momentum Sport True Wireless Earbuds with Adaptive Noise Cancellation (Black),sennheiser-momentum-sport-true-wireless-earbuds-with-adaptive-noise-cancellation-black,Sennheiser,Microphone,No matching field found for Microphone / Microphones
ZuUKzmkqDyQwdcwhxwQHiY,Sennheiser Momentum Sport True Wireless Earbuds with Adaptive Noise Cancellation (Black),sennheiser-momentum-sport-true-wireless-earbuds-with-adaptive-noise-cancellation-black,Sennheiser,Noise cancelling,No matching field found for Noise cancelling / Noise canceling / ANC / Active noise cancelling
ZuUKzmkqDyQwdcwhxwQHiY,Sennheiser Momentum Sport True Wireless Earbuds with Adaptive Noise Cancellation (Black),sennheiser-momentum-sport-true-wireless-earbuds-with-adaptive-noise-cancellation-black,Sennheiser,Requires amplifier,No matching field found for Amp required / Requires amplifier / Amplifier required
ZuUKzmkqDyQwdcwhxwQLK7,Sony Linkbuds Fit Truly Wireless Noise Cancelling Earbuds (White),sony-linkbuds-fit-truly-wireless-noise-cancelling-earbuds-white,Sony,Wearing style,"Field ""Wearing Style"" raw value ""Yes (IPX4)"" does not map to the closed vocabulary for Wearing style"
ZuUKzmkqDyQwdcwhxwQLK7,Sony Linkbuds Fit Truly Wireless Noise Cancelling Earbuds (White),sony-linkbuds-fit-truly-wireless-noise-cancelling-earbuds-white,Sony,Driver type,No matching field found for Driver type / Driver Type
ZuUKzmkqDyQwdcwhxwQLK7,Sony Linkbuds Fit Truly Wireless Noise Cancelling Earbuds (White),sony-linkbuds-fit-truly-wireless-noise-cancelling-earbuds-white,Sony,Connectivity,No matching field found for Connectivity
ZuUKzmkqDyQwdcwhxwQLK7,Sony Linkbuds Fit Truly Wireless Noise Cancelling Earbuds (White),sony-linkbuds-fit-truly-wireless-noise-cancelling-earbuds-white,Sony,Connector / plug,No matching field found for Connector / Connector / plug
ZuUKzmkqDyQwdcwhxwQLK7,Sony Linkbuds Fit Truly Wireless Noise Cancelling Earbuds (White),sony-linkbuds-fit-truly-wireless-noise-cancelling-earbuds-white,Sony,Microphone,No matching field found for Microphone / Microphones
ZuUKzmkqDyQwdcwhxwQLK7,Sony Linkbuds Fit Truly Wireless Noise Cancelling Earbuds (White),sony-linkbuds-fit-truly-wireless-noise-cancelling-earbuds-white,Sony,Noise cancelling,No matching field found for Noise cancelling / Noise canceling / ANC / Active noise cancelling
ZuUKzmkqDyQwdcwhxwQLK7,Sony Linkbuds Fit Truly Wireless Noise Cancelling Earbuds (White),sony-linkbuds-fit-truly-wireless-noise-cancelling-earbuds-white,Sony,Requires amplifier,No matching field found for Amp required / Requires amplifier / Amplifier required
ZuUKzmkqDyQwdcwhxwQPfT,Sony WF-1000XM5 Wireless Noise Cancelling In-Ear Headphone Bundle with gSport Hardshell Case (Silver),sony-wf-1000xm5-wireless-noise-cancelling-in-ear-headphone-bundle-with-gsport-hardshell-case-silver,Sony,Wearing style,"Field ""Wearing Style"" raw value ""Yes (IPX4 equivalent)"" does not map to the closed vocabulary for Wearing style"
ZuUKzmkqDyQwdcwhxwQPfT,Sony WF-1000XM5 Wireless Noise Cancelling In-Ear Headphone Bundle with gSport Hardshell Case (Silver),sony-wf-1000xm5-wireless-noise-cancelling-in-ear-headphone-bundle-with-gsport-hardshell-case-silver,Sony,Driver type,No matching field found for Driver type / Driver Type
ZuUKzmkqDyQwdcwhxwQPfT,Sony WF-1000XM5 Wireless Noise Cancelling In-Ear Headphone Bundle with gSport Hardshell Case (Silver),sony-wf-1000xm5-wireless-noise-cancelling-in-ear-headphone-bundle-with-gsport-hardshell-case-silver,Sony,Connectivity,No matching field found for Connectivity
ZuUKzmkqDyQwdcwhxwQPfT,Sony WF-1000XM5 Wireless Noise Cancelling In-Ear Headphone Bundle with gSport Hardshell Case (Silver),sony-wf-1000xm5-wireless-noise-cancelling-in-ear-headphone-bundle-with-gsport-hardshell-case-silver,Sony,Connector / plug,No matching field found for Connector / Connector / plug
ZuUKzmkqDyQwdcwhxwQPfT,Sony WF-1000XM5 Wireless Noise Cancelling In-Ear Headphone Bundle with gSport Hardshell Case (Silver),sony-wf-1000xm5-wireless-noise-cancelling-in-ear-headphone-bundle-with-gsport-hardshell-case-silver,Sony,Microphone,No matching field found for Microphone / Microphones
ZuUKzmkqDyQwdcwhxwQPfT,Sony WF-1000XM5 Wireless Noise Cancelling In-Ear Headphone Bundle with gSport Hardshell Case (Silver),sony-wf-1000xm5-wireless-noise-cancelling-in-ear-headphone-bundle-with-gsport-hardshell-case-silver,Sony,Noise cancelling,No matching field found for Noise cancelling / Noise canceling / ANC / Active noise cancelling
ZuUKzmkqDyQwdcwhxwQPfT,Sony WF-1000XM5 Wireless Noise Cancelling In-Ear Headphone Bundle with gSport Hardshell Case (Silver),sony-wf-1000xm5-wireless-noise-cancelling-in-ear-headphone-bundle-with-gsport-hardshell-case-silver,Sony,Requires amplifier,No matching field found for Amp required / Requires amplifier / Amplifier required
apzyFbFDTajEZntmxsotCD,AudioQuest Chicago RCA Analog Audio Interconnect Cable - Pair (6.56 ft.),audioquest-chicago-rca-analog-audio-interconnect-cable-pair-6-56-ft,AudioQuest,Accessory type,No matching field found for Accessory type / Type
apzyFbFDTajEZntmxsotCD,AudioQuest Chicago RCA Analog Audio Interconnect Cable - Pair (6.56 ft.),audioquest-chicago-rca-analog-audio-interconnect-cable-pair-6-56-ft,AudioQuest,Connector / termination,No matching field found for Connector / termination / Connector / Termination
apzyFbFDTajEZntmxsotCD,AudioQuest Chicago RCA Analog Audio Interconnect Cable - Pair (6.56 ft.),audioquest-chicago-rca-analog-audio-interconnect-cable-pair-6-56-ft,AudioQuest,Compatibility,No matching field found for Compatibility / Compatible with / Fits
apzyFbFDTajEZntmxspOvR,AudioQuest Evergreen 1m (3.28 ft) RCA Male to RCA Male Cable - Pair,audioquest-evergreen-1m-3-28-ft-rca-male-to-rca-male-cable-pair,AudioQuest,Accessory type,No matching field found for Accessory type / Type
apzyFbFDTajEZntmxspOvR,AudioQuest Evergreen 1m (3.28 ft) RCA Male to RCA Male Cable - Pair,audioquest-evergreen-1m-3-28-ft-rca-male-to-rca-male-cable-pair,AudioQuest,Connector / termination,No matching field found for Connector / termination / Connector / Termination
apzyFbFDTajEZntmxspOvR,AudioQuest Evergreen 1m (3.28 ft) RCA Male to RCA Male Cable - Pair,audioquest-evergreen-1m-3-28-ft-rca-male-to-rca-male-cable-pair,AudioQuest,Compatibility,"Compatibility raw value ""Evergreen"" could not be matched to canonical product slugs. Unmatched parts: Evergreen"
apzyFbFDTajEZntmxspjB2,AudioQuest Red River XLR to XLR Analog Audio Interconnect Cable - 1.64' (0.5m) - 2-Pack,audioquest-red-river-xlr-to-xlr-analog-audio-interconnect-cable-1-64-0-5m-2-pack,AudioQuest,Accessory type,No matching field found for Accessory type / Type
apzyFbFDTajEZntmxspjB2,AudioQuest Red River XLR to XLR Analog Audio Interconnect Cable - 1.64' (0.5m) - 2-Pack,audioquest-red-river-xlr-to-xlr-analog-audio-interconnect-cable-1-64-0-5m-2-pack,AudioQuest,Connector / termination,No matching field found for Connector / termination / Connector / Termination
apzyFbFDTajEZntmxspjB2,AudioQuest Red River XLR to XLR Analog Audio Interconnect Cable - 1.64' (0.5m) - 2-Pack,audioquest-red-river-xlr-to-xlr-analog-audio-interconnect-cable-1-64-0-5m-2-pack,AudioQuest,Compatibility,No matching field found for Compatibility / Compatible with / Fits
apzyFbFDTajEZntmxspxTm,AudioQuest Red River XLR to XLR Analog Audio Interconnect Cables - 2.46' (0.75m) - 2-Pack,audioquest-red-river-xlr-to-xlr-analog-audio-interconnect-cables-2-46-0-75m-2-pack,AudioQuest,Accessory type,No matching field found for Accessory type / Type
apzyFbFDTajEZntmxspxTm,AudioQuest Red River XLR to XLR Analog Audio Interconnect Cables - 2.46' (0.75m) - 2-Pack,audioquest-red-river-xlr-to-xlr-analog-audio-interconnect-cables-2-46-0-75m-2-pack,AudioQuest,Connector / termination,No matching field found for Connector / termination / Connector / Termination
apzyFbFDTajEZntmxspxTm,AudioQuest Red River XLR to XLR Analog Audio Interconnect Cables - 2.46' (0.75m) - 2-Pack,audioquest-red-river-xlr-to-xlr-analog-audio-interconnect-cables-2-46-0-75m-2-pack,AudioQuest,Compatibility,No matching field found for Compatibility / Compatible with / Fits
apzyFbFDTajEZntmxsqSfT,AudioQuest Chicago RCA Analog Audio Interconnect Cable - Pair (3.28 ft.),audioquest-chicago-rca-analog-audio-interconnect-cable-pair-3-28-ft,AudioQuest,Accessory type,No matching field found for Accessory type / Type
apzyFbFDTajEZntmxsqSfT,AudioQuest Chicago RCA Analog Audio Interconnect Cable - Pair (3.28 ft.),audioquest-chicago-rca-analog-audio-interconnect-cable-pair-3-28-ft,AudioQuest,Connector / termination,No matching field found for Connector / termination / Connector / Termination
apzyFbFDTajEZntmxsqSfT,AudioQuest Chicago RCA Analog Audio Interconnect Cable - Pair (3.28 ft.),audioquest-chicago-rca-analog-audio-interconnect-cable-pair-3-28-ft,AudioQuest,Compatibility,No matching field found for Compatibility / Compatible with / Fits
apzyFbFDTajEZntmxsqhzY,AudioQuest Chicago RCA Male to RCA Male Cable - Pair (4.92 ft.),audioquest-chicago-rca-male-to-rca-male-cable-pair-4-92-ft,AudioQuest,Accessory type,No matching field found for Accessory type / Type
apzyFbFDTajEZntmxsqhzY,AudioQuest Chicago RCA Male to RCA Male Cable - Pair (4.92 ft.),audioquest-chicago-rca-male-to-rca-male-cable-pair-4-92-ft,AudioQuest,Connector / termination,No matching field found for Connector / termination / Connector / Termination
apzyFbFDTajEZntmxsqhzY,AudioQuest Chicago RCA Male to RCA Male Cable - Pair (4.92 ft.),audioquest-chicago-rca-male-to-rca-male-cable-pair-4-92-ft,AudioQuest,Compatibility,No matching field found for Compatibility / Compatible with / Fits
apzyFbFDTajEZntmxssHP5,Polk Audio RC85i 2 Way In Wall Speakers - 4 Pack (White),polk-audio-rc85i-2-way-in-wall-speakers-4-pack-white,Polk Audio,Accessory type,No matching field found for Accessory type / Type
apzyFbFDTajEZntmxssHP5,Polk Audio RC85i 2 Way In Wall Speakers - 4 Pack (White),polk-audio-rc85i-2-way-in-wall-speakers-4-pack-white,Polk Audio,Connector / termination,No matching field found for Connector / termination / Connector / Termination
apzyFbFDTajEZntmxssHP5,Polk Audio RC85i 2 Way In Wall Speakers - 4 Pack (White),polk-audio-rc85i-2-way-in-wall-speakers-4-pack-white,Polk Audio,Compatibility,No matching field found for Compatibility / Compatible with / Fits
apzyFbFDTajEZntmxssRcT,Yamaha NS-IC800 140 Watt 8 Inch 2 Way In Ceiling Speakers - Pair (White),yamaha-ns-ic800-140-watt-8-inch-2-way-in-ceiling-speakers-pair-white,Yamaha,Accessory type,"Field ""Type"" raw value ""2-way coaxial"" does not map to the closed vocabulary for Accessory type"
apzyFbFDTajEZntmxssRcT,Yamaha NS-IC800 140 Watt 8 Inch 2 Way In Ceiling Speakers - Pair (White),yamaha-ns-ic800-140-watt-8-inch-2-way-in-ceiling-speakers-pair-white,Yamaha,Connector / termination,No matching field found for Connector / termination / Connector / Termination
apzyFbFDTajEZntmxssRcT,Yamaha NS-IC800 140 Watt 8 Inch 2 Way In Ceiling Speakers - Pair (White),yamaha-ns-ic800-140-watt-8-inch-2-way-in-ceiling-speakers-pair-white,Yamaha,Compatibility,No matching field found for Compatibility / Compatible with / Fits
apzyFbFDTajEZntmxstdpq,SVS SoundPath RCA Audio Interconnect Cable for Subwoofers - 49.2 ft. (15m),svs-soundpath-rca-audio-interconnect-cable-for-subwoofers-49-2-ft-15m,SVS,Accessory type,No matching field found for Accessory type / Type
apzyFbFDTajEZntmxstdpq,SVS SoundPath RCA Audio Interconnect Cable for Subwoofers - 49.2 ft. (15m),svs-soundpath-rca-audio-interconnect-cable-for-subwoofers-49-2-ft-15m,SVS,Connector / termination,No matching field found for Connector / termination / Connector / Termination
apzyFbFDTajEZntmxstdpq,SVS SoundPath RCA Audio Interconnect Cable for Subwoofers - 49.2 ft. (15m),svs-soundpath-rca-audio-interconnect-cable-for-subwoofers-49-2-ft-15m,SVS,Compatibility,No matching field found for Compatibility / Compatible with / Fits
apzyFbFDTajEZntmxsuJqB,SVS SoundPath RCA Audio Interconnect Cable for Subwoofers - 6.56 ft. (2m),svs-soundpath-rca-audio-interconnect-cable-for-subwoofers-6-56-ft-2m,SVS,Accessory type,No matching field found for Accessory type / Type
apzyFbFDTajEZntmxsuJqB,SVS SoundPath RCA Audio Interconnect Cable for Subwoofers - 6.56 ft. (2m),svs-soundpath-rca-audio-interconnect-cable-for-subwoofers-6-56-ft-2m,SVS,Connector / termination,No matching field found for Connector / termination / Connector / Termination
apzyFbFDTajEZntmxsuJqB,SVS SoundPath RCA Audio Interconnect Cable for Subwoofers - 6.56 ft. (2m),svs-soundpath-rca-audio-interconnect-cable-for-subwoofers-6-56-ft-2m,SVS,Compatibility,No matching field found for Compatibility / Compatible with / Fits
dLGDVDmEEI2lV8CArAcaQ0,iFi Audio Go blu Portable Bluetooth DAC/Headphone Amp,ifi-audio-go-blu-portable-bluetooth-dac-headphone-amp,iFi Audio,Device type,No matching field found for Device type / Product type / Type
dLGDVDmEEI2lV8CArAcaQ0,iFi Audio Go blu Portable Bluetooth DAC/Headphone Amp,ifi-audio-go-blu-portable-bluetooth-dac-headphone-amp,iFi Audio,Form factor,No matching field found for Form factor / Portability
dLGDVDmEEI2lV8CArAcaQ0,iFi Audio Go blu Portable Bluetooth DAC/Headphone Amp,ifi-audio-go-blu-portable-bluetooth-dac-headphone-amp,iFi Audio,Amplification,No matching field found for Amplifier type / Amplification
dLGDVDmEEI2lV8CArAcaQ0,iFi Audio Go blu Portable Bluetooth DAC/Headphone Amp,ifi-audio-go-blu-portable-bluetooth-dac-headphone-amp,iFi Audio,DAC included,"Field ""DAC"" raw value ""Cirrus Logic CS43131"" does not map to the closed vocabulary for DAC included"
dLGDVDmEEI2lV8CArAcaQ0,iFi Audio Go blu Portable Bluetooth DAC/Headphone Amp,ifi-audio-go-blu-portable-bluetooth-dac-headphone-amp,iFi Audio,Balanced output,"Field ""Balanced"" raw value ""4.4mm"" does not map to the closed vocabulary for Balanced output"
dLGDVDmEEI2lV8CArAcaQ0,iFi Audio Go blu Portable Bluetooth DAC/Headphone Amp,ifi-audio-go-blu-portable-bluetooth-dac-headphone-amp,iFi Audio,Inputs,No matching field found for Inputs / Input
dLGDVDmEEI2lV8CArAcaQ0,iFi Audio Go blu Portable Bluetooth DAC/Headphone Amp,ifi-audio-go-blu-portable-bluetooth-dac-headphone-amp,iFi Audio,Outputs,No matching field found for Outputs / Output
dLGDVDmEEI2lV8CArAcay4,iFi Audio GO Link Max Portable Amp & DAC,ifi-audio-go-link-max-portable-amp-dac,iFi Audio,Device type,No matching field found for Device type / Product type / Type
dLGDVDmEEI2lV8CArAcay4,iFi Audio GO Link Max Portable Amp & DAC,ifi-audio-go-link-max-portable-amp-dac,iFi Audio,Form factor,No matching field found for Form factor / Portability
dLGDVDmEEI2lV8CArAcay4,iFi Audio GO Link Max Portable Amp & DAC,ifi-audio-go-link-max-portable-amp-dac,iFi Audio,Amplification,No matching field found for Amplifier type / Amplification
dLGDVDmEEI2lV8CArAcay4,iFi Audio GO Link Max Portable Amp & DAC,ifi-audio-go-link-max-portable-amp-dac,iFi Audio,DAC included,No matching field found for DAC included / DAC / Built-in DAC
dLGDVDmEEI2lV8CArAcay4,iFi Audio GO Link Max Portable Amp & DAC,ifi-audio-go-link-max-portable-amp-dac,iFi Audio,Balanced output,No matching field found for Balanced output / Balanced / Balanced connection
dLGDVDmEEI2lV8CArAcay4,iFi Audio GO Link Max Portable Amp & DAC,ifi-audio-go-link-max-portable-amp-dac,iFi Audio,Inputs,No matching field found for Inputs / Input
dLGDVDmEEI2lV8CArAcay4,iFi Audio GO Link Max Portable Amp & DAC,ifi-audio-go-link-max-portable-amp-dac,iFi Audio,Outputs,No matching field found for Outputs / Output
dLGDVDmEEI2lV8CArAcd7E,iFi Audio Hip-dac2 Portable USB DAC and Headphone Amp,ifi-audio-hip-dac2-portable-usb-dac-and-headphone-amp,iFi Audio,Device type,No matching field found for Device type / Product type / Type
dLGDVDmEEI2lV8CArAcd7E,iFi Audio Hip-dac2 Portable USB DAC and Headphone Amp,ifi-audio-hip-dac2-portable-usb-dac-and-headphone-amp,iFi Audio,Form factor,No matching field found for Form factor / Portability
dLGDVDmEEI2lV8CArAcd7E,iFi Audio Hip-dac2 Portable USB DAC and Headphone Amp,ifi-audio-hip-dac2-portable-usb-dac-and-headphone-amp,iFi Audio,Amplification,No matching field found for Amplifier type / Amplification
dLGDVDmEEI2lV8CArAcd7E,iFi Audio Hip-dac2 Portable USB DAC and Headphone Amp,ifi-audio-hip-dac2-portable-usb-dac-and-headphone-amp,iFi Audio,DAC included,No matching field found for DAC included / DAC / Built-in DAC
dLGDVDmEEI2lV8CArAcd7E,iFi Audio Hip-dac2 Portable USB DAC and Headphone Amp,ifi-audio-hip-dac2-portable-usb-dac-and-headphone-amp,iFi Audio,Balanced output,"Field ""Balanced"" raw value ""4.4mm"" does not map to the closed vocabulary for Balanced output"
dLGDVDmEEI2lV8CArAcd7E,iFi Audio Hip-dac2 Portable USB DAC and Headphone Amp,ifi-audio-hip-dac2-portable-usb-dac-and-headphone-amp,iFi Audio,Inputs,No matching field found for Inputs / Input
dLGDVDmEEI2lV8CArAcd7E,iFi Audio Hip-dac2 Portable USB DAC and Headphone Amp,ifi-audio-hip-dac2-portable-usb-dac-and-headphone-amp,iFi Audio,Outputs,No matching field found for Outputs / Output
dLGDVDmEEI2lV8CArAcfBk,iFi Audio NEO iDSD Desktop USB DAC/Headphone Amp with Bluetooth,ifi-audio-neo-idsd-desktop-usb-dac-headphone-amp-with-bluetooth,iFi Audio,Device type,No matching field found for Device type / Product type / Type
dLGDVDmEEI2lV8CArAcfBk,iFi Audio NEO iDSD Desktop USB DAC/Headphone Amp with Bluetooth,ifi-audio-neo-idsd-desktop-usb-dac-headphone-amp-with-bluetooth,iFi Audio,Form factor,No matching field found for Form factor / Portability
dLGDVDmEEI2lV8CArAcfBk,iFi Audio NEO iDSD Desktop USB DAC/Headphone Amp with Bluetooth,ifi-audio-neo-idsd-desktop-usb-dac-headphone-amp-with-bluetooth,iFi Audio,Amplification,No matching field found for Amplifier type / Amplification
dLGDVDmEEI2lV8CArAcfBk,iFi Audio NEO iDSD Desktop USB DAC/Headphone Amp with Bluetooth,ifi-audio-neo-idsd-desktop-usb-dac-headphone-amp-with-bluetooth,iFi Audio,DAC included,No matching field found for DAC included / DAC / Built-in DAC
dLGDVDmEEI2lV8CArAcfBk,iFi Audio NEO iDSD Desktop USB DAC/Headphone Amp with Bluetooth,ifi-audio-neo-idsd-desktop-usb-dac-headphone-amp-with-bluetooth,iFi Audio,Balanced output,"Field ""Balanced"" raw value ""&lArr;100&Omega;"" does not map to the closed vocabulary for Balanced output"
dLGDVDmEEI2lV8CArAcfBk,iFi Audio NEO iDSD Desktop USB DAC/Headphone Amp with Bluetooth,ifi-audio-neo-idsd-desktop-usb-dac-headphone-amp-with-bluetooth,iFi Audio,Inputs,No matching field found for Inputs / Input
dLGDVDmEEI2lV8CArAcfBk,iFi Audio NEO iDSD Desktop USB DAC/Headphone Amp with Bluetooth,ifi-audio-neo-idsd-desktop-usb-dac-headphone-amp-with-bluetooth,iFi Audio,Outputs,No matching field found for Outputs / Output
dLGDVDmEEI2lV8CArAcgSi,McIntosh MHA200 2-Channel Vacuum Tube Headphone Amplifier,mcintosh-mha200-2-channel-vacuum-tube-headphone-amplifier,McIntosh,Device type,No matching field found for Device type / Product type / Type
dLGDVDmEEI2lV8CArAcgSi,McIntosh MHA200 2-Channel Vacuum Tube Headphone Amplifier,mcintosh-mha200-2-channel-vacuum-tube-headphone-amplifier,McIntosh,Form factor,No matching field found for Form factor / Portability
dLGDVDmEEI2lV8CArAcgSi,McIntosh MHA200 2-Channel Vacuum Tube Headphone Amplifier,mcintosh-mha200-2-channel-vacuum-tube-headphone-amplifier,McIntosh,Amplification,No matching field found for Amplifier type / Amplification
dLGDVDmEEI2lV8CArAcgSi,McIntosh MHA200 2-Channel Vacuum Tube Headphone Amplifier,mcintosh-mha200-2-channel-vacuum-tube-headphone-amplifier,McIntosh,DAC included,No matching field found for DAC included / DAC / Built-in DAC
dLGDVDmEEI2lV8CArAcgSi,McIntosh MHA200 2-Channel Vacuum Tube Headphone Amplifier,mcintosh-mha200-2-channel-vacuum-tube-headphone-amplifier,McIntosh,Balanced output,No matching field found for Balanced output / Balanced / Balanced connection
dLGDVDmEEI2lV8CArAcgSi,McIntosh MHA200 2-Channel Vacuum Tube Headphone Amplifier,mcintosh-mha200-2-channel-vacuum-tube-headphone-amplifier,McIntosh,Inputs,No matching field found for Inputs / Input
dLGDVDmEEI2lV8CArAcgSi,McIntosh MHA200 2-Channel Vacuum Tube Headphone Amplifier,mcintosh-mha200-2-channel-vacuum-tube-headphone-amplifier,McIntosh,Outputs,No matching field found for Outputs / Output
dLGDVDmEEI2lV8CArAcpNU,iFi Audio ZEN Air CAN High-Power Analogue Headphone Amplifier,ifi-audio-zen-air-can-high-power-analogue-headphone-amplifier,iFi Audio,Device type,No matching field found for Device type / Product type / Type
dLGDVDmEEI2lV8CArAcpNU,iFi Audio ZEN Air CAN High-Power Analogue Headphone Amplifier,ifi-audio-zen-air-can-high-power-analogue-headphone-amplifier,iFi Audio,Form factor,No matching field found for Form factor / Portability
dLGDVDmEEI2lV8CArAcpNU,iFi Audio ZEN Air CAN High-Power Analogue Headphone Amplifier,ifi-audio-zen-air-can-high-power-analogue-headphone-amplifier,iFi Audio,Amplification,No matching field found for Amplifier type / Amplification
dLGDVDmEEI2lV8CArAcpNU,iFi Audio ZEN Air CAN High-Power Analogue Headphone Amplifier,ifi-audio-zen-air-can-high-power-analogue-headphone-amplifier,iFi Audio,DAC included,No matching field found for DAC included / DAC / Built-in DAC
dLGDVDmEEI2lV8CArAcpNU,iFi Audio ZEN Air CAN High-Power Analogue Headphone Amplifier,ifi-audio-zen-air-can-high-power-analogue-headphone-amplifier,iFi Audio,Balanced output,No matching field found for Balanced output / Balanced / Balanced connection
dLGDVDmEEI2lV8CArAcpNU,iFi Audio ZEN Air CAN High-Power Analogue Headphone Amplifier,ifi-audio-zen-air-can-high-power-analogue-headphone-amplifier,iFi Audio,Inputs,No matching field found for Inputs / Input
dLGDVDmEEI2lV8CArAcpNU,iFi Audio ZEN Air CAN High-Power Analogue Headphone Amplifier,ifi-audio-zen-air-can-high-power-analogue-headphone-amplifier,iFi Audio,Outputs,No matching field found for Outputs / Output
dLGDVDmEEI2lV8CArAdTYq,Bose Ultra Open Bluetooth Earbuds with Spatial Audio & Water Resistance (White Smoke),bose-ultra-open-bluetooth-earbuds-with-spatial-audio-water-resistance-white-smoke,Bose,Wearing style,No matching field found for Wearing style
dLGDVDmEEI2lV8CArAdTYq,Bose Ultra Open Bluetooth Earbuds with Spatial Audio & Water Resistance (White Smoke),bose-ultra-open-bluetooth-earbuds-with-spatial-audio-water-resistance-white-smoke,Bose,Driver type,No matching field found for Driver type / Driver Type
dLGDVDmEEI2lV8CArAdTYq,Bose Ultra Open Bluetooth Earbuds with Spatial Audio & Water Resistance (White Smoke),bose-ultra-open-bluetooth-earbuds-with-spatial-audio-water-resistance-white-smoke,Bose,Connectivity,No matching field found for Connectivity
dLGDVDmEEI2lV8CArAdTYq,Bose Ultra Open Bluetooth Earbuds with Spatial Audio & Water Resistance (White Smoke),bose-ultra-open-bluetooth-earbuds-with-spatial-audio-water-resistance-white-smoke,Bose,Connector / plug,No matching field found for Connector / Connector / plug
dLGDVDmEEI2lV8CArAdTYq,Bose Ultra Open Bluetooth Earbuds with Spatial Audio & Water Resistance (White Smoke),bose-ultra-open-bluetooth-earbuds-with-spatial-audio-water-resistance-white-smoke,Bose,Microphone,No matching field found for Microphone / Microphones
dLGDVDmEEI2lV8CArAdTYq,Bose Ultra Open Bluetooth Earbuds with Spatial Audio & Water Resistance (White Smoke),bose-ultra-open-bluetooth-earbuds-with-spatial-audio-water-resistance-white-smoke,Bose,Noise cancelling,No matching field found for Noise cancelling / Noise canceling / ANC / Active noise cancelling
dLGDVDmEEI2lV8CArAdTYq,Bose Ultra Open Bluetooth Earbuds with Spatial Audio & Water Resistance (White Smoke),bose-ultra-open-bluetooth-earbuds-with-spatial-audio-water-resistance-white-smoke,Bose,Requires amplifier,No matching field found for Amp required / Requires amplifier / Amplifier required
dLGDVDmEEI2lV8CArIgBZs,Bowers & Wilkins Pi6 In-Ear Bluetooth Wireless Earbuds (Forest Green),bowers-wilkins-pi6-in-ear-bluetooth-wireless-earbuds-forest-green,Bowers & Wilkins,Wearing style,No matching field found for Wearing style
dLGDVDmEEI2lV8CArIgBZs,Bowers & Wilkins Pi6 In-Ear Bluetooth Wireless Earbuds (Forest Green),bowers-wilkins-pi6-in-ear-bluetooth-wireless-earbuds-forest-green,Bowers & Wilkins,Driver type,No matching field found for Driver type / Driver Type
dLGDVDmEEI2lV8CArIgBZs,Bowers & Wilkins Pi6 In-Ear Bluetooth Wireless Earbuds (Forest Green),bowers-wilkins-pi6-in-ear-bluetooth-wireless-earbuds-forest-green,Bowers & Wilkins,Connectivity,No matching field found for Connectivity
dLGDVDmEEI2lV8CArIgBZs,Bowers & Wilkins Pi6 In-Ear Bluetooth Wireless Earbuds (Forest Green),bowers-wilkins-pi6-in-ear-bluetooth-wireless-earbuds-forest-green,Bowers & Wilkins,Connector / plug,No matching field found for Connector / Connector / plug
dLGDVDmEEI2lV8CArIgBZs,Bowers & Wilkins Pi6 In-Ear Bluetooth Wireless Earbuds (Forest Green),bowers-wilkins-pi6-in-ear-bluetooth-wireless-earbuds-forest-green,Bowers & Wilkins,Microphone,No matching field found for Microphone / Microphones
dLGDVDmEEI2lV8CArIgBZs,Bowers & Wilkins Pi6 In-Ear Bluetooth Wireless Earbuds (Forest Green),bowers-wilkins-pi6-in-ear-bluetooth-wireless-earbuds-forest-green,Bowers & Wilkins,Noise cancelling,No matching field found for Noise cancelling / Noise canceling / ANC / Active noise cancelling
dLGDVDmEEI2lV8CArIgBZs,Bowers & Wilkins Pi6 In-Ear Bluetooth Wireless Earbuds (Forest Green),bowers-wilkins-pi6-in-ear-bluetooth-wireless-earbuds-forest-green,Bowers & Wilkins,Requires amplifier,No matching field found for Amp required / Requires amplifier / Amplifier required
dLGDVDmEEI2lV8CArIgBmG,Bowers & Wilkins Pi6 In-Ear Bluetooth Wireless Earbuds (Glacier Blue),bowers-wilkins-pi6-in-ear-bluetooth-wireless-earbuds-glacier-blue,Bowers & Wilkins,Wearing style,No matching field found for Wearing style
dLGDVDmEEI2lV8CArIgBmG,Bowers & Wilkins Pi6 In-Ear Bluetooth Wireless Earbuds (Glacier Blue),bowers-wilkins-pi6-in-ear-bluetooth-wireless-earbuds-glacier-blue,Bowers & Wilkins,Driver type,No matching field found for Driver type / Driver Type
dLGDVDmEEI2lV8CArIgBmG,Bowers & Wilkins Pi6 In-Ear Bluetooth Wireless Earbuds (Glacier Blue),bowers-wilkins-pi6-in-ear-bluetooth-wireless-earbuds-glacier-blue,Bowers & Wilkins,Connectivity,No matching field found for Connectivity
dLGDVDmEEI2lV8CArIgBmG,Bowers & Wilkins Pi6 In-Ear Bluetooth Wireless Earbuds (Glacier Blue),bowers-wilkins-pi6-in-ear-bluetooth-wireless-earbuds-glacier-blue,Bowers & Wilkins,Connector / plug,No matching field found for Connector / Connector / plug
dLGDVDmEEI2lV8CArIgBmG,Bowers & Wilkins Pi6 In-Ear Bluetooth Wireless Earbuds (Glacier Blue),bowers-wilkins-pi6-in-ear-bluetooth-wireless-earbuds-glacier-blue,Bowers & Wilkins,Microphone,No matching field found for Microphone / Microphones
dLGDVDmEEI2lV8CArIgBmG,Bowers & Wilkins Pi6 In-Ear Bluetooth Wireless Earbuds (Glacier Blue),bowers-wilkins-pi6-in-ear-bluetooth-wireless-earbuds-glacier-blue,Bowers & Wilkins,Noise cancelling,No matching field found for Noise cancelling / Noise canceling / ANC / Active noise cancelling
dLGDVDmEEI2lV8CArIgBmG,Bowers & Wilkins Pi6 In-Ear Bluetooth Wireless Earbuds (Glacier Blue),bowers-wilkins-pi6-in-ear-bluetooth-wireless-earbuds-glacier-blue,Bowers & Wilkins,Requires amplifier,No matching field found for Amp required / Requires amplifier / Amplifier required
dLGDVDmEEI2lV8CArIgC3I,Bowers & Wilkins Pi6 In-Ear Bluetooth Wireless Earbuds (Storm Grey),bowers-wilkins-pi6-in-ear-bluetooth-wireless-earbuds-storm-grey,Bowers & Wilkins,Wearing style,No matching field found for Wearing style
dLGDVDmEEI2lV8CArIgC3I,Bowers & Wilkins Pi6 In-Ear Bluetooth Wireless Earbuds (Storm Grey),bowers-wilkins-pi6-in-ear-bluetooth-wireless-earbuds-storm-grey,Bowers & Wilkins,Driver type,No matching field found for Driver type / Driver Type
dLGDVDmEEI2lV8CArIgC3I,Bowers & Wilkins Pi6 In-Ear Bluetooth Wireless Earbuds (Storm Grey),bowers-wilkins-pi6-in-ear-bluetooth-wireless-earbuds-storm-grey,Bowers & Wilkins,Connectivity,No matching field found for Connectivity
dLGDVDmEEI2lV8CArIgC3I,Bowers & Wilkins Pi6 In-Ear Bluetooth Wireless Earbuds (Storm Grey),bowers-wilkins-pi6-in-ear-bluetooth-wireless-earbuds-storm-grey,Bowers & Wilkins,Connector / plug,No matching field found for Connector / Connector / plug
dLGDVDmEEI2lV8CArIgC3I,Bowers & Wilkins Pi6 In-Ear Bluetooth Wireless Earbuds (Storm Grey),bowers-wilkins-pi6-in-ear-bluetooth-wireless-earbuds-storm-grey,Bowers & Wilkins,Microphone,No matching field found for Microphone / Microphones
dLGDVDmEEI2lV8CArIgC3I,Bowers & Wilkins Pi6 In-Ear Bluetooth Wireless Earbuds (Storm Grey),bowers-wilkins-pi6-in-ear-bluetooth-wireless-earbuds-storm-grey,Bowers & Wilkins,Noise cancelling,No matching field found for Noise cancelling / Noise canceling / ANC / Active noise cancelling
dLGDVDmEEI2lV8CArIgC3I,Bowers & Wilkins Pi6 In-Ear Bluetooth Wireless Earbuds (Storm Grey),bowers-wilkins-pi6-in-ear-bluetooth-wireless-earbuds-storm-grey,Bowers & Wilkins,Requires amplifier,No matching field found for Amp required / Requires amplifier / Amplifier required
dLGDVDmEEI2lV8CArIgKzc,Bowers & Wilkins Pi8 In-Ear Bluetooth True Wireless Earbuds (Midnight Blue),bowers-wilkins-pi8-in-ear-bluetooth-true-wireless-earbuds-midnight-blue,Bowers & Wilkins,Wearing style,No matching field found for Wearing style
dLGDVDmEEI2lV8CArIgKzc,Bowers & Wilkins Pi8 In-Ear Bluetooth True Wireless Earbuds (Midnight Blue),bowers-wilkins-pi8-in-ear-bluetooth-true-wireless-earbuds-midnight-blue,Bowers & Wilkins,Driver type,No matching field found for Driver type / Driver Type
dLGDVDmEEI2lV8CArIgKzc,Bowers & Wilkins Pi8 In-Ear Bluetooth True Wireless Earbuds (Midnight Blue),bowers-wilkins-pi8-in-ear-bluetooth-true-wireless-earbuds-midnight-blue,Bowers & Wilkins,Connectivity,No matching field found for Connectivity
dLGDVDmEEI2lV8CArIgKzc,Bowers & Wilkins Pi8 In-Ear Bluetooth True Wireless Earbuds (Midnight Blue),bowers-wilkins-pi8-in-ear-bluetooth-true-wireless-earbuds-midnight-blue,Bowers & Wilkins,Connector / plug,No matching field found for Connector / Connector / plug
dLGDVDmEEI2lV8CArIgKzc,Bowers & Wilkins Pi8 In-Ear Bluetooth True Wireless Earbuds (Midnight Blue),bowers-wilkins-pi8-in-ear-bluetooth-true-wireless-earbuds-midnight-blue,Bowers & Wilkins,Microphone,No matching field found for Microphone / Microphones
dLGDVDmEEI2lV8CArIgKzc,Bowers & Wilkins Pi8 In-Ear Bluetooth True Wireless Earbuds (Midnight Blue),bowers-wilkins-pi8-in-ear-bluetooth-true-wireless-earbuds-midnight-blue,Bowers & Wilkins,Noise cancelling,No matching field found for Noise cancelling / Noise canceling / ANC / Active noise cancelling
dLGDVDmEEI2lV8CArIgKzc,Bowers & Wilkins Pi8 In-Ear Bluetooth True Wireless Earbuds (Midnight Blue),bowers-wilkins-pi8-in-ear-bluetooth-true-wireless-earbuds-midnight-blue,Bowers & Wilkins,Requires amplifier,No matching field found for Amp required / Requires amplifier / Amplifier required
dLGDVDmEEI2lV8CArIgSA0,Sony WF-G700N INZONE Buds Truly Wireless Noise Cancelling Earbud Bundle with gSport Case (Black),sony-wf-g700n-inzone-buds-truly-wireless-noise-cancelling-earbud-bundle-with-gsport-case-black,Sony,Wearing style,No matching field found for Wearing style
dLGDVDmEEI2lV8CArIgSA0,Sony WF-G700N INZONE Buds Truly Wireless Noise Cancelling Earbud Bundle with gSport Case (Black),sony-wf-g700n-inzone-buds-truly-wireless-noise-cancelling-earbud-bundle-with-gsport-case-black,Sony,Driver type,No matching field found for Driver type / Driver Type
dLGDVDmEEI2lV8CArIgSA0,Sony WF-G700N INZONE Buds Truly Wireless Noise Cancelling Earbud Bundle with gSport Case (Black),sony-wf-g700n-inzone-buds-truly-wireless-noise-cancelling-earbud-bundle-with-gsport-case-black,Sony,Connectivity,No matching field found for Connectivity
dLGDVDmEEI2lV8CArIgSA0,Sony WF-G700N INZONE Buds Truly Wireless Noise Cancelling Earbud Bundle with gSport Case (Black),sony-wf-g700n-inzone-buds-truly-wireless-noise-cancelling-earbud-bundle-with-gsport-case-black,Sony,Connector / plug,No matching field found for Connector / Connector / plug
dLGDVDmEEI2lV8CArIgSA0,Sony WF-G700N INZONE Buds Truly Wireless Noise Cancelling Earbud Bundle with gSport Case (Black),sony-wf-g700n-inzone-buds-truly-wireless-noise-cancelling-earbud-bundle-with-gsport-case-black,Sony,Microphone,No matching field found for Microphone / Microphones
dLGDVDmEEI2lV8CArIgSA0,Sony WF-G700N INZONE Buds Truly Wireless Noise Cancelling Earbud Bundle with gSport Case (Black),sony-wf-g700n-inzone-buds-truly-wireless-noise-cancelling-earbud-bundle-with-gsport-case-black,Sony,Noise cancelling,No matching field found for Noise cancelling / Noise canceling / ANC / Active noise cancelling
dLGDVDmEEI2lV8CArIgSA0,Sony WF-G700N INZONE Buds Truly Wireless Noise Cancelling Earbud Bundle with gSport Case (Black),sony-wf-g700n-inzone-buds-truly-wireless-noise-cancelling-earbud-bundle-with-gsport-case-black,Sony,Requires amplifier,No matching field found for Amp required / Requires amplifier / Amplifier required
dLGDVDmEEI2lV8CArIgVky,Sony WFL910 Linkbuds Truly Wireless Earbuds (Black),sony-wfl910-linkbuds-truly-wireless-earbuds-black,Sony,Wearing style,"Field ""Wearing Style"" raw value ""Yes (IPX4 equivalent)"" does not map to the closed vocabulary for Wearing style"
dLGDVDmEEI2lV8CArIgVky,Sony WFL910 Linkbuds Truly Wireless Earbuds (Black),sony-wfl910-linkbuds-truly-wireless-earbuds-black,Sony,Driver type,No matching field found for Driver type / Driver Type
dLGDVDmEEI2lV8CArIgVky,Sony WFL910 Linkbuds Truly Wireless Earbuds (Black),sony-wfl910-linkbuds-truly-wireless-earbuds-black,Sony,Connectivity,No matching field found for Connectivity
dLGDVDmEEI2lV8CArIgVky,Sony WFL910 Linkbuds Truly Wireless Earbuds (Black),sony-wfl910-linkbuds-truly-wireless-earbuds-black,Sony,Connector / plug,No matching field found for Connector / Connector / plug
dLGDVDmEEI2lV8CArIgVky,Sony WFL910 Linkbuds Truly Wireless Earbuds (Black),sony-wfl910-linkbuds-truly-wireless-earbuds-black,Sony,Microphone,No matching field found for Microphone / Microphones
dLGDVDmEEI2lV8CArIgVky,Sony WFL910 Linkbuds Truly Wireless Earbuds (Black),sony-wfl910-linkbuds-truly-wireless-earbuds-black,Sony,Noise cancelling,No matching field found for Noise cancelling / Noise canceling / ANC / Active noise cancelling
dLGDVDmEEI2lV8CArIgVky,Sony WFL910 Linkbuds Truly Wireless Earbuds (Black),sony-wfl910-linkbuds-truly-wireless-earbuds-black,Sony,Requires amplifier,No matching field found for Amp required / Requires amplifier / Amplifier required
dLGDVDmEEI2lV8CArIgbTY,Sony WHCH720N/B Hybrid Wired & Wireless Bluetooth Noise Canceling Headphones,sony-whch720n-b-hybrid-wired-wireless-bluetooth-noise-canceling-headphones-with-adjustable-ambient-sound-siri-google-assistant-compatible-built-in-microphone,Sony,Back design,No matching field found for Back design / Cup style / Cup / back design
dLGDVDmEEI2lV8CArIgbTY,Sony WHCH720N/B Hybrid Wired & Wireless Bluetooth Noise Canceling Headphones,sony-whch720n-b-hybrid-wired-wireless-bluetooth-noise-canceling-headphones-with-adjustable-ambient-sound-siri-google-assistant-compatible-built-in-microphone,Sony,Driver type,No matching field found for Driver type / Driver Type
dLGDVDmEEI2lV8CArIgbTY,Sony WHCH720N/B Hybrid Wired & Wireless Bluetooth Noise Canceling Headphones,sony-whch720n-b-hybrid-wired-wireless-bluetooth-noise-canceling-headphones-with-adjustable-ambient-sound-siri-google-assistant-compatible-built-in-microphone,Sony,Connectivity,No matching field found for Connectivity
dLGDVDmEEI2lV8CArIgbTY,Sony WHCH720N/B Hybrid Wired & Wireless Bluetooth Noise Canceling Headphones,sony-whch720n-b-hybrid-wired-wireless-bluetooth-noise-canceling-headphones-with-adjustable-ambient-sound-siri-google-assistant-compatible-built-in-microphone,Sony,Connector / plug,No matching field found for Connector / Connector / plug
dLGDVDmEEI2lV8CArIgbTY,Sony WHCH720N/B Hybrid Wired & Wireless Bluetooth Noise Canceling Headphones,sony-whch720n-b-hybrid-wired-wireless-bluetooth-noise-canceling-headphones-with-adjustable-ambient-sound-siri-google-assistant-compatible-built-in-microphone,Sony,Microphone,No matching field found for Microphone / Microphones
dLGDVDmEEI2lV8CArIgbTY,Sony WHCH720N/B Hybrid Wired & Wireless Bluetooth Noise Canceling Headphones,sony-whch720n-b-hybrid-wired-wireless-bluetooth-noise-canceling-headphones-with-adjustable-ambient-sound-siri-google-assistant-compatible-built-in-microphone,Sony,Noise cancelling,No matching field found for Noise cancelling / Noise canceling / ANC / Active noise cancelling
dLGDVDmEEI2lV8CArIgbTY,Sony WHCH720N/B Hybrid Wired & Wireless Bluetooth Noise Canceling Headphones,sony-whch720n-b-hybrid-wired-wireless-bluetooth-noise-canceling-headphones-with-adjustable-ambient-sound-siri-google-assistant-compatible-built-in-microphone,Sony,Requires amplifier,No matching field found for Amp required / Requires amplifier / Amplifier required
dLGDVDmEEI2lV8CArIgbyW,Soundcore Q20i Wireless Headphones (White),soundcore-q20i-wireless-headphones-white,Soundcore,Wearing style,No matching field found for Wearing style
dLGDVDmEEI2lV8CArIgbyW,Soundcore Q20i Wireless Headphones (White),soundcore-q20i-wireless-headphones-white,Soundcore,Back design,No matching field found for Back design / Cup style / Cup / back design
dLGDVDmEEI2lV8CArIgbyW,Soundcore Q20i Wireless Headphones (White),soundcore-q20i-wireless-headphones-white,Soundcore,Driver type,No matching field found for Driver type / Driver Type
dLGDVDmEEI2lV8CArIgbyW,Soundcore Q20i Wireless Headphones (White),soundcore-q20i-wireless-headphones-white,Soundcore,Connectivity,"Field ""Connectivity"" raw value ""Bluetooth 5, AUX"" does not map to the closed vocabulary for Connectivity"
dLGDVDmEEI2lV8CArIgbyW,Soundcore Q20i Wireless Headphones (White),soundcore-q20i-wireless-headphones-white,Soundcore,Connector / plug,No matching field found for Connector / Connector / plug
dLGDVDmEEI2lV8CArIgbyW,Soundcore Q20i Wireless Headphones (White),soundcore-q20i-wireless-headphones-white,Soundcore,Microphone,No matching field found for Microphone / Microphones
dLGDVDmEEI2lV8CArIgbyW,Soundcore Q20i Wireless Headphones (White),soundcore-q20i-wireless-headphones-white,Soundcore,Noise cancelling,No matching field found for Noise cancelling / Noise canceling / ANC / Active noise cancelling
dLGDVDmEEI2lV8CArIgbyW,Soundcore Q20i Wireless Headphones (White),soundcore-q20i-wireless-headphones-white,Soundcore,Requires amplifier,No matching field found for Amp required / Requires amplifier / Amplifier required
fisKNZUL2oYuqkoQMTzLCp,Sanus Headphone Stand for Sonos Ace (White),sanus-headphone-stand-for-sonos-ace-white,Sanus,Accessory type,No matching field found for Accessory type / Type
fisKNZUL2oYuqkoQMTzLCp,Sanus Headphone Stand for Sonos Ace (White),sanus-headphone-stand-for-sonos-ace-white,Sanus,Compatibility,"Compatibility raw value ""WSHSH1"" could not be matched to canonical product slugs. Unmatched parts: WSHSH1"
fisKNZUL2oYuqkoQMUyJYb,"Universal Fit 100mm Replacement Earpads (Fits Beyerdynamic, AKG & More)",universal-fit-100mm-replacement-earpads-fits-beyerdynamic-akg-more,Dekoni Audio,Accessory type,No matching field found for Accessory type / Type
fisKNZUL2oYuqkoQMUyJYb,"Universal Fit 100mm Replacement Earpads (Fits Beyerdynamic, AKG & More)",universal-fit-100mm-replacement-earpads-fits-beyerdynamic-akg-more,Dekoni Audio,Compatibility,No matching field found for Compatibility / Compatible with / Fits
fisKNZUL2oYuqkoQMUyQ9x,Replacement Earpads for HiFiMan HE Series Headphones and More,replacement-earpads-for-hifiman-he-series-headphones-and-more,Dekoni Audio,Accessory type,No matching field found for Accessory type / Type
fisKNZUL2oYuqkoQMUyQ9x,Replacement Earpads for HiFiMan HE Series Headphones and More,replacement-earpads-for-hifiman-he-series-headphones-and-more,Dekoni Audio,Compatibility,No matching field found for Compatibility / Compatible with / Fits
fisKNZUL2oYuqkoQMUyapt,Replacement Earpads for HiFiMan Arya,replacement-earpads-for-hifiman-arya,Dekoni Audio,Accessory type,No matching field found for Accessory type / Type
fisKNZUL2oYuqkoQMUyapt,Replacement Earpads for HiFiMan Arya,replacement-earpads-for-hifiman-arya,Dekoni Audio,Compatibility,No matching field found for Compatibility / Compatible with / Fits
fisKNZUL2oYuqkoQMUz9XB,Replacement Earpads for Grado Headphones,replacement-earpads-for-grado-headphones,Dekoni Audio,Accessory type,No matching field found for Accessory type / Type
fisKNZUL2oYuqkoQMUz9XB,Replacement Earpads for Grado Headphones,replacement-earpads-for-grado-headphones,Dekoni Audio,Compatibility,No matching field found for Compatibility / Compatible with / Fits
fisKNZUL2oYuqkoQMUzDT3,Replacement Earpads for Audeze Maxwell Gaming Headphone,replacement-earpads-for-audeze-maxwell-gaming-headphone,Dekoni Audio,Accessory type,No matching field found for Accessory type / Type
fisKNZUL2oYuqkoQMUzDT3,Replacement Earpads for Audeze Maxwell Gaming Headphone,replacement-earpads-for-audeze-maxwell-gaming-headphone,Dekoni Audio,Compatibility,No matching field found for Compatibility / Compatible with / Fits
fisKNZUL2oYuqkoQMUzrVJ,Memory Foam Earphone Tips for the Apple Airpods Pro & Airpods Pro 2,memory-foam-earphone-tips-for-the-apple-airpods-pro-airpods-pro-2,Dekoni Audio,Accessory type,No matching field found for Accessory type / Type
fisKNZUL2oYuqkoQMUzrVJ,Memory Foam Earphone Tips for the Apple Airpods Pro & Airpods Pro 2,memory-foam-earphone-tips-for-the-apple-airpods-pro-airpods-pro-2,Dekoni Audio,Compatibility,No matching field found for Compatibility / Compatible with / Fits
fisKNZUL2oYuqkoQMV1Bkp,Memory Foam IEM Tips Black - Samsung Galaxy Buds Pro,memory-foam-iem-tips-black-samsung-galaxy-buds-pro,Dekoni Audio,Accessory type,No matching field found for Accessory type / Type
fisKNZUL2oYuqkoQMV1Bkp,Memory Foam IEM Tips Black - Samsung Galaxy Buds Pro,memory-foam-iem-tips-black-samsung-galaxy-buds-pro,Dekoni Audio,Compatibility,No matching field found for Compatibility / Compatible with / Fits
fisKNZUL2oYuqkoQMV1aTj,Premium Headphone & Earbud Cleaning Wipes – Anti-Static & Alcohol-Free,premium-headphone-earbud-cleaning-wipes-anti-static-alcohol-free,Dekoni Audio,Accessory type,No matching field found for Accessory type / Type
fisKNZUL2oYuqkoQMV1aTj,Premium Headphone & Earbud Cleaning Wipes – Anti-Static & Alcohol-Free,premium-headphone-earbud-cleaning-wipes-anti-static-alcohol-free,Dekoni Audio,Compatibility,No matching field found for Compatibility / Compatible with / Fits
fisKNZUL2oYuqkoQMV1sFV,Dekoni Audio Headphone Savior - Universal Headphone Carrying Case,dekoni-audio-headphone-savior-universal-headphone-carrying-case,Dekoni Audio,Accessory type,No matching field found for Accessory type / Type
fisKNZUL2oYuqkoQMV1sFV,Dekoni Audio Headphone Savior - Universal Headphone Carrying Case,dekoni-audio-headphone-savior-universal-headphone-carrying-case,Dekoni Audio,Compatibility,No matching field found for Compatibility / Compatible with / Fits
fisKNZUL2oYuqkoQMV23hL,Dekoni Audio x SKB Headphone Hero Heavy Duty Travel Case,dekoni-audio-x-skb-headphone-hero-heavy-duty-travel-case,Dekoni Audio,Accessory type,No matching field found for Accessory type / Type
fisKNZUL2oYuqkoQMV23hL,Dekoni Audio x SKB Headphone Hero Heavy Duty Travel Case,dekoni-audio-x-skb-headphone-hero-heavy-duty-travel-case,Dekoni Audio,Compatibility,No matching field found for Compatibility / Compatible with / Fits
h2HZXAdWspjApNB9KwbQYY,"Standard Size Oval Replacement Earpads for Studio Monitor Headphones and Communication Headsets - Audio Technica, Sony, and More",standard-size-oval-replacement-earpads-for-studio-monitor-headphones-and-communication-headsets-,Dekoni Audio,Accessory type,No matching field found for Accessory type / Type
h2HZXAdWspjApNB9KwbQYY,"Standard Size Oval Replacement Earpads for Studio Monitor Headphones and Communication Headsets - Audio Technica, Sony, and More",standard-size-oval-replacement-earpads-for-studio-monitor-headphones-and-communication-headsets-,Dekoni Audio,Compatibility,No matching field found for Compatibility / Compatible with / Fits
hrPfqTtkIIoluttvs2PJ0R,Eletech Baroque Stage | Luxury HiFi Eartips for IEMs,eletech-baroque-stage-luxury-hifi-eartips-for-iems,Eletech,Accessory type,No matching field found for Accessory type / Type
hrPfqTtkIIoluttvs2PJ0R,Eletech Baroque Stage | Luxury HiFi Eartips for IEMs,eletech-baroque-stage-luxury-hifi-eartips-for-iems,Eletech,Compatibility,No matching field found for Compatibility / Compatible with / Fits
k27n1AQuIbSr5iozFz7E1H,Focal Radiance Headphones | Limited Edition,focal-radiance-headphones-|-limited-edition,Focal,Connector / plug,No matching field found for Connector / Connector / plug
k27n1AQuIbSr5iozFz7E1H,Focal Radiance Headphones | Limited Edition,focal-radiance-headphones-|-limited-edition,Focal,Microphone,No matching field found for Microphone / Microphones
k27n1AQuIbSr5iozFz7E1H,Focal Radiance Headphones | Limited Edition,focal-radiance-headphones-|-limited-edition,Focal,Noise cancelling,No matching field found for Noise cancelling / Noise canceling / ANC / Active noise cancelling
k27n1AQuIbSr5iozFz7E1H,Focal Radiance Headphones | Limited Edition,focal-radiance-headphones-|-limited-edition,Focal,Requires amplifier,No matching field found for Amp required / Requires amplifier / Amplifier required
k27n1AQuIbSr5iozFz7EE4,Sennheiser HD 560S,sennheiser-hd-560s,Sennheiser,Connector / plug,No matching field found for Connector / Connector / plug
k27n1AQuIbSr5iozFz7EE4,Sennheiser HD 560S,sennheiser-hd-560s,Sennheiser,Microphone,No matching field found for Microphone / Microphones
k27n1AQuIbSr5iozFz7EE4,Sennheiser HD 560S,sennheiser-hd-560s,Sennheiser,Noise cancelling,No matching field found for Noise cancelling / Noise canceling / ANC / Active noise cancelling
k27n1AQuIbSr5iozFz7EsP,Focal Clear Mg Headphones,focal-clear-mg-headphones,Focal,Connector / plug,No matching field found for Connector / Connector / plug
k27n1AQuIbSr5iozFz7EsP,Focal Clear Mg Headphones,focal-clear-mg-headphones,Focal,Microphone,No matching field found for Microphone / Microphones
k27n1AQuIbSr5iozFz7EsP,Focal Clear Mg Headphones,focal-clear-mg-headphones,Focal,Noise cancelling,No matching field found for Noise cancelling / Noise canceling / ANC / Active noise cancelling
k27n1AQuIbSr5iozFz7EsP,Focal Clear Mg Headphones,focal-clear-mg-headphones,Focal,Requires amplifier,No matching field found for Amp required / Requires amplifier / Amplifier required
k27n1AQuIbSr5iozFz7FSo,Focal Celestee High-End Headphones,focal-celestee-high-end-headphones,Focal,Connector / plug,No matching field found for Connector / Connector / plug
k27n1AQuIbSr5iozFz7FSo,Focal Celestee High-End Headphones,focal-celestee-high-end-headphones,Focal,Microphone,No matching field found for Microphone / Microphones
k27n1AQuIbSr5iozFz7FSo,Focal Celestee High-End Headphones,focal-celestee-high-end-headphones,Focal,Noise cancelling,No matching field found for Noise cancelling / Noise canceling / ANC / Active noise cancelling
k27n1AQuIbSr5iozFz7FSo,Focal Celestee High-End Headphones,focal-celestee-high-end-headphones,Focal,Requires amplifier,No matching field found for Amp required / Requires amplifier / Amplifier required
k27n1AQuIbSr5iozFz7Fdd,Dan Clark Audio AEON 2 Noire Headphones,dan-clark-audio-aeon-2-noire-headphones,Dan Clark Audio,Connector / plug,No matching field found for Connector / Connector / plug
k27n1AQuIbSr5iozFz7Fdd,Dan Clark Audio AEON 2 Noire Headphones,dan-clark-audio-aeon-2-noire-headphones,Dan Clark Audio,Microphone,No matching field found for Microphone / Microphones
k27n1AQuIbSr5iozFz7Fdd,Dan Clark Audio AEON 2 Noire Headphones,dan-clark-audio-aeon-2-noire-headphones,Dan Clark Audio,Noise cancelling,No matching field found for Noise cancelling / Noise canceling / ANC / Active noise cancelling
k27n1AQuIbSr5iozFz7FkW,Audeze LCD-XC Headphones | 2021 Creator's Edition with Economy Travel Case - Open Box,audeze-lcd-xc-headphones-|-2021-creator's-edition-with-economy-travel-case---open-box,Audeze,Connector / plug,No matching field found for Connector / Connector / plug
k27n1AQuIbSr5iozFz7FkW,Audeze LCD-XC Headphones | 2021 Creator's Edition with Economy Travel Case - Open Box,audeze-lcd-xc-headphones-|-2021-creator's-edition-with-economy-travel-case---open-box,Audeze,Microphone,No matching field found for Microphone / Microphones
k27n1AQuIbSr5iozFz7FkW,Audeze LCD-XC Headphones | 2021 Creator's Edition with Economy Travel Case - Open Box,audeze-lcd-xc-headphones-|-2021-creator's-edition-with-economy-travel-case---open-box,Audeze,Noise cancelling,No matching field found for Noise cancelling / Noise canceling / ANC / Active noise cancelling
k27n1AQuIbSr5iozFz7FkW,Audeze LCD-XC Headphones | 2021 Creator's Edition with Economy Travel Case - Open Box,audeze-lcd-xc-headphones-|-2021-creator's-edition-with-economy-travel-case---open-box,Audeze,Requires amplifier,No matching field found for Amp required / Requires amplifier / Amplifier required
k27n1AQuIbSr5iozFz7GSn,Sennheiser HD 620S Headphones,sennheiser-hd-620s-headphones,Sennheiser,Connector / plug,No matching field found for Connector / Connector / plug
k27n1AQuIbSr5iozFz7GSn,Sennheiser HD 620S Headphones,sennheiser-hd-620s-headphones,Sennheiser,Microphone,No matching field found for Microphone / Microphones
k27n1AQuIbSr5iozFz7GSn,Sennheiser HD 620S Headphones,sennheiser-hd-620s-headphones,Sennheiser,Noise cancelling,No matching field found for Noise cancelling / Noise canceling / ANC / Active noise cancelling
k27n1AQuIbSr5iozFz7GSn,Sennheiser HD 620S Headphones,sennheiser-hd-620s-headphones,Sennheiser,Requires amplifier,No matching field found for Amp required / Requires amplifier / Amplifier required
k27n1AQuIbSr5iozFz7HA5,Dan Clark Audio Stealth Headphones,dan-clark-audio-stealth-headphones,Dan Clark Audio,Connector / plug,No matching field found for Connector / Connector / plug
k27n1AQuIbSr5iozFz7HA5,Dan Clark Audio Stealth Headphones,dan-clark-audio-stealth-headphones,Dan Clark Audio,Microphone,No matching field found for Microphone / Microphones
k27n1AQuIbSr5iozFz7HA5,Dan Clark Audio Stealth Headphones,dan-clark-audio-stealth-headphones,Dan Clark Audio,Noise cancelling,No matching field found for Noise cancelling / Noise canceling / ANC / Active noise cancelling
k27n1AQuIbSr5iozFz7IlS,Focal Azurys - Open Box,focal-azurys---open-box,Focal,Connector / plug,No matching field found for Connector / Connector / plug
k27n1AQuIbSr5iozFz7IlS,Focal Azurys - Open Box,focal-azurys---open-box,Focal,Microphone,No matching field found for Microphone / Microphones
k27n1AQuIbSr5iozFz7IlS,Focal Azurys - Open Box,focal-azurys---open-box,Focal,Noise cancelling,No matching field found for Noise cancelling / Noise canceling / ANC / Active noise cancelling
k27n1AQuIbSr5iozFz7IlS,Focal Azurys - Open Box,focal-azurys---open-box,Focal,Requires amplifier,No matching field found for Amp required / Requires amplifier / Amplifier required
k27n1AQuIbSr5iozFz7KCz,HiFiMAN Audivina Closed-Back Headphones,hifiman-audivina-closed-back-headphones,HiFiMan,Connector / plug,No matching field found for Connector / Connector / plug
k27n1AQuIbSr5iozFz7KCz,HiFiMAN Audivina Closed-Back Headphones,hifiman-audivina-closed-back-headphones,HiFiMan,Microphone,No matching field found for Microphone / Microphones
k27n1AQuIbSr5iozFz7KCz,HiFiMAN Audivina Closed-Back Headphones,hifiman-audivina-closed-back-headphones,HiFiMan,Noise cancelling,No matching field found for Noise cancelling / Noise canceling / ANC / Active noise cancelling
k27n1AQuIbSr5iozFz7KdY,Meze Audio LIRIC II Headphones - Open Box,meze-audio-liric-ii-headphones---open-box,Meze Audio,Connector / plug,No matching field found for Connector / Connector / plug
k27n1AQuIbSr5iozFz7KdY,Meze Audio LIRIC II Headphones - Open Box,meze-audio-liric-ii-headphones---open-box,Meze Audio,Microphone,No matching field found for Microphone / Microphones
k27n1AQuIbSr5iozFz7KdY,Meze Audio LIRIC II Headphones - Open Box,meze-audio-liric-ii-headphones---open-box,Meze Audio,Noise cancelling,No matching field found for Noise cancelling / Noise canceling / ANC / Active noise cancelling
k27n1AQuIbSr5iozFz7KdY,Meze Audio LIRIC II Headphones - Open Box,meze-audio-liric-ii-headphones---open-box,Meze Audio,Requires amplifier,No matching field found for Amp required / Requires amplifier / Amplifier required
k27n1AQuIbSr5iozG1vD4O,iFi Audio Diablo-X DAC and Headphone Amplifier,ifi-audio-diablo-x-dac-and-headphone-amplifier,iFi Audio,Device type,No matching field found for Device type / Product type / Type
k27n1AQuIbSr5iozG1vD4O,iFi Audio Diablo-X DAC and Headphone Amplifier,ifi-audio-diablo-x-dac-and-headphone-amplifier,iFi Audio,DAC included,No matching field found for DAC included / DAC / Built-in DAC
k27n1AQuIbSr5iozG1vD4O,iFi Audio Diablo-X DAC and Headphone Amplifier,ifi-audio-diablo-x-dac-and-headphone-amplifier,iFi Audio,Balanced output,No matching field found for Balanced output / Balanced / Balanced connection
k27n1AQuIbSr5iozG1vD4O,iFi Audio Diablo-X DAC and Headphone Amplifier,ifi-audio-diablo-x-dac-and-headphone-amplifier,iFi Audio,Inputs,No matching field found for Inputs / Input
k27n1AQuIbSr5iozG1vD4O,iFi Audio Diablo-X DAC and Headphone Amplifier,ifi-audio-diablo-x-dac-and-headphone-amplifier,iFi Audio,Outputs,No matching field found for Outputs / Output
k27n1AQuIbSr5iozG1vDSz,iFi Audio xDSD Gryphon Portable Bluetooth DAC & Headphone Amplifier,ifi-audio-xdsd-gryphon-portable-bluetooth-dac-&-headphone-amplifier,iFi Audio,Device type,No matching field found for Device type / Product type / Type
k27n1AQuIbSr5iozG1vDSz,iFi Audio xDSD Gryphon Portable Bluetooth DAC & Headphone Amplifier,ifi-audio-xdsd-gryphon-portable-bluetooth-dac-&-headphone-amplifier,iFi Audio,DAC included,"Field ""DAC"" raw value ""Burr-Brown"" does not map to the closed vocabulary for DAC included"
k27n1AQuIbSr5iozG1vDSz,iFi Audio xDSD Gryphon Portable Bluetooth DAC & Headphone Amplifier,ifi-audio-xdsd-gryphon-portable-bluetooth-dac-&-headphone-amplifier,iFi Audio,Balanced output,No matching field found for Balanced output / Balanced / Balanced connection
k27n1AQuIbSr5iozG1vDSz,iFi Audio xDSD Gryphon Portable Bluetooth DAC & Headphone Amplifier,ifi-audio-xdsd-gryphon-portable-bluetooth-dac-&-headphone-amplifier,iFi Audio,Inputs,No matching field found for Inputs / Input
k27n1AQuIbSr5iozG1vDSz,iFi Audio xDSD Gryphon Portable Bluetooth DAC & Headphone Amplifier,ifi-audio-xdsd-gryphon-portable-bluetooth-dac-&-headphone-amplifier,iFi Audio,Outputs,"Field ""Outputs"" raw value ""Balanced 6.7V max. (variable)S-Bal (SE) 3.5V max. (variable)"" does not map to the closed vocabulary for Outputs"
k27n1AQuIbSr5iozG1vExT,Feliks Audio Echo MK II,feliks-audio-echo-mk-ii,Feliks Audio,Device type,No matching field found for Device type / Product type / Type
k27n1AQuIbSr5iozG1vExT,Feliks Audio Echo MK II,feliks-audio-echo-mk-ii,Feliks Audio,Form factor,"Field ""Portability"" raw value ""Not Portable"" does not map to the closed vocabulary for Form factor"
k27n1AQuIbSr5iozG1vExT,Feliks Audio Echo MK II,feliks-audio-echo-mk-ii,Feliks Audio,Amplification,"Field ""Amplifier type"" raw value ""Vacuum tube"" does not map to the closed vocabulary for Amplification"
k27n1AQuIbSr5iozG1vExT,Feliks Audio Echo MK II,feliks-audio-echo-mk-ii,Feliks Audio,DAC included,No matching field found for DAC included / DAC / Built-in DAC
k27n1AQuIbSr5iozG1vExT,Feliks Audio Echo MK II,feliks-audio-echo-mk-ii,Feliks Audio,Balanced output,No matching field found for Balanced output / Balanced / Balanced connection
k27n1AQuIbSr5iozG1vExT,Feliks Audio Echo MK II,feliks-audio-echo-mk-ii,Feliks Audio,Inputs,No matching field found for Inputs / Input
k27n1AQuIbSr5iozG1vExT,Feliks Audio Echo MK II,feliks-audio-echo-mk-ii,Feliks Audio,Outputs,No matching field found for Outputs / Output
k27n1AQuIbSr5iozG1vF9H,Violectric V590 Desktop Headphone DAC/Amp,violectric-v590-desktop-headphone-dac/amp,Violectric,Device type,No matching field found for Device type / Product type / Type
k27n1AQuIbSr5iozG1vF9H,Violectric V590 Desktop Headphone DAC/Amp,violectric-v590-desktop-headphone-dac/amp,Violectric,Form factor,"Field ""Portability"" raw value ""Not Portable"" does not map to the closed vocabulary for Form factor"
k27n1AQuIbSr5iozG1vF9H,Violectric V590 Desktop Headphone DAC/Amp,violectric-v590-desktop-headphone-dac/amp,Violectric,DAC included,No matching field found for DAC included / DAC / Built-in DAC
k27n1AQuIbSr5iozG1vF9H,Violectric V590 Desktop Headphone DAC/Amp,violectric-v590-desktop-headphone-dac/amp,Violectric,Balanced output,No matching field found for Balanced output / Balanced / Balanced connection
k27n1AQuIbSr5iozG1vF9H,Violectric V590 Desktop Headphone DAC/Amp,violectric-v590-desktop-headphone-dac/amp,Violectric,Inputs,No matching field found for Inputs / Input
k27n1AQuIbSr5iozG1vF9H,Violectric V590 Desktop Headphone DAC/Amp,violectric-v590-desktop-headphone-dac/amp,Violectric,Outputs,No matching field found for Outputs / Output
k27n1AQuIbSr5iozG1vG7I,Singxer SA1 V2 Headphone Amplifier,singxer-sa1-v2-headphone-amplifier,Singxer,Device type,No matching field found for Device type / Product type / Type
k27n1AQuIbSr5iozG1vG7I,Singxer SA1 V2 Headphone Amplifier,singxer-sa1-v2-headphone-amplifier,Singxer,Form factor,"Field ""Portability"" raw value ""Not Portable"" does not map to the closed vocabulary for Form factor"
k27n1AQuIbSr5iozG1vG7I,Singxer SA1 V2 Headphone Amplifier,singxer-sa1-v2-headphone-amplifier,Singxer,DAC included,No matching field found for DAC included / DAC / Built-in DAC
k27n1AQuIbSr5iozG1vG7I,Singxer SA1 V2 Headphone Amplifier,singxer-sa1-v2-headphone-amplifier,Singxer,Balanced output,No matching field found for Balanced output / Balanced / Balanced connection
k27n1AQuIbSr5iozG1vG7I,Singxer SA1 V2 Headphone Amplifier,singxer-sa1-v2-headphone-amplifier,Singxer,Inputs,No matching field found for Inputs / Input
k27n1AQuIbSr5iozG1vG7I,Singxer SA1 V2 Headphone Amplifier,singxer-sa1-v2-headphone-amplifier,Singxer,Outputs,No matching field found for Outputs / Output
k27n1AQuIbSr5iozG1vI8F,EarMen Colibri Portable DAC and Headphone Amplifier,earmen-colibri-portable-dac-and-headphone-amplifier,EarMen,Device type,No matching field found for Device type / Product type / Type
k27n1AQuIbSr5iozG1vI8F,EarMen Colibri Portable DAC and Headphone Amplifier,earmen-colibri-portable-dac-and-headphone-amplifier,EarMen,Form factor,No matching field found for Form factor / Portability
k27n1AQuIbSr5iozG1vI8F,EarMen Colibri Portable DAC and Headphone Amplifier,earmen-colibri-portable-dac-and-headphone-amplifier,EarMen,Amplification,No matching field found for Amplifier type / Amplification
k27n1AQuIbSr5iozG1vI8F,EarMen Colibri Portable DAC and Headphone Amplifier,earmen-colibri-portable-dac-and-headphone-amplifier,EarMen,DAC included,No matching field found for DAC included / DAC / Built-in DAC
k27n1AQuIbSr5iozG1vI8F,EarMen Colibri Portable DAC and Headphone Amplifier,earmen-colibri-portable-dac-and-headphone-amplifier,EarMen,Balanced output,No matching field found for Balanced output / Balanced / Balanced connection
k27n1AQuIbSr5iozG1vI8F,EarMen Colibri Portable DAC and Headphone Amplifier,earmen-colibri-portable-dac-and-headphone-amplifier,EarMen,Inputs,No matching field found for Inputs / Input
k27n1AQuIbSr5iozG1vI8F,EarMen Colibri Portable DAC and Headphone Amplifier,earmen-colibri-portable-dac-and-headphone-amplifier,EarMen,Outputs,No matching field found for Outputs / Output
k27n1AQuIbSr5iozG1vIfh,Woo Audio WA8 Eclipse Portable Vacuum Tube Headphone Amp & DAC,woo-audio-wa8-eclipse-portable-vacuum-tube-headphone-amp-&-dac,Woo Audio,Device type,No matching field found for Device type / Product type / Type
k27n1AQuIbSr5iozG1vIfh,Woo Audio WA8 Eclipse Portable Vacuum Tube Headphone Amp & DAC,woo-audio-wa8-eclipse-portable-vacuum-tube-headphone-amp-&-dac,Woo Audio,Amplification,"Field ""Amplifier type"" raw value ""Vacuum tube"" does not map to the closed vocabulary for Amplification"
k27n1AQuIbSr5iozG1vIfh,Woo Audio WA8 Eclipse Portable Vacuum Tube Headphone Amp & DAC,woo-audio-wa8-eclipse-portable-vacuum-tube-headphone-amp-&-dac,Woo Audio,DAC included,No matching field found for DAC included / DAC / Built-in DAC
k27n1AQuIbSr5iozG1vIfh,Woo Audio WA8 Eclipse Portable Vacuum Tube Headphone Amp & DAC,woo-audio-wa8-eclipse-portable-vacuum-tube-headphone-amp-&-dac,Woo Audio,Balanced output,No matching field found for Balanced output / Balanced / Balanced connection
k27n1AQuIbSr5iozG1vIfh,Woo Audio WA8 Eclipse Portable Vacuum Tube Headphone Amp & DAC,woo-audio-wa8-eclipse-portable-vacuum-tube-headphone-amp-&-dac,Woo Audio,Inputs,No matching field found for Inputs / Input
k27n1AQuIbSr5iozG1vIfh,Woo Audio WA8 Eclipse Portable Vacuum Tube Headphone Amp & DAC,woo-audio-wa8-eclipse-portable-vacuum-tube-headphone-amp-&-dac,Woo Audio,Outputs,No matching field found for Outputs / Output
k27n1AQuIbSr5iozG1vJ1L,"Matrix Audio Element i Network Streamer, DAC/Amp","matrix-audio-element-i-network-streamer,-dac/amp",Matrix Audio,Device type,No matching field found for Device type / Product type / Type
k27n1AQuIbSr5iozG1vJ1L,"Matrix Audio Element i Network Streamer, DAC/Amp","matrix-audio-element-i-network-streamer,-dac/amp",Matrix Audio,Form factor,No matching field found for Form factor / Portability
k27n1AQuIbSr5iozG1vJ1L,"Matrix Audio Element i Network Streamer, DAC/Amp","matrix-audio-element-i-network-streamer,-dac/amp",Matrix Audio,Amplification,No matching field found for Amplifier type / Amplification
k27n1AQuIbSr5iozG1vJ1L,"Matrix Audio Element i Network Streamer, DAC/Amp","matrix-audio-element-i-network-streamer,-dac/amp",Matrix Audio,DAC included,No matching field found for DAC included / DAC / Built-in DAC
k27n1AQuIbSr5iozG1vJ1L,"Matrix Audio Element i Network Streamer, DAC/Amp","matrix-audio-element-i-network-streamer,-dac/amp",Matrix Audio,Balanced output,No matching field found for Balanced output / Balanced / Balanced connection
k27n1AQuIbSr5iozG1vJ1L,"Matrix Audio Element i Network Streamer, DAC/Amp","matrix-audio-element-i-network-streamer,-dac/amp",Matrix Audio,Inputs,No matching field found for Inputs / Input
k27n1AQuIbSr5iozG1vJ1L,"Matrix Audio Element i Network Streamer, DAC/Amp","matrix-audio-element-i-network-streamer,-dac/amp",Matrix Audio,Outputs,No matching field found for Outputs / Output
k27n1AQuIbSr5iozG1vJMz,Burson Audio Funk Amplifier - Open Box,burson-audio-funk-amplifier---open-box,Burson Audio,Device type,No matching field found for Device type / Product type / Type
k27n1AQuIbSr5iozG1vJMz,Burson Audio Funk Amplifier - Open Box,burson-audio-funk-amplifier---open-box,Burson Audio,Form factor,"Field ""Portability"" raw value ""Not Portable"" does not map to the closed vocabulary for Form factor"
k27n1AQuIbSr5iozG1vJMz,Burson Audio Funk Amplifier - Open Box,burson-audio-funk-amplifier---open-box,Burson Audio,DAC included,No matching field found for DAC included / DAC / Built-in DAC
k27n1AQuIbSr5iozG1vJMz,Burson Audio Funk Amplifier - Open Box,burson-audio-funk-amplifier---open-box,Burson Audio,Balanced output,No matching field found for Balanced output / Balanced / Balanced connection
k27n1AQuIbSr5iozG1vJMz,Burson Audio Funk Amplifier - Open Box,burson-audio-funk-amplifier---open-box,Burson Audio,Inputs,No matching field found for Inputs / Input
k27n1AQuIbSr5iozG1vJMz,Burson Audio Funk Amplifier - Open Box,burson-audio-funk-amplifier---open-box,Burson Audio,Outputs,No matching field found for Outputs / Output
k27n1AQuIbSr5iozG1vKTr,Lake People G111 Desktop Headphone Amplifier,lake-people-g111-desktop-headphone-amplifier,Lake People,Device type,No matching field found for Device type / Product type / Type
k27n1AQuIbSr5iozG1vKTr,Lake People G111 Desktop Headphone Amplifier,lake-people-g111-desktop-headphone-amplifier,Lake People,Form factor,"Field ""Portability"" raw value ""Not Portable"" does not map to the closed vocabulary for Form factor"
k27n1AQuIbSr5iozG1vKTr,Lake People G111 Desktop Headphone Amplifier,lake-people-g111-desktop-headphone-amplifier,Lake People,DAC included,No matching field found for DAC included / DAC / Built-in DAC
k27n1AQuIbSr5iozG1vKTr,Lake People G111 Desktop Headphone Amplifier,lake-people-g111-desktop-headphone-amplifier,Lake People,Balanced output,No matching field found for Balanced output / Balanced / Balanced connection
k27n1AQuIbSr5iozG1vKTr,Lake People G111 Desktop Headphone Amplifier,lake-people-g111-desktop-headphone-amplifier,Lake People,Inputs,No matching field found for Inputs / Input
k27n1AQuIbSr5iozG1vKTr,Lake People G111 Desktop Headphone Amplifier,lake-people-g111-desktop-headphone-amplifier,Lake People,Outputs,No matching field found for Outputs / Output
k27n1AQuIbSr5iozG1vKge,AudioQuest Jitterbug FMJ,audioquest-jitterbug-fmj,AudioQuest,Device type,No matching field found for Device type / Product type / Type
k27n1AQuIbSr5iozG1vKge,AudioQuest Jitterbug FMJ,audioquest-jitterbug-fmj,AudioQuest,Amplification,No matching field found for Amplifier type / Amplification
k27n1AQuIbSr5iozG1vKge,AudioQuest Jitterbug FMJ,audioquest-jitterbug-fmj,AudioQuest,DAC included,No matching field found for DAC included / DAC / Built-in DAC
k27n1AQuIbSr5iozG1vKge,AudioQuest Jitterbug FMJ,audioquest-jitterbug-fmj,AudioQuest,Balanced output,No matching field found for Balanced output / Balanced / Balanced connection
k27n1AQuIbSr5iozG1vKge,AudioQuest Jitterbug FMJ,audioquest-jitterbug-fmj,AudioQuest,Inputs,No matching field found for Inputs / Input
k27n1AQuIbSr5iozG1vKge,AudioQuest Jitterbug FMJ,audioquest-jitterbug-fmj,AudioQuest,Outputs,No matching field found for Outputs / Output
k27n1AQuIbSr5iozG1vMai,Chord Electronics Qutest,chord-electronics-qutest,Chord Electronics,Device type,No matching field found for Device type / Product type / Type
k27n1AQuIbSr5iozG1vMai,Chord Electronics Qutest,chord-electronics-qutest,Chord Electronics,Form factor,"Field ""Portability"" raw value ""Not Portable"" does not map to the closed vocabulary for Form factor"
k27n1AQuIbSr5iozG1vMai,Chord Electronics Qutest,chord-electronics-qutest,Chord Electronics,Amplification,No matching field found for Amplifier type / Amplification
k27n1AQuIbSr5iozG1vMai,Chord Electronics Qutest,chord-electronics-qutest,Chord Electronics,DAC included,No matching field found for DAC included / DAC / Built-in DAC
k27n1AQuIbSr5iozG1vMai,Chord Electronics Qutest,chord-electronics-qutest,Chord Electronics,Balanced output,No matching field found for Balanced output / Balanced / Balanced connection
k27n1AQuIbSr5iozG1vMai,Chord Electronics Qutest,chord-electronics-qutest,Chord Electronics,Inputs,No matching field found for Inputs / Input
k27n1AQuIbSr5iozG1vMai,Chord Electronics Qutest,chord-electronics-qutest,Chord Electronics,Outputs,No matching field found for Outputs / Output
k27n1AQuIbSr5iozG1vNxK,Niimbus US 5 Desktop Headphone Amplifier,niimbus-us-5-desktop-headphone-amplifier,Nimbus,Device type,No matching field found for Device type / Product type / Type
k27n1AQuIbSr5iozG1vNxK,Niimbus US 5 Desktop Headphone Amplifier,niimbus-us-5-desktop-headphone-amplifier,Nimbus,Form factor,"Field ""Portability"" raw value ""Not Portable"" does not map to the closed vocabulary for Form factor"
k27n1AQuIbSr5iozG1vNxK,Niimbus US 5 Desktop Headphone Amplifier,niimbus-us-5-desktop-headphone-amplifier,Nimbus,DAC included,No matching field found for DAC included / DAC / Built-in DAC
k27n1AQuIbSr5iozG1vNxK,Niimbus US 5 Desktop Headphone Amplifier,niimbus-us-5-desktop-headphone-amplifier,Nimbus,Balanced output,No matching field found for Balanced output / Balanced / Balanced connection
k27n1AQuIbSr5iozG1vNxK,Niimbus US 5 Desktop Headphone Amplifier,niimbus-us-5-desktop-headphone-amplifier,Nimbus,Inputs,No matching field found for Inputs / Input
k27n1AQuIbSr5iozG1vNxK,Niimbus US 5 Desktop Headphone Amplifier,niimbus-us-5-desktop-headphone-amplifier,Nimbus,Outputs,No matching field found for Outputs / Output
k27n1AQuIbSr5iozG1vOH0,Burson Audio Soloist 3x Grand Tourer,burson-audio-soloist-3x-grand-tourer,Burson Audio,Device type,No matching field found for Device type / Product type / Type
k27n1AQuIbSr5iozG1vOH0,Burson Audio Soloist 3x Grand Tourer,burson-audio-soloist-3x-grand-tourer,Burson Audio,Form factor,"Field ""Portability"" raw value ""Not Portable"" does not map to the closed vocabulary for Form factor"
k27n1AQuIbSr5iozG1vOH0,Burson Audio Soloist 3x Grand Tourer,burson-audio-soloist-3x-grand-tourer,Burson Audio,DAC included,No matching field found for DAC included / DAC / Built-in DAC
k27n1AQuIbSr5iozG1vOH0,Burson Audio Soloist 3x Grand Tourer,burson-audio-soloist-3x-grand-tourer,Burson Audio,Balanced output,No matching field found for Balanced output / Balanced / Balanced connection
k27n1AQuIbSr5iozG1vOH0,Burson Audio Soloist 3x Grand Tourer,burson-audio-soloist-3x-grand-tourer,Burson Audio,Inputs,No matching field found for Inputs / Input
k27n1AQuIbSr5iozG1vOH0,Burson Audio Soloist 3x Grand Tourer,burson-audio-soloist-3x-grand-tourer,Burson Audio,Outputs,No matching field found for Outputs / Output
k27n1AQuIbSr5iozG1vPcd,Burson Audio Composer 3X Performance DAC,burson-audio-composer-3x-performance-dac,Burson Audio,Device type,No matching field found for Device type / Product type / Type
k27n1AQuIbSr5iozG1vPcd,Burson Audio Composer 3X Performance DAC,burson-audio-composer-3x-performance-dac,Burson Audio,Form factor,"Field ""Portability"" raw value ""Not Portable"" does not map to the closed vocabulary for Form factor"
k27n1AQuIbSr5iozG1vPcd,Burson Audio Composer 3X Performance DAC,burson-audio-composer-3x-performance-dac,Burson Audio,Amplification,No matching field found for Amplifier type / Amplification
k27n1AQuIbSr5iozG1vPcd,Burson Audio Composer 3X Performance DAC,burson-audio-composer-3x-performance-dac,Burson Audio,DAC included,No matching field found for DAC included / DAC / Built-in DAC
k27n1AQuIbSr5iozG1vPcd,Burson Audio Composer 3X Performance DAC,burson-audio-composer-3x-performance-dac,Burson Audio,Balanced output,No matching field found for Balanced output / Balanced / Balanced connection
k27n1AQuIbSr5iozG1vPcd,Burson Audio Composer 3X Performance DAC,burson-audio-composer-3x-performance-dac,Burson Audio,Inputs,No matching field found for Inputs / Input
k27n1AQuIbSr5iozG1vPcd,Burson Audio Composer 3X Performance DAC,burson-audio-composer-3x-performance-dac,Burson Audio,Outputs,No matching field found for Outputs / Output
k27n1AQuIbSr5iozG1vPuL,Enleum Amp-23r Desktop Headphone & Speaker Amplifier - Open Box,enleum-amp-23r-desktop-headphone-&-speaker-amplifier---open-box,Enleum,Device type,No matching field found for Device type / Product type / Type
k27n1AQuIbSr5iozG1vPuL,Enleum Amp-23r Desktop Headphone & Speaker Amplifier - Open Box,enleum-amp-23r-desktop-headphone-&-speaker-amplifier---open-box,Enleum,Form factor,"Field ""Portability"" raw value ""Not Portable"" does not map to the closed vocabulary for Form factor"
k27n1AQuIbSr5iozG1vPuL,Enleum Amp-23r Desktop Headphone & Speaker Amplifier - Open Box,enleum-amp-23r-desktop-headphone-&-speaker-amplifier---open-box,Enleum,DAC included,No matching field found for DAC included / DAC / Built-in DAC
k27n1AQuIbSr5iozG1vPuL,Enleum Amp-23r Desktop Headphone & Speaker Amplifier - Open Box,enleum-amp-23r-desktop-headphone-&-speaker-amplifier---open-box,Enleum,Balanced output,No matching field found for Balanced output / Balanced / Balanced connection
k27n1AQuIbSr5iozG1vPuL,Enleum Amp-23r Desktop Headphone & Speaker Amplifier - Open Box,enleum-amp-23r-desktop-headphone-&-speaker-amplifier---open-box,Enleum,Inputs,No matching field found for Inputs / Input
k27n1AQuIbSr5iozG1vPuL,Enleum Amp-23r Desktop Headphone & Speaker Amplifier - Open Box,enleum-amp-23r-desktop-headphone-&-speaker-amplifier---open-box,Enleum,Outputs,No matching field found for Outputs / Output
k27n1AQuIbSr5iozG1vSJt,Burson Soloist 3X Performance,burson-soloist-3x-performance,Burson Audio,Device type,No matching field found for Device type / Product type / Type
k27n1AQuIbSr5iozG1vSJt,Burson Soloist 3X Performance,burson-soloist-3x-performance,Burson Audio,Form factor,"Field ""Portability"" raw value ""Not Portable"" does not map to the closed vocabulary for Form factor"
k27n1AQuIbSr5iozG1vSJt,Burson Soloist 3X Performance,burson-soloist-3x-performance,Burson Audio,DAC included,No matching field found for DAC included / DAC / Built-in DAC
k27n1AQuIbSr5iozG1vSJt,Burson Soloist 3X Performance,burson-soloist-3x-performance,Burson Audio,Balanced output,No matching field found for Balanced output / Balanced / Balanced connection
k27n1AQuIbSr5iozG1vSJt,Burson Soloist 3X Performance,burson-soloist-3x-performance,Burson Audio,Inputs,No matching field found for Inputs / Input
k27n1AQuIbSr5iozG1vSJt,Burson Soloist 3X Performance,burson-soloist-3x-performance,Burson Audio,Outputs,No matching field found for Outputs / Output
k27n1AQuIbSr5iozG1vTDy,Topping G5,topping-g5,Topping,Device type,No matching field found for Device type / Product type / Type
k27n1AQuIbSr5iozG1vTDy,Topping G5,topping-g5,Topping,DAC included,No matching field found for DAC included / DAC / Built-in DAC
k27n1AQuIbSr5iozG1vTDy,Topping G5,topping-g5,Topping,Balanced output,No matching field found for Balanced output / Balanced / Balanced connection
k27n1AQuIbSr5iozG1vTDy,Topping G5,topping-g5,Topping,Inputs,No matching field found for Inputs / Input
k27n1AQuIbSr5iozG1vTDy,Topping G5,topping-g5,Topping,Outputs,No matching field found for Outputs / Output
k27n1AQuIbSr5iozG1vTNo,Questyle M12i Portable USB DAC & Headphone Amp,questyle-m12i-portable-usb-dac-&-headphone-amp,Questyle,Device type,No matching field found for Device type / Product type / Type
k27n1AQuIbSr5iozG1vTNo,Questyle M12i Portable USB DAC & Headphone Amp,questyle-m12i-portable-usb-dac-&-headphone-amp,Questyle,DAC included,No matching field found for DAC included / DAC / Built-in DAC
k27n1AQuIbSr5iozG1vTNo,Questyle M12i Portable USB DAC & Headphone Amp,questyle-m12i-portable-usb-dac-&-headphone-amp,Questyle,Balanced output,No matching field found for Balanced output / Balanced / Balanced connection
k27n1AQuIbSr5iozG1vTNo,Questyle M12i Portable USB DAC & Headphone Amp,questyle-m12i-portable-usb-dac-&-headphone-amp,Questyle,Inputs,No matching field found for Inputs / Input
k27n1AQuIbSr5iozG1vTNo,Questyle M12i Portable USB DAC & Headphone Amp,questyle-m12i-portable-usb-dac-&-headphone-amp,Questyle,Outputs,No matching field found for Outputs / Output
k27n1AQuIbSr5iozG1vTYd,SPL Phonitor XE Desktop Headphone Amplifier with Optional DAC,spl-phonitor-xe-desktop-headphone-amplifier-with-optional-dac,SPL,Device type,No matching field found for Device type / Product type / Type
k27n1AQuIbSr5iozG1vTYd,SPL Phonitor XE Desktop Headphone Amplifier with Optional DAC,spl-phonitor-xe-desktop-headphone-amplifier-with-optional-dac,SPL,Form factor,"Field ""Portability"" raw value ""Not Portable"" does not map to the closed vocabulary for Form factor"
k27n1AQuIbSr5iozG1vTYd,SPL Phonitor XE Desktop Headphone Amplifier with Optional DAC,spl-phonitor-xe-desktop-headphone-amplifier-with-optional-dac,SPL,DAC included,No matching field found for DAC included / DAC / Built-in DAC
k27n1AQuIbSr5iozG1vTYd,SPL Phonitor XE Desktop Headphone Amplifier with Optional DAC,spl-phonitor-xe-desktop-headphone-amplifier-with-optional-dac,SPL,Balanced output,No matching field found for Balanced output / Balanced / Balanced connection
k27n1AQuIbSr5iozG1vTYd,SPL Phonitor XE Desktop Headphone Amplifier with Optional DAC,spl-phonitor-xe-desktop-headphone-amplifier-with-optional-dac,SPL,Inputs,No matching field found for Inputs / Input
k27n1AQuIbSr5iozG1vTYd,SPL Phonitor XE Desktop Headphone Amplifier with Optional DAC,spl-phonitor-xe-desktop-headphone-amplifier-with-optional-dac,SPL,Outputs,No matching field found for Outputs / Output
k27n1AQuIbSr5iozG1vToN,"Topping DX9 DAC, Headphone Amplifier and Pre-Amp","topping-dx9-dac,-headphone-amplifier-and-pre-amp",Topping,Device type,No matching field found for Device type / Product type / Type
k27n1AQuIbSr5iozG1vToN,"Topping DX9 DAC, Headphone Amplifier and Pre-Amp","topping-dx9-dac,-headphone-amplifier-and-pre-amp",Topping,Form factor,"Field ""Portability"" raw value ""Not Portable"" does not map to the closed vocabulary for Form factor"
k27n1AQuIbSr5iozG1vToN,"Topping DX9 DAC, Headphone Amplifier and Pre-Amp","topping-dx9-dac,-headphone-amplifier-and-pre-amp",Topping,DAC included,No matching field found for DAC included / DAC / Built-in DAC
k27n1AQuIbSr5iozG1vToN,"Topping DX9 DAC, Headphone Amplifier and Pre-Amp","topping-dx9-dac,-headphone-amplifier-and-pre-amp",Topping,Balanced output,No matching field found for Balanced output / Balanced / Balanced connection
k27n1AQuIbSr5iozG1vToN,"Topping DX9 DAC, Headphone Amplifier and Pre-Amp","topping-dx9-dac,-headphone-amplifier-and-pre-amp",Topping,Inputs,No matching field found for Inputs / Input
k27n1AQuIbSr5iozG1vToN,"Topping DX9 DAC, Headphone Amplifier and Pre-Amp","topping-dx9-dac,-headphone-amplifier-and-pre-amp",Topping,Outputs,No matching field found for Outputs / Output
k27n1AQuIbSr5iozG2itJe,Sony LinkBuds Truly Wireless Earbuds,sony-linkbuds-truly-wireless-earbuds,Sony,Connector / plug,No matching field found for Connector / Connector / plug
k27n1AQuIbSr5iozG2itJe,Sony LinkBuds Truly Wireless Earbuds,sony-linkbuds-truly-wireless-earbuds,Sony,Microphone,No matching field found for Microphone / Microphones
k27n1AQuIbSr5iozG2itJe,Sony LinkBuds Truly Wireless Earbuds,sony-linkbuds-truly-wireless-earbuds,Sony,Noise cancelling,No matching field found for Noise cancelling / Noise canceling / ANC / Active noise cancelling
k27n1AQuIbSr5iozG2itJe,Sony LinkBuds Truly Wireless Earbuds,sony-linkbuds-truly-wireless-earbuds,Sony,Requires amplifier,No matching field found for Amp required / Requires amplifier / Amplifier required
k27n1AQuIbSr5iozG2ivGf,Sennheiser HD 450BT Headphones,sennheiser-hd-450bt-headphones,Sennheiser,Connector / plug,No matching field found for Connector / Connector / plug
k27n1AQuIbSr5iozG2ivGf,Sennheiser HD 450BT Headphones,sennheiser-hd-450bt-headphones,Sennheiser,Microphone,No matching field found for Microphone / Microphones
k27n1AQuIbSr5iozG2ivGf,Sennheiser HD 450BT Headphones,sennheiser-hd-450bt-headphones,Sennheiser,Noise cancelling,No matching field found for Noise cancelling / Noise canceling / ANC / Active noise cancelling
k27n1AQuIbSr5iozG2ivGf,Sennheiser HD 450BT Headphones,sennheiser-hd-450bt-headphones,Sennheiser,Requires amplifier,No matching field found for Amp required / Requires amplifier / Amplifier required
k27n1AQuIbSr5iozG2ixn6,iFi Audio Zen Stream,ifi-audio-zen-stream,iFi Audio,Device type,No matching field found for Device type / Product type / Type
k27n1AQuIbSr5iozG2ixn6,iFi Audio Zen Stream,ifi-audio-zen-stream,iFi Audio,Form factor,No matching field found for Form factor / Portability
k27n1AQuIbSr5iozG2ixn6,iFi Audio Zen Stream,ifi-audio-zen-stream,iFi Audio,Amplification,No matching field found for Amplifier type / Amplification
k27n1AQuIbSr5iozG2ixn6,iFi Audio Zen Stream,ifi-audio-zen-stream,iFi Audio,DAC included,No matching field found for DAC included / DAC / Built-in DAC
k27n1AQuIbSr5iozG2ixn6,iFi Audio Zen Stream,ifi-audio-zen-stream,iFi Audio,Balanced output,No matching field found for Balanced output / Balanced / Balanced connection
k27n1AQuIbSr5iozG2ixn6,iFi Audio Zen Stream,ifi-audio-zen-stream,iFi Audio,Inputs,No matching field found for Inputs / Input
k27n1AQuIbSr5iozG2ixn6,iFi Audio Zen Stream,ifi-audio-zen-stream,iFi Audio,Outputs,No matching field found for Outputs / Output
k27n1AQuIbSr5iozG2iyZJ,Mark Levinson № 5909 Active Noise Cancellation Headphones,mark-levinson-№-5909-active-noise-cancellation-headphones,Mark Levinson,Driver type,"Field ""Driver Type"" raw value ""Dynamic Beryllium Coated Driver"" does not map to the closed vocabulary for Driver type"
k27n1AQuIbSr5iozG2iyZJ,Mark Levinson № 5909 Active Noise Cancellation Headphones,mark-levinson-№-5909-active-noise-cancellation-headphones,Mark Levinson,Connector / plug,No matching field found for Connector / Connector / plug
k27n1AQuIbSr5iozG2iyZJ,Mark Levinson № 5909 Active Noise Cancellation Headphones,mark-levinson-№-5909-active-noise-cancellation-headphones,Mark Levinson,Microphone,No matching field found for Microphone / Microphones
k27n1AQuIbSr5iozG2iyZJ,Mark Levinson № 5909 Active Noise Cancellation Headphones,mark-levinson-№-5909-active-noise-cancellation-headphones,Mark Levinson,Noise cancelling,No matching field found for Noise cancelling / Noise canceling / ANC / Active noise cancelling
k27n1AQuIbSr5iozG2iyZJ,Mark Levinson № 5909 Active Noise Cancellation Headphones,mark-levinson-№-5909-active-noise-cancellation-headphones,Mark Levinson,Requires amplifier,No matching field found for Amp required / Requires amplifier / Amplifier required
k27n1AQuIbSr5iozG2iztx,iFi Audio Zen Stream - Open Box,ifi-audio-zen-stream---open-box,iFi Audio,Device type,No matching field found for Device type / Product type / Type
k27n1AQuIbSr5iozG2iztx,iFi Audio Zen Stream - Open Box,ifi-audio-zen-stream---open-box,iFi Audio,Form factor,No matching field found for Form factor / Portability
k27n1AQuIbSr5iozG2iztx,iFi Audio Zen Stream - Open Box,ifi-audio-zen-stream---open-box,iFi Audio,Amplification,No matching field found for Amplifier type / Amplification
k27n1AQuIbSr5iozG2iztx,iFi Audio Zen Stream - Open Box,ifi-audio-zen-stream---open-box,iFi Audio,DAC included,No matching field found for DAC included / DAC / Built-in DAC
k27n1AQuIbSr5iozG2iztx,iFi Audio Zen Stream - Open Box,ifi-audio-zen-stream---open-box,iFi Audio,Balanced output,No matching field found for Balanced output / Balanced / Balanced connection
k27n1AQuIbSr5iozG2iztx,iFi Audio Zen Stream - Open Box,ifi-audio-zen-stream---open-box,iFi Audio,Inputs,No matching field found for Inputs / Input
k27n1AQuIbSr5iozG2iztx,iFi Audio Zen Stream - Open Box,ifi-audio-zen-stream---open-box,iFi Audio,Outputs,No matching field found for Outputs / Output
k27n1AQuIbSr5iozG2j6zk,HiFi Rose RS250A Network Streamer,hifi-rose-rs250a-network-streamer,HiFi Rose,Device type,No matching field found for Device type / Product type / Type
k27n1AQuIbSr5iozG2j6zk,HiFi Rose RS250A Network Streamer,hifi-rose-rs250a-network-streamer,HiFi Rose,Form factor,"Field ""Portability"" raw value ""Not Portable"" does not map to the closed vocabulary for Form factor"
k27n1AQuIbSr5iozG2j6zk,HiFi Rose RS250A Network Streamer,hifi-rose-rs250a-network-streamer,HiFi Rose,DAC included,No matching field found for DAC included / DAC / Built-in DAC
k27n1AQuIbSr5iozG2j6zk,HiFi Rose RS250A Network Streamer,hifi-rose-rs250a-network-streamer,HiFi Rose,Balanced output,No matching field found for Balanced output / Balanced / Balanced connection
k27n1AQuIbSr5iozG2j6zk,HiFi Rose RS250A Network Streamer,hifi-rose-rs250a-network-streamer,HiFi Rose,Inputs,No matching field found for Inputs / Input
k27n1AQuIbSr5iozG2j6zk,HiFi Rose RS250A Network Streamer,hifi-rose-rs250a-network-streamer,HiFi Rose,Outputs,No matching field found for Outputs / Output
k27n1AQuIbSr5iozG2j7uo,Bowers & Wilkins PI7 True Wireless Noise Cancelling In-Ear Headphones,bowers-&-wilkins-pi7-true-wireless-noise-cancelling-in-ear-headphones,Bowers & Wilkins,Connector / plug,No matching field found for Connector / Connector / plug
k27n1AQuIbSr5iozG2j7uo,Bowers & Wilkins PI7 True Wireless Noise Cancelling In-Ear Headphones,bowers-&-wilkins-pi7-true-wireless-noise-cancelling-in-ear-headphones,Bowers & Wilkins,Microphone,No matching field found for Microphone / Microphones
k27n1AQuIbSr5iozG2j7uo,Bowers & Wilkins PI7 True Wireless Noise Cancelling In-Ear Headphones,bowers-&-wilkins-pi7-true-wireless-noise-cancelling-in-ear-headphones,Bowers & Wilkins,Noise cancelling,No matching field found for Noise cancelling / Noise canceling / ANC / Active noise cancelling
k27n1AQuIbSr5iozG2j7uo,Bowers & Wilkins PI7 True Wireless Noise Cancelling In-Ear Headphones,bowers-&-wilkins-pi7-true-wireless-noise-cancelling-in-ear-headphones,Bowers & Wilkins,Requires amplifier,No matching field found for Amp required / Requires amplifier / Amplifier required
k27n1AQuIbSr5iozG2jAqp,Bowers & Wilkins PI5 True Wireless Earbuds,bowers-&-wilkins-pi5-true-wireless-earbuds,Bowers & Wilkins,Connector / plug,No matching field found for Connector / Connector / plug
k27n1AQuIbSr5iozG2jAqp,Bowers & Wilkins PI5 True Wireless Earbuds,bowers-&-wilkins-pi5-true-wireless-earbuds,Bowers & Wilkins,Microphone,No matching field found for Microphone / Microphones
k27n1AQuIbSr5iozG2jAqp,Bowers & Wilkins PI5 True Wireless Earbuds,bowers-&-wilkins-pi5-true-wireless-earbuds,Bowers & Wilkins,Noise cancelling,No matching field found for Noise cancelling / Noise canceling / ANC / Active noise cancelling
k27n1AQuIbSr5iozG2jAqp,Bowers & Wilkins PI5 True Wireless Earbuds,bowers-&-wilkins-pi5-true-wireless-earbuds,Bowers & Wilkins,Requires amplifier,No matching field found for Amp required / Requires amplifier / Amplifier required
mhejwYdgiH5W70wqaK7ngk,AudioQuest Pearl USB-A to USB-B Cable - 4.92ft. (1.5m),audioquest-pearl-usb-a-to-usb-b-cable-4-92ft-1-5m,AudioQuest,Accessory type,No matching field found for Accessory type / Type
mhejwYdgiH5W70wqaK7ngk,AudioQuest Pearl USB-A to USB-B Cable - 4.92ft. (1.5m),audioquest-pearl-usb-a-to-usb-b-cable-4-92ft-1-5m,AudioQuest,Connector / termination,No matching field found for Connector / termination / Connector / Termination
mhejwYdgiH5W70wqaK7ngk,AudioQuest Pearl USB-A to USB-B Cable - 4.92ft. (1.5m),audioquest-pearl-usb-a-to-usb-b-cable-4-92ft-1-5m,AudioQuest,Compatibility,No matching field found for Compatibility / Compatible with / Fits
moXlkADK7m1DHgGwWtUHWs,Utopia,focal-utopia-reference-open-back-hi-fi-headphones,Focal,Wearing style,No matching field found for Wearing style
moXlkADK7m1DHgGwWtUHWs,Utopia,focal-utopia-reference-open-back-hi-fi-headphones,Focal,Back design,No matching field found for Back design / Cup style / Cup / back design
moXlkADK7m1DHgGwWtUHWs,Utopia,focal-utopia-reference-open-back-hi-fi-headphones,Focal,Driver type,No matching field found for Driver type / Driver Type
moXlkADK7m1DHgGwWtUHWs,Utopia,focal-utopia-reference-open-back-hi-fi-headphones,Focal,Connectivity,No matching field found for Connectivity
moXlkADK7m1DHgGwWtUHWs,Utopia,focal-utopia-reference-open-back-hi-fi-headphones,Focal,Connector / plug,No matching field found for Connector / Connector / plug
moXlkADK7m1DHgGwWtUHWs,Utopia,focal-utopia-reference-open-back-hi-fi-headphones,Focal,Microphone,No matching field found for Microphone / Microphones
moXlkADK7m1DHgGwWtUHWs,Utopia,focal-utopia-reference-open-back-hi-fi-headphones,Focal,Noise cancelling,No matching field found for Noise cancelling / Noise canceling / ANC / Active noise cancelling
moXlkADK7m1DHgGwWtUHWs,Utopia,focal-utopia-reference-open-back-hi-fi-headphones,Focal,Requires amplifier,No matching field found for Amp required / Requires amplifier / Amplifier required
moXlkADK7m1DHgGwWtWl8T,Audeze Maxwell Wireless Headphones,audeze-maxwell-wireless-headphones,Audeze,Connector / plug,No matching field found for Connector / Connector / plug
moXlkADK7m1DHgGwWtWl8T,Audeze Maxwell Wireless Headphones,audeze-maxwell-wireless-headphones,Audeze,Microphone,No matching field found for Microphone / Microphones
moXlkADK7m1DHgGwWtWl8T,Audeze Maxwell Wireless Headphones,audeze-maxwell-wireless-headphones,Audeze,Noise cancelling,No matching field found for Noise cancelling / Noise canceling / ANC / Active noise cancelling
moXlkADK7m1DHgGwWtWl8T,Audeze Maxwell Wireless Headphones,audeze-maxwell-wireless-headphones,Audeze,Requires amplifier,No matching field found for Amp required / Requires amplifier / Amplifier required
moXlkADK7m1DHgGwWtX5bB,Focal Bathys Headphones - Open Box,focal-bathys-headphones---open-box,Focal,Connector / plug,No matching field found for Connector / Connector / plug
moXlkADK7m1DHgGwWtX5bB,Focal Bathys Headphones - Open Box,focal-bathys-headphones---open-box,Focal,Microphone,No matching field found for Microphone / Microphones
moXlkADK7m1DHgGwWtX5bB,Focal Bathys Headphones - Open Box,focal-bathys-headphones---open-box,Focal,Noise cancelling,No matching field found for Noise cancelling / Noise canceling / ANC / Active noise cancelling
moXlkADK7m1DHgGwWtX5bB,Focal Bathys Headphones - Open Box,focal-bathys-headphones---open-box,Focal,Requires amplifier,No matching field found for Amp required / Requires amplifier / Amplifier required
moXlkADK7m1DHgGwWtXu6V,Hifiman Arya Headphones | Stealth Magnets Edition,hifiman-arya-headphones-|-stealth-magnets-edition,HiFiMan,Connector / plug,No matching field found for Connector / Connector / plug
moXlkADK7m1DHgGwWtXu6V,Hifiman Arya Headphones | Stealth Magnets Edition,hifiman-arya-headphones-|-stealth-magnets-edition,HiFiMan,Microphone,No matching field found for Microphone / Microphones
moXlkADK7m1DHgGwWtXu6V,Hifiman Arya Headphones | Stealth Magnets Edition,hifiman-arya-headphones-|-stealth-magnets-edition,HiFiMan,Noise cancelling,No matching field found for Noise cancelling / Noise canceling / ANC / Active noise cancelling
moXlkADK7m1DHgGwWtbizC,Audeze LCD-X Headphones | 2024 Creator's Edition,audeze-lcd-x-headphones-|-2024-creator's-edition,Audeze,Connector / plug,No matching field found for Connector / Connector / plug
moXlkADK7m1DHgGwWtbizC,Audeze LCD-X Headphones | 2024 Creator's Edition,audeze-lcd-x-headphones-|-2024-creator's-edition,Audeze,Microphone,No matching field found for Microphone / Microphones
moXlkADK7m1DHgGwWtbizC,Audeze LCD-X Headphones | 2024 Creator's Edition,audeze-lcd-x-headphones-|-2024-creator's-edition,Audeze,Noise cancelling,No matching field found for Noise cancelling / Noise canceling / ANC / Active noise cancelling
moXlkADK7m1DHgGwWtbjv7,FiiO FT1 Headphones,fiio-ft1-headphones,FiiO,Connector / plug,No matching field found for Connector / Connector / plug
moXlkADK7m1DHgGwWtbjv7,FiiO FT1 Headphones,fiio-ft1-headphones,FiiO,Microphone,No matching field found for Microphone / Microphones
moXlkADK7m1DHgGwWtbjv7,FiiO FT1 Headphones,fiio-ft1-headphones,FiiO,Noise cancelling,No matching field found for Noise cancelling / Noise canceling / ANC / Active noise cancelling
moXlkADK7m1DHgGwWtbjv7,FiiO FT1 Headphones,fiio-ft1-headphones,FiiO,Requires amplifier,No matching field found for Amp required / Requires amplifier / Amplifier required
moXlkADK7m1DHgGwWtbklW,Sennheiser HD 820 Headphones,sennheiser-hd-820-headphones,Sennheiser,Connector / plug,No matching field found for Connector / Connector / plug
moXlkADK7m1DHgGwWtbklW,Sennheiser HD 820 Headphones,sennheiser-hd-820-headphones,Sennheiser,Microphone,No matching field found for Microphone / Microphones
moXlkADK7m1DHgGwWtbklW,Sennheiser HD 820 Headphones,sennheiser-hd-820-headphones,Sennheiser,Noise cancelling,No matching field found for Noise cancelling / Noise canceling / ANC / Active noise cancelling
moXlkADK7m1DHgGwWtbkq7,Dan Clark Audio E3 Headphones - Open Box,dan-clark-audio-e3-headphones---open-box,Dan Clark Audio,Connector / plug,No matching field found for Connector / Connector / plug
moXlkADK7m1DHgGwWtbkq7,Dan Clark Audio E3 Headphones - Open Box,dan-clark-audio-e3-headphones---open-box,Dan Clark Audio,Microphone,No matching field found for Microphone / Microphones
moXlkADK7m1DHgGwWtbkq7,Dan Clark Audio E3 Headphones - Open Box,dan-clark-audio-e3-headphones---open-box,Dan Clark Audio,Noise cancelling,No matching field found for Noise cancelling / Noise canceling / ANC / Active noise cancelling
moXlkADK7m1DHgGwWtblBG,Meze Audio LIRIC II Headphones,meze-audio-liric-ii-headphones,Meze Audio,Connector / plug,No matching field found for Connector / Connector / plug
moXlkADK7m1DHgGwWtblBG,Meze Audio LIRIC II Headphones,meze-audio-liric-ii-headphones,Meze Audio,Microphone,No matching field found for Microphone / Microphones
moXlkADK7m1DHgGwWtblBG,Meze Audio LIRIC II Headphones,meze-audio-liric-ii-headphones,Meze Audio,Noise cancelling,No matching field found for Noise cancelling / Noise canceling / ANC / Active noise cancelling
moXlkADK7m1DHgGwWtblBG,Meze Audio LIRIC II Headphones,meze-audio-liric-ii-headphones,Meze Audio,Requires amplifier,No matching field found for Amp required / Requires amplifier / Amplifier required
moXlkADK7m1DHgGwWtblsT,Sony WH-1000XM5 Wireless Headphones,sony-wh-1000xm5-wireless-headphones,Sony,Connector / plug,No matching field found for Connector / Connector / plug
moXlkADK7m1DHgGwWtblsT,Sony WH-1000XM5 Wireless Headphones,sony-wh-1000xm5-wireless-headphones,Sony,Microphone,No matching field found for Microphone / Microphones
moXlkADK7m1DHgGwWtblsT,Sony WH-1000XM5 Wireless Headphones,sony-wh-1000xm5-wireless-headphones,Sony,Noise cancelling,No matching field found for Noise cancelling / Noise canceling / ANC / Active noise cancelling
moXlkADK7m1DHgGwWtblsT,Sony WH-1000XM5 Wireless Headphones,sony-wh-1000xm5-wireless-headphones,Sony,Requires amplifier,No matching field found for Amp required / Requires amplifier / Amplifier required
moXlkADK7m1DHgGwWtbmis,Denon AHD9200 Headphones,denon-ahd9200-headphones,Denon,Connector / plug,No matching field found for Connector / Connector / plug
moXlkADK7m1DHgGwWtbmis,Denon AHD9200 Headphones,denon-ahd9200-headphones,Denon,Microphone,No matching field found for Microphone / Microphones
moXlkADK7m1DHgGwWtbmis,Denon AHD9200 Headphones,denon-ahd9200-headphones,Denon,Noise cancelling,No matching field found for Noise cancelling / Noise canceling / ANC / Active noise cancelling
moXlkADK7m1DHgGwWtbnF3,Denon AH-D7200 Headphones,denon-ah-d7200-headphones,Denon,Connector / plug,No matching field found for Connector / Connector / plug
moXlkADK7m1DHgGwWtbnF3,Denon AH-D7200 Headphones,denon-ah-d7200-headphones,Denon,Microphone,No matching field found for Microphone / Microphones
moXlkADK7m1DHgGwWtbnF3,Denon AH-D7200 Headphones,denon-ah-d7200-headphones,Denon,Noise cancelling,No matching field found for Noise cancelling / Noise canceling / ANC / Active noise cancelling
moXlkADK7m1DHgGwWwESUS,Hifiman EF400 Headphone Amplifier and DAC,hifiman-ef400-headphone-amplifier-and-dac,HiFiMan,Device type,No matching field found for Device type / Product type / Type
moXlkADK7m1DHgGwWwESUS,Hifiman EF400 Headphone Amplifier and DAC,hifiman-ef400-headphone-amplifier-and-dac,HiFiMan,Form factor,"Field ""Portability"" raw value ""Not Portable"" does not map to the closed vocabulary for Form factor"
moXlkADK7m1DHgGwWwESUS,Hifiman EF400 Headphone Amplifier and DAC,hifiman-ef400-headphone-amplifier-and-dac,HiFiMan,DAC included,No matching field found for DAC included / DAC / Built-in DAC
moXlkADK7m1DHgGwWwESUS,Hifiman EF400 Headphone Amplifier and DAC,hifiman-ef400-headphone-amplifier-and-dac,HiFiMan,Balanced output,No matching field found for Balanced output / Balanced / Balanced connection
moXlkADK7m1DHgGwWwESUS,Hifiman EF400 Headphone Amplifier and DAC,hifiman-ef400-headphone-amplifier-and-dac,HiFiMan,Inputs,No matching field found for Inputs / Input
moXlkADK7m1DHgGwWwESUS,Hifiman EF400 Headphone Amplifier and DAC,hifiman-ef400-headphone-amplifier-and-dac,HiFiMan,Outputs,No matching field found for Outputs / Output
moXlkADK7m1DHgGwWwESiF,Burson Conductor 3 Reference,burson-conductor-3-reference,Burson Audio,Device type,No matching field found for Device type / Product type / Type
moXlkADK7m1DHgGwWwESiF,Burson Conductor 3 Reference,burson-conductor-3-reference,Burson Audio,Form factor,"Field ""Portability"" raw value ""Not Portable"" does not map to the closed vocabulary for Form factor"
moXlkADK7m1DHgGwWwESiF,Burson Conductor 3 Reference,burson-conductor-3-reference,Burson Audio,DAC included,No matching field found for DAC included / DAC / Built-in DAC
moXlkADK7m1DHgGwWwESiF,Burson Conductor 3 Reference,burson-conductor-3-reference,Burson Audio,Balanced output,No matching field found for Balanced output / Balanced / Balanced connection
moXlkADK7m1DHgGwWwESiF,Burson Conductor 3 Reference,burson-conductor-3-reference,Burson Audio,Inputs,No matching field found for Inputs / Input
moXlkADK7m1DHgGwWwESiF,Burson Conductor 3 Reference,burson-conductor-3-reference,Burson Audio,Outputs,No matching field found for Outputs / Output
moXlkADK7m1DHgGwWwET3O,iFi Audio Pro iCAN Signature Headphone Amplifier,ifi-audio-pro-ican-signature-headphone-amplifier,iFi Audio,Device type,No matching field found for Device type / Product type / Type
moXlkADK7m1DHgGwWwET3O,iFi Audio Pro iCAN Signature Headphone Amplifier,ifi-audio-pro-ican-signature-headphone-amplifier,iFi Audio,Form factor,"Field ""Portability"" raw value ""Not Portable"" does not map to the closed vocabulary for Form factor"
moXlkADK7m1DHgGwWwET3O,iFi Audio Pro iCAN Signature Headphone Amplifier,ifi-audio-pro-ican-signature-headphone-amplifier,iFi Audio,DAC included,No matching field found for DAC included / DAC / Built-in DAC
moXlkADK7m1DHgGwWwET3O,iFi Audio Pro iCAN Signature Headphone Amplifier,ifi-audio-pro-ican-signature-headphone-amplifier,iFi Audio,Balanced output,No matching field found for Balanced output / Balanced / Balanced connection
moXlkADK7m1DHgGwWwET3O,iFi Audio Pro iCAN Signature Headphone Amplifier,ifi-audio-pro-ican-signature-headphone-amplifier,iFi Audio,Inputs,No matching field found for Inputs / Input
moXlkADK7m1DHgGwWwET3O,iFi Audio Pro iCAN Signature Headphone Amplifier,ifi-audio-pro-ican-signature-headphone-amplifier,iFi Audio,Outputs,No matching field found for Outputs / Output
moXlkADK7m1DHgGwWwETNc,EarMen Tradutto Desktop DAC,earmen-tradutto-desktop-dac,EarMen,Device type,No matching field found for Device type / Product type / Type
moXlkADK7m1DHgGwWwETNc,EarMen Tradutto Desktop DAC,earmen-tradutto-desktop-dac,EarMen,Form factor,"Field ""Portability"" raw value ""Not Portable"" does not map to the closed vocabulary for Form factor"
moXlkADK7m1DHgGwWwETNc,EarMen Tradutto Desktop DAC,earmen-tradutto-desktop-dac,EarMen,Amplification,No matching field found for Amplifier type / Amplification
moXlkADK7m1DHgGwWwETNc,EarMen Tradutto Desktop DAC,earmen-tradutto-desktop-dac,EarMen,DAC included,No matching field found for DAC included / DAC / Built-in DAC
moXlkADK7m1DHgGwWwETNc,EarMen Tradutto Desktop DAC,earmen-tradutto-desktop-dac,EarMen,Balanced output,No matching field found for Balanced output / Balanced / Balanced connection
moXlkADK7m1DHgGwWwETNc,EarMen Tradutto Desktop DAC,earmen-tradutto-desktop-dac,EarMen,Inputs,No matching field found for Inputs / Input
moXlkADK7m1DHgGwWwETNc,EarMen Tradutto Desktop DAC,earmen-tradutto-desktop-dac,EarMen,Outputs,No matching field found for Outputs / Output
moXlkADK7m1DHgGwWwETaU,LeeLoo Desktop Tube Headphone Amplifier,leeloo-desktop-tube-headphone-amplifier,headphones.com,Device type,No matching field found for Device type / Product type / Type
moXlkADK7m1DHgGwWwETaU,LeeLoo Desktop Tube Headphone Amplifier,leeloo-desktop-tube-headphone-amplifier,headphones.com,Form factor,"Field ""Portability"" raw value ""Not Portable"" does not map to the closed vocabulary for Form factor"
moXlkADK7m1DHgGwWwETaU,LeeLoo Desktop Tube Headphone Amplifier,leeloo-desktop-tube-headphone-amplifier,headphones.com,Amplification,"Field ""Amplifier type"" raw value ""Vacuum tube"" does not map to the closed vocabulary for Amplification"
moXlkADK7m1DHgGwWwETaU,LeeLoo Desktop Tube Headphone Amplifier,leeloo-desktop-tube-headphone-amplifier,headphones.com,DAC included,No matching field found for DAC included / DAC / Built-in DAC
moXlkADK7m1DHgGwWwETaU,LeeLoo Desktop Tube Headphone Amplifier,leeloo-desktop-tube-headphone-amplifier,headphones.com,Balanced output,No matching field found for Balanced output / Balanced / Balanced connection
moXlkADK7m1DHgGwWwETaU,LeeLoo Desktop Tube Headphone Amplifier,leeloo-desktop-tube-headphone-amplifier,headphones.com,Inputs,No matching field found for Inputs / Input
moXlkADK7m1DHgGwWwETaU,LeeLoo Desktop Tube Headphone Amplifier,leeloo-desktop-tube-headphone-amplifier,headphones.com,Outputs,No matching field found for Outputs / Output
moXlkADK7m1DHgGwWwEUpi,DAC204 Desktop DAC,weiss-dac204-desktop-dac,Weiss,Device type,No matching field found for Device type / Product type / Type
moXlkADK7m1DHgGwWwEUpi,DAC204 Desktop DAC,weiss-dac204-desktop-dac,Weiss,Form factor,"Field ""Portability"" raw value ""Not Portable"" does not map to the closed vocabulary for Form factor"
moXlkADK7m1DHgGwWwEUpi,DAC204 Desktop DAC,weiss-dac204-desktop-dac,Weiss,Amplification,No matching field found for Amplifier type / Amplification
moXlkADK7m1DHgGwWwEUpi,DAC204 Desktop DAC,weiss-dac204-desktop-dac,Weiss,DAC included,No matching field found for DAC included / DAC / Built-in DAC
moXlkADK7m1DHgGwWwEUpi,DAC204 Desktop DAC,weiss-dac204-desktop-dac,Weiss,Balanced output,No matching field found for Balanced output / Balanced / Balanced connection
moXlkADK7m1DHgGwWwEUpi,DAC204 Desktop DAC,weiss-dac204-desktop-dac,Weiss,Inputs,No matching field found for Inputs / Input
moXlkADK7m1DHgGwWwEUpi,DAC204 Desktop DAC,weiss-dac204-desktop-dac,Weiss,Outputs,No matching field found for Outputs / Output
moXlkADK7m1DHgGwWwEZTT,Violectric Chronos Portable USB DAC/Amp,violectric-chronos-portable-usb-dac/amp,Violectric,Device type,No matching field found for Device type / Product type / Type
moXlkADK7m1DHgGwWwEZTT,Violectric Chronos Portable USB DAC/Amp,violectric-chronos-portable-usb-dac/amp,Violectric,DAC included,No matching field found for DAC included / DAC / Built-in DAC
moXlkADK7m1DHgGwWwEZTT,Violectric Chronos Portable USB DAC/Amp,violectric-chronos-portable-usb-dac/amp,Violectric,Balanced output,No matching field found for Balanced output / Balanced / Balanced connection
moXlkADK7m1DHgGwWwEZTT,Violectric Chronos Portable USB DAC/Amp,violectric-chronos-portable-usb-dac/amp,Violectric,Inputs,No matching field found for Inputs / Input
moXlkADK7m1DHgGwWwEZTT,Violectric Chronos Portable USB DAC/Amp,violectric-chronos-portable-usb-dac/amp,Violectric,Outputs,No matching field found for Outputs / Output
moXlkADK7m1DHgGwWwEaXf,SMSL SU-6 Desktop DAC,smsl-su-6-desktop-dac,SMSL,Device type,No matching field found for Device type / Product type / Type
moXlkADK7m1DHgGwWwEaXf,SMSL SU-6 Desktop DAC,smsl-su-6-desktop-dac,SMSL,Form factor,"Field ""Portability"" raw value ""Not Portable"" does not map to the closed vocabulary for Form factor"
moXlkADK7m1DHgGwWwEaXf,SMSL SU-6 Desktop DAC,smsl-su-6-desktop-dac,SMSL,Amplification,No matching field found for Amplifier type / Amplification
moXlkADK7m1DHgGwWwEaXf,SMSL SU-6 Desktop DAC,smsl-su-6-desktop-dac,SMSL,DAC included,No matching field found for DAC included / DAC / Built-in DAC
moXlkADK7m1DHgGwWwEaXf,SMSL SU-6 Desktop DAC,smsl-su-6-desktop-dac,SMSL,Balanced output,No matching field found for Balanced output / Balanced / Balanced connection
moXlkADK7m1DHgGwWwEaXf,SMSL SU-6 Desktop DAC,smsl-su-6-desktop-dac,SMSL,Inputs,No matching field found for Inputs / Input
moXlkADK7m1DHgGwWwEaXf,SMSL SU-6 Desktop DAC,smsl-su-6-desktop-dac,SMSL,Outputs,No matching field found for Outputs / Output
moXlkADK7m1DHgGwWwEdEz,Topping L50 Desktop Headphone Amplifier - Open Box,topping-l50-desktop-headphone-amplifier---open-box,Topping,Device type,No matching field found for Device type / Product type / Type
moXlkADK7m1DHgGwWwEdEz,Topping L50 Desktop Headphone Amplifier - Open Box,topping-l50-desktop-headphone-amplifier---open-box,Topping,Form factor,"Field ""Portability"" raw value ""Not Portable"" does not map to the closed vocabulary for Form factor"
moXlkADK7m1DHgGwWwEdEz,Topping L50 Desktop Headphone Amplifier - Open Box,topping-l50-desktop-headphone-amplifier---open-box,Topping,DAC included,No matching field found for DAC included / DAC / Built-in DAC
moXlkADK7m1DHgGwWwEdEz,Topping L50 Desktop Headphone Amplifier - Open Box,topping-l50-desktop-headphone-amplifier---open-box,Topping,Balanced output,No matching field found for Balanced output / Balanced / Balanced connection
moXlkADK7m1DHgGwWwEdEz,Topping L50 Desktop Headphone Amplifier - Open Box,topping-l50-desktop-headphone-amplifier---open-box,Topping,Inputs,No matching field found for Inputs / Input
moXlkADK7m1DHgGwWwEdEz,Topping L50 Desktop Headphone Amplifier - Open Box,topping-l50-desktop-headphone-amplifier---open-box,Topping,Outputs,No matching field found for Outputs / Output
moXlkADK7m1DHgGwWwEdNG,Burson Audio Conductor 3x Grand Tourer Desktop DAC & Amp,burson-audio-conductor-3x-grand-tourer-desktop-dac-&-amp,Burson Audio,Device type,No matching field found for Device type / Product type / Type
moXlkADK7m1DHgGwWwEdNG,Burson Audio Conductor 3x Grand Tourer Desktop DAC & Amp,burson-audio-conductor-3x-grand-tourer-desktop-dac-&-amp,Burson Audio,Form factor,"Field ""Portability"" raw value ""Not Portable"" does not map to the closed vocabulary for Form factor"
moXlkADK7m1DHgGwWwEdNG,Burson Audio Conductor 3x Grand Tourer Desktop DAC & Amp,burson-audio-conductor-3x-grand-tourer-desktop-dac-&-amp,Burson Audio,DAC included,No matching field found for DAC included / DAC / Built-in DAC
moXlkADK7m1DHgGwWwEdNG,Burson Audio Conductor 3x Grand Tourer Desktop DAC & Amp,burson-audio-conductor-3x-grand-tourer-desktop-dac-&-amp,Burson Audio,Balanced output,No matching field found for Balanced output / Balanced / Balanced connection
moXlkADK7m1DHgGwWwEdNG,Burson Audio Conductor 3x Grand Tourer Desktop DAC & Amp,burson-audio-conductor-3x-grand-tourer-desktop-dac-&-amp,Burson Audio,Inputs,No matching field found for Inputs / Input
moXlkADK7m1DHgGwWwEdNG,Burson Audio Conductor 3x Grand Tourer Desktop DAC & Amp,burson-audio-conductor-3x-grand-tourer-desktop-dac-&-amp,Burson Audio,Outputs,No matching field found for Outputs / Output
moXlkADK7m1DHgGwWwEdoq,SPL Phonitor One D,spl-phonitor-one-d,SPL,Device type,No matching field found for Device type / Product type / Type
moXlkADK7m1DHgGwWwEdoq,SPL Phonitor One D,spl-phonitor-one-d,SPL,Form factor,"Field ""Portability"" raw value ""Not Portable"" does not map to the closed vocabulary for Form factor"
moXlkADK7m1DHgGwWwEdoq,SPL Phonitor One D,spl-phonitor-one-d,SPL,DAC included,No matching field found for DAC included / DAC / Built-in DAC
moXlkADK7m1DHgGwWwEdoq,SPL Phonitor One D,spl-phonitor-one-d,SPL,Balanced output,No matching field found for Balanced output / Balanced / Balanced connection
moXlkADK7m1DHgGwWwEdoq,SPL Phonitor One D,spl-phonitor-one-d,SPL,Inputs,No matching field found for Inputs / Input
moXlkADK7m1DHgGwWwEdoq,SPL Phonitor One D,spl-phonitor-one-d,SPL,Outputs,No matching field found for Outputs / Output
moXlkADK7m1DHgGwWwEeK6,Feliks Audio Envy Flagship Desktop Headphone Tube Amplifier - Open Box,feliks-audio-envy-flagship-desktop-headphone-tube-amplifier---open-box,Feliks Audio,Device type,No matching field found for Device type / Product type / Type
moXlkADK7m1DHgGwWwEeK6,Feliks Audio Envy Flagship Desktop Headphone Tube Amplifier - Open Box,feliks-audio-envy-flagship-desktop-headphone-tube-amplifier---open-box,Feliks Audio,Form factor,"Field ""Portability"" raw value ""Not Portable"" does not map to the closed vocabulary for Form factor"
moXlkADK7m1DHgGwWwEeK6,Feliks Audio Envy Flagship Desktop Headphone Tube Amplifier - Open Box,feliks-audio-envy-flagship-desktop-headphone-tube-amplifier---open-box,Feliks Audio,Amplification,"Field ""Amplifier type"" raw value ""Vacuum tube"" does not map to the closed vocabulary for Amplification"
moXlkADK7m1DHgGwWwEeK6,Feliks Audio Envy Flagship Desktop Headphone Tube Amplifier - Open Box,feliks-audio-envy-flagship-desktop-headphone-tube-amplifier---open-box,Feliks Audio,DAC included,No matching field found for DAC included / DAC / Built-in DAC
moXlkADK7m1DHgGwWwEeK6,Feliks Audio Envy Flagship Desktop Headphone Tube Amplifier - Open Box,feliks-audio-envy-flagship-desktop-headphone-tube-amplifier---open-box,Feliks Audio,Balanced output,No matching field found for Balanced output / Balanced / Balanced connection
moXlkADK7m1DHgGwWwEeK6,Feliks Audio Envy Flagship Desktop Headphone Tube Amplifier - Open Box,feliks-audio-envy-flagship-desktop-headphone-tube-amplifier---open-box,Feliks Audio,Inputs,No matching field found for Inputs / Input
moXlkADK7m1DHgGwWwEeK6,Feliks Audio Envy Flagship Desktop Headphone Tube Amplifier - Open Box,feliks-audio-envy-flagship-desktop-headphone-tube-amplifier---open-box,Feliks Audio,Outputs,No matching field found for Outputs / Output
moXlkADK7m1DHgGwWwEenW,SPL Phonitor One,spl-phonitor-one,SPL,Device type,No matching field found for Device type / Product type / Type
moXlkADK7m1DHgGwWwEenW,SPL Phonitor One,spl-phonitor-one,SPL,Form factor,"Field ""Portability"" raw value ""Not Portable"" does not map to the closed vocabulary for Form factor"
moXlkADK7m1DHgGwWwEenW,SPL Phonitor One,spl-phonitor-one,SPL,DAC included,No matching field found for DAC included / DAC / Built-in DAC
moXlkADK7m1DHgGwWwEenW,SPL Phonitor One,spl-phonitor-one,SPL,Balanced output,No matching field found for Balanced output / Balanced / Balanced connection
moXlkADK7m1DHgGwWwEenW,SPL Phonitor One,spl-phonitor-one,SPL,Inputs,No matching field found for Inputs / Input
moXlkADK7m1DHgGwWwEenW,SPL Phonitor One,spl-phonitor-one,SPL,Outputs,No matching field found for Outputs / Output
moXlkADK7m1DHgGwWwEfPD,Chord Electronics Hugo TT2,chord-electronics-hugo-tt2,Chord Electronics,Device type,No matching field found for Device type / Product type / Type
moXlkADK7m1DHgGwWwEfPD,Chord Electronics Hugo TT2,chord-electronics-hugo-tt2,Chord Electronics,Form factor,"Field ""Portability"" raw value ""Not Portable"" does not map to the closed vocabulary for Form factor"
moXlkADK7m1DHgGwWwEfPD,Chord Electronics Hugo TT2,chord-electronics-hugo-tt2,Chord Electronics,DAC included,No matching field found for DAC included / DAC / Built-in DAC
moXlkADK7m1DHgGwWwEfPD,Chord Electronics Hugo TT2,chord-electronics-hugo-tt2,Chord Electronics,Balanced output,No matching field found for Balanced output / Balanced / Balanced connection
moXlkADK7m1DHgGwWwEfPD,Chord Electronics Hugo TT2,chord-electronics-hugo-tt2,Chord Electronics,Inputs,No matching field found for Inputs / Input
moXlkADK7m1DHgGwWwEfPD,Chord Electronics Hugo TT2,chord-electronics-hugo-tt2,Chord Electronics,Outputs,No matching field found for Outputs / Output
moXlkADK7m1DHgGwWwEgQe,AudioQuest Dragonfly Cobalt USB DAC/Amp,audioquest-dragonfly-cobalt-usb-dac/amp,AudioQuest,Device type,No matching field found for Device type / Product type / Type
moXlkADK7m1DHgGwWwEgQe,AudioQuest Dragonfly Cobalt USB DAC/Amp,audioquest-dragonfly-cobalt-usb-dac/amp,AudioQuest,DAC included,No matching field found for DAC included / DAC / Built-in DAC
moXlkADK7m1DHgGwWwEgQe,AudioQuest Dragonfly Cobalt USB DAC/Amp,audioquest-dragonfly-cobalt-usb-dac/amp,AudioQuest,Balanced output,No matching field found for Balanced output / Balanced / Balanced connection
moXlkADK7m1DHgGwWwEgQe,AudioQuest Dragonfly Cobalt USB DAC/Amp,audioquest-dragonfly-cobalt-usb-dac/amp,AudioQuest,Inputs,No matching field found for Inputs / Input
moXlkADK7m1DHgGwWwEgQe,AudioQuest Dragonfly Cobalt USB DAC/Amp,audioquest-dragonfly-cobalt-usb-dac/amp,AudioQuest,Outputs,No matching field found for Outputs / Output
moXlkADK7m1DHgGwWwEgal,Topping DX3 Pro+ Desktop DAC & Headphone Amplifier,topping-dx3-pro+-desktop-dac-&-headphone-amplifier,Topping,Device type,No matching field found for Device type / Product type / Type
moXlkADK7m1DHgGwWwEgal,Topping DX3 Pro+ Desktop DAC & Headphone Amplifier,topping-dx3-pro+-desktop-dac-&-headphone-amplifier,Topping,Form factor,"Field ""Portability"" raw value ""Not Portable"" does not map to the closed vocabulary for Form factor"
moXlkADK7m1DHgGwWwEgal,Topping DX3 Pro+ Desktop DAC & Headphone Amplifier,topping-dx3-pro+-desktop-dac-&-headphone-amplifier,Topping,DAC included,No matching field found for DAC included / DAC / Built-in DAC
moXlkADK7m1DHgGwWwEgal,Topping DX3 Pro+ Desktop DAC & Headphone Amplifier,topping-dx3-pro+-desktop-dac-&-headphone-amplifier,Topping,Balanced output,No matching field found for Balanced output / Balanced / Balanced connection
moXlkADK7m1DHgGwWwEgal,Topping DX3 Pro+ Desktop DAC & Headphone Amplifier,topping-dx3-pro+-desktop-dac-&-headphone-amplifier,Topping,Inputs,No matching field found for Inputs / Input
moXlkADK7m1DHgGwWwEgal,Topping DX3 Pro+ Desktop DAC & Headphone Amplifier,topping-dx3-pro+-desktop-dac-&-headphone-amplifier,Topping,Outputs,No matching field found for Outputs / Output
moXlkADK7m1DHgGwWwzejm,Chord Electronics Poly V3,chord-electronics-poly-v3,Chord Electronics,Device type,No matching field found for Device type / Product type / Type
moXlkADK7m1DHgGwWwzejm,Chord Electronics Poly V3,chord-electronics-poly-v3,Chord Electronics,Amplification,No matching field found for Amplifier type / Amplification
moXlkADK7m1DHgGwWwzejm,Chord Electronics Poly V3,chord-electronics-poly-v3,Chord Electronics,DAC included,No matching field found for DAC included / DAC / Built-in DAC
moXlkADK7m1DHgGwWwzejm,Chord Electronics Poly V3,chord-electronics-poly-v3,Chord Electronics,Balanced output,No matching field found for Balanced output / Balanced / Balanced connection
moXlkADK7m1DHgGwWwzejm,Chord Electronics Poly V3,chord-electronics-poly-v3,Chord Electronics,Inputs,No matching field found for Inputs / Input
moXlkADK7m1DHgGwWwzejm,Chord Electronics Poly V3,chord-electronics-poly-v3,Chord Electronics,Outputs,No matching field found for Outputs / Output
moXlkADK7m1DHgGwWwzgHO,Sennheiser AMBEO Max Soundbar,sennheiser-ambeo-max-soundbar,Sennheiser,Wearing style,No matching field found for Wearing style
moXlkADK7m1DHgGwWwzgHO,Sennheiser AMBEO Max Soundbar,sennheiser-ambeo-max-soundbar,Sennheiser,Back design,No matching field found for Back design / Cup style / Cup / back design
moXlkADK7m1DHgGwWwzgHO,Sennheiser AMBEO Max Soundbar,sennheiser-ambeo-max-soundbar,Sennheiser,Connector / plug,No matching field found for Connector / Connector / plug
moXlkADK7m1DHgGwWwzgHO,Sennheiser AMBEO Max Soundbar,sennheiser-ambeo-max-soundbar,Sennheiser,Microphone,No matching field found for Microphone / Microphones
moXlkADK7m1DHgGwWwzgHO,Sennheiser AMBEO Max Soundbar,sennheiser-ambeo-max-soundbar,Sennheiser,Noise cancelling,No matching field found for Noise cancelling / Noise canceling / ANC / Active noise cancelling
moXlkADK7m1DHgGwWwzgHO,Sennheiser AMBEO Max Soundbar,sennheiser-ambeo-max-soundbar,Sennheiser,Requires amplifier,No matching field found for Amp required / Requires amplifier / Amplifier required
moXlkADK7m1DHgGwWwzkms,JBL Tour Pro 2 True Wireless In-Ear Headphones,jbl-tour-pro-2-true-wireless-in-ear-headphones,JBL,Back design,No matching field found for Back design / Cup style / Cup / back design
moXlkADK7m1DHgGwWwzkms,JBL Tour Pro 2 True Wireless In-Ear Headphones,jbl-tour-pro-2-true-wireless-in-ear-headphones,JBL,Connector / plug,No matching field found for Connector / Connector / plug
moXlkADK7m1DHgGwWwzkms,JBL Tour Pro 2 True Wireless In-Ear Headphones,jbl-tour-pro-2-true-wireless-in-ear-headphones,JBL,Microphone,No matching field found for Microphone / Microphones
moXlkADK7m1DHgGwWwzkms,JBL Tour Pro 2 True Wireless In-Ear Headphones,jbl-tour-pro-2-true-wireless-in-ear-headphones,JBL,Noise cancelling,No matching field found for Noise cancelling / Noise canceling / ANC / Active noise cancelling
moXlkADK7m1DHgGwWwzkms,JBL Tour Pro 2 True Wireless In-Ear Headphones,jbl-tour-pro-2-true-wireless-in-ear-headphones,JBL,Requires amplifier,No matching field found for Amp required / Requires amplifier / Amplifier required
moXlkADK7m1DHgGwWwznPb,Bowers & Wilkins Pi7 S2 Wireless In-Ear Headphones,bowers-&-wilkins-pi7-s2-wireless-in-ear-headphones,Bowers & Wilkins,Back design,No matching field found for Back design / Cup style / Cup / back design
moXlkADK7m1DHgGwWwznPb,Bowers & Wilkins Pi7 S2 Wireless In-Ear Headphones,bowers-&-wilkins-pi7-s2-wireless-in-ear-headphones,Bowers & Wilkins,Connector / plug,No matching field found for Connector / Connector / plug
moXlkADK7m1DHgGwWwznPb,Bowers & Wilkins Pi7 S2 Wireless In-Ear Headphones,bowers-&-wilkins-pi7-s2-wireless-in-ear-headphones,Bowers & Wilkins,Microphone,No matching field found for Microphone / Microphones
moXlkADK7m1DHgGwWwznPb,Bowers & Wilkins Pi7 S2 Wireless In-Ear Headphones,bowers-&-wilkins-pi7-s2-wireless-in-ear-headphones,Bowers & Wilkins,Noise cancelling,No matching field found for Noise cancelling / Noise canceling / ANC / Active noise cancelling
moXlkADK7m1DHgGwWwznPb,Bowers & Wilkins Pi7 S2 Wireless In-Ear Headphones,bowers-&-wilkins-pi7-s2-wireless-in-ear-headphones,Bowers & Wilkins,Requires amplifier,No matching field found for Amp required / Requires amplifier / Amplifier required
moXlkADK7m1DHgGwWwzwUF,Noble Audio FoKus Apollo Wireless Headphones,noble-audio-fokus-apollo-wireless-headphones,Noble Audio,Connector / plug,No matching field found for Connector / Connector / plug
moXlkADK7m1DHgGwWwzwUF,Noble Audio FoKus Apollo Wireless Headphones,noble-audio-fokus-apollo-wireless-headphones,Noble Audio,Microphone,No matching field found for Microphone / Microphones
moXlkADK7m1DHgGwWwzwUF,Noble Audio FoKus Apollo Wireless Headphones,noble-audio-fokus-apollo-wireless-headphones,Noble Audio,Noise cancelling,No matching field found for Noise cancelling / Noise canceling / ANC / Active noise cancelling
moXlkADK7m1DHgGwWwzwUF,Noble Audio FoKus Apollo Wireless Headphones,noble-audio-fokus-apollo-wireless-headphones,Noble Audio,Requires amplifier,No matching field found for Amp required / Requires amplifier / Amplifier required
moXlkADK7m1DHgGwWx071u,Final Audio ZE8000 True Wireless In-Ear Headphones,final-audio-ze8000-true-wireless-in-ear-headphones,Final Audio,Wearing style,No matching field found for Wearing style
moXlkADK7m1DHgGwWx071u,Final Audio ZE8000 True Wireless In-Ear Headphones,final-audio-ze8000-true-wireless-in-ear-headphones,Final Audio,Back design,No matching field found for Back design / Cup style / Cup / back design
moXlkADK7m1DHgGwWx071u,Final Audio ZE8000 True Wireless In-Ear Headphones,final-audio-ze8000-true-wireless-in-ear-headphones,Final Audio,Connector / plug,No matching field found for Connector / Connector / plug
moXlkADK7m1DHgGwWx071u,Final Audio ZE8000 True Wireless In-Ear Headphones,final-audio-ze8000-true-wireless-in-ear-headphones,Final Audio,Microphone,No matching field found for Microphone / Microphones
moXlkADK7m1DHgGwWx071u,Final Audio ZE8000 True Wireless In-Ear Headphones,final-audio-ze8000-true-wireless-in-ear-headphones,Final Audio,Noise cancelling,No matching field found for Noise cancelling / Noise canceling / ANC / Active noise cancelling
moXlkADK7m1DHgGwWx071u,Final Audio ZE8000 True Wireless In-Ear Headphones,final-audio-ze8000-true-wireless-in-ear-headphones,Final Audio,Requires amplifier,No matching field found for Amp required / Requires amplifier / Amplifier required
moXlkADK7m1DHgGwWxMkkd,Moondrop Free DSP USB-C IEM Cable,moondrop-free-dsp-usb-c-iem-cable,Moondrop,Accessory type,"Field ""Type"" raw value ""Audio Cable"" does not map to the closed vocabulary for Accessory type"
moXlkADK7m1DHgGwWxMkkd,Moondrop Free DSP USB-C IEM Cable,moondrop-free-dsp-usb-c-iem-cable,Moondrop,Connector / termination,No matching field found for Connector / termination / Connector / Termination
moXlkADK7m1DHgGwWxMkkd,Moondrop Free DSP USB-C IEM Cable,moondrop-free-dsp-usb-c-iem-cable,Moondrop,Compatibility,No matching field found for Compatibility / Compatible with / Fits
moXlkADK7m1DHgGwWxMmzS,Meze Audio Copper PCUHD 4-Pin Mini-XLR Replacement Cable,meze-audio-copper-pcuhd-4-pin-mini-xlr-replacement-cable,Meze Audio,Accessory type,"Field ""Type"" raw value ""Audio Cable"" does not map to the closed vocabulary for Accessory type"
moXlkADK7m1DHgGwWxMmzS,Meze Audio Copper PCUHD 4-Pin Mini-XLR Replacement Cable,meze-audio-copper-pcuhd-4-pin-mini-xlr-replacement-cable,Meze Audio,Connector / termination,No matching field found for Connector / termination / Connector / Termination
moXlkADK7m1DHgGwWxMmzS,Meze Audio Copper PCUHD 4-Pin Mini-XLR Replacement Cable,meze-audio-copper-pcuhd-4-pin-mini-xlr-replacement-cable,Meze Audio,Compatibility,No matching field found for Compatibility / Compatible with / Fits
moXlkADK7m1DHgGwWxMnjQ,AudioQuest DragonTail USB Extender and Adapter,audioquest-dragontail-usb-extender-and-adapter,AudioQuest,Accessory type,"Field ""Type"" raw value ""Audio Cable"" does not map to the closed vocabulary for Accessory type"
moXlkADK7m1DHgGwWxMnjQ,AudioQuest DragonTail USB Extender and Adapter,audioquest-dragontail-usb-extender-and-adapter,AudioQuest,Connector / termination,No matching field found for Connector / termination / Connector / Termination
moXlkADK7m1DHgGwWxMnjQ,AudioQuest DragonTail USB Extender and Adapter,audioquest-dragontail-usb-extender-and-adapter,AudioQuest,Compatibility,No matching field found for Compatibility / Compatible with / Fits
n10eAegrGspodtsQvneN6x,Sennheiser HD 569 Headphones,sennheiser-hd-569-headphones,Sennheiser,Connector / plug,No matching field found for Connector / Connector / plug
n10eAegrGspodtsQvneN6x,Sennheiser HD 569 Headphones,sennheiser-hd-569-headphones,Sennheiser,Microphone,No matching field found for Microphone / Microphones
n10eAegrGspodtsQvneN6x,Sennheiser HD 569 Headphones,sennheiser-hd-569-headphones,Sennheiser,Noise cancelling,No matching field found for Noise cancelling / Noise canceling / ANC / Active noise cancelling
n10eAegrGspodtsQvneN6x,Sennheiser HD 569 Headphones,sennheiser-hd-569-headphones,Sennheiser,Requires amplifier,No matching field found for Amp required / Requires amplifier / Amplifier required
n10eAegrGspodtsQvneQBQ,Dan Clark Audio NOIRE X Headphones,dan-clark-audio-noire-x-headphones,Dan Clark Audio,Connector / plug,No matching field found for Connector / Connector / plug
n10eAegrGspodtsQvneQBQ,Dan Clark Audio NOIRE X Headphones,dan-clark-audio-noire-x-headphones,Dan Clark Audio,Microphone,No matching field found for Microphone / Microphones
n10eAegrGspodtsQvneQBQ,Dan Clark Audio NOIRE X Headphones,dan-clark-audio-noire-x-headphones,Dan Clark Audio,Noise cancelling,No matching field found for Noise cancelling / Noise canceling / ANC / Active noise cancelling
n10eAegrGspodtsQvneQzx,Sennheiser HD 820 - Open Box,sennheiser-hd-820---open-box,Sennheiser,Connector / plug,No matching field found for Connector / Connector / plug
n10eAegrGspodtsQvneQzx,Sennheiser HD 820 - Open Box,sennheiser-hd-820---open-box,Sennheiser,Microphone,No matching field found for Microphone / Microphones
n10eAegrGspodtsQvneQzx,Sennheiser HD 820 - Open Box,sennheiser-hd-820---open-box,Sennheiser,Noise cancelling,No matching field found for Noise cancelling / Noise canceling / ANC / Active noise cancelling
n10eAegrGspodtsQvneRgi,Meze 99 Classics Headphones - Open Box,meze-99-classics-headphones---open-box,Meze Audio,Connector / plug,No matching field found for Connector / Connector / plug
n10eAegrGspodtsQvneRgi,Meze 99 Classics Headphones - Open Box,meze-99-classics-headphones---open-box,Meze Audio,Microphone,No matching field found for Microphone / Microphones
n10eAegrGspodtsQvneRgi,Meze 99 Classics Headphones - Open Box,meze-99-classics-headphones---open-box,Meze Audio,Noise cancelling,No matching field found for Noise cancelling / Noise canceling / ANC / Active noise cancelling
n10eAegrGspodtsQvneRgi,Meze 99 Classics Headphones - Open Box,meze-99-classics-headphones---open-box,Meze Audio,Requires amplifier,No matching field found for Amp required / Requires amplifier / Amplifier required
n10eAegrGspodtsQvy3cvI,SMSL SU-X Desktop DAC,smsl-su-x-desktop-dac,SMSL,Device type,No matching field found for Device type / Product type / Type
n10eAegrGspodtsQvy3cvI,SMSL SU-X Desktop DAC,smsl-su-x-desktop-dac,SMSL,Form factor,"Field ""Portability"" raw value ""Not Portable"" does not map to the closed vocabulary for Form factor"
n10eAegrGspodtsQvy3cvI,SMSL SU-X Desktop DAC,smsl-su-x-desktop-dac,SMSL,Amplification,No matching field found for Amplifier type / Amplification
n10eAegrGspodtsQvy3cvI,SMSL SU-X Desktop DAC,smsl-su-x-desktop-dac,SMSL,DAC included,No matching field found for DAC included / DAC / Built-in DAC
n10eAegrGspodtsQvy3cvI,SMSL SU-X Desktop DAC,smsl-su-x-desktop-dac,SMSL,Balanced output,No matching field found for Balanced output / Balanced / Balanced connection
n10eAegrGspodtsQvy3cvI,SMSL SU-X Desktop DAC,smsl-su-x-desktop-dac,SMSL,Inputs,No matching field found for Inputs / Input
n10eAegrGspodtsQvy3cvI,SMSL SU-X Desktop DAC,smsl-su-x-desktop-dac,SMSL,Outputs,No matching field found for Outputs / Output
n10eAegrGspodtsQvy3fgK,Topping L30 II,topping-l30-ii,Topping,Device type,No matching field found for Device type / Product type / Type
n10eAegrGspodtsQvy3fgK,Topping L30 II,topping-l30-ii,Topping,Form factor,"Field ""Portability"" raw value ""Not Portable"" does not map to the closed vocabulary for Form factor"
n10eAegrGspodtsQvy3fgK,Topping L30 II,topping-l30-ii,Topping,DAC included,No matching field found for DAC included / DAC / Built-in DAC
n10eAegrGspodtsQvy3fgK,Topping L30 II,topping-l30-ii,Topping,Balanced output,No matching field found for Balanced output / Balanced / Balanced connection
n10eAegrGspodtsQvy3fgK,Topping L30 II,topping-l30-ii,Topping,Inputs,No matching field found for Inputs / Input
n10eAegrGspodtsQvy3fgK,Topping L30 II,topping-l30-ii,Topping,Outputs,No matching field found for Outputs / Output
n10eAegrGspodtsQvy3jJm,Questyle CMA Fifteen Desktop DAC and Headphone Amplifier,questyle-cma-fifteen-desktop-dac-and-headphone-amplifier,Questyle,Device type,No matching field found for Device type / Product type / Type
n10eAegrGspodtsQvy3jJm,Questyle CMA Fifteen Desktop DAC and Headphone Amplifier,questyle-cma-fifteen-desktop-dac-and-headphone-amplifier,Questyle,Form factor,"Field ""Portability"" raw value ""Not Portable"" does not map to the closed vocabulary for Form factor"
n10eAegrGspodtsQvy3jJm,Questyle CMA Fifteen Desktop DAC and Headphone Amplifier,questyle-cma-fifteen-desktop-dac-and-headphone-amplifier,Questyle,DAC included,No matching field found for DAC included / DAC / Built-in DAC
n10eAegrGspodtsQvy3jJm,Questyle CMA Fifteen Desktop DAC and Headphone Amplifier,questyle-cma-fifteen-desktop-dac-and-headphone-amplifier,Questyle,Balanced output,No matching field found for Balanced output / Balanced / Balanced connection
n10eAegrGspodtsQvy3jJm,Questyle CMA Fifteen Desktop DAC and Headphone Amplifier,questyle-cma-fifteen-desktop-dac-and-headphone-amplifier,Questyle,Inputs,No matching field found for Inputs / Input
n10eAegrGspodtsQvy3jJm,Questyle CMA Fifteen Desktop DAC and Headphone Amplifier,questyle-cma-fifteen-desktop-dac-and-headphone-amplifier,Questyle,Outputs,No matching field found for Outputs / Output
n10eAegrGspodtsQvy3lt9,Matrix Audio X-Sabre 3 Desktop DAC,matrix-audio-x-sabre-3-desktop-dac,Matrix Audio,Device type,No matching field found for Device type / Product type / Type
n10eAegrGspodtsQvy3lt9,Matrix Audio X-Sabre 3 Desktop DAC,matrix-audio-x-sabre-3-desktop-dac,Matrix Audio,Form factor,No matching field found for Form factor / Portability
n10eAegrGspodtsQvy3lt9,Matrix Audio X-Sabre 3 Desktop DAC,matrix-audio-x-sabre-3-desktop-dac,Matrix Audio,Amplification,No matching field found for Amplifier type / Amplification
n10eAegrGspodtsQvy3lt9,Matrix Audio X-Sabre 3 Desktop DAC,matrix-audio-x-sabre-3-desktop-dac,Matrix Audio,DAC included,No matching field found for DAC included / DAC / Built-in DAC
n10eAegrGspodtsQvy3lt9,Matrix Audio X-Sabre 3 Desktop DAC,matrix-audio-x-sabre-3-desktop-dac,Matrix Audio,Balanced output,No matching field found for Balanced output / Balanced / Balanced connection
n10eAegrGspodtsQvy3lt9,Matrix Audio X-Sabre 3 Desktop DAC,matrix-audio-x-sabre-3-desktop-dac,Matrix Audio,Inputs,No matching field found for Inputs / Input
n10eAegrGspodtsQvy3lt9,Matrix Audio X-Sabre 3 Desktop DAC,matrix-audio-x-sabre-3-desktop-dac,Matrix Audio,Outputs,No matching field found for Outputs / Output
n10eAegrGspodtsQvy3xAp,Sennheiser HDV 820 Headphone Amplifier,sennheiser-hdv-820-headphone-amplifier,Sennheiser,Device type,No matching field found for Device type / Product type / Type
n10eAegrGspodtsQvy3xAp,Sennheiser HDV 820 Headphone Amplifier,sennheiser-hdv-820-headphone-amplifier,Sennheiser,Form factor,No matching field found for Form factor / Portability
n10eAegrGspodtsQvy3xAp,Sennheiser HDV 820 Headphone Amplifier,sennheiser-hdv-820-headphone-amplifier,Sennheiser,Amplification,No matching field found for Amplifier type / Amplification
n10eAegrGspodtsQvy3xAp,Sennheiser HDV 820 Headphone Amplifier,sennheiser-hdv-820-headphone-amplifier,Sennheiser,DAC included,No matching field found for DAC included / DAC / Built-in DAC
n10eAegrGspodtsQvy3xAp,Sennheiser HDV 820 Headphone Amplifier,sennheiser-hdv-820-headphone-amplifier,Sennheiser,Balanced output,No matching field found for Balanced output / Balanced / Balanced connection
n10eAegrGspodtsQvy3xAp,Sennheiser HDV 820 Headphone Amplifier,sennheiser-hdv-820-headphone-amplifier,Sennheiser,Inputs,No matching field found for Inputs / Input
n10eAegrGspodtsQvy3xAp,Sennheiser HDV 820 Headphone Amplifier,sennheiser-hdv-820-headphone-amplifier,Sennheiser,Outputs,No matching field found for Outputs / Output
n10eAegrGspodtsQvy4D2G,iFi Audio Uno,ifi-audio-uno,iFi Audio,Device type,No matching field found for Device type / Product type / Type
n10eAegrGspodtsQvy4D2G,iFi Audio Uno,ifi-audio-uno,iFi Audio,Form factor,"Field ""Portability"" raw value ""Not Portable"" does not map to the closed vocabulary for Form factor"
n10eAegrGspodtsQvy4D2G,iFi Audio Uno,ifi-audio-uno,iFi Audio,DAC included,No matching field found for DAC included / DAC / Built-in DAC
n10eAegrGspodtsQvy4D2G,iFi Audio Uno,ifi-audio-uno,iFi Audio,Balanced output,No matching field found for Balanced output / Balanced / Balanced connection
n10eAegrGspodtsQvy4D2G,iFi Audio Uno,ifi-audio-uno,iFi Audio,Inputs,No matching field found for Inputs / Input
n10eAegrGspodtsQvy4D2G,iFi Audio Uno,ifi-audio-uno,iFi Audio,Outputs,No matching field found for Outputs / Output
n10eAegrGspodtsQvy4Df8,Benchmark HPA4 Desktop Headphone Amplifier (SILVER),benchmark-hpa4-desktop-headphone-amplifier-(silver),Benchmark Media Systems,Device type,No matching field found for Device type / Product type / Type
n10eAegrGspodtsQvy4Df8,Benchmark HPA4 Desktop Headphone Amplifier (SILVER),benchmark-hpa4-desktop-headphone-amplifier-(silver),Benchmark Media Systems,Form factor,"Field ""Portability"" raw value ""Not Portable"" does not map to the closed vocabulary for Form factor"
n10eAegrGspodtsQvy4Df8,Benchmark HPA4 Desktop Headphone Amplifier (SILVER),benchmark-hpa4-desktop-headphone-amplifier-(silver),Benchmark Media Systems,DAC included,No matching field found for DAC included / DAC / Built-in DAC
n10eAegrGspodtsQvy4Df8,Benchmark HPA4 Desktop Headphone Amplifier (SILVER),benchmark-hpa4-desktop-headphone-amplifier-(silver),Benchmark Media Systems,Balanced output,No matching field found for Balanced output / Balanced / Balanced connection
n10eAegrGspodtsQvy4Df8,Benchmark HPA4 Desktop Headphone Amplifier (SILVER),benchmark-hpa4-desktop-headphone-amplifier-(silver),Benchmark Media Systems,Inputs,No matching field found for Inputs / Input
n10eAegrGspodtsQvy4Df8,Benchmark HPA4 Desktop Headphone Amplifier (SILVER),benchmark-hpa4-desktop-headphone-amplifier-(silver),Benchmark Media Systems,Outputs,No matching field found for Outputs / Output
n10eAegrGspodtsQvy4Nwc,Chord Electronics Hugo 2 Portable DAC & Headphone Amplifier,chord-electronics-hugo-2-portable-dac-&-headphone-amplifier,Chord Electronics,Device type,No matching field found for Device type / Product type / Type
n10eAegrGspodtsQvy4Nwc,Chord Electronics Hugo 2 Portable DAC & Headphone Amplifier,chord-electronics-hugo-2-portable-dac-&-headphone-amplifier,Chord Electronics,DAC included,No matching field found for DAC included / DAC / Built-in DAC
n10eAegrGspodtsQvy4Nwc,Chord Electronics Hugo 2 Portable DAC & Headphone Amplifier,chord-electronics-hugo-2-portable-dac-&-headphone-amplifier,Chord Electronics,Balanced output,No matching field found for Balanced output / Balanced / Balanced connection
n10eAegrGspodtsQvy4Nwc,Chord Electronics Hugo 2 Portable DAC & Headphone Amplifier,chord-electronics-hugo-2-portable-dac-&-headphone-amplifier,Chord Electronics,Inputs,No matching field found for Inputs / Input
n10eAegrGspodtsQvy4Nwc,Chord Electronics Hugo 2 Portable DAC & Headphone Amplifier,chord-electronics-hugo-2-portable-dac-&-headphone-amplifier,Chord Electronics,Outputs,No matching field found for Outputs / Output
n10eAegrGspodtsQvy4P4a,Topping A50 III Headphone Amplifier,topping-a50-iii-headphone-amplifier,Topping,Device type,No matching field found for Device type / Product type / Type
n10eAegrGspodtsQvy4P4a,Topping A50 III Headphone Amplifier,topping-a50-iii-headphone-amplifier,Topping,Form factor,No matching field found for Form factor / Portability
n10eAegrGspodtsQvy4P4a,Topping A50 III Headphone Amplifier,topping-a50-iii-headphone-amplifier,Topping,Amplification,No matching field found for Amplifier type / Amplification
n10eAegrGspodtsQvy4P4a,Topping A50 III Headphone Amplifier,topping-a50-iii-headphone-amplifier,Topping,DAC included,No matching field found for DAC included / DAC / Built-in DAC
n10eAegrGspodtsQvy4P4a,Topping A50 III Headphone Amplifier,topping-a50-iii-headphone-amplifier,Topping,Balanced output,No matching field found for Balanced output / Balanced / Balanced connection
n10eAegrGspodtsQvy4P4a,Topping A50 III Headphone Amplifier,topping-a50-iii-headphone-amplifier,Topping,Inputs,No matching field found for Inputs / Input
n10eAegrGspodtsQvy4P4a,Topping A50 III Headphone Amplifier,topping-a50-iii-headphone-amplifier,Topping,Outputs,No matching field found for Outputs / Output
n10eAegrGspodtsQvy4Rpc,Burson Audio Soloist Voyager,burson-audio-soloist-voyager,Burson Audio,Device type,No matching field found for Device type / Product type / Type
n10eAegrGspodtsQvy4Rpc,Burson Audio Soloist Voyager,burson-audio-soloist-voyager,Burson Audio,Form factor,"Field ""Portability"" raw value ""Not Portable"" does not map to the closed vocabulary for Form factor"
n10eAegrGspodtsQvy4Rpc,Burson Audio Soloist Voyager,burson-audio-soloist-voyager,Burson Audio,DAC included,No matching field found for DAC included / DAC / Built-in DAC
n10eAegrGspodtsQvy4Rpc,Burson Audio Soloist Voyager,burson-audio-soloist-voyager,Burson Audio,Balanced output,No matching field found for Balanced output / Balanced / Balanced connection
n10eAegrGspodtsQvy4Rpc,Burson Audio Soloist Voyager,burson-audio-soloist-voyager,Burson Audio,Inputs,No matching field found for Inputs / Input
n10eAegrGspodtsQvy4Rpc,Burson Audio Soloist Voyager,burson-audio-soloist-voyager,Burson Audio,Outputs,No matching field found for Outputs / Output
n10eAegrGspodtsQvy4UmJ,Chord Electronics Mojo 2 Portable DAC and Headphone Amplifier,chord-electronics-mojo-2-portable-dac-and-headphone-amplifier,Chord Electronics,Device type,No matching field found for Device type / Product type / Type
n10eAegrGspodtsQvy4UmJ,Chord Electronics Mojo 2 Portable DAC and Headphone Amplifier,chord-electronics-mojo-2-portable-dac-and-headphone-amplifier,Chord Electronics,DAC included,No matching field found for DAC included / DAC / Built-in DAC
n10eAegrGspodtsQvy4UmJ,Chord Electronics Mojo 2 Portable DAC and Headphone Amplifier,chord-electronics-mojo-2-portable-dac-and-headphone-amplifier,Chord Electronics,Balanced output,No matching field found for Balanced output / Balanced / Balanced connection
n10eAegrGspodtsQvy4UmJ,Chord Electronics Mojo 2 Portable DAC and Headphone Amplifier,chord-electronics-mojo-2-portable-dac-and-headphone-amplifier,Chord Electronics,Inputs,No matching field found for Inputs / Input
n10eAegrGspodtsQvy4UmJ,Chord Electronics Mojo 2 Portable DAC and Headphone Amplifier,chord-electronics-mojo-2-portable-dac-and-headphone-amplifier,Chord Electronics,Outputs,No matching field found for Outputs / Output
n10eAegrGspodtsQvy4Z6W,Topping A70 Pro Headphone Amplifier,topping-a70-pro-headphone-amplifier,Topping,Device type,No matching field found for Device type / Product type / Type
n10eAegrGspodtsQvy4Z6W,Topping A70 Pro Headphone Amplifier,topping-a70-pro-headphone-amplifier,Topping,Form factor,"Field ""Portability"" raw value ""Not Portable"" does not map to the closed vocabulary for Form factor"
n10eAegrGspodtsQvy4Z6W,Topping A70 Pro Headphone Amplifier,topping-a70-pro-headphone-amplifier,Topping,DAC included,No matching field found for DAC included / DAC / Built-in DAC
n10eAegrGspodtsQvy4Z6W,Topping A70 Pro Headphone Amplifier,topping-a70-pro-headphone-amplifier,Topping,Balanced output,No matching field found for Balanced output / Balanced / Balanced connection
n10eAegrGspodtsQvy4Z6W,Topping A70 Pro Headphone Amplifier,topping-a70-pro-headphone-amplifier,Topping,Inputs,No matching field found for Inputs / Input
n10eAegrGspodtsQvy4Z6W,Topping A70 Pro Headphone Amplifier,topping-a70-pro-headphone-amplifier,Topping,Outputs,No matching field found for Outputs / Output
n10eAegrGspodtsQvy4b6u,Ferrum WANDLA DAC - GoldenSound Edition,ferrum-wandla-dac---goldensound-edition,Ferrum Audio,Device type,No matching field found for Device type / Product type / Type
n10eAegrGspodtsQvy4b6u,Ferrum WANDLA DAC - GoldenSound Edition,ferrum-wandla-dac---goldensound-edition,Ferrum Audio,Form factor,"Field ""Portability"" raw value ""Not Portable"" does not map to the closed vocabulary for Form factor"
n10eAegrGspodtsQvy4b6u,Ferrum WANDLA DAC - GoldenSound Edition,ferrum-wandla-dac---goldensound-edition,Ferrum Audio,Amplification,No matching field found for Amplifier type / Amplification
n10eAegrGspodtsQvy4b6u,Ferrum WANDLA DAC - GoldenSound Edition,ferrum-wandla-dac---goldensound-edition,Ferrum Audio,DAC included,No matching field found for DAC included / DAC / Built-in DAC
n10eAegrGspodtsQvy4b6u,Ferrum WANDLA DAC - GoldenSound Edition,ferrum-wandla-dac---goldensound-edition,Ferrum Audio,Balanced output,No matching field found for Balanced output / Balanced / Balanced connection
n10eAegrGspodtsQvy4b6u,Ferrum WANDLA DAC - GoldenSound Edition,ferrum-wandla-dac---goldensound-edition,Ferrum Audio,Inputs,No matching field found for Inputs / Input
n10eAegrGspodtsQvy4b6u,Ferrum WANDLA DAC - GoldenSound Edition,ferrum-wandla-dac---goldensound-edition,Ferrum Audio,Outputs,No matching field found for Outputs / Output
n10eAegrGspodtsQvy4cvd,SPL Phonitor X Desktop Headphone Amplifier with Optional DAC,spl-phonitor-x-desktop-headphone-amplifier-with-optional-dac,SPL,Device type,No matching field found for Device type / Product type / Type
n10eAegrGspodtsQvy4cvd,SPL Phonitor X Desktop Headphone Amplifier with Optional DAC,spl-phonitor-x-desktop-headphone-amplifier-with-optional-dac,SPL,Form factor,"Field ""Portability"" raw value ""Not Portable"" does not map to the closed vocabulary for Form factor"
n10eAegrGspodtsQvy4cvd,SPL Phonitor X Desktop Headphone Amplifier with Optional DAC,spl-phonitor-x-desktop-headphone-amplifier-with-optional-dac,SPL,DAC included,No matching field found for DAC included / DAC / Built-in DAC
n10eAegrGspodtsQvy4cvd,SPL Phonitor X Desktop Headphone Amplifier with Optional DAC,spl-phonitor-x-desktop-headphone-amplifier-with-optional-dac,SPL,Balanced output,No matching field found for Balanced output / Balanced / Balanced connection
n10eAegrGspodtsQvy4cvd,SPL Phonitor X Desktop Headphone Amplifier with Optional DAC,spl-phonitor-x-desktop-headphone-amplifier-with-optional-dac,SPL,Inputs,No matching field found for Inputs / Input
n10eAegrGspodtsQvy4cvd,SPL Phonitor X Desktop Headphone Amplifier with Optional DAC,spl-phonitor-x-desktop-headphone-amplifier-with-optional-dac,SPL,Outputs,No matching field found for Outputs / Output
n10eAegrGspodtsQw12meG,Sony WF-1000XM5 Wireless In-Ear Headphones,sony-wf-1000xm5-wireless-in-ear-headphones,Sony,Back design,No matching field found for Back design / Cup style / Cup / back design
n10eAegrGspodtsQw12meG,Sony WF-1000XM5 Wireless In-Ear Headphones,sony-wf-1000xm5-wireless-in-ear-headphones,Sony,Connector / plug,No matching field found for Connector / Connector / plug
n10eAegrGspodtsQw12meG,Sony WF-1000XM5 Wireless In-Ear Headphones,sony-wf-1000xm5-wireless-in-ear-headphones,Sony,Microphone,No matching field found for Microphone / Microphones
n10eAegrGspodtsQw12meG,Sony WF-1000XM5 Wireless In-Ear Headphones,sony-wf-1000xm5-wireless-in-ear-headphones,Sony,Noise cancelling,No matching field found for Noise cancelling / Noise canceling / ANC / Active noise cancelling
n10eAegrGspodtsQw12meG,Sony WF-1000XM5 Wireless In-Ear Headphones,sony-wf-1000xm5-wireless-in-ear-headphones,Sony,Requires amplifier,No matching field found for Amp required / Requires amplifier / Amplifier required
n10eAegrGspodtsQw12tbj,"Eversolo DMP-A8 All-In-One Streamer, DAC Amp, Preamp","eversolo-dmp-a8-all-in-one-streamer,-dac-amp,-preamp",Eversolo,Device type,No matching field found for Device type / Product type / Type
n10eAegrGspodtsQw12tbj,"Eversolo DMP-A8 All-In-One Streamer, DAC Amp, Preamp","eversolo-dmp-a8-all-in-one-streamer,-dac-amp,-preamp",Eversolo,Form factor,"Field ""Portability"" raw value ""Not Portable"" does not map to the closed vocabulary for Form factor"
n10eAegrGspodtsQw12tbj,"Eversolo DMP-A8 All-In-One Streamer, DAC Amp, Preamp","eversolo-dmp-a8-all-in-one-streamer,-dac-amp,-preamp",Eversolo,DAC included,No matching field found for DAC included / DAC / Built-in DAC
n10eAegrGspodtsQw12tbj,"Eversolo DMP-A8 All-In-One Streamer, DAC Amp, Preamp","eversolo-dmp-a8-all-in-one-streamer,-dac-amp,-preamp",Eversolo,Balanced output,No matching field found for Balanced output / Balanced / Balanced connection
n10eAegrGspodtsQw12tbj,"Eversolo DMP-A8 All-In-One Streamer, DAC Amp, Preamp","eversolo-dmp-a8-all-in-one-streamer,-dac-amp,-preamp",Eversolo,Inputs,No matching field found for Inputs / Input
n10eAegrGspodtsQw12tbj,"Eversolo DMP-A8 All-In-One Streamer, DAC Amp, Preamp","eversolo-dmp-a8-all-in-one-streamer,-dac-amp,-preamp",Eversolo,Outputs,No matching field found for Outputs / Output
n10eAegrGspodtsQw134Ce,Eversolo DMP-A6 Streamer and DAC,eversolo-dmp-a6-streamer-and-dac,Eversolo,Device type,No matching field found for Device type / Product type / Type
n10eAegrGspodtsQw134Ce,Eversolo DMP-A6 Streamer and DAC,eversolo-dmp-a6-streamer-and-dac,Eversolo,Form factor,"Field ""Portability"" raw value ""Not Portable"" does not map to the closed vocabulary for Form factor"
n10eAegrGspodtsQw134Ce,Eversolo DMP-A6 Streamer and DAC,eversolo-dmp-a6-streamer-and-dac,Eversolo,Amplification,No matching field found for Amplifier type / Amplification
n10eAegrGspodtsQw134Ce,Eversolo DMP-A6 Streamer and DAC,eversolo-dmp-a6-streamer-and-dac,Eversolo,DAC included,No matching field found for DAC included / DAC / Built-in DAC
n10eAegrGspodtsQw134Ce,Eversolo DMP-A6 Streamer and DAC,eversolo-dmp-a6-streamer-and-dac,Eversolo,Balanced output,No matching field found for Balanced output / Balanced / Balanced connection
n10eAegrGspodtsQw134Ce,Eversolo DMP-A6 Streamer and DAC,eversolo-dmp-a6-streamer-and-dac,Eversolo,Inputs,No matching field found for Inputs / Input
n10eAegrGspodtsQw134Ce,Eversolo DMP-A6 Streamer and DAC,eversolo-dmp-a6-streamer-and-dac,Eversolo,Outputs,No matching field found for Outputs / Output
n10eAegrGspodtsQw136D2,Hifiman Ananda BT Wireless Headphones - 2024 Edition,hifiman-ananda-bt-wireless-headphones---2024-edition,HiFiMan,Connector / plug,No matching field found for Connector / Connector / plug
n10eAegrGspodtsQw136D2,Hifiman Ananda BT Wireless Headphones - 2024 Edition,hifiman-ananda-bt-wireless-headphones---2024-edition,HiFiMan,Microphone,No matching field found for Microphone / Microphones
n10eAegrGspodtsQw136D2,Hifiman Ananda BT Wireless Headphones - 2024 Edition,hifiman-ananda-bt-wireless-headphones---2024-edition,HiFiMan,Noise cancelling,No matching field found for Noise cancelling / Noise canceling / ANC / Active noise cancelling
n10eAegrGspodtsQw136D2,Hifiman Ananda BT Wireless Headphones - 2024 Edition,hifiman-ananda-bt-wireless-headphones---2024-edition,HiFiMan,Requires amplifier,No matching field found for Amp required / Requires amplifier / Amplifier required
n10eAegrGspodtsQw13Qpt,Matrix Audio Element X - Open Box,matrix-audio-element-x---open-box,Matrix Audio,Device type,No matching field found for Device type / Product type / Type
n10eAegrGspodtsQw13Qpt,Matrix Audio Element X - Open Box,matrix-audio-element-x---open-box,Matrix Audio,Form factor,No matching field found for Form factor / Portability
n10eAegrGspodtsQw13Qpt,Matrix Audio Element X - Open Box,matrix-audio-element-x---open-box,Matrix Audio,Amplification,No matching field found for Amplifier type / Amplification
n10eAegrGspodtsQw13Qpt,Matrix Audio Element X - Open Box,matrix-audio-element-x---open-box,Matrix Audio,DAC included,No matching field found for DAC included / DAC / Built-in DAC
n10eAegrGspodtsQw13Qpt,Matrix Audio Element X - Open Box,matrix-audio-element-x---open-box,Matrix Audio,Balanced output,No matching field found for Balanced output / Balanced / Balanced connection
n10eAegrGspodtsQw13Qpt,Matrix Audio Element X - Open Box,matrix-audio-element-x---open-box,Matrix Audio,Inputs,No matching field found for Inputs / Input
n10eAegrGspodtsQw13Qpt,Matrix Audio Element X - Open Box,matrix-audio-element-x---open-box,Matrix Audio,Outputs,No matching field found for Outputs / Output
n10eAegrGspodtsQw13RKz,Bluesound Node Wireless Music Streamer,bluesound-node-wireless-music-streamer,Bluesound,Device type,No matching field found for Device type / Product type / Type
n10eAegrGspodtsQw13RKz,Bluesound Node Wireless Music Streamer,bluesound-node-wireless-music-streamer,Bluesound,Form factor,No matching field found for Form factor / Portability
n10eAegrGspodtsQw13RKz,Bluesound Node Wireless Music Streamer,bluesound-node-wireless-music-streamer,Bluesound,Amplification,No matching field found for Amplifier type / Amplification
n10eAegrGspodtsQw13RKz,Bluesound Node Wireless Music Streamer,bluesound-node-wireless-music-streamer,Bluesound,DAC included,No matching field found for DAC included / DAC / Built-in DAC
n10eAegrGspodtsQw13RKz,Bluesound Node Wireless Music Streamer,bluesound-node-wireless-music-streamer,Bluesound,Balanced output,No matching field found for Balanced output / Balanced / Balanced connection
n10eAegrGspodtsQw13RKz,Bluesound Node Wireless Music Streamer,bluesound-node-wireless-music-streamer,Bluesound,Inputs,No matching field found for Inputs / Input
n10eAegrGspodtsQw13RKz,Bluesound Node Wireless Music Streamer,bluesound-node-wireless-music-streamer,Bluesound,Outputs,No matching field found for Outputs / Output
n10eAegrGspodtsQw13THU,Moondrop Alice True Wireless In-Ear Headphones,moondrop-alice-true-wireless-in-ear-headphones,Moondrop,Connector / plug,No matching field found for Connector / Connector / plug
n10eAegrGspodtsQw13THU,Moondrop Alice True Wireless In-Ear Headphones,moondrop-alice-true-wireless-in-ear-headphones,Moondrop,Microphone,No matching field found for Microphone / Microphones
n10eAegrGspodtsQw13THU,Moondrop Alice True Wireless In-Ear Headphones,moondrop-alice-true-wireless-in-ear-headphones,Moondrop,Noise cancelling,No matching field found for Noise cancelling / Noise canceling / ANC / Active noise cancelling
n10eAegrGspodtsQw13THU,Moondrop Alice True Wireless In-Ear Headphones,moondrop-alice-true-wireless-in-ear-headphones,Moondrop,Requires amplifier,No matching field found for Amp required / Requires amplifier / Amplifier required
prod-0b357ab1-22a,Dekoni Audio Choice Leather Earpads for Hifiman Sundara,dekoni-audio-choice-leather-earpads-for-hifiman-sundara,Dekoni Audio,Accessory type,No matching field found for Accessory type / Type
prod-0b357ab1-22a,Dekoni Audio Choice Leather Earpads for Hifiman Sundara,dekoni-audio-choice-leather-earpads-for-hifiman-sundara,Dekoni Audio,Compatibility,No matching field found for Compatibility / Compatible with / Fits
prod-4717de40-092,Dekoni Audio Protective Headphone Travel Pouch,dekoni-audio-protective-headphone-travel-pouch,Dekoni Audio,Accessory type,No matching field found for Accessory type / Type
prod-4717de40-092,Dekoni Audio Protective Headphone Travel Pouch,dekoni-audio-protective-headphone-travel-pouch,Dekoni Audio,Compatibility,No matching field found for Compatibility / Compatible with / Fits
prod-4b6fb239-96a,Focal Clear Mg Replacement Ear Pads,focal-clear-mg-replacement-ear-pads,Focal,Accessory type,No matching field found for Accessory type / Type
prod-4b6fb239-96a,Focal Clear Mg Replacement Ear Pads,focal-clear-mg-replacement-ear-pads,Focal,Compatibility,No matching field found for Compatibility / Compatible with / Fits
prod-5d5e5ef2-61e,Dekoni Audio Elite Fenestrated Sheepskin Pads for Sennheiser HD6XX,dekoni-audio-elite-fenestrated-sheepskin-pads-for-sennheiser-hd6xx,Dekoni Audio,Accessory type,No matching field found for Accessory type / Type
prod-5d5e5ef2-61e,Dekoni Audio Elite Fenestrated Sheepskin Pads for Sennheiser HD6XX,dekoni-audio-elite-fenestrated-sheepskin-pads-for-sennheiser-hd6xx,Dekoni Audio,Compatibility,No matching field found for Compatibility / Compatible with / Fits
x2LkzHeaGqoEz8JhogYAsA,AudioQuest Black Beauty RCA Interconnect Cable - 4.92' (1.5m),audioquest-black-beauty-rca-interconnect-cable-4-92-1-5m,AudioQuest,Accessory type,No matching field found for Accessory type / Type
x2LkzHeaGqoEz8JhogYAsA,AudioQuest Black Beauty RCA Interconnect Cable - 4.92' (1.5m),audioquest-black-beauty-rca-interconnect-cable-4-92-1-5m,AudioQuest,Connector / termination,No matching field found for Connector / termination / Connector / Termination
x2LkzHeaGqoEz8JhogYAsA,AudioQuest Black Beauty RCA Interconnect Cable - 4.92' (1.5m),audioquest-black-beauty-rca-interconnect-cable-4-92-1-5m,AudioQuest,Compatibility,No matching field found for Compatibility / Compatible with / Fits
x2LkzHeaGqoEz8JhogYPz8,AudioQuest Sydney 2m RCA to RCA Analog Audio Interconnect Cable,audioquest-sydney-2m-rca-to-rca-analog-audio-interconnect-cable,AudioQuest,Accessory type,No matching field found for Accessory type / Type
x2LkzHeaGqoEz8JhogYPz8,AudioQuest Sydney 2m RCA to RCA Analog Audio Interconnect Cable,audioquest-sydney-2m-rca-to-rca-analog-audio-interconnect-cable,AudioQuest,Connector / termination,No matching field found for Connector / termination / Connector / Termination
x2LkzHeaGqoEz8JhogYPz8,AudioQuest Sydney 2m RCA to RCA Analog Audio Interconnect Cable,audioquest-sydney-2m-rca-to-rca-analog-audio-interconnect-cable,AudioQuest,Compatibility,No matching field found for Compatibility / Compatible with / Fits
x2LkzHeaGqoEz8JhogZLeA,AudioQuest Yukon RCA to RCA Cable - Pair (1.64 ft.),audioquest-yukon-rca-to-rca-cable-pair-1-64-ft,AudioQuest,Accessory type,No matching field found for Accessory type / Type
x2LkzHeaGqoEz8JhogZLeA,AudioQuest Yukon RCA to RCA Cable - Pair (1.64 ft.),audioquest-yukon-rca-to-rca-cable-pair-1-64-ft,AudioQuest,Connector / termination,No matching field found for Connector / termination / Connector / Termination
x2LkzHeaGqoEz8JhogZLeA,AudioQuest Yukon RCA to RCA Cable - Pair (1.64 ft.),audioquest-yukon-rca-to-rca-cable-pair-1-64-ft,AudioQuest,Compatibility,No matching field found for Compatibility / Compatible with / Fits
x2LkzHeaGqoEz8JhogaDCU,AudioQuest Golden Gate RCA to RCA Analog Interconnect Cable - 0.6 meters,audioquest-golden-gate-rca-to-rca-analog-interconnect-cable-0-6-meters,AudioQuest,Accessory type,No matching field found for Accessory type / Type
x2LkzHeaGqoEz8JhogaDCU,AudioQuest Golden Gate RCA to RCA Analog Interconnect Cable - 0.6 meters,audioquest-golden-gate-rca-to-rca-analog-interconnect-cable-0-6-meters,AudioQuest,Connector / termination,No matching field found for Connector / termination / Connector / Termination
x2LkzHeaGqoEz8JhogaDCU,AudioQuest Golden Gate RCA to RCA Analog Interconnect Cable - 0.6 meters,audioquest-golden-gate-rca-to-rca-analog-interconnect-cable-0-6-meters,AudioQuest,Compatibility,No matching field found for Compatibility / Compatible with / Fits
x2LkzHeaGqoEz8JhogaPNW,AudioQuest Sydney 3.5mm to 3.5mm Analog Audio Interconnect Cable - 4.92ft. (1.5m),audioquest-sydney-3-5mm-to-3-5mm-analog-audio-interconnect-cable-4-92ft-1-5m,AudioQuest,Accessory type,No matching field found for Accessory type / Type
x2LkzHeaGqoEz8JhogaPNW,AudioQuest Sydney 3.5mm to 3.5mm Analog Audio Interconnect Cable - 4.92ft. (1.5m),audioquest-sydney-3-5mm-to-3-5mm-analog-audio-interconnect-cable-4-92ft-1-5m,AudioQuest,Connector / termination,No matching field found for Connector / termination / Connector / Termination
x2LkzHeaGqoEz8JhogaPNW,AudioQuest Sydney 3.5mm to 3.5mm Analog Audio Interconnect Cable - 4.92ft. (1.5m),audioquest-sydney-3-5mm-to-3-5mm-analog-audio-interconnect-cable-4-92ft-1-5m,AudioQuest,Compatibility,No matching field found for Compatibility / Compatible with / Fits
x2LkzHeaGqoEz8JhogaWUi,AudioQuest Sydney 3.5mm Mini to RCA Audio Cable (1.97 ft.),audioquest-sydney-3-5mm-mini-to-rca-audio-cable-1-97-ft,AudioQuest,Accessory type,No matching field found for Accessory type / Type
x2LkzHeaGqoEz8JhogaWUi,AudioQuest Sydney 3.5mm Mini to RCA Audio Cable (1.97 ft.),audioquest-sydney-3-5mm-mini-to-rca-audio-cable-1-97-ft,AudioQuest,Connector / termination,No matching field found for Connector / termination / Connector / Termination
x2LkzHeaGqoEz8JhogaWUi,AudioQuest Sydney 3.5mm Mini to RCA Audio Cable (1.97 ft.),audioquest-sydney-3-5mm-mini-to-rca-audio-cable-1-97-ft,AudioQuest,Compatibility,No matching field found for Compatibility / Compatible with / Fits
x2LkzHeaGqoEz8Jhogc6j0,JBL Wireless Two Microphone System with Dual-Channel Receiver,jbl-wireless-two-microphone-system-with-dual-channel-receiver,JBL,Accessory type,No matching field found for Accessory type / Type
x2LkzHeaGqoEz8Jhogc6j0,JBL Wireless Two Microphone System with Dual-Channel Receiver,jbl-wireless-two-microphone-system-with-dual-channel-receiver,JBL,Connector / termination,No matching field found for Connector / termination / Connector / Termination
x2LkzHeaGqoEz8Jhogc6j0,JBL Wireless Two Microphone System with Dual-Channel Receiver,jbl-wireless-two-microphone-system-with-dual-channel-receiver,JBL,Compatibility,"Compatibility raw value ""Wireless Microphone SetDistance between transmitter and receiver: >10mPolar pattern: CardioidFrequency response: 65Hz–15kHzSignal-to-Noise(S/N) ratio: >60 dBAUHF frequency band: 470–960MHz (depends on…"" could not be matched to canonical product slugs. Unmatched parts: Wireless Microphone SetDistance between transmitter and receiver: >10mPolar pattern: CardioidFrequency response: 65Hz–15kHzSignal-to-Noise(S/N) ratio: >60 dBAUHF frequency band: 470–960MHz (depends on SKU) (EU 657–662..., Wireless Microphone Set"
x2LkzHeaGqoEz8Jhogdmti,McIntosh MQ112 Environmental Equalizer,mcintosh-mq112-environmental-equalizer,McIntosh,Accessory type,No matching field found for Accessory type / Type
x2LkzHeaGqoEz8Jhogdmti,McIntosh MQ112 Environmental Equalizer,mcintosh-mq112-environmental-equalizer,McIntosh,Connector / termination,No matching field found for Connector / termination / Connector / Termination
x2LkzHeaGqoEz8Jhogdmti,McIntosh MQ112 Environmental Equalizer,mcintosh-mq112-environmental-equalizer,McIntosh,Compatibility,No matching field found for Compatibility / Compatible with / Fits
x2LkzHeaGqoEz8Jhogegs8,SVS SoundPath RCA Audio Interconnect Cable for Subwoofers - 26.24 ft. (8m),svs-soundpath-rca-audio-interconnect-cable-for-subwoofers-26-24-ft-8m,SVS,Accessory type,No matching field found for Accessory type / Type
x2LkzHeaGqoEz8Jhogegs8,SVS SoundPath RCA Audio Interconnect Cable for Subwoofers - 26.24 ft. (8m),svs-soundpath-rca-audio-interconnect-cable-for-subwoofers-26-24-ft-8m,SVS,Connector / termination,No matching field found for Connector / termination / Connector / Termination
x2LkzHeaGqoEz8Jhogegs8,SVS SoundPath RCA Audio Interconnect Cable for Subwoofers - 26.24 ft. (8m),svs-soundpath-rca-audio-interconnect-cable-for-subwoofers-26-24-ft-8m,SVS,Compatibility,No matching field found for Compatibility / Compatible with / Fits
xMEqvkRBbdrlJXyFG8b45F,Dekoni Audio EPZ-ARYA-FNSK Replacement Ear Pads for HiFiMan Arya Headphones Elite Fenestrated Sheepskin,dekoni-audio-epz-arya-fnsk-replacement-ear-pads-for-hifiman-arya-headphones-elite-fenestrated-sh,Dekoni Audio,Accessory type,No matching field found for Accessory type / Type
xMEqvkRBbdrlJXyFG8b45F,Dekoni Audio EPZ-ARYA-FNSK Replacement Ear Pads for HiFiMan Arya Headphones Elite Fenestrated Sheepskin,dekoni-audio-epz-arya-fnsk-replacement-ear-pads-for-hifiman-arya-headphones-elite-fenestrated-sh,Dekoni Audio,Compatibility,"Compatibility raw value ""HiFiMan Arya, Arya Stealth Magnet, Ananda (wired), Edition X V2, HE1000 V2/SE, Jade II electrostatic"" could not be matched to canonical product slugs. Unmatched parts: HiFiMan Arya, Arya Stealth Magnet, Ananda (wired), Edition X V2, HE1000 V2, SE, Jade II electrostatic"
xMEqvkRBbdrlJXyFG8b7UD,Dekoni Audio EPZ-HD600-FNSK Replacement Ear Pads for Sennheiser HD600 Series Headphones Elite Fenestrated Sheepskin,dekoni-audio-epz-hd600-fnsk-replacement-ear-pads-for-sennheiser-hd600-series-headphones-elite-fe,Dekoni Audio,Accessory type,No matching field found for Accessory type / Type
xMEqvkRBbdrlJXyFG8b7UD,Dekoni Audio EPZ-HD600-FNSK Replacement Ear Pads for Sennheiser HD600 Series Headphones Elite Fenestrated Sheepskin,dekoni-audio-epz-hd600-fnsk-replacement-ear-pads-for-sennheiser-hd600-series-headphones-elite-fe,Dekoni Audio,Compatibility,No matching field found for Compatibility / Compatible with / Fits
xMEqvkRBbdrlJXyFG8bEZj,Apos x Community Gremlin Tube Amp,apos-x-community-gremlin-tube-amp,Dekoni Audio,Accessory type,No matching field found for Accessory type / Type
xMEqvkRBbdrlJXyFG8bEZj,Apos x Community Gremlin Tube Amp,apos-x-community-gremlin-tube-amp,Dekoni Audio,Compatibility,"Compatibility raw value ""8-600Ω"" could not be matched to canonical product slugs. Unmatched parts: 8-600Ω"
xMEqvkRBbdrlJXyFG8bJ71,Apos x Geshelli Merlin AKM Desktop DAC,apos-x-geshelli-merlin-akm-desktop-dac,Dekoni Audio,Accessory type,No matching field found for Accessory type / Type
xMEqvkRBbdrlJXyFG8bJ71,Apos x Geshelli Merlin AKM Desktop DAC,apos-x-geshelli-merlin-akm-desktop-dac,Dekoni Audio,Compatibility,No matching field found for Compatibility / Compatible with / Fits
xMEqvkRBbdrlJXyFG8bwF9,Focal Utopia Ear Pads,focal-utopia-ear-pads,Focal,Accessory type,No matching field found for Accessory type / Type
xMEqvkRBbdrlJXyFG8bwF9,Focal Utopia Ear Pads,focal-utopia-ear-pads,Focal,Compatibility,No matching field found for Compatibility / Compatible with / Fits
xMEqvkRBbdrlJXyFG8c4h3,Apos x Audio-Technica Refine Pads,apos-x-audio-technica-refine-pads,Audio-Technica,Accessory type,No matching field found for Accessory type / Type
xMEqvkRBbdrlJXyFG8c4h3,Apos x Audio-Technica Refine Pads,apos-x-audio-technica-refine-pads,Audio-Technica,Compatibility,"Compatibility raw value ""Audio-Technica ATH-R70x, R70xa, R70x Refine"" could not be matched to canonical product slugs. Unmatched parts: Audio-Technica ATH-R70x, R70xa, R70x Refine"
xMEqvkRBbdrlJXyFG8cA8b,Bose QC45 Replacement Ear Pads,bose-qc45-replacement-ear-pads,Wicked Cushions,Accessory type,No matching field found for Accessory type / Type
xMEqvkRBbdrlJXyFG8cA8b,Bose QC45 Replacement Ear Pads,bose-qc45-replacement-ear-pads,Wicked Cushions,Compatibility,No matching field found for Compatibility / Compatible with / Fits
xMEqvkRBbdrlJXyFG8cCZn,Beats Solo Earpads,beats-solo-earpads,Wicked Cushions,Accessory type,No matching field found for Accessory type / Type
xMEqvkRBbdrlJXyFG8cCZn,Beats Solo Earpads,beats-solo-earpads,Wicked Cushions,Compatibility,No matching field found for Compatibility / Compatible with / Fits
xMEqvkRBbdrlJXyFG8cWMv,Upgraded Corsair Virtuoso Ear pads,upgraded-corsair-virtuoso-ear-pads,Wicked Cushions,Accessory type,No matching field found for Accessory type / Type
xMEqvkRBbdrlJXyFG8cWMv,Upgraded Corsair Virtuoso Ear pads,upgraded-corsair-virtuoso-ear-pads,Wicked Cushions,Compatibility,No matching field found for Compatibility / Compatible with / Fits
xMEqvkRBbdrlJXyFG8cdgV,HyperX Cloud FPS Gaming Earpads - WC StealthZ Cloud,hyperx-cloud-fps-gaming-earpads-wc-stealthz-cloud,Wicked Cushions,Accessory type,No matching field found for Accessory type / Type
xMEqvkRBbdrlJXyFG8cdgV,HyperX Cloud FPS Gaming Earpads - WC StealthZ Cloud,hyperx-cloud-fps-gaming-earpads-wc-stealthz-cloud,Wicked Cushions,Compatibility,No matching field found for Compatibility / Compatible with / Fits
xMEqvkRBbdrlJXyFG8cpQL,Upgraded Sony XM5 Replacement Ear Pads,upgraded-sony-xm5-replacement-ear-pads,Wicked Cushions,Accessory type,No matching field found for Accessory type / Type
xMEqvkRBbdrlJXyFG8cpQL,Upgraded Sony XM5 Replacement Ear Pads,upgraded-sony-xm5-replacement-ear-pads,Wicked Cushions,Compatibility,No matching field found for Compatibility / Compatible with / Fits
xMEqvkRBbdrlJXyFG8cqYf,ATH M50X Earpads,ath-m50x-earpads,Wicked Cushions,Accessory type,No matching field found for Accessory type / Type
xMEqvkRBbdrlJXyFG8cqYf,ATH M50X Earpads,ath-m50x-earpads,Wicked Cushions,Compatibility,No matching field found for Compatibility / Compatible with / Fits
xMEqvkRBbdrlJXyFG8cxoj,Ear Pads For Sony WH1000XM3 Over-Ear Headphones,ear-pads-for-sony-wh1000xm3-over-ear-headphones,Wicked Cushions,Accessory type,No matching field found for Accessory type / Type
xMEqvkRBbdrlJXyFG8cxoj,Ear Pads For Sony WH1000XM3 Over-Ear Headphones,ear-pads-for-sony-wh1000xm3-over-ear-headphones,Wicked Cushions,Compatibility,No matching field found for Compatibility / Compatible with / Fits
xMEqvkRBbdrlJXyFG8djHj,Dekoni Audio ETZ-GEMINI Premium Memory Foam Isolation Earphone Tips Gemini 3mm,dekoni-audio-etz-gemini-premium-memory-foam-isolation-earphone-tips-gemini-3mm,Dekoni Audio,Accessory type,No matching field found for Accessory type / Type
xMEqvkRBbdrlJXyFG8djHj,Dekoni Audio ETZ-GEMINI Premium Memory Foam Isolation Earphone Tips Gemini 3mm,dekoni-audio-etz-gemini-premium-memory-foam-isolation-earphone-tips-gemini-3mm,Dekoni Audio,Compatibility,No matching field found for Compatibility / Compatible with / Fits
xMEqvkRBbdrlJXyFG8duy3,Apos x SATCHELZ Leather Clamshell IEM Carry Case,apos-x-satchelz-leather-clamshell-iem-carry-case,Apos,Accessory type,No matching field found for Accessory type / Type
xMEqvkRBbdrlJXyFG8duy3,Apos x SATCHELZ Leather Clamshell IEM Carry Case,apos-x-satchelz-leather-clamshell-iem-carry-case,Apos,Compatibility,No matching field found for Compatibility / Compatible with / Fits
xMEqvkRBbdrlJXyFG8eD0B,iFi ZEN Blue 3 Bluetooth Desktop DAC,ifi-zen-blue-3-bluetooth-desktop-dac,iFi Audio,Device type,No matching field found for Device type / Product type / Type
xMEqvkRBbdrlJXyFG8eD0B,iFi ZEN Blue 3 Bluetooth Desktop DAC,ifi-zen-blue-3-bluetooth-desktop-dac,iFi Audio,Form factor,No matching field found for Form factor / Portability
xMEqvkRBbdrlJXyFG8eD0B,iFi ZEN Blue 3 Bluetooth Desktop DAC,ifi-zen-blue-3-bluetooth-desktop-dac,iFi Audio,Amplification,No matching field found for Amplifier type / Amplification
xMEqvkRBbdrlJXyFG8eD0B,iFi ZEN Blue 3 Bluetooth Desktop DAC,ifi-zen-blue-3-bluetooth-desktop-dac,iFi Audio,DAC included,No matching field found for DAC included / DAC / Built-in DAC
xMEqvkRBbdrlJXyFG8eD0B,iFi ZEN Blue 3 Bluetooth Desktop DAC,ifi-zen-blue-3-bluetooth-desktop-dac,iFi Audio,Balanced output,No matching field found for Balanced output / Balanced / Balanced connection
xMEqvkRBbdrlJXyFG8eFfR,iFi GO blu Air Portable Hi-Res Bluetooth DAC & Headphone Amp,ifi-go-blu-air-portable-hi-res-bluetooth-dac-headphone-amp,iFi Audio,Device type,No matching field found for Device type / Product type / Type
xMEqvkRBbdrlJXyFG8eFfR,iFi GO blu Air Portable Hi-Res Bluetooth DAC & Headphone Amp,ifi-go-blu-air-portable-hi-res-bluetooth-dac-headphone-amp,iFi Audio,Form factor,No matching field found for Form factor / Portability
xMEqvkRBbdrlJXyFG8eFfR,iFi GO blu Air Portable Hi-Res Bluetooth DAC & Headphone Amp,ifi-go-blu-air-portable-hi-res-bluetooth-dac-headphone-amp,iFi Audio,Amplification,No matching field found for Amplifier type / Amplification
xMEqvkRBbdrlJXyFG8eFfR,iFi GO blu Air Portable Hi-Res Bluetooth DAC & Headphone Amp,ifi-go-blu-air-portable-hi-res-bluetooth-dac-headphone-amp,iFi Audio,DAC included,No matching field found for DAC included / DAC / Built-in DAC
xMEqvkRBbdrlJXyFG8eFfR,iFi GO blu Air Portable Hi-Res Bluetooth DAC & Headphone Amp,ifi-go-blu-air-portable-hi-res-bluetooth-dac-headphone-amp,iFi Audio,Balanced output,No matching field found for Balanced output / Balanced / Balanced connection
xMEqvkRBbdrlJXyFG8eFfR,iFi GO blu Air Portable Hi-Res Bluetooth DAC & Headphone Amp,ifi-go-blu-air-portable-hi-res-bluetooth-dac-headphone-amp,iFi Audio,Inputs,No matching field found for Inputs / Input
xMEqvkRBbdrlJXyFG8eFfR,iFi GO blu Air Portable Hi-Res Bluetooth DAC & Headphone Amp,ifi-go-blu-air-portable-hi-res-bluetooth-dac-headphone-amp,iFi Audio,Outputs,No matching field found for Outputs / Output
xMEqvkRBbdrlJXyFG8eR7h,SJY Zeph Open-Back Planar Magnetic Headphones,sjy-zeph-open-back-planar-magnetic-headphones,SJY Audio,Wearing style,No matching field found for Wearing style
xMEqvkRBbdrlJXyFG8eR7h,SJY Zeph Open-Back Planar Magnetic Headphones,sjy-zeph-open-back-planar-magnetic-headphones,SJY Audio,Back design,No matching field found for Back design / Cup style / Cup / back design
xMEqvkRBbdrlJXyFG8eR7h,SJY Zeph Open-Back Planar Magnetic Headphones,sjy-zeph-open-back-planar-magnetic-headphones,SJY Audio,Driver type,No matching field found for Driver type / Driver Type
xMEqvkRBbdrlJXyFG8eR7h,SJY Zeph Open-Back Planar Magnetic Headphones,sjy-zeph-open-back-planar-magnetic-headphones,SJY Audio,Connectivity,No matching field found for Connectivity
xMEqvkRBbdrlJXyFG8eR7h,SJY Zeph Open-Back Planar Magnetic Headphones,sjy-zeph-open-back-planar-magnetic-headphones,SJY Audio,Microphone,No matching field found for Microphone / Microphones
xMEqvkRBbdrlJXyFG8eR7h,SJY Zeph Open-Back Planar Magnetic Headphones,sjy-zeph-open-back-planar-magnetic-headphones,SJY Audio,Noise cancelling,No matching field found for Noise cancelling / Noise canceling / ANC / Active noise cancelling
xMEqvkRBbdrlJXyFG8eR7h,SJY Zeph Open-Back Planar Magnetic Headphones,sjy-zeph-open-back-planar-magnetic-headphones,SJY Audio,Requires amplifier,No matching field found for Amp required / Requires amplifier / Amplifier required
xMEqvkRBbdrlJXyFG8ekB7,Meze 105 Silva Open-Back Headphones,meze-105-silva-open-back-headphones,Meze Audio,Wearing style,No matching field found for Wearing style
xMEqvkRBbdrlJXyFG8ekB7,Meze 105 Silva Open-Back Headphones,meze-105-silva-open-back-headphones,Meze Audio,Back design,No matching field found for Back design / Cup style / Cup / back design
xMEqvkRBbdrlJXyFG8ekB7,Meze 105 Silva Open-Back Headphones,meze-105-silva-open-back-headphones,Meze Audio,Connectivity,No matching field found for Connectivity
xMEqvkRBbdrlJXyFG8ekB7,Meze 105 Silva Open-Back Headphones,meze-105-silva-open-back-headphones,Meze Audio,Connector / plug,No matching field found for Connector / Connector / plug
xMEqvkRBbdrlJXyFG8ekB7,Meze 105 Silva Open-Back Headphones,meze-105-silva-open-back-headphones,Meze Audio,Microphone,No matching field found for Microphone / Microphones
xMEqvkRBbdrlJXyFG8ekB7,Meze 105 Silva Open-Back Headphones,meze-105-silva-open-back-headphones,Meze Audio,Noise cancelling,No matching field found for Noise cancelling / Noise canceling / ANC / Active noise cancelling
xMEqvkRBbdrlJXyFG8ekB7,Meze 105 Silva Open-Back Headphones,meze-105-silva-open-back-headphones,Meze Audio,Requires amplifier,No matching field found for Amp required / Requires amplifier / Amplifier required
xMEqvkRBbdrlJXyFG8elsb,Audeze LCD-2 Open Back Headphone,audeze-lcd-2-open-back-headphone,Audeze,Wearing style,No matching field found for Wearing style
xMEqvkRBbdrlJXyFG8elsb,Audeze LCD-2 Open Back Headphone,audeze-lcd-2-open-back-headphone,Audeze,Back design,No matching field found for Back design / Cup style / Cup / back design
xMEqvkRBbdrlJXyFG8elsb,Audeze LCD-2 Open Back Headphone,audeze-lcd-2-open-back-headphone,Audeze,Driver type,No matching field found for Driver type / Driver Type
xMEqvkRBbdrlJXyFG8elsb,Audeze LCD-2 Open Back Headphone,audeze-lcd-2-open-back-headphone,Audeze,Connectivity,No matching field found for Connectivity
xMEqvkRBbdrlJXyFG8elsb,Audeze LCD-2 Open Back Headphone,audeze-lcd-2-open-back-headphone,Audeze,Connector / plug,No matching field found for Connector / Connector / plug
xMEqvkRBbdrlJXyFG8elsb,Audeze LCD-2 Open Back Headphone,audeze-lcd-2-open-back-headphone,Audeze,Microphone,No matching field found for Microphone / Microphones
xMEqvkRBbdrlJXyFG8elsb,Audeze LCD-2 Open Back Headphone,audeze-lcd-2-open-back-headphone,Audeze,Noise cancelling,No matching field found for Noise cancelling / Noise canceling / ANC / Active noise cancelling
xMEqvkRBbdrlJXyFG8elsb,Audeze LCD-2 Open Back Headphone,audeze-lcd-2-open-back-headphone,Audeze,Requires amplifier,No matching field found for Amp required / Requires amplifier / Amplifier required
xMEqvkRBbdrlJXyFG8enyh,Audeze LCD-2 Classic (Apos Certified),audeze-lcd-2-classic-apos-certified,Audeze,Wearing style,No matching field found for Wearing style
xMEqvkRBbdrlJXyFG8enyh,Audeze LCD-2 Classic (Apos Certified),audeze-lcd-2-classic-apos-certified,Audeze,Back design,No matching field found for Back design / Cup style / Cup / back design
xMEqvkRBbdrlJXyFG8enyh,Audeze LCD-2 Classic (Apos Certified),audeze-lcd-2-classic-apos-certified,Audeze,Driver type,No matching field found for Driver type / Driver Type
xMEqvkRBbdrlJXyFG8enyh,Audeze LCD-2 Classic (Apos Certified),audeze-lcd-2-classic-apos-certified,Audeze,Connectivity,No matching field found for Connectivity
xMEqvkRBbdrlJXyFG8enyh,Audeze LCD-2 Classic (Apos Certified),audeze-lcd-2-classic-apos-certified,Audeze,Connector / plug,No matching field found for Connector / Connector / plug
xMEqvkRBbdrlJXyFG8enyh,Audeze LCD-2 Classic (Apos Certified),audeze-lcd-2-classic-apos-certified,Audeze,Microphone,No matching field found for Microphone / Microphones
xMEqvkRBbdrlJXyFG8enyh,Audeze LCD-2 Classic (Apos Certified),audeze-lcd-2-classic-apos-certified,Audeze,Noise cancelling,No matching field found for Noise cancelling / Noise canceling / ANC / Active noise cancelling
xMEqvkRBbdrlJXyFG8enyh,Audeze LCD-2 Classic (Apos Certified),audeze-lcd-2-classic-apos-certified,Audeze,Requires amplifier,No matching field found for Amp required / Requires amplifier / Amplifier required
xMEqvkRBbdrlJXyFG8erD7,Sennheiser HD 600 Open-back Reference Headphones,sennheiser-hd-600-open-back-reference-headphones,Sennheiser,Wearing style,No matching field found for Wearing style
xMEqvkRBbdrlJXyFG8erD7,Sennheiser HD 600 Open-back Reference Headphones,sennheiser-hd-600-open-back-reference-headphones,Sennheiser,Back design,No matching field found for Back design / Cup style / Cup / back design
xMEqvkRBbdrlJXyFG8erD7,Sennheiser HD 600 Open-back Reference Headphones,sennheiser-hd-600-open-back-reference-headphones,Sennheiser,Driver type,No matching field found for Driver type / Driver Type
xMEqvkRBbdrlJXyFG8erD7,Sennheiser HD 600 Open-back Reference Headphones,sennheiser-hd-600-open-back-reference-headphones,Sennheiser,Connectivity,No matching field found for Connectivity
xMEqvkRBbdrlJXyFG8erD7,Sennheiser HD 600 Open-back Reference Headphones,sennheiser-hd-600-open-back-reference-headphones,Sennheiser,Microphone,No matching field found for Microphone / Microphones
xMEqvkRBbdrlJXyFG8erD7,Sennheiser HD 600 Open-back Reference Headphones,sennheiser-hd-600-open-back-reference-headphones,Sennheiser,Noise cancelling,No matching field found for Noise cancelling / Noise canceling / ANC / Active noise cancelling
xMEqvkRBbdrlJXyFG8erD7,Sennheiser HD 600 Open-back Reference Headphones,sennheiser-hd-600-open-back-reference-headphones,Sennheiser,Requires amplifier,No matching field found for Amp required / Requires amplifier / Amplifier required
xMEqvkRBbdrlJXyFG8euj7,Sennheiser HD 660S2 Dynamic Open-back Headphones,sennheiser-hd-660s2-dynamic-open-back-headphones,Sennheiser,Wearing style,No matching field found for Wearing style
xMEqvkRBbdrlJXyFG8euj7,Sennheiser HD 660S2 Dynamic Open-back Headphones,sennheiser-hd-660s2-dynamic-open-back-headphones,Sennheiser,Back design,No matching field found for Back design / Cup style / Cup / back design
xMEqvkRBbdrlJXyFG8euj7,Sennheiser HD 660S2 Dynamic Open-back Headphones,sennheiser-hd-660s2-dynamic-open-back-headphones,Sennheiser,Driver type,No matching field found for Driver type / Driver Type
xMEqvkRBbdrlJXyFG8euj7,Sennheiser HD 660S2 Dynamic Open-back Headphones,sennheiser-hd-660s2-dynamic-open-back-headphones,Sennheiser,Connectivity,No matching field found for Connectivity
xMEqvkRBbdrlJXyFG8euj7,Sennheiser HD 660S2 Dynamic Open-back Headphones,sennheiser-hd-660s2-dynamic-open-back-headphones,Sennheiser,Connector / plug,"Field ""Connector"" raw value ""6.3 mm (1/4 inch) jack plug, 4.4 mm balanced plug"" does not map to the closed vocabulary for Connector / plug"
xMEqvkRBbdrlJXyFG8euj7,Sennheiser HD 660S2 Dynamic Open-back Headphones,sennheiser-hd-660s2-dynamic-open-back-headphones,Sennheiser,Microphone,No matching field found for Microphone / Microphones
xMEqvkRBbdrlJXyFG8euj7,Sennheiser HD 660S2 Dynamic Open-back Headphones,sennheiser-hd-660s2-dynamic-open-back-headphones,Sennheiser,Noise cancelling,No matching field found for Noise cancelling / Noise canceling / ANC / Active noise cancelling
xMEqvkRBbdrlJXyFG8euj7,Sennheiser HD 660S2 Dynamic Open-back Headphones,sennheiser-hd-660s2-dynamic-open-back-headphones,Sennheiser,Requires amplifier,No matching field found for Amp required / Requires amplifier / Amplifier required
xMEqvkRBbdrlJXyFG8f1l7,Focal Utopia (2022) Open-Back Headphones,focal-utopia-2022-open-back-headphones,Focal,Wearing style,No matching field found for Wearing style
xMEqvkRBbdrlJXyFG8f1l7,Focal Utopia (2022) Open-Back Headphones,focal-utopia-2022-open-back-headphones,Focal,Back design,No matching field found for Back design / Cup style / Cup / back design
xMEqvkRBbdrlJXyFG8f1l7,Focal Utopia (2022) Open-Back Headphones,focal-utopia-2022-open-back-headphones,Focal,Driver type,No matching field found for Driver type / Driver Type
xMEqvkRBbdrlJXyFG8f1l7,Focal Utopia (2022) Open-Back Headphones,focal-utopia-2022-open-back-headphones,Focal,Connectivity,No matching field found for Connectivity
xMEqvkRBbdrlJXyFG8f1l7,Focal Utopia (2022) Open-Back Headphones,focal-utopia-2022-open-back-headphones,Focal,Connector / plug,No matching field found for Connector / Connector / plug
xMEqvkRBbdrlJXyFG8f1l7,Focal Utopia (2022) Open-Back Headphones,focal-utopia-2022-open-back-headphones,Focal,Microphone,No matching field found for Microphone / Microphones
xMEqvkRBbdrlJXyFG8f1l7,Focal Utopia (2022) Open-Back Headphones,focal-utopia-2022-open-back-headphones,Focal,Noise cancelling,No matching field found for Noise cancelling / Noise canceling / ANC / Active noise cancelling
xMEqvkRBbdrlJXyFG8f1l7,Focal Utopia (2022) Open-Back Headphones,focal-utopia-2022-open-back-headphones,Focal,Requires amplifier,No matching field found for Amp required / Requires amplifier / Amplifier required
xMEqvkRBbdrlJXyFG8fHrh,GUSTARD R30 Fully-Discrete R2R Network Streaming DAC,gustard-r30-fully-discrete-r2r-network-streaming-dac,Gustard,Device type,No matching field found for Device type / Product type / Type
xMEqvkRBbdrlJXyFG8fHrh,GUSTARD R30 Fully-Discrete R2R Network Streaming DAC,gustard-r30-fully-discrete-r2r-network-streaming-dac,Gustard,Form factor,No matching field found for Form factor / Portability
xMEqvkRBbdrlJXyFG8fHrh,GUSTARD R30 Fully-Discrete R2R Network Streaming DAC,gustard-r30-fully-discrete-r2r-network-streaming-dac,Gustard,Amplification,No matching field found for Amplifier type / Amplification
xMEqvkRBbdrlJXyFG8fHrh,GUSTARD R30 Fully-Discrete R2R Network Streaming DAC,gustard-r30-fully-discrete-r2r-network-streaming-dac,Gustard,DAC included,No matching field found for DAC included / DAC / Built-in DAC
xMEqvkRBbdrlJXyFG8fHrh,GUSTARD R30 Fully-Discrete R2R Network Streaming DAC,gustard-r30-fully-discrete-r2r-network-streaming-dac,Gustard,Balanced output,No matching field found for Balanced output / Balanced / Balanced connection
xMEqvkRBbdrlJXyFG8fHrh,GUSTARD R30 Fully-Discrete R2R Network Streaming DAC,gustard-r30-fully-discrete-r2r-network-streaming-dac,Gustard,Inputs,No matching field found for Inputs / Input
xMEqvkRBbdrlJXyFG8fHrh,GUSTARD R30 Fully-Discrete R2R Network Streaming DAC,gustard-r30-fully-discrete-r2r-network-streaming-dac,Gustard,Outputs,No matching field found for Outputs / Output
xMEqvkRBbdrlJXyFG8fIQr,GUSTARD X30 4xES9039SPRO Streamer Digital to Analog Convertor (DAC),gustard-x30-4xes9039spro-streamer-digital-to-analog-convertor-dac,Gustard,Device type,No matching field found for Device type / Product type / Type
xMEqvkRBbdrlJXyFG8fIQr,GUSTARD X30 4xES9039SPRO Streamer Digital to Analog Convertor (DAC),gustard-x30-4xes9039spro-streamer-digital-to-analog-convertor-dac,Gustard,Form factor,No matching field found for Form factor / Portability
xMEqvkRBbdrlJXyFG8fIQr,GUSTARD X30 4xES9039SPRO Streamer Digital to Analog Convertor (DAC),gustard-x30-4xes9039spro-streamer-digital-to-analog-convertor-dac,Gustard,Amplification,No matching field found for Amplifier type / Amplification
xMEqvkRBbdrlJXyFG8fIQr,GUSTARD X30 4xES9039SPRO Streamer Digital to Analog Convertor (DAC),gustard-x30-4xes9039spro-streamer-digital-to-analog-convertor-dac,Gustard,DAC included,No matching field found for DAC included / DAC / Built-in DAC
xMEqvkRBbdrlJXyFG8fIQr,GUSTARD X30 4xES9039SPRO Streamer Digital to Analog Convertor (DAC),gustard-x30-4xes9039spro-streamer-digital-to-analog-convertor-dac,Gustard,Balanced output,No matching field found for Balanced output / Balanced / Balanced connection
xMEqvkRBbdrlJXyFG8fIQr,GUSTARD X30 4xES9039SPRO Streamer Digital to Analog Convertor (DAC),gustard-x30-4xes9039spro-streamer-digital-to-analog-convertor-dac,Gustard,Inputs,No matching field found for Inputs / Input
xMEqvkRBbdrlJXyFG8fIQr,GUSTARD X30 4xES9039SPRO Streamer Digital to Analog Convertor (DAC),gustard-x30-4xes9039spro-streamer-digital-to-analog-convertor-dac,Gustard,Outputs,No matching field found for Outputs / Output
xMEqvkRBbdrlJXyFG8fV4x,YULONG DAART D39 ESS9039PRO Music Streamer & Desktop DAC,yulong-daart-d39-ess9039pro-music-streamer-desktop-dac,Yulong,Device type,No matching field found for Device type / Product type / Type
xMEqvkRBbdrlJXyFG8fV4x,YULONG DAART D39 ESS9039PRO Music Streamer & Desktop DAC,yulong-daart-d39-ess9039pro-music-streamer-desktop-dac,Yulong,Form factor,No matching field found for Form factor / Portability
xMEqvkRBbdrlJXyFG8fV4x,YULONG DAART D39 ESS9039PRO Music Streamer & Desktop DAC,yulong-daart-d39-ess9039pro-music-streamer-desktop-dac,Yulong,Amplification,No matching field found for Amplifier type / Amplification
xMEqvkRBbdrlJXyFG8fV4x,YULONG DAART D39 ESS9039PRO Music Streamer & Desktop DAC,yulong-daart-d39-ess9039pro-music-streamer-desktop-dac,Yulong,DAC included,No matching field found for DAC included / DAC / Built-in DAC
xMEqvkRBbdrlJXyFG8fV4x,YULONG DAART D39 ESS9039PRO Music Streamer & Desktop DAC,yulong-daart-d39-ess9039pro-music-streamer-desktop-dac,Yulong,Balanced output,No matching field found for Balanced output / Balanced / Balanced connection
xMEqvkRBbdrlJXyFG8fV4x,YULONG DAART D39 ESS9039PRO Music Streamer & Desktop DAC,yulong-daart-d39-ess9039pro-music-streamer-desktop-dac,Yulong,Inputs,No matching field found for Inputs / Input
xMEqvkRBbdrlJXyFG8fV4x,YULONG DAART D39 ESS9039PRO Music Streamer & Desktop DAC,yulong-daart-d39-ess9039pro-music-streamer-desktop-dac,Yulong,Outputs,No matching field found for Outputs / Output
xMEqvkRBbdrlJXyFG8fa0r,Matrix NT-1 Network Transport,matrix-nt-1-network-transport,Matrix Audio,Device type,No matching field found for Device type / Product type / Type
xMEqvkRBbdrlJXyFG8fa0r,Matrix NT-1 Network Transport,matrix-nt-1-network-transport,Matrix Audio,Form factor,No matching field found for Form factor / Portability
xMEqvkRBbdrlJXyFG8fa0r,Matrix NT-1 Network Transport,matrix-nt-1-network-transport,Matrix Audio,Amplification,No matching field found for Amplifier type / Amplification
xMEqvkRBbdrlJXyFG8fa0r,Matrix NT-1 Network Transport,matrix-nt-1-network-transport,Matrix Audio,DAC included,No matching field found for DAC included / DAC / Built-in DAC
xMEqvkRBbdrlJXyFG8fa0r,Matrix NT-1 Network Transport,matrix-nt-1-network-transport,Matrix Audio,Balanced output,No matching field found for Balanced output / Balanced / Balanced connection
xMEqvkRBbdrlJXyFG8fa0r,Matrix NT-1 Network Transport,matrix-nt-1-network-transport,Matrix Audio,Inputs,"Field ""Input"" raw value ""DC 6–12V < 10mA"" does not map to the closed vocabulary for Inputs"
xMEqvkRBbdrlJXyFG8fa0r,Matrix NT-1 Network Transport,matrix-nt-1-network-transport,Matrix Audio,Outputs,"Field ""Output"" raw value ""DC 12V / 50mA"" does not map to the closed vocabulary for Outputs"
xMEqvkRBbdrlJXyFG8fdhP,TOPPING D10s DAC (Digital-to-Analog Converter),topping-d10s-dac-digital-to-analog-converter,Topping,Device type,No matching field found for Device type / Product type / Type
xMEqvkRBbdrlJXyFG8fdhP,TOPPING D10s DAC (Digital-to-Analog Converter),topping-d10s-dac-digital-to-analog-converter,Topping,Form factor,No matching field found for Form factor / Portability
xMEqvkRBbdrlJXyFG8fdhP,TOPPING D10s DAC (Digital-to-Analog Converter),topping-d10s-dac-digital-to-analog-converter,Topping,Amplification,No matching field found for Amplifier type / Amplification
xMEqvkRBbdrlJXyFG8fdhP,TOPPING D10s DAC (Digital-to-Analog Converter),topping-d10s-dac-digital-to-analog-converter,Topping,DAC included,No matching field found for DAC included / DAC / Built-in DAC
xMEqvkRBbdrlJXyFG8fdhP,TOPPING D10s DAC (Digital-to-Analog Converter),topping-d10s-dac-digital-to-analog-converter,Topping,Balanced output,No matching field found for Balanced output / Balanced / Balanced connection
xMEqvkRBbdrlJXyFG8fdhP,TOPPING D10s DAC (Digital-to-Analog Converter),topping-d10s-dac-digital-to-analog-converter,Topping,Inputs,No matching field found for Inputs / Input
xMEqvkRBbdrlJXyFG8fdhP,TOPPING D10s DAC (Digital-to-Analog Converter),topping-d10s-dac-digital-to-analog-converter,Topping,Outputs,No matching field found for Outputs / Output
xMEqvkRBbdrlJXyFG8ffSP,TOPPING E70 VELVET AK4499EX Desktop DAC (Digital-to-Analog-Convertor),topping-e70-velvet-ak4499ex-desktop-dac-digital-to-analog-convertor,Topping,Device type,No matching field found for Device type / Product type / Type
xMEqvkRBbdrlJXyFG8ffSP,TOPPING E70 VELVET AK4499EX Desktop DAC (Digital-to-Analog-Convertor),topping-e70-velvet-ak4499ex-desktop-dac-digital-to-analog-convertor,Topping,Form factor,No matching field found for Form factor / Portability
xMEqvkRBbdrlJXyFG8ffSP,TOPPING E70 VELVET AK4499EX Desktop DAC (Digital-to-Analog-Convertor),topping-e70-velvet-ak4499ex-desktop-dac-digital-to-analog-convertor,Topping,Amplification,No matching field found for Amplifier type / Amplification
xMEqvkRBbdrlJXyFG8ffSP,TOPPING E70 VELVET AK4499EX Desktop DAC (Digital-to-Analog-Convertor),topping-e70-velvet-ak4499ex-desktop-dac-digital-to-analog-convertor,Topping,DAC included,No matching field found for DAC included / DAC / Built-in DAC
xMEqvkRBbdrlJXyFG8ffSP,TOPPING E70 VELVET AK4499EX Desktop DAC (Digital-to-Analog-Convertor),topping-e70-velvet-ak4499ex-desktop-dac-digital-to-analog-convertor,Topping,Balanced output,No matching field found for Balanced output / Balanced / Balanced connection
xMEqvkRBbdrlJXyFG8ffSP,TOPPING E70 VELVET AK4499EX Desktop DAC (Digital-to-Analog-Convertor),topping-e70-velvet-ak4499ex-desktop-dac-digital-to-analog-convertor,Topping,Inputs,No matching field found for Inputs / Input
xMEqvkRBbdrlJXyFG8ffSP,TOPPING E70 VELVET AK4499EX Desktop DAC (Digital-to-Analog-Convertor),topping-e70-velvet-ak4499ex-desktop-dac-digital-to-analog-convertor,Topping,Outputs,No matching field found for Outputs / Output
xMEqvkRBbdrlJXyFG8fkYr,GUSTARD X26 III Dual ES9039SPRO Digital to Analog Convertor (DAC),gustard-x26-iii-dual-es9039spro-digital-to-analog-convertor-dac,Gustard,Device type,No matching field found for Device type / Product type / Type
xMEqvkRBbdrlJXyFG8fkYr,GUSTARD X26 III Dual ES9039SPRO Digital to Analog Convertor (DAC),gustard-x26-iii-dual-es9039spro-digital-to-analog-convertor-dac,Gustard,Form factor,No matching field found for Form factor / Portability
xMEqvkRBbdrlJXyFG8fkYr,GUSTARD X26 III Dual ES9039SPRO Digital to Analog Convertor (DAC),gustard-x26-iii-dual-es9039spro-digital-to-analog-convertor-dac,Gustard,Amplification,No matching field found for Amplifier type / Amplification
xMEqvkRBbdrlJXyFG8fkYr,GUSTARD X26 III Dual ES9039SPRO Digital to Analog Convertor (DAC),gustard-x26-iii-dual-es9039spro-digital-to-analog-convertor-dac,Gustard,DAC included,No matching field found for DAC included / DAC / Built-in DAC
xMEqvkRBbdrlJXyFG8fkYr,GUSTARD X26 III Dual ES9039SPRO Digital to Analog Convertor (DAC),gustard-x26-iii-dual-es9039spro-digital-to-analog-convertor-dac,Gustard,Balanced output,No matching field found for Balanced output / Balanced / Balanced connection
xMEqvkRBbdrlJXyFG8fkYr,GUSTARD X26 III Dual ES9039SPRO Digital to Analog Convertor (DAC),gustard-x26-iii-dual-es9039spro-digital-to-analog-convertor-dac,Gustard,Inputs,No matching field found for Inputs / Input
xMEqvkRBbdrlJXyFG8fkYr,GUSTARD X26 III Dual ES9039SPRO Digital to Analog Convertor (DAC),gustard-x26-iii-dual-es9039spro-digital-to-analog-convertor-dac,Gustard,Outputs,No matching field found for Outputs / Output
xMEqvkRBbdrlJXyFG8fsmh,GUSTARD DAC-R26II Network Streaming R2R DAC (Apos Certified),gustard-dac-r26ii-network-streaming-r2r-dac-apos-certified,Gustard,Device type,No matching field found for Device type / Product type / Type
xMEqvkRBbdrlJXyFG8fsmh,GUSTARD DAC-R26II Network Streaming R2R DAC (Apos Certified),gustard-dac-r26ii-network-streaming-r2r-dac-apos-certified,Gustard,Form factor,No matching field found for Form factor / Portability
xMEqvkRBbdrlJXyFG8fsmh,GUSTARD DAC-R26II Network Streaming R2R DAC (Apos Certified),gustard-dac-r26ii-network-streaming-r2r-dac-apos-certified,Gustard,Amplification,No matching field found for Amplifier type / Amplification
xMEqvkRBbdrlJXyFG8fsmh,GUSTARD DAC-R26II Network Streaming R2R DAC (Apos Certified),gustard-dac-r26ii-network-streaming-r2r-dac-apos-certified,Gustard,DAC included,No matching field found for DAC included / DAC / Built-in DAC
xMEqvkRBbdrlJXyFG8fsmh,GUSTARD DAC-R26II Network Streaming R2R DAC (Apos Certified),gustard-dac-r26ii-network-streaming-r2r-dac-apos-certified,Gustard,Balanced output,No matching field found for Balanced output / Balanced / Balanced connection
xMEqvkRBbdrlJXyFG8fsmh,GUSTARD DAC-R26II Network Streaming R2R DAC (Apos Certified),gustard-dac-r26ii-network-streaming-r2r-dac-apos-certified,Gustard,Inputs,No matching field found for Inputs / Input
xMEqvkRBbdrlJXyFG8fsmh,GUSTARD DAC-R26II Network Streaming R2R DAC (Apos Certified),gustard-dac-r26ii-network-streaming-r2r-dac-apos-certified,Gustard,Outputs,No matching field found for Outputs / Output
xMEqvkRBbdrlJXyFG8fuQf,LADDER Schumann Desktop DAC,ladder-schumann-desktop-dac,Ladder,Device type,"Field ""Type"" raw value ""high-resolution audio DAC"" does not map to the closed vocabulary for Device type"
xMEqvkRBbdrlJXyFG8fuQf,LADDER Schumann Desktop DAC,ladder-schumann-desktop-dac,Ladder,Form factor,No matching field found for Form factor / Portability
xMEqvkRBbdrlJXyFG8fuQf,LADDER Schumann Desktop DAC,ladder-schumann-desktop-dac,Ladder,Amplification,No matching field found for Amplifier type / Amplification
xMEqvkRBbdrlJXyFG8fuQf,LADDER Schumann Desktop DAC,ladder-schumann-desktop-dac,Ladder,DAC included,No matching field found for DAC included / DAC / Built-in DAC
xMEqvkRBbdrlJXyFG8fuQf,LADDER Schumann Desktop DAC,ladder-schumann-desktop-dac,Ladder,Balanced output,No matching field found for Balanced output / Balanced / Balanced connection
xMEqvkRBbdrlJXyFG8fuQf,LADDER Schumann Desktop DAC,ladder-schumann-desktop-dac,Ladder,Inputs,No matching field found for Inputs / Input
xMEqvkRBbdrlJXyFG8fuQf,LADDER Schumann Desktop DAC,ladder-schumann-desktop-dac,Ladder,Outputs,No matching field found for Outputs / Output
xMEqvkRBbdrlJXyFG8gRUZ,FiiO K13 R2R Desktop DAC/Amp (Apos Certified),fiio-k13-r2r-desktop-dac-amp-apos-certified,FiiO,Device type,No matching field found for Device type / Product type / Type
xMEqvkRBbdrlJXyFG8gRUZ,FiiO K13 R2R Desktop DAC/Amp (Apos Certified),fiio-k13-r2r-desktop-dac-amp-apos-certified,FiiO,Form factor,No matching field found for Form factor / Portability
xMEqvkRBbdrlJXyFG8gRUZ,FiiO K13 R2R Desktop DAC/Amp (Apos Certified),fiio-k13-r2r-desktop-dac-amp-apos-certified,FiiO,Amplification,No matching field found for Amplifier type / Amplification
xMEqvkRBbdrlJXyFG8gRUZ,FiiO K13 R2R Desktop DAC/Amp (Apos Certified),fiio-k13-r2r-desktop-dac-amp-apos-certified,FiiO,DAC included,"Field ""DAC"" raw value ""Fully differential true 24-bit R2R DAC resistor arrays"" does not map to the closed vocabulary for DAC included"
xMEqvkRBbdrlJXyFG8gRUZ,FiiO K13 R2R Desktop DAC/Amp (Apos Certified),fiio-k13-r2r-desktop-dac-amp-apos-certified,FiiO,Balanced output,No matching field found for Balanced output / Balanced / Balanced connection
xMEqvkRBbdrlJXyFG8gRUZ,FiiO K13 R2R Desktop DAC/Amp (Apos Certified),fiio-k13-r2r-desktop-dac-amp-apos-certified,FiiO,Inputs,No matching field found for Inputs / Input
xMEqvkRBbdrlJXyFG8gRUZ,FiiO K13 R2R Desktop DAC/Amp (Apos Certified),fiio-k13-r2r-desktop-dac-amp-apos-certified,FiiO,Outputs,No matching field found for Outputs / Output
xMEqvkRBbdrlJXyFG8gbWv,xDuoo XA-10 DAC/Headphone Amp,xduoo-xa-10-dac-headphone-amp,XDuoo,Device type,No matching field found for Device type / Product type / Type
xMEqvkRBbdrlJXyFG8gbWv,xDuoo XA-10 DAC/Headphone Amp,xduoo-xa-10-dac-headphone-amp,XDuoo,Form factor,No matching field found for Form factor / Portability
xMEqvkRBbdrlJXyFG8gbWv,xDuoo XA-10 DAC/Headphone Amp,xduoo-xa-10-dac-headphone-amp,XDuoo,Amplification,No matching field found for Amplifier type / Amplification
xMEqvkRBbdrlJXyFG8gbWv,xDuoo XA-10 DAC/Headphone Amp,xduoo-xa-10-dac-headphone-amp,XDuoo,DAC included,No matching field found for DAC included / DAC / Built-in DAC
xMEqvkRBbdrlJXyFG8gbWv,xDuoo XA-10 DAC/Headphone Amp,xduoo-xa-10-dac-headphone-amp,XDuoo,Balanced output,No matching field found for Balanced output / Balanced / Balanced connection
xMEqvkRBbdrlJXyFG8gbWv,xDuoo XA-10 DAC/Headphone Amp,xduoo-xa-10-dac-headphone-amp,XDuoo,Inputs,No matching field found for Inputs / Input
xMEqvkRBbdrlJXyFG8gbWv,xDuoo XA-10 DAC/Headphone Amp,xduoo-xa-10-dac-headphone-amp,XDuoo,Outputs,No matching field found for Outputs / Output
xMEqvkRBbdrlJXyFG8gx1X,Yulong Aquila II DAC/Amp,yulong-aquila-ii-dac-amp,Yulong,Device type,No matching field found for Device type / Product type / Type
xMEqvkRBbdrlJXyFG8gx1X,Yulong Aquila II DAC/Amp,yulong-aquila-ii-dac-amp,Yulong,Form factor,No matching field found for Form factor / Portability
xMEqvkRBbdrlJXyFG8gx1X,Yulong Aquila II DAC/Amp,yulong-aquila-ii-dac-amp,Yulong,Amplification,No matching field found for Amplifier type / Amplification
xMEqvkRBbdrlJXyFG8gx1X,Yulong Aquila II DAC/Amp,yulong-aquila-ii-dac-amp,Yulong,DAC included,No matching field found for DAC included / DAC / Built-in DAC
xMEqvkRBbdrlJXyFG8gx1X,Yulong Aquila II DAC/Amp,yulong-aquila-ii-dac-amp,Yulong,Balanced output,No matching field found for Balanced output / Balanced / Balanced connection
xMEqvkRBbdrlJXyFG8gx1X,Yulong Aquila II DAC/Amp,yulong-aquila-ii-dac-amp,Yulong,Inputs,No matching field found for Inputs / Input
xMEqvkRBbdrlJXyFG8gx1X,Yulong Aquila II DAC/Amp,yulong-aquila-ii-dac-amp,Yulong,Outputs,No matching field found for Outputs / Output
xMEqvkRBbdrlJXyFG8hoYl,xDuoo TA-30 Tube Headphone Amp,xduoo-ta-30-tube-headphone-amp,XDuoo,Device type,No matching field found for Device type / Product type / Type
xMEqvkRBbdrlJXyFG8hoYl,xDuoo TA-30 Tube Headphone Amp,xduoo-ta-30-tube-headphone-amp,XDuoo,Form factor,No matching field found for Form factor / Portability
xMEqvkRBbdrlJXyFG8hoYl,xDuoo TA-30 Tube Headphone Amp,xduoo-ta-30-tube-headphone-amp,XDuoo,Amplification,No matching field found for Amplifier type / Amplification
xMEqvkRBbdrlJXyFG8hoYl,xDuoo TA-30 Tube Headphone Amp,xduoo-ta-30-tube-headphone-amp,XDuoo,DAC included,No matching field found for DAC included / DAC / Built-in DAC
xMEqvkRBbdrlJXyFG8hoYl,xDuoo TA-30 Tube Headphone Amp,xduoo-ta-30-tube-headphone-amp,XDuoo,Balanced output,No matching field found for Balanced output / Balanced / Balanced connection
xMEqvkRBbdrlJXyFG8hoYl,xDuoo TA-30 Tube Headphone Amp,xduoo-ta-30-tube-headphone-amp,XDuoo,Inputs,No matching field found for Inputs / Input
xMEqvkRBbdrlJXyFG8hoYl,xDuoo TA-30 Tube Headphone Amp,xduoo-ta-30-tube-headphone-amp,XDuoo,Outputs,No matching field found for Outputs / Output
xMEqvkRBbdrlJXyFG8huOv,iFi Zen CAN 3,ifi-zen-can-3,iFi Audio,Device type,No matching field found for Device type / Product type / Type
xMEqvkRBbdrlJXyFG8huOv,iFi Zen CAN 3,ifi-zen-can-3,iFi Audio,Form factor,No matching field found for Form factor / Portability
xMEqvkRBbdrlJXyFG8huOv,iFi Zen CAN 3,ifi-zen-can-3,iFi Audio,Amplification,No matching field found for Amplifier type / Amplification
xMEqvkRBbdrlJXyFG8huOv,iFi Zen CAN 3,ifi-zen-can-3,iFi Audio,DAC included,No matching field found for DAC included / DAC / Built-in DAC
xMEqvkRBbdrlJXyFG8huOv,iFi Zen CAN 3,ifi-zen-can-3,iFi Audio,Balanced output,No matching field found for Balanced output / Balanced / Balanced connection
xMEqvkRBbdrlJXyFG8huOv,iFi Zen CAN 3,ifi-zen-can-3,iFi Audio,Inputs,No matching field found for Inputs / Input
xMEqvkRBbdrlJXyFG8huOv,iFi Zen CAN 3,ifi-zen-can-3,iFi Audio,Outputs,No matching field found for Outputs / Output
xMEqvkRBbdrlJXyFG8hyzj,Singxer SA-2 Fully-balanced Headphone Amplifier (Apos Certified),singxer-sa-2-fully-balanced-headphone-amplifier-apos-certified,Singxer,Device type,No matching field found for Device type / Product type / Type
xMEqvkRBbdrlJXyFG8hyzj,Singxer SA-2 Fully-balanced Headphone Amplifier (Apos Certified),singxer-sa-2-fully-balanced-headphone-amplifier-apos-certified,Singxer,Form factor,No matching field found for Form factor / Portability
xMEqvkRBbdrlJXyFG8hyzj,Singxer SA-2 Fully-balanced Headphone Amplifier (Apos Certified),singxer-sa-2-fully-balanced-headphone-amplifier-apos-certified,Singxer,Amplification,No matching field found for Amplifier type / Amplification
xMEqvkRBbdrlJXyFG8hyzj,Singxer SA-2 Fully-balanced Headphone Amplifier (Apos Certified),singxer-sa-2-fully-balanced-headphone-amplifier-apos-certified,Singxer,DAC included,No matching field found for DAC included / DAC / Built-in DAC
xMEqvkRBbdrlJXyFG8hyzj,Singxer SA-2 Fully-balanced Headphone Amplifier (Apos Certified),singxer-sa-2-fully-balanced-headphone-amplifier-apos-certified,Singxer,Balanced output,No matching field found for Balanced output / Balanced / Balanced connection
xMEqvkRBbdrlJXyFG8hyzj,Singxer SA-2 Fully-balanced Headphone Amplifier (Apos Certified),singxer-sa-2-fully-balanced-headphone-amplifier-apos-certified,Singxer,Inputs,No matching field found for Inputs / Input
xMEqvkRBbdrlJXyFG8hyzj,Singxer SA-2 Fully-balanced Headphone Amplifier (Apos Certified),singxer-sa-2-fully-balanced-headphone-amplifier-apos-certified,Singxer,Outputs,No matching field found for Outputs / Output
xMEqvkRBbdrlJXyFG8i3hZ,Burson Soloist Voyager Flagship Class-A Headphone Amplifier,burson-soloist-voyager-flagship-class-a-headphone-amplifier,Burson Audio,Device type,No matching field found for Device type / Product type / Type
xMEqvkRBbdrlJXyFG8i3hZ,Burson Soloist Voyager Flagship Class-A Headphone Amplifier,burson-soloist-voyager-flagship-class-a-headphone-amplifier,Burson Audio,Form factor,No matching field found for Form factor / Portability
xMEqvkRBbdrlJXyFG8i3hZ,Burson Soloist Voyager Flagship Class-A Headphone Amplifier,burson-soloist-voyager-flagship-class-a-headphone-amplifier,Burson Audio,Amplification,No matching field found for Amplifier type / Amplification
xMEqvkRBbdrlJXyFG8i3hZ,Burson Soloist Voyager Flagship Class-A Headphone Amplifier,burson-soloist-voyager-flagship-class-a-headphone-amplifier,Burson Audio,DAC included,No matching field found for DAC included / DAC / Built-in DAC
xMEqvkRBbdrlJXyFG8i3hZ,Burson Soloist Voyager Flagship Class-A Headphone Amplifier,burson-soloist-voyager-flagship-class-a-headphone-amplifier,Burson Audio,Balanced output,No matching field found for Balanced output / Balanced / Balanced connection
xMEqvkRBbdrlJXyFG8i9Jf,Orchard Audio Valencia Balanced Headphone Power Amp,orchard-audio-valencia-balanced-headphone-power-amp,Orchard Audio,Device type,No matching field found for Device type / Product type / Type
xMEqvkRBbdrlJXyFG8i9Jf,Orchard Audio Valencia Balanced Headphone Power Amp,orchard-audio-valencia-balanced-headphone-power-amp,Orchard Audio,Form factor,No matching field found for Form factor / Portability
xMEqvkRBbdrlJXyFG8i9Jf,Orchard Audio Valencia Balanced Headphone Power Amp,orchard-audio-valencia-balanced-headphone-power-amp,Orchard Audio,Amplification,No matching field found for Amplifier type / Amplification
xMEqvkRBbdrlJXyFG8i9Jf,Orchard Audio Valencia Balanced Headphone Power Amp,orchard-audio-valencia-balanced-headphone-power-amp,Orchard Audio,DAC included,No matching field found for DAC included / DAC / Built-in DAC
xMEqvkRBbdrlJXyFG8i9Jf,Orchard Audio Valencia Balanced Headphone Power Amp,orchard-audio-valencia-balanced-headphone-power-amp,Orchard Audio,Balanced output,No matching field found for Balanced output / Balanced / Balanced connection
xMEqvkRBbdrlJXyFG8i9Jf,Orchard Audio Valencia Balanced Headphone Power Amp,orchard-audio-valencia-balanced-headphone-power-amp,Orchard Audio,Inputs,No matching field found for Inputs / Input
xMEqvkRBbdrlJXyFG8i9Jf,Orchard Audio Valencia Balanced Headphone Power Amp,orchard-audio-valencia-balanced-headphone-power-amp,Orchard Audio,Outputs,No matching field found for Outputs / Output
xMEqvkRBbdrlJXyFG8igwj,Focal Stellia Closed-Back Headphones,focal-stellia-closed-back-headphones,Focal,Wearing style,No matching field found for Wearing style
xMEqvkRBbdrlJXyFG8igwj,Focal Stellia Closed-Back Headphones,focal-stellia-closed-back-headphones,Focal,Back design,No matching field found for Back design / Cup style / Cup / back design
xMEqvkRBbdrlJXyFG8igwj,Focal Stellia Closed-Back Headphones,focal-stellia-closed-back-headphones,Focal,Driver type,No matching field found for Driver type / Driver Type
xMEqvkRBbdrlJXyFG8igwj,Focal Stellia Closed-Back Headphones,focal-stellia-closed-back-headphones,Focal,Connectivity,No matching field found for Connectivity
xMEqvkRBbdrlJXyFG8igwj,Focal Stellia Closed-Back Headphones,focal-stellia-closed-back-headphones,Focal,Connector / plug,No matching field found for Connector / Connector / plug
xMEqvkRBbdrlJXyFG8igwj,Focal Stellia Closed-Back Headphones,focal-stellia-closed-back-headphones,Focal,Microphone,No matching field found for Microphone / Microphones
xMEqvkRBbdrlJXyFG8igwj,Focal Stellia Closed-Back Headphones,focal-stellia-closed-back-headphones,Focal,Noise cancelling,No matching field found for Noise cancelling / Noise canceling / ANC / Active noise cancelling
xMEqvkRBbdrlJXyFG8igwj,Focal Stellia Closed-Back Headphones,focal-stellia-closed-back-headphones,Focal,Requires amplifier,No matching field found for Amp required / Requires amplifier / Amplifier required
xMEqvkRBbdrlJXyFG8inkf,Audio-Technica ATH-MSR7b Headphone,audio-technica-ath-msr7b-headphone,Audio-Technica,Wearing style,No matching field found for Wearing style
xMEqvkRBbdrlJXyFG8inkf,Audio-Technica ATH-MSR7b Headphone,audio-technica-ath-msr7b-headphone,Audio-Technica,Back design,No matching field found for Back design / Cup style / Cup / back design
xMEqvkRBbdrlJXyFG8inkf,Audio-Technica ATH-MSR7b Headphone,audio-technica-ath-msr7b-headphone,Audio-Technica,Driver type,No matching field found for Driver type / Driver Type
xMEqvkRBbdrlJXyFG8inkf,Audio-Technica ATH-MSR7b Headphone,audio-technica-ath-msr7b-headphone,Audio-Technica,Connectivity,No matching field found for Connectivity
xMEqvkRBbdrlJXyFG8inkf,Audio-Technica ATH-MSR7b Headphone,audio-technica-ath-msr7b-headphone,Audio-Technica,Connector / plug,No matching field found for Connector / Connector / plug
xMEqvkRBbdrlJXyFG8inkf,Audio-Technica ATH-MSR7b Headphone,audio-technica-ath-msr7b-headphone,Audio-Technica,Microphone,No matching field found for Microphone / Microphones
xMEqvkRBbdrlJXyFG8inkf,Audio-Technica ATH-MSR7b Headphone,audio-technica-ath-msr7b-headphone,Audio-Technica,Noise cancelling,No matching field found for Noise cancelling / Noise canceling / ANC / Active noise cancelling
xMEqvkRBbdrlJXyFG8inkf,Audio-Technica ATH-MSR7b Headphone,audio-technica-ath-msr7b-headphone,Audio-Technica,Requires amplifier,No matching field found for Amp required / Requires amplifier / Amplifier required
xMEqvkRBbdrlJXyFG8iyTD,Audio-Technica ATH-M40x Professional Studio Monitor Headphones,audio-technica-ath-m40x-professional-studio-monitor-headphones,Audio-Technica,Wearing style,No matching field found for Wearing style
xMEqvkRBbdrlJXyFG8iyTD,Audio-Technica ATH-M40x Professional Studio Monitor Headphones,audio-technica-ath-m40x-professional-studio-monitor-headphones,Audio-Technica,Back design,No matching field found for Back design / Cup style / Cup / back design
xMEqvkRBbdrlJXyFG8iyTD,Audio-Technica ATH-M40x Professional Studio Monitor Headphones,audio-technica-ath-m40x-professional-studio-monitor-headphones,Audio-Technica,Driver type,No matching field found for Driver type / Driver Type
xMEqvkRBbdrlJXyFG8iyTD,Audio-Technica ATH-M40x Professional Studio Monitor Headphones,audio-technica-ath-m40x-professional-studio-monitor-headphones,Audio-Technica,Connectivity,No matching field found for Connectivity
xMEqvkRBbdrlJXyFG8iyTD,Audio-Technica ATH-M40x Professional Studio Monitor Headphones,audio-technica-ath-m40x-professional-studio-monitor-headphones,Audio-Technica,Connector / plug,No matching field found for Connector / Connector / plug
xMEqvkRBbdrlJXyFG8iyTD,Audio-Technica ATH-M40x Professional Studio Monitor Headphones,audio-technica-ath-m40x-professional-studio-monitor-headphones,Audio-Technica,Microphone,No matching field found for Microphone / Microphones
xMEqvkRBbdrlJXyFG8iyTD,Audio-Technica ATH-M40x Professional Studio Monitor Headphones,audio-technica-ath-m40x-professional-studio-monitor-headphones,Audio-Technica,Noise cancelling,No matching field found for Noise cancelling / Noise canceling / ANC / Active noise cancelling
xMEqvkRBbdrlJXyFG8iyTD,Audio-Technica ATH-M40x Professional Studio Monitor Headphones,audio-technica-ath-m40x-professional-studio-monitor-headphones,Audio-Technica,Requires amplifier,No matching field found for Amp required / Requires amplifier / Amplifier required
xMEqvkRBbdrlJXyFG8j1Bz,Audio-Technica NARUKAMI ATH-AWKG Audiophile Closed-back Dynamic Wooden Headphones,audio-technica-narukami-ath-awkg-audiophile-closed-back-dynamic-wooden-headphones,Audio-Technica,Wearing style,No matching field found for Wearing style
xMEqvkRBbdrlJXyFG8j1Bz,Audio-Technica NARUKAMI ATH-AWKG Audiophile Closed-back Dynamic Wooden Headphones,audio-technica-narukami-ath-awkg-audiophile-closed-back-dynamic-wooden-headphones,Audio-Technica,Back design,No matching field found for Back design / Cup style / Cup / back design
xMEqvkRBbdrlJXyFG8j1Bz,Audio-Technica NARUKAMI ATH-AWKG Audiophile Closed-back Dynamic Wooden Headphones,audio-technica-narukami-ath-awkg-audiophile-closed-back-dynamic-wooden-headphones,Audio-Technica,Driver type,No matching field found for Driver type / Driver Type
xMEqvkRBbdrlJXyFG8j1Bz,Audio-Technica NARUKAMI ATH-AWKG Audiophile Closed-back Dynamic Wooden Headphones,audio-technica-narukami-ath-awkg-audiophile-closed-back-dynamic-wooden-headphones,Audio-Technica,Connectivity,No matching field found for Connectivity
xMEqvkRBbdrlJXyFG8j1Bz,Audio-Technica NARUKAMI ATH-AWKG Audiophile Closed-back Dynamic Wooden Headphones,audio-technica-narukami-ath-awkg-audiophile-closed-back-dynamic-wooden-headphones,Audio-Technica,Connector / plug,"Field ""Connector"" raw value ""A2DC connector jack"" does not map to the closed vocabulary for Connector / plug"
xMEqvkRBbdrlJXyFG8j1Bz,Audio-Technica NARUKAMI ATH-AWKG Audiophile Closed-back Dynamic Wooden Headphones,audio-technica-narukami-ath-awkg-audiophile-closed-back-dynamic-wooden-headphones,Audio-Technica,Microphone,No matching field found for Microphone / Microphones
xMEqvkRBbdrlJXyFG8j1Bz,Audio-Technica NARUKAMI ATH-AWKG Audiophile Closed-back Dynamic Wooden Headphones,audio-technica-narukami-ath-awkg-audiophile-closed-back-dynamic-wooden-headphones,Audio-Technica,Noise cancelling,No matching field found for Noise cancelling / Noise canceling / ANC / Active noise cancelling
xMEqvkRBbdrlJXyFG8j1Bz,Audio-Technica NARUKAMI ATH-AWKG Audiophile Closed-back Dynamic Wooden Headphones,audio-technica-narukami-ath-awkg-audiophile-closed-back-dynamic-wooden-headphones,Audio-Technica,Requires amplifier,No matching field found for Amp required / Requires amplifier / Amplifier required
xMEqvkRBbdrlJXyFG8j4QP,Noble FoKus Apollo ANC Over-Ear Headphones,noble-fokus-apollo-anc-over-ear-headphones,Noble Audio,Wearing style,No matching field found for Wearing style
xMEqvkRBbdrlJXyFG8j4QP,Noble FoKus Apollo ANC Over-Ear Headphones,noble-fokus-apollo-anc-over-ear-headphones,Noble Audio,Back design,No matching field found for Back design / Cup style / Cup / back design
xMEqvkRBbdrlJXyFG8j4QP,Noble FoKus Apollo ANC Over-Ear Headphones,noble-fokus-apollo-anc-over-ear-headphones,Noble Audio,Driver type,No matching field found for Driver type / Driver Type
xMEqvkRBbdrlJXyFG8j4QP,Noble FoKus Apollo ANC Over-Ear Headphones,noble-fokus-apollo-anc-over-ear-headphones,Noble Audio,Connectivity,"Field ""Connectivity"" raw value ""Multipoint, Bluetooth 5.3"" does not map to the closed vocabulary for Connectivity"
xMEqvkRBbdrlJXyFG8j4QP,Noble FoKus Apollo ANC Over-Ear Headphones,noble-fokus-apollo-anc-over-ear-headphones,Noble Audio,Connector / plug,No matching field found for Connector / Connector / plug
xMEqvkRBbdrlJXyFG8j4QP,Noble FoKus Apollo ANC Over-Ear Headphones,noble-fokus-apollo-anc-over-ear-headphones,Noble Audio,Microphone,No matching field found for Microphone / Microphones
xMEqvkRBbdrlJXyFG8j4QP,Noble FoKus Apollo ANC Over-Ear Headphones,noble-fokus-apollo-anc-over-ear-headphones,Noble Audio,Noise cancelling,"Field ""ANC"" raw value ""Hybrid ANC with reduction depth up to -35dB"" does not map to the closed vocabulary for Noise cancelling"
xMEqvkRBbdrlJXyFG8j4QP,Noble FoKus Apollo ANC Over-Ear Headphones,noble-fokus-apollo-anc-over-ear-headphones,Noble Audio,Requires amplifier,No matching field found for Amp required / Requires amplifier / Amplifier required
xMEqvkRBbdrlJXyFG8j8S3,Noble FoKus Apollo ANC Over-Ear Headphones (Apos Certified),noble-fokus-apollo-anc-over-ear-headphones-apos-certified,Noble Audio,Wearing style,No matching field found for Wearing style
xMEqvkRBbdrlJXyFG8j8S3,Noble FoKus Apollo ANC Over-Ear Headphones (Apos Certified),noble-fokus-apollo-anc-over-ear-headphones-apos-certified,Noble Audio,Back design,No matching field found for Back design / Cup style / Cup / back design
xMEqvkRBbdrlJXyFG8j8S3,Noble FoKus Apollo ANC Over-Ear Headphones (Apos Certified),noble-fokus-apollo-anc-over-ear-headphones-apos-certified,Noble Audio,Driver type,No matching field found for Driver type / Driver Type
xMEqvkRBbdrlJXyFG8j8S3,Noble FoKus Apollo ANC Over-Ear Headphones (Apos Certified),noble-fokus-apollo-anc-over-ear-headphones-apos-certified,Noble Audio,Connectivity,"Field ""Connectivity"" raw value ""Multipoint, Bluetooth 5.3"" does not map to the closed vocabulary for Connectivity"
xMEqvkRBbdrlJXyFG8j8S3,Noble FoKus Apollo ANC Over-Ear Headphones (Apos Certified),noble-fokus-apollo-anc-over-ear-headphones-apos-certified,Noble Audio,Connector / plug,No matching field found for Connector / Connector / plug
xMEqvkRBbdrlJXyFG8j8S3,Noble FoKus Apollo ANC Over-Ear Headphones (Apos Certified),noble-fokus-apollo-anc-over-ear-headphones-apos-certified,Noble Audio,Microphone,No matching field found for Microphone / Microphones
xMEqvkRBbdrlJXyFG8j8S3,Noble FoKus Apollo ANC Over-Ear Headphones (Apos Certified),noble-fokus-apollo-anc-over-ear-headphones-apos-certified,Noble Audio,Noise cancelling,"Field ""ANC"" raw value ""Hybrid ANC with reduction depth up to -35dB"" does not map to the closed vocabulary for Noise cancelling"
xMEqvkRBbdrlJXyFG8j8S3,Noble FoKus Apollo ANC Over-Ear Headphones (Apos Certified),noble-fokus-apollo-anc-over-ear-headphones-apos-certified,Noble Audio,Requires amplifier,No matching field found for Amp required / Requires amplifier / Amplifier required
xMEqvkRBbdrlJXyFG8jrTr,Moondrop Kadenz Flagship 10mm IEMs,moondrop-kadenz-flagship-10mm-iems,Moondrop,Wearing style,No matching field found for Wearing style
xMEqvkRBbdrlJXyFG8jrTr,Moondrop Kadenz Flagship 10mm IEMs,moondrop-kadenz-flagship-10mm-iems,Moondrop,Driver type,No matching field found for Driver type / Driver Type
xMEqvkRBbdrlJXyFG8jrTr,Moondrop Kadenz Flagship 10mm IEMs,moondrop-kadenz-flagship-10mm-iems,Moondrop,Connectivity,No matching field found for Connectivity
xMEqvkRBbdrlJXyFG8jrTr,Moondrop Kadenz Flagship 10mm IEMs,moondrop-kadenz-flagship-10mm-iems,Moondrop,Connector / plug,No matching field found for Connector / Connector / plug
xMEqvkRBbdrlJXyFG8jrTr,Moondrop Kadenz Flagship 10mm IEMs,moondrop-kadenz-flagship-10mm-iems,Moondrop,Microphone,No matching field found for Microphone / Microphones
xMEqvkRBbdrlJXyFG8jrTr,Moondrop Kadenz Flagship 10mm IEMs,moondrop-kadenz-flagship-10mm-iems,Moondrop,Noise cancelling,No matching field found for Noise cancelling / Noise canceling / ANC / Active noise cancelling
xMEqvkRBbdrlJXyFG8jrTr,Moondrop Kadenz Flagship 10mm IEMs,moondrop-kadenz-flagship-10mm-iems,Moondrop,Requires amplifier,No matching field found for Amp required / Requires amplifier / Amplifier required
xMEqvkRBbdrlJXyFG8jtEr,Kinera Freya In-Ear Monitor (IEM) Earphone,kinera-freya-in-ear-monitor-iem-earphone,Kinera,Wearing style,No matching field found for Wearing style
xMEqvkRBbdrlJXyFG8jtEr,Kinera Freya In-Ear Monitor (IEM) Earphone,kinera-freya-in-ear-monitor-iem-earphone,Kinera,Driver type,No matching field found for Driver type / Driver Type
xMEqvkRBbdrlJXyFG8jtEr,Kinera Freya In-Ear Monitor (IEM) Earphone,kinera-freya-in-ear-monitor-iem-earphone,Kinera,Connectivity,No matching field found for Connectivity
xMEqvkRBbdrlJXyFG8jtEr,Kinera Freya In-Ear Monitor (IEM) Earphone,kinera-freya-in-ear-monitor-iem-earphone,Kinera,Connector / plug,No matching field found for Connector / Connector / plug
xMEqvkRBbdrlJXyFG8jtEr,Kinera Freya In-Ear Monitor (IEM) Earphone,kinera-freya-in-ear-monitor-iem-earphone,Kinera,Microphone,No matching field found for Microphone / Microphones
xMEqvkRBbdrlJXyFG8jtEr,Kinera Freya In-Ear Monitor (IEM) Earphone,kinera-freya-in-ear-monitor-iem-earphone,Kinera,Noise cancelling,No matching field found for Noise cancelling / Noise canceling / ANC / Active noise cancelling
xMEqvkRBbdrlJXyFG8jtEr,Kinera Freya In-Ear Monitor (IEM) Earphone,kinera-freya-in-ear-monitor-iem-earphone,Kinera,Requires amplifier,No matching field found for Amp required / Requires amplifier / Amplifier required
xMEqvkRBbdrlJXyFG8jv3N,Kinera NANNA In-Ear Monitor (IEM) Earphone,kinera-nanna-in-ear-monitor-iem-earphone,Kinera,Wearing style,No matching field found for Wearing style
xMEqvkRBbdrlJXyFG8jv3N,Kinera NANNA In-Ear Monitor (IEM) Earphone,kinera-nanna-in-ear-monitor-iem-earphone,Kinera,Driver type,No matching field found for Driver type / Driver Type
xMEqvkRBbdrlJXyFG8jv3N,Kinera NANNA In-Ear Monitor (IEM) Earphone,kinera-nanna-in-ear-monitor-iem-earphone,Kinera,Connectivity,No matching field found for Connectivity
xMEqvkRBbdrlJXyFG8jv3N,Kinera NANNA In-Ear Monitor (IEM) Earphone,kinera-nanna-in-ear-monitor-iem-earphone,Kinera,Connector / plug,No matching field found for Connector / Connector / plug
xMEqvkRBbdrlJXyFG8jv3N,Kinera NANNA In-Ear Monitor (IEM) Earphone,kinera-nanna-in-ear-monitor-iem-earphone,Kinera,Microphone,No matching field found for Microphone / Microphones
xMEqvkRBbdrlJXyFG8jv3N,Kinera NANNA In-Ear Monitor (IEM) Earphone,kinera-nanna-in-ear-monitor-iem-earphone,Kinera,Noise cancelling,No matching field found for Noise cancelling / Noise canceling / ANC / Active noise cancelling
xMEqvkRBbdrlJXyFG8jv3N,Kinera NANNA In-Ear Monitor (IEM) Earphone,kinera-nanna-in-ear-monitor-iem-earphone,Kinera,Requires amplifier,No matching field found for Amp required / Requires amplifier / Amplifier required
xMEqvkRBbdrlJXyFG8kExX,HIFIMAN Sundara Planar Magnetic Headphones,hifiman-sundara-planar-magnetic-headphones,HiFiMan,Wearing style,No matching field found for Wearing style
xMEqvkRBbdrlJXyFG8kExX,HIFIMAN Sundara Planar Magnetic Headphones,hifiman-sundara-planar-magnetic-headphones,HiFiMan,Back design,No matching field found for Back design / Cup style / Cup / back design
xMEqvkRBbdrlJXyFG8kExX,HIFIMAN Sundara Planar Magnetic Headphones,hifiman-sundara-planar-magnetic-headphones,HiFiMan,Driver type,No matching field found for Driver type / Driver Type
xMEqvkRBbdrlJXyFG8kExX,HIFIMAN Sundara Planar Magnetic Headphones,hifiman-sundara-planar-magnetic-headphones,HiFiMan,Connectivity,No matching field found for Connectivity
xMEqvkRBbdrlJXyFG8kExX,HIFIMAN Sundara Planar Magnetic Headphones,hifiman-sundara-planar-magnetic-headphones,HiFiMan,Connector / plug,No matching field found for Connector / Connector / plug
xMEqvkRBbdrlJXyFG8kExX,HIFIMAN Sundara Planar Magnetic Headphones,hifiman-sundara-planar-magnetic-headphones,HiFiMan,Microphone,No matching field found for Microphone / Microphones
xMEqvkRBbdrlJXyFG8kExX,HIFIMAN Sundara Planar Magnetic Headphones,hifiman-sundara-planar-magnetic-headphones,HiFiMan,Noise cancelling,No matching field found for Noise cancelling / Noise canceling / ANC / Active noise cancelling
xMEqvkRBbdrlJXyFG8kExX,HIFIMAN Sundara Planar Magnetic Headphones,hifiman-sundara-planar-magnetic-headphones,HiFiMan,Requires amplifier,No matching field found for Amp required / Requires amplifier / Amplifier required
xMEqvkRBbdrlJXyFG8kHLD,HIFIMAN Edition XS Planar Magnetic Headphone,hifiman-edition-xs-planar-magnetic-headphone,HiFiMan,Wearing style,No matching field found for Wearing style
xMEqvkRBbdrlJXyFG8kHLD,HIFIMAN Edition XS Planar Magnetic Headphone,hifiman-edition-xs-planar-magnetic-headphone,HiFiMan,Back design,No matching field found for Back design / Cup style / Cup / back design
xMEqvkRBbdrlJXyFG8kHLD,HIFIMAN Edition XS Planar Magnetic Headphone,hifiman-edition-xs-planar-magnetic-headphone,HiFiMan,Driver type,No matching field found for Driver type / Driver Type
xMEqvkRBbdrlJXyFG8kHLD,HIFIMAN Edition XS Planar Magnetic Headphone,hifiman-edition-xs-planar-magnetic-headphone,HiFiMan,Connectivity,No matching field found for Connectivity
xMEqvkRBbdrlJXyFG8kHLD,HIFIMAN Edition XS Planar Magnetic Headphone,hifiman-edition-xs-planar-magnetic-headphone,HiFiMan,Connector / plug,No matching field found for Connector / Connector / plug
xMEqvkRBbdrlJXyFG8kHLD,HIFIMAN Edition XS Planar Magnetic Headphone,hifiman-edition-xs-planar-magnetic-headphone,HiFiMan,Microphone,No matching field found for Microphone / Microphones
xMEqvkRBbdrlJXyFG8kHLD,HIFIMAN Edition XS Planar Magnetic Headphone,hifiman-edition-xs-planar-magnetic-headphone,HiFiMan,Noise cancelling,No matching field found for Noise cancelling / Noise canceling / ANC / Active noise cancelling
xMEqvkRBbdrlJXyFG8kHLD,HIFIMAN Edition XS Planar Magnetic Headphone,hifiman-edition-xs-planar-magnetic-headphone,HiFiMan,Requires amplifier,No matching field found for Amp required / Requires amplifier / Amplifier required
xMEqvkRBbdrlJXyFG8kOlp,HIFIMAN Arya Planar Magnetic Headphone - Stealth Magnet Version,hifiman-arya-planar-magnetic-headphone-stealth-magnet-version,HiFiMan,Wearing style,No matching field found for Wearing style
xMEqvkRBbdrlJXyFG8kOlp,HIFIMAN Arya Planar Magnetic Headphone - Stealth Magnet Version,hifiman-arya-planar-magnetic-headphone-stealth-magnet-version,HiFiMan,Back design,No matching field found for Back design / Cup style / Cup / back design
xMEqvkRBbdrlJXyFG8kOlp,HIFIMAN Arya Planar Magnetic Headphone - Stealth Magnet Version,hifiman-arya-planar-magnetic-headphone-stealth-magnet-version,HiFiMan,Driver type,No matching field found for Driver type / Driver Type
xMEqvkRBbdrlJXyFG8kOlp,HIFIMAN Arya Planar Magnetic Headphone - Stealth Magnet Version,hifiman-arya-planar-magnetic-headphone-stealth-magnet-version,HiFiMan,Connectivity,No matching field found for Connectivity
xMEqvkRBbdrlJXyFG8kOlp,HIFIMAN Arya Planar Magnetic Headphone - Stealth Magnet Version,hifiman-arya-planar-magnetic-headphone-stealth-magnet-version,HiFiMan,Connector / plug,No matching field found for Connector / Connector / plug
xMEqvkRBbdrlJXyFG8kOlp,HIFIMAN Arya Planar Magnetic Headphone - Stealth Magnet Version,hifiman-arya-planar-magnetic-headphone-stealth-magnet-version,HiFiMan,Microphone,No matching field found for Microphone / Microphones
xMEqvkRBbdrlJXyFG8kOlp,HIFIMAN Arya Planar Magnetic Headphone - Stealth Magnet Version,hifiman-arya-planar-magnetic-headphone-stealth-magnet-version,HiFiMan,Noise cancelling,No matching field found for Noise cancelling / Noise canceling / ANC / Active noise cancelling
xMEqvkRBbdrlJXyFG8kOlp,HIFIMAN Arya Planar Magnetic Headphone - Stealth Magnet Version,hifiman-arya-planar-magnetic-headphone-stealth-magnet-version,HiFiMan,Requires amplifier,No matching field found for Amp required / Requires amplifier / Amplifier required
xMEqvkRBbdrlJXyFG8kR2T,HIFIMAN Ananda Stealth Planar Magnetic Headphone,hifiman-ananda-stealth-planar-magnetic-headphone,HiFiMan,Wearing style,No matching field found for Wearing style
xMEqvkRBbdrlJXyFG8kR2T,HIFIMAN Ananda Stealth Planar Magnetic Headphone,hifiman-ananda-stealth-planar-magnetic-headphone,HiFiMan,Back design,No matching field found for Back design / Cup style / Cup / back design
xMEqvkRBbdrlJXyFG8kR2T,HIFIMAN Ananda Stealth Planar Magnetic Headphone,hifiman-ananda-stealth-planar-magnetic-headphone,HiFiMan,Driver type,No matching field found for Driver type / Driver Type
xMEqvkRBbdrlJXyFG8kR2T,HIFIMAN Ananda Stealth Planar Magnetic Headphone,hifiman-ananda-stealth-planar-magnetic-headphone,HiFiMan,Connectivity,No matching field found for Connectivity
xMEqvkRBbdrlJXyFG8kR2T,HIFIMAN Ananda Stealth Planar Magnetic Headphone,hifiman-ananda-stealth-planar-magnetic-headphone,HiFiMan,Connector / plug,No matching field found for Connector / Connector / plug
xMEqvkRBbdrlJXyFG8kR2T,HIFIMAN Ananda Stealth Planar Magnetic Headphone,hifiman-ananda-stealth-planar-magnetic-headphone,HiFiMan,Microphone,No matching field found for Microphone / Microphones
xMEqvkRBbdrlJXyFG8kR2T,HIFIMAN Ananda Stealth Planar Magnetic Headphone,hifiman-ananda-stealth-planar-magnetic-headphone,HiFiMan,Noise cancelling,No matching field found for Noise cancelling / Noise canceling / ANC / Active noise cancelling
xMEqvkRBbdrlJXyFG8kR2T,HIFIMAN Ananda Stealth Planar Magnetic Headphone,hifiman-ananda-stealth-planar-magnetic-headphone,HiFiMan,Requires amplifier,No matching field found for Amp required / Requires amplifier / Amplifier required
xMEqvkRBbdrlJXyFG8ki6p,Meze POET Planar Magnetic Headphones,meze-poet-planar-magnetic-headphones,Meze Audio,Wearing style,No matching field found for Wearing style
xMEqvkRBbdrlJXyFG8ki6p,Meze POET Planar Magnetic Headphones,meze-poet-planar-magnetic-headphones,Meze Audio,Back design,No matching field found for Back design / Cup style / Cup / back design
xMEqvkRBbdrlJXyFG8ki6p,Meze POET Planar Magnetic Headphones,meze-poet-planar-magnetic-headphones,Meze Audio,Driver type,"Field ""Driver type"" raw value ""Rinaro Isodynamic Hybrid Array MZ6"" does not map to the closed vocabulary for Driver type"
xMEqvkRBbdrlJXyFG8ki6p,Meze POET Planar Magnetic Headphones,meze-poet-planar-magnetic-headphones,Meze Audio,Connectivity,No matching field found for Connectivity
xMEqvkRBbdrlJXyFG8ki6p,Meze POET Planar Magnetic Headphones,meze-poet-planar-magnetic-headphones,Meze Audio,Connector / plug,No matching field found for Connector / Connector / plug
xMEqvkRBbdrlJXyFG8ki6p,Meze POET Planar Magnetic Headphones,meze-poet-planar-magnetic-headphones,Meze Audio,Microphone,No matching field found for Microphone / Microphones
xMEqvkRBbdrlJXyFG8ki6p,Meze POET Planar Magnetic Headphones,meze-poet-planar-magnetic-headphones,Meze Audio,Noise cancelling,No matching field found for Noise cancelling / Noise canceling / ANC / Active noise cancelling
xMEqvkRBbdrlJXyFG8ki6p,Meze POET Planar Magnetic Headphones,meze-poet-planar-magnetic-headphones,Meze Audio,Requires amplifier,No matching field found for Amp required / Requires amplifier / Amplifier required
xMEqvkRBbdrlJXyFG8kl09,Audeze LCD-5s Planar Magnetic Headphone,audeze-lcd-5s-planar-magnetic-headphone,Audeze,Wearing style,No matching field found for Wearing style
xMEqvkRBbdrlJXyFG8kl09,Audeze LCD-5s Planar Magnetic Headphone,audeze-lcd-5s-planar-magnetic-headphone,Audeze,Back design,No matching field found for Back design / Cup style / Cup / back design
xMEqvkRBbdrlJXyFG8kl09,Audeze LCD-5s Planar Magnetic Headphone,audeze-lcd-5s-planar-magnetic-headphone,Audeze,Driver type,No matching field found for Driver type / Driver Type
xMEqvkRBbdrlJXyFG8kl09,Audeze LCD-5s Planar Magnetic Headphone,audeze-lcd-5s-planar-magnetic-headphone,Audeze,Connectivity,No matching field found for Connectivity
xMEqvkRBbdrlJXyFG8kl09,Audeze LCD-5s Planar Magnetic Headphone,audeze-lcd-5s-planar-magnetic-headphone,Audeze,Connector / plug,No matching field found for Connector / Connector / plug
xMEqvkRBbdrlJXyFG8kl09,Audeze LCD-5s Planar Magnetic Headphone,audeze-lcd-5s-planar-magnetic-headphone,Audeze,Microphone,No matching field found for Microphone / Microphones
xMEqvkRBbdrlJXyFG8kl09,Audeze LCD-5s Planar Magnetic Headphone,audeze-lcd-5s-planar-magnetic-headphone,Audeze,Noise cancelling,No matching field found for Noise cancelling / Noise canceling / ANC / Active noise cancelling
xMEqvkRBbdrlJXyFG8kl09,Audeze LCD-5s Planar Magnetic Headphone,audeze-lcd-5s-planar-magnetic-headphone,Audeze,Requires amplifier,No matching field found for Amp required / Requires amplifier / Amplifier required
xMEqvkRBbdrlJXyFG8kmvh,ES Lab ES-2a 90mm Electrostatic Headphones,es-lab-es-2a-90mm-electrostatic-headphones,ES Lab,Wearing style,No matching field found for Wearing style
xMEqvkRBbdrlJXyFG8kmvh,ES Lab ES-2a 90mm Electrostatic Headphones,es-lab-es-2a-90mm-electrostatic-headphones,ES Lab,Back design,No matching field found for Back design / Cup style / Cup / back design
xMEqvkRBbdrlJXyFG8kmvh,ES Lab ES-2a 90mm Electrostatic Headphones,es-lab-es-2a-90mm-electrostatic-headphones,ES Lab,Driver type,No matching field found for Driver type / Driver Type
xMEqvkRBbdrlJXyFG8kmvh,ES Lab ES-2a 90mm Electrostatic Headphones,es-lab-es-2a-90mm-electrostatic-headphones,ES Lab,Connectivity,No matching field found for Connectivity
xMEqvkRBbdrlJXyFG8kmvh,ES Lab ES-2a 90mm Electrostatic Headphones,es-lab-es-2a-90mm-electrostatic-headphones,ES Lab,Connector / plug,No matching field found for Connector / Connector / plug
xMEqvkRBbdrlJXyFG8kmvh,ES Lab ES-2a 90mm Electrostatic Headphones,es-lab-es-2a-90mm-electrostatic-headphones,ES Lab,Microphone,No matching field found for Microphone / Microphones
xMEqvkRBbdrlJXyFG8kmvh,ES Lab ES-2a 90mm Electrostatic Headphones,es-lab-es-2a-90mm-electrostatic-headphones,ES Lab,Noise cancelling,No matching field found for Noise cancelling / Noise canceling / ANC / Active noise cancelling
xMEqvkRBbdrlJXyFG8kmvh,ES Lab ES-2a 90mm Electrostatic Headphones,es-lab-es-2a-90mm-electrostatic-headphones,ES Lab,Requires amplifier,No matching field found for Amp required / Requires amplifier / Amplifier required
xMEqvkRBbdrlJXyFG8ko41,ES Lab EX-1a Electrostatic Headphones,es-lab-ex-1a-electrostatic-headphones,ES Lab,Wearing style,No matching field found for Wearing style
xMEqvkRBbdrlJXyFG8ko41,ES Lab EX-1a Electrostatic Headphones,es-lab-ex-1a-electrostatic-headphones,ES Lab,Back design,No matching field found for Back design / Cup style / Cup / back design
xMEqvkRBbdrlJXyFG8ko41,ES Lab EX-1a Electrostatic Headphones,es-lab-ex-1a-electrostatic-headphones,ES Lab,Driver type,No matching field found for Driver type / Driver Type
xMEqvkRBbdrlJXyFG8ko41,ES Lab EX-1a Electrostatic Headphones,es-lab-ex-1a-electrostatic-headphones,ES Lab,Connectivity,No matching field found for Connectivity
xMEqvkRBbdrlJXyFG8ko41,ES Lab EX-1a Electrostatic Headphones,es-lab-ex-1a-electrostatic-headphones,ES Lab,Connector / plug,No matching field found for Connector / Connector / plug
xMEqvkRBbdrlJXyFG8ko41,ES Lab EX-1a Electrostatic Headphones,es-lab-ex-1a-electrostatic-headphones,ES Lab,Microphone,No matching field found for Microphone / Microphones
xMEqvkRBbdrlJXyFG8ko41,ES Lab EX-1a Electrostatic Headphones,es-lab-ex-1a-electrostatic-headphones,ES Lab,Noise cancelling,No matching field found for Noise cancelling / Noise canceling / ANC / Active noise cancelling
xMEqvkRBbdrlJXyFG8ko41,ES Lab EX-1a Electrostatic Headphones,es-lab-ex-1a-electrostatic-headphones,ES Lab,Requires amplifier,No matching field found for Amp required / Requires amplifier / Amplifier required
xMEqvkRBbdrlJXyFG8l0p9,Sennheiser HD 560S Open-back Reference Headphones,sennheiser-hd-560s-open-back-reference-headphones,Sennheiser,Back design,No matching field found for Back design / Cup style / Cup / back design
xMEqvkRBbdrlJXyFG8l0p9,Sennheiser HD 560S Open-back Reference Headphones,sennheiser-hd-560s-open-back-reference-headphones,Sennheiser,Driver type,No matching field found for Driver type / Driver Type
xMEqvkRBbdrlJXyFG8l0p9,Sennheiser HD 560S Open-back Reference Headphones,sennheiser-hd-560s-open-back-reference-headphones,Sennheiser,Connectivity,"Field ""Connectivity"" raw value ""3.5 / 6.3 mm straight"" does not map to the closed vocabulary for Connectivity"
xMEqvkRBbdrlJXyFG8l0p9,Sennheiser HD 560S Open-back Reference Headphones,sennheiser-hd-560s-open-back-reference-headphones,Sennheiser,Connector / plug,No matching field found for Connector / Connector / plug
xMEqvkRBbdrlJXyFG8l0p9,Sennheiser HD 560S Open-back Reference Headphones,sennheiser-hd-560s-open-back-reference-headphones,Sennheiser,Microphone,No matching field found for Microphone / Microphones
xMEqvkRBbdrlJXyFG8l0p9,Sennheiser HD 560S Open-back Reference Headphones,sennheiser-hd-560s-open-back-reference-headphones,Sennheiser,Noise cancelling,No matching field found for Noise cancelling / Noise canceling / ANC / Active noise cancelling
xMEqvkRBbdrlJXyFG8l0p9,Sennheiser HD 560S Open-back Reference Headphones,sennheiser-hd-560s-open-back-reference-headphones,Sennheiser,Requires amplifier,No matching field found for Amp required / Requires amplifier / Amplifier required
xMEqvkRBbdrlJXyFG8l4SB,FiiO KA11 Dongle DAC/Headphone Amplifier,fiio-ka11-dongle-dac-headphone-amplifier,FiiO,Device type,No matching field found for Device type / Product type / Type
xMEqvkRBbdrlJXyFG8l4SB,FiiO KA11 Dongle DAC/Headphone Amplifier,fiio-ka11-dongle-dac-headphone-amplifier,FiiO,Form factor,No matching field found for Form factor / Portability
xMEqvkRBbdrlJXyFG8l4SB,FiiO KA11 Dongle DAC/Headphone Amplifier,fiio-ka11-dongle-dac-headphone-amplifier,FiiO,Amplification,No matching field found for Amplifier type / Amplification
xMEqvkRBbdrlJXyFG8l4SB,FiiO KA11 Dongle DAC/Headphone Amplifier,fiio-ka11-dongle-dac-headphone-amplifier,FiiO,DAC included,"Field ""DAC"" raw value ""CS43131"" does not map to the closed vocabulary for DAC included"
xMEqvkRBbdrlJXyFG8l4SB,FiiO KA11 Dongle DAC/Headphone Amplifier,fiio-ka11-dongle-dac-headphone-amplifier,FiiO,Balanced output,No matching field found for Balanced output / Balanced / Balanced connection
xMEqvkRBbdrlJXyFG8l4SB,FiiO KA11 Dongle DAC/Headphone Amplifier,fiio-ka11-dongle-dac-headphone-amplifier,FiiO,Inputs,No matching field found for Inputs / Input
xMEqvkRBbdrlJXyFG8l4SB,FiiO KA11 Dongle DAC/Headphone Amplifier,fiio-ka11-dongle-dac-headphone-amplifier,FiiO,Outputs,"Field ""Output"" raw value ""3.5mm headphone jack"" does not map to the closed vocabulary for Outputs"
xMEqvkRBbdrlJXyFG8l6fJ,Moondrop Dawn Pro 2 Dual Portable DAC/Amp,moondrop-dawn-pro-2-dual-portable-dac-amp,Moondrop,Device type,No matching field found for Device type / Product type / Type
xMEqvkRBbdrlJXyFG8l6fJ,Moondrop Dawn Pro 2 Dual Portable DAC/Amp,moondrop-dawn-pro-2-dual-portable-dac-amp,Moondrop,Form factor,No matching field found for Form factor / Portability
xMEqvkRBbdrlJXyFG8l6fJ,Moondrop Dawn Pro 2 Dual Portable DAC/Amp,moondrop-dawn-pro-2-dual-portable-dac-amp,Moondrop,Amplification,No matching field found for Amplifier type / Amplification
xMEqvkRBbdrlJXyFG8l6fJ,Moondrop Dawn Pro 2 Dual Portable DAC/Amp,moondrop-dawn-pro-2-dual-portable-dac-amp,Moondrop,DAC included,No matching field found for DAC included / DAC / Built-in DAC
xMEqvkRBbdrlJXyFG8l6fJ,Moondrop Dawn Pro 2 Dual Portable DAC/Amp,moondrop-dawn-pro-2-dual-portable-dac-amp,Moondrop,Balanced output,No matching field found for Balanced output / Balanced / Balanced connection
xMEqvkRBbdrlJXyFG8l6fJ,Moondrop Dawn Pro 2 Dual Portable DAC/Amp,moondrop-dawn-pro-2-dual-portable-dac-amp,Moondrop,Inputs,No matching field found for Inputs / Input
xMEqvkRBbdrlJXyFG8l6fJ,Moondrop Dawn Pro 2 Dual Portable DAC/Amp,moondrop-dawn-pro-2-dual-portable-dac-amp,Moondrop,Outputs,No matching field found for Outputs / Output
xMEqvkRBbdrlJXyFG8lEY3,iFi Hip-DAC 3,ifi-hip-dac-3,iFi Audio,Device type,No matching field found for Device type / Product type / Type
xMEqvkRBbdrlJXyFG8lEY3,iFi Hip-DAC 3,ifi-hip-dac-3,iFi Audio,Form factor,No matching field found for Form factor / Portability
xMEqvkRBbdrlJXyFG8lEY3,iFi Hip-DAC 3,ifi-hip-dac-3,iFi Audio,Amplification,No matching field found for Amplifier type / Amplification
xMEqvkRBbdrlJXyFG8lEY3,iFi Hip-DAC 3,ifi-hip-dac-3,iFi Audio,DAC included,"Field ""DAC"" raw value ""Burr-Brown"" does not map to the closed vocabulary for DAC included"
xMEqvkRBbdrlJXyFG8lEY3,iFi Hip-DAC 3,ifi-hip-dac-3,iFi Audio,Balanced output,"Field ""Balanced"" raw value ""< 0.006 % (360 mW / 2.0 V @ 600 Ω)"" does not map to the closed vocabulary for Balanced output"
xMEqvkRBbdrlJXyFG8lEY3,iFi Hip-DAC 3,ifi-hip-dac-3,iFi Audio,Outputs,No matching field found for Outputs / Output
xMEqvkRBbdrlJXyFG8lIgj,Cayin RU7 1-Bit Resistor Network Portable DAC,cayin-ru7-1-bit-resistor-network-portable-dac,Cayin,Device type,No matching field found for Device type / Product type / Type
xMEqvkRBbdrlJXyFG8lIgj,Cayin RU7 1-Bit Resistor Network Portable DAC,cayin-ru7-1-bit-resistor-network-portable-dac,Cayin,Form factor,No matching field found for Form factor / Portability
xMEqvkRBbdrlJXyFG8lIgj,Cayin RU7 1-Bit Resistor Network Portable DAC,cayin-ru7-1-bit-resistor-network-portable-dac,Cayin,Amplification,No matching field found for Amplifier type / Amplification
xMEqvkRBbdrlJXyFG8lIgj,Cayin RU7 1-Bit Resistor Network Portable DAC,cayin-ru7-1-bit-resistor-network-portable-dac,Cayin,DAC included,No matching field found for DAC included / DAC / Built-in DAC
xMEqvkRBbdrlJXyFG8lIgj,Cayin RU7 1-Bit Resistor Network Portable DAC,cayin-ru7-1-bit-resistor-network-portable-dac,Cayin,Balanced output,No matching field found for Balanced output / Balanced / Balanced connection
xMEqvkRBbdrlJXyFG8lIgj,Cayin RU7 1-Bit Resistor Network Portable DAC,cayin-ru7-1-bit-resistor-network-portable-dac,Cayin,Inputs,No matching field found for Inputs / Input
xMEqvkRBbdrlJXyFG8lIgj,Cayin RU7 1-Bit Resistor Network Portable DAC,cayin-ru7-1-bit-resistor-network-portable-dac,Cayin,Outputs,No matching field found for Outputs / Output
